#{"t_start": 1776778095.5306222, "env_id": "None"}
r,l,t,is_success
-37.559605,123,6.152779,False
-6.861239,170,13.613431,False
-1.133895,100,17.666986,False
-17.035102,94,21.469108,False
-18.314389,104,25.676485,False
-4.399919,104,29.910473,False
65.906692,59,32.316921,True
-23.934335,126,37.424679,False
-22.403805,139,43.043271,False
-4.719807,88,46.617015,False
-28.334703,112,51.192931,False
-0.862901,136,56.723547,False
60.91667,45,58.571741,True
59.207866,32,59.904377,True
-10.308463,98,63.898846,False
56.768017,27,65.023096,True
-27.027178,84,68.515833,False
2.842568,79,71.736601,False
-15.374964,93,75.560723,False
-13.954925,146,81.492166,False
11.727874,123,95.709544,False
-15.450503,94,99.561323,False
-18.683978,212,108.274513,False
67.735704,70,111.172634,True
-22.937486,133,116.652427,False
60.588416,45,118.509826,True
50.245101,1,118.564832,True
61.695099,44,120.380761,True
7.314906,109,124.868665,False
-30.403054,154,131.250264,False
-9.240758,169,138.194725,False
-11.710361,154,144.495199,False
49.936958,1,144.55363,True
-5.254688,97,148.554596,False
62.194664,53,150.736446,True
82.45194,186,158.416111,True
-11.382532,123,163.482463,False
-32.158216,77,166.630853,False
8.563704,94,170.524905,False
72.583121,106,175.123549,True
-22.145342,142,191.398993,False
-27.279831,87,194.912604,False
-28.752328,149,200.884118,False
-4.22406,107,205.222789,False
66.221401,53,207.359947,True
-13.795353,148,213.334167,False
-30.382785,252,223.53305,False
1.107488,79,226.73944,False
9.117234,110,231.203126,False
62.834508,53,233.355103,True
-23.864386,150,239.425803,False
66.521632,77,242.556633,True
69.06009,78,245.783386,True
67.408713,80,249.038092,True
-26.320904,122,253.979615,False
-27.112647,119,258.801958,False
68.872474,73,261.759685,True
-2.882456,124,266.753636,False
7.035037,106,271.063532,False
69.174767,81,284.066664,True
68.540207,74,287.076937,True
-32.612508,101,291.188891,False
-7.69731,140,296.878826,False
58.223859,26,297.951065,True
-5.980688,148,303.986838,False
57.180184,26,305.128962,True
-18.476343,72,308.05903,False
59.834543,51,310.132565,True
59.312499,35,311.575303,True
-11.309961,95,315.457278,False
49.690913,1,315.512298,True
-15.854441,112,320.081302,False
-26.224323,161,326.617149,False
-1.997602,94,330.444998,False
-33.658524,129,335.7038,False
-19.848917,93,339.497282,False
-10.754628,95,343.358388,False
-3.389586,113,347.993126,False
57.134241,33,349.36413,True
-30.551362,102,353.523683,False
-2.465958,151,359.677904,False
-20.334328,153,375.000698,False
4.276697,112,379.55882,False
77.907559,119,384.412882,True
-9.265576,101,388.533286,False
53.476905,11,389.000527,True
-27.583149,270,400.018676,False
-6.599751,149,406.083598,False
-21.01883,147,412.101495,False
-31.802637,117,416.895849,False
-13.014282,127,422.116452,False
-18.340065,124,427.289172,False
-12.46054,106,431.663536,False
-12.59368,96,435.593213,False
-8.887802,94,439.440625,False
55.263105,18,440.199475,True
-34.351249,123,445.246608,False
-26.649455,102,449.432803,False
-23.092975,96,453.39136,False
-8.887665,141,469.117166,False
57.707454,27,470.249043,True
-24.802865,262,481.021211,False
-25.981203,158,487.5888,False
-8.943528,179,494.913525,False
-25.118439,281,506.482121,False
-4.523039,396,522.739015,False
7.783514,350,537.041023,False
2.587702,419,565.510197,False
5.260037,87,569.059497,False
-5.368361,167,575.859721,False
69.69632,84,579.295967,True
-4.493522,82,582.644469,False
-17.671404,168,589.486281,False
-23.861116,158,595.944314,False
-32.133388,146,601.889183,False
63.798119,45,603.902168,True
63.373888,48,606.057075,True
3.43875,102,610.342741,False
-25.616074,141,616.709736,False
-22.3266,119,622.422163,False
62.221387,61,625.315079,True
1.330164,130,631.566404,False
72.309753,99,635.977931,True
65.748648,59,638.4302,True
6.182594,160,645.091387,False
72.924801,97,649.120833,True
-11.703447,169,667.628983,False
67.180547,74,671.095181,True
-5.456184,163,678.449818,False
64.715472,89,682.411718,True
-9.073961,460,701.983991,False
-13.642611,132,707.567232,False
65.410616,60,710.090858,True
-9.914524,149,716.04229,False
-31.912476,91,719.675564,False
-13.298182,113,724.310401,False
-13.920197,231,733.547619,False
-44.501899,193,741.463656,False
74.212761,108,746.504647,True
-6.073926,297,770.338971,False
-32.195974,108,775.268239,False
15.113414,179,783.318046,False
-17.435211,177,791.137626,False
-32.657558,207,800.330256,False
-33.452439,214,809.957286,False
-30.022359,409,827.997866,False
-21.384395,197,836.608555,False
63.596456,57,839.117912,True
-26.531296,196,847.743193,False
11.843844,240,870.782553,False
66.464712,76,874.106006,True
77.442205,334,888.98052,True
-39.180571,340,904.286572,False
-36.188047,600,930.437291,False
-10.132762,600,963.44606,False
68.946883,109,968.029682,True
-31.662339,380,984.13798,False
-31.73941,223,993.512995,False
75.635052,128,999.185415,True
49.992701,1,999.247122,True
-8.696528,170,1006.383994,False
67.530535,76,1009.603984,True
60.411648,39,1011.270923,True
-33.399031,298,1023.954022,False
-45.228707,251,1034.628333,False
-27.713129,176,1042.015134,False
-30.626256,165,1060.526172,False
12.80593,600,1086.882097,False
83.123944,181,1094.991821,True
-4.836638,600,1121.449332,False
58.297034,39,1123.175458,True
79.788538,159,1130.149037,True
-33.762087,463,1159.156952,False
58.259012,38,1160.83434,True
55.477359,25,1161.939972,True
-13.674263,198,1170.573575,False
-8.472641,325,1184.629095,False
-37.526194,298,1197.981173,False
-6.109175,366,1216.403403,False
-32.471476,269,1229.143345,False
-46.183814,386,1246.180081,False
70.40533,114,1251.243857,True
-26.217796,292,1275.762496,False
-32.588924,497,1297.906185,False
63.452509,60,1300.570268,True
2.105205,201,1309.438744,False
88.268774,282,1321.910407,True
68.178573,87,1325.78763,True
67.420112,86,1329.599219,True
73.320607,99,1334.462918,True
-60.994853,582,1368.995286,False
73.618854,144,1375.401072,True
94.084555,255,1386.804197,True
-8.263084,413,1405.057117,False
105.379499,357,1420.888494,True
-26.594515,298,1434.155937,False
25.203675,243,1445.050482,False
58.932064,41,1446.896732,True
69.492546,102,1451.424064,True
9.69646,402,1482.209069,False
60.424477,54,1484.616612,True
-28.497306,358,1500.551636,False
-47.010317,308,1514.204507,False
10.254041,297,1528.290971,False
-7.840874,383,1545.252126,False
72.45798,316,1568.673919,True
80.061208,426,1587.653497,True
82.136349,408,1605.790275,True
109.12282,559,1630.651915,True
74.793533,168,1638.15192,True
16.323794,600,1673.520266,False
9.898494,600,1700.323614,False
9.026918,600,1727.201571,False
22.349513,600,1753.90725,False
14.072544,600,1787.757339,False
6.932586,600,1814.559949,False
1.710895,600,1841.254854,False
30.728683,600,1874.285614,False
14.029331,600,1901.140514,False
87.033247,195,1909.869553,True
-3.30921,600,1936.562162,False
31.576078,600,1970.171465,False
12.266749,600,1997.213227,False
-7.566932,600,2024.241034,False
1.917222,600,2051.343443,False
33.82112,600,2086.420415,False
61.653289,398,2105.395777,True
22.804698,600,2135.866235,False
15.680021,600,2175.713505,False
35.196908,600,2208.663635,False
80.201761,453,2233.774403,True
79.103454,475,2259.318845,True
17.644805,600,2298.927727,False
71.909397,488,2324.570031,True
70.666955,195,2334.90306,True
77.428784,389,2356.037215,True
19.516806,600,2389.415804,False
70.753419,221,2401.450049,True
77.246273,141,2420.24009,True
88.290595,382,2440.680837,True
66.880043,90,2445.717377,True
76.575464,319,2464.499624,True
69.79403,293,2480.680775,True
71.298933,189,2490.128129,True
80.174079,155,2497.91887,True
91.168592,386,2518.106731,True
64.587521,68,2521.962595,True
56.366733,86,2538.451542,True
72.419325,96,2543.430826,True
71.17722,212,2555.690408,True
68.014,91,2560.748613,True
55.78561,26,2562.193442,True
69.259082,87,2567.318713,True
61.381974,44,2569.706034,True
61.691321,228,2582.13071,True
62.648897,131,2589.321664,True
56.958935,28,2590.876089,True
79.119187,144,2598.376762,True
71.508514,89,2602.781305,True
68.22594,207,2613.775859,True
75.983249,336,2631.597389,True
77.450742,166,2640.496469,True
81.470411,241,2663.6495,True
61.510393,51,2666.167101,True
64.344918,60,2669.146475,True
80.181304,158,2676.91083,True
60.801725,150,2684.342066,True
71.542332,101,2689.644946,True
78.349125,214,2701.457247,True
70.037391,83,2706.03981,True
65.750073,84,2710.669014,True
71.920561,99,2716.170112,True
61.829828,48,2718.832104,True
72.357317,105,2724.513337,True
69.223611,69,2727.903356,True
72.287878,119,2733.642688,True
66.380607,80,2737.506161,True
78.288949,151,2745.929104,True
72.762655,172,2755.599,True
72.995373,111,2761.823883,True
70.403949,95,2777.682733,True
69.167511,93,2782.177579,True
71.815125,104,2787.178665,True
80.451471,223,2797.97339,True
60.695752,52,2800.473831,True
62.79849,115,2806.10042,True
70.400484,141,2812.916084,True
69.767622,81,2816.798718,True
63.724137,124,2822.829731,True
59.095814,39,2824.863295,True
61.817322,42,2827.233306,True
68.264301,215,2838.203199,True
63.022016,54,2840.82442,True
76.075613,236,2852.415925,True
58.332062,28,2853.776737,True
58.669116,231,2864.886914,True
62.256404,39,2866.833448,True
69.075404,92,2871.240376,True
60.371059,44,2873.35893,True
56.375324,22,2874.430692,True
79.432825,187,2894.282226,True
81.678274,169,2902.851928,True
58.283129,93,2907.368351,True
65.059611,67,2910.593664,True
62.304778,133,2917.010357,True
68.973617,88,2921.232563,True
69.558242,94,2925.805182,True
69.694487,86,2929.946468,True
68.271915,89,2934.221095,True
65.95232,93,2938.699129,True
50.209272,1,2938.761732,True
72.821216,97,2943.415432,True
91.363037,264,2956.197083,True
58.185802,24,2957.36744,True
61.985284,115,2962.945298,True
55.574607,29,2964.45079,True
63.743997,142,2971.396646,True
78.544027,308,2987.964295,True
76.225977,139,3006.761137,True
55.545881,19,3007.688597,True
55.281941,25,3008.911333,True
68.577341,88,3013.130707,True
83.198884,169,3021.309592,True
57.81648,35,3023.000873,True
59.929535,32,3024.553721,True
57.999321,35,3026.234985,True
62.650574,49,3028.575362,True
70.665435,132,3034.896302,True
61.144285,91,3039.301496,True
60.815844,40,3041.221829,True
57.372854,26,3042.475825,True
69.978614,174,3050.955348,True
68.886177,77,3054.668629,True
61.834601,52,3057.166297,True
56.488667,28,3058.517097,True
66.21906,76,3062.168652,True
71.926928,116,3067.734364,True
60.558018,108,3072.913258,True
70.085932,136,3079.796779,True
75.445014,203,3089.549467,True
67.10393,74,3093.092086,True
71.796009,113,3098.486552,True
70.011327,140,3115.066504,True
62.032796,61,3118.008837,True
64.199279,58,3120.813428,True
66.05642,52,3123.323644,True
63.521317,53,3125.856952,True
71.564646,88,3130.049331,True
69.936851,174,3138.387865,True
72.989046,117,3143.989013,True
64.676285,40,3145.905833,True
60.634411,79,3149.73999,True
59.308165,28,3151.093553,True
72.50723,124,3157.061325,True
59.372426,36,3158.795669,True
61.777054,111,3164.153465,True
61.828415,32,3165.689593,True
64.368551,56,3168.529932,True
61.699387,47,3171.053144,True
72.144664,116,3176.701555,True
72.868616,93,3181.149352,True
63.349414,56,3183.813945,True
65.676945,74,3187.409207,True
65.185662,53,3190.071427,True
62.433663,40,3192.263887,True
63.175343,44,3194.438648,True
61.780751,77,3198.153318,True
67.592129,70,3201.500439,True
63.709171,119,3207.207352,True
71.210751,133,3221.966254,True
61.479685,50,3224.426301,True
69.815003,77,3228.06823,True
65.535138,62,3231.031051,True
59.364163,43,3233.099363,True
63.705155,57,3235.830047,True
56.573193,74,3239.397106,True
61.101196,51,3241.829938,True
65.413254,58,3244.580925,True
63.356132,55,3247.193916,True
64.223717,122,3253.050034,True
55.894138,19,3253.968781,True
59.824492,54,3256.555748,True
74.012992,145,3263.513582,True
64.017311,53,3266.030926,True
63.003465,122,3271.881482,True
71.854031,100,3276.653148,True
66.697563,64,3279.692162,True
58.74632,24,3280.837971,True
66.337817,70,3284.23745,True
60.258388,111,3289.532837,True
67.0128,62,3292.475725,True
64.348982,130,3298.682693,True
68.532817,94,3303.164513,True
65.543688,59,3305.961659,True
60.015887,45,3308.110996,True
71.647068,160,3324.035887,True
59.070954,33,3325.608386,True
56.971839,31,3327.100933,True
58.882215,26,3328.342163,True
65.382557,90,3332.656515,True
67.49259,64,3335.671423,True
59.597148,82,3339.598553,True
63.316,53,3342.199654,True
64.259994,101,3347.052806,True
65.464159,42,3349.054286,True
58.884293,28,3350.388553,True
53.886737,13,3351.024938,True
66.815717,68,3354.255965,True
61.038859,35,3355.924537,True
61.400807,87,3360.078964,True
62.474829,66,3363.23523,True
56.263987,22,3364.295118,True
77.518918,203,3373.994054,True
57.502226,28,3375.335046,True
56.920863,24,3376.484175,True
65.465839,80,3380.28813,True
61.174361,92,3384.706329,True
74.650297,121,3390.50325,True
58.485439,19,3391.419697,True
62.935116,39,3393.288721,True
75.333817,181,3401.955752,True
63.639927,103,3406.887804,True
67.297078,80,3410.724586,True
60.817374,96,3415.317693,True
58.181407,26,3416.555762,True
58.620444,43,3418.617428,True
74.275796,118,3432.952298,True
69.080747,124,3438.897779,True
65.356886,64,3441.929266,True
61.210014,30,3443.352876,True
55.490576,20,3444.316337,True
64.931428,115,3449.828049,True
66.931652,80,3453.644989,True
65.212095,78,3457.329125,True
55.206837,20,3458.295569,True
76.784431,142,3465.09217,True
56.564539,25,3466.295615,True
68.213936,72,3469.893857,True
68.219658,134,3476.268909,True
63.910843,55,3478.91694,True
63.109649,36,3480.626401,True
57.808062,20,3481.587325,True
56.917156,22,3482.658943,True
64.045467,63,3485.687172,True
66.793727,133,3491.99032,True
70.375228,169,3499.981233,True
59.393812,113,3505.352673,True
50.57746,2,3505.459705,True
69.686465,88,3509.643481,True
65.95066,137,3516.189974,True
62.334573,37,3517.951352,True
71.788588,172,3526.250253,True
60.965007,41,3538.020555,True
63.88661,83,3542.00547,True
67.776094,70,3545.336123,True
60.698864,24,3546.48679,True
63.374071,50,3548.861143,True
66.445646,79,3552.68542,True
59.96927,42,3554.68598,True
62.374801,35,3556.358906,True
63.129937,43,3558.441915,True
64.399152,53,3560.992689,True
60.170736,174,3569.336895,True
55.155644,16,3570.106428,True
63.432238,110,3575.326986,True
60.778993,26,3576.568887,True
59.884295,86,3580.753623,True
5.562254,99,3585.48018,False
58.583212,63,3588.487302,True
64.205357,62,3591.444818,True
58.774703,23,3592.566602,True
56.383759,20,3593.51838,True
63.877546,121,3599.325207,True
70.34821,103,3604.244818,True
59.635979,27,3605.539681,True
64.029961,104,3610.459285,True
57.050432,32,3611.987072,True
60.298729,78,3615.734707,True
61.41288,43,3617.829963,True
59.317003,26,3619.081281,True
71.60422,137,3625.596197,True
61.596826,86,3629.743067,True
60.762484,44,3631.840745,True
67.423091,65,3635.044373,True
60.932092,49,3645.676978,True
73.397554,125,3651.662936,True
57.385771,21,3652.683473,True
64.050805,44,3654.802376,True
54.325313,66,3657.966465,True
64.257201,44,3660.070905,True
66.240428,77,3663.754544,True
62.820132,33,3665.357565,True
56.473729,82,3669.249412,True
63.941268,107,3674.383973,True
65.303365,60,3677.230739,True
65.35045,64,3680.271991,True
66.996686,64,3683.480147,True
65.648256,66,3686.643557,True
60.650148,90,3690.956567,True
65.640864,62,3693.911773,True
59.585053,22,3694.961253,True
65.703456,55,3697.586653,True
73.267409,129,3703.818063,True
59.970659,29,3705.21221,True
65.464377,57,3708.058545,True
58.046066,36,3709.788605,True
65.673993,63,3712.781487,True
64.288395,47,3715.054881,True
64.665701,104,3719.982349,True
61.854751,39,3721.836139,True
59.259036,116,3727.359969,True
65.514585,72,3730.805527,True
66.551831,57,3733.541744,True
68.508188,68,3736.785878,True
63.114281,50,3739.195741,True
56.041654,21,3740.205712,True
61.49479,26,3741.453217,True
62.936089,48,3751.099793,True
61.688077,33,3752.69514,True
60.412929,115,3758.198789,True
55.680989,20,3759.172313,True
62.802884,57,3761.979,True
66.69865,57,3764.710738,True
61.910635,32,3766.246717,True
61.149605,68,3769.502882,True
62.406889,34,3771.137875,True
58.116816,21,3772.161646,True
68.430509,72,3775.576578,True
68.483482,100,3780.408948,True
60.744303,27,3781.724007,True
66.227959,63,3784.745601,True
61.56543,31,3786.317258,True
56.206887,48,3788.628452,True
62.317246,70,3791.972738,True
54.831533,17,3792.794153,True
65.968133,97,3797.406408,True
54.58082,13,3798.038022,True
60.505688,27,3799.322699,True
64.893157,114,3804.941941,True
56.895814,20,3805.93255,True
69.111825,54,3808.544643,True
65.474617,151,3815.952607,True
65.523317,105,3820.976176,True
69.703725,92,3825.379825,True
63.281371,32,3826.953971,True
57.544502,18,3827.827747,True
58.22974,27,3829.125239,True
64.116093,58,3831.89695,True
60.077427,29,3833.290878,True
55.920621,15,3834.009579,True
64.328173,47,3836.269099,True
56.573547,20,3837.232892,True
58.855283,37,3839.017246,True
55.345138,15,3839.747802,True
62.720903,41,3841.70928,True
53.625182,17,3842.532408,True
63.666326,65,3845.641297,True
23.037668,600,3881.705031,False
20.712334,600,3910.360723,False
62.593273,29,3911.750705,True
16.44568,600,3940.213079,False
19.496945,600,3974.989693,False
57.427481,17,3975.814938,True
-1.364779,35,3977.495461,False
20.313295,600,4007.710503,False
57.029601,18,4008.572743,True
59.177583,26,4009.813867,True
23.043368,600,4038.462063,False
64.279957,33,4040.070593,True
-9.301373,40,4041.959332,False
22.801568,600,4076.632203,False
-12.113692,50,4079.000772,False
62.321961,27,4080.295257,True
19.158547,600,4109.108881,False
19.464533,600,4137.921548,False
-3.327109,39,4139.775781,False
21.527389,600,4174.403723,False
61.117879,28,4175.745334,True
-12.401226,34,4177.371758,False
23.259457,600,4205.907204,False
-2.947101,37,4207.670183,False
24.411607,600,4236.266002,False
18.627979,600,4265.081398,False
55.864612,14,4265.756234,True
-2.419687,39,4274.565725,False
55.177848,17,4275.402687,True
19.981216,600,4304.122698,False
24.73451,600,4332.904013,False
-0.833308,35,4334.601739,False
59.200028,22,4335.65701,True
61.1974,25,4336.860373,True
19.742151,600,4365.610918,False
57.8988,17,4366.431746,True
20.44066,600,4402.098223,False
60.461802,26,4403.361948,True
-7.774018,37,4405.110705,False
57.024098,17,4405.949707,True
59.767826,21,4406.973606,True
19.182333,600,4435.695051,False
57.616132,18,4436.568152,True
19.992703,600,4465.283029,False
-3.708224,59,4468.108524,False
59.669226,23,4469.223091,True
63.343284,32,4470.764695,True
-1.986438,34,4472.405083,False
19.736405,600,4507.202214,False
22.272531,600,4535.963255,False
21.460909,600,4564.823426,False
-13.297229,35,4566.478429,False
21.636928,600,4601.403499,False
-8.14236,37,4603.162758,False
53.903169,11,4603.701975,True
-4.008852,34,4605.324317,False
-8.723854,33,4606.901944,False
59.530784,22,4607.969585,True
21.316855,600,4636.904321,False
56.846935,16,4637.682683,True
24.041049,600,4666.57794,False
13.919554,600,4701.685069,False
21.336813,600,4730.509874,False
58.253607,21,4731.524861,True
-1.722981,36,4733.269065,False
-7.4752,35,4734.944585,False
23.046645,600,4763.857447,False
58.272709,22,4764.914294,True
64.130938,37,4766.844496,True
55.82907,19,4767.789118,True
2.688433,35,4769.48528,False
-7.949371,40,4771.389236,False
18.797042,600,4807.752264,False
21.587642,600,4836.733407,False
0.641424,35,4838.429601,False
15.61378,600,4867.398756,False
56.337868,15,4868.136408,True
57.003211,17,4868.966587,True
21.975245,600,4903.839145,False
15.955389,600,4932.462442,False
58.8411,21,4933.487204,True
0.996215,48,4935.795496,False
23.753045,600,4964.843043,False
61.463998,29,4966.243567,True
57.307311,17,4967.074508,True
62.170792,29,4968.473178,True
2.160845,35,4970.169472,False
21.386006,600,4999.196108,False
20.394678,600,5035.147195,False
16.526998,600,5064.181166,False
25.840276,600,5093.072899,False
57.65324,17,5093.900588,True
29.090684,600,5129.225965,False
49.999124,1,5129.290465,True
63.316924,32,5130.846852,True
57.433586,22,5131.910373,True
59.605559,21,5132.916069,True
21.762541,600,5161.857393,False
59.148429,20,5162.827971,True
23.589795,600,5191.952011,False
18.533927,600,5227.965132,False
61.537985,25,5229.172961,True
62.895518,32,5230.70105,True
61.498513,30,5232.148234,True
57.751623,25,5233.364306,True
60.096983,32,5234.916102,True
59.038066,18,5235.793505,True
59.623075,26,5237.04485,True
23.329683,600,5265.829898,False
58.920413,21,5266.857739,True
58.01546,21,5267.877155,True
18.490273,600,5296.981975,False
58.92667,19,5297.90175,True
84.930773,515,5330.354091,True
63.682035,34,5331.998912,True
53.99829,8,5332.397676,True
60.287192,33,5334.016334,True
68.054818,87,5338.231258,True
63.435685,33,5339.814678,True
59.420765,26,5341.063735,True
60.99226,91,5345.420026,True
64.175469,79,5349.205588,True
66.027206,155,5356.660978,True
62.559973,27,5357.965502,True
61.593765,35,5359.65027,True
63.614349,33,5361.241305,True
59.104041,78,5365.028805,True
61.617077,127,5371.229567,True
60.720102,27,5372.529899,True
63.287239,84,5376.574775,True
58.778234,29,5377.987182,True
60.001051,32,5379.520316,True
57.867774,21,5380.538567,True
58.690145,27,5381.850583,True
61.079598,84,5385.879792,True
57.407149,69,5389.205749,True
59.286065,25,5390.409813,True
58.653964,27,5391.722306,True
59.535084,89,5396.004466,True
55.918417,13,5396.639887,True
58.724307,81,5400.52222,True
57.918507,20,5401.490211,True
63.669353,32,5403.025121,True
4.66936,89,5407.290879,False
60.235588,33,5408.895847,True
67.721319,60,5411.817867,True
62.787965,94,5416.31453,True
62.817133,82,5420.229361,True
62.609759,126,5434.263003,True
58.782622,77,5437.972919,True
60.458637,22,5439.041197,True
60.823328,36,5440.789481,True
69.480878,119,5446.558756,True
62.667848,82,5450.49816,True
55.230383,35,5452.193201,True
60.583058,80,5456.035775,True
58.028885,22,5457.115238,True
54.63232,12,5457.734274,True
57.639704,66,5460.946174,True
61.995016,28,5462.299094,True
64.689866,132,5468.709659,True
56.297978,18,5469.587206,True
61.679804,26,5470.833689,True
58.871459,29,5472.229222,True
61.141669,23,5473.345369,True
53.558336,8,5473.738608,True
62.179775,24,5474.901372,True
60.120996,43,5477.004126,True
59.769322,70,5480.378062,True
64.239469,97,5485.062633,True
62.077817,81,5489.019478,True
62.226611,82,5492.955587,True
55.980613,14,5493.637311,True
58.731376,23,5494.753749,True
62.714685,29,5496.169174,True
56.556621,18,5497.061316,True
59.151058,22,5498.145661,True
3.200672,85,5502.285892,False
54.3686,58,5505.103643,True
64.579616,117,5510.793261,True
57.143918,65,5513.974927,True
53.225372,43,5516.077421,True
62.399048,85,5520.188866,True
57.195626,64,5523.263351,True
60.746271,30,5524.737333,True
61.80293,41,5526.726307,True
60.596106,27,5528.034728,True
62.92866,28,5529.376647,True
62.380937,92,5541.362892,True
57.063004,14,5542.040392,True
64.437841,82,5546.063269,True
57.698819,27,5547.377355,True
62.142963,29,5548.792241,True
60.12495,107,5553.965694,True
1.393767,32,5555.515282,False
59.863233,73,5559.012639,True
54.283304,41,5560.996206,True
60.069565,138,5567.642519,True
56.913621,68,5570.930387,True
62.314436,80,5574.784041,True
53.266399,10,5575.279987,True
64.012707,82,5579.262505,True
60.479934,78,5583.020326,True
62.017141,32,5584.585077,True
59.253912,21,5585.595484,True
59.293795,70,5588.946733,True
61.718687,83,5592.950577,True
58.160336,26,5594.217675,True
61.637011,82,5598.200941,True
62.599866,34,5599.847509,True
59.51898,24,5601.023785,True
66.377282,96,5605.687827,True
58.095689,22,5606.768282,True
57.183793,66,5609.951542,True
60.652756,24,5611.126764,True
54.542637,9,5611.57296,True
62.994345,80,5615.401623,True
55.782455,12,5615.99036,True
61.021478,38,5617.828707,True
58.37513,20,5618.800645,True
57.106162,68,5622.056052,True
62.343101,27,5623.438884,True
59.090872,24,5624.606504,True
58.785081,19,5625.526344,True
53.572419,9,5625.968899,True
59.151324,22,5627.039688,True
54.758978,14,5627.719157,True
58.790374,24,5628.882446,True
61.230954,25,5630.091238,True
64.696233,110,5635.435944,True
59.551547,20,5636.399671,True
64.579117,38,5638.284193,True
55.089215,12,5638.874187,True
59.519514,69,5649.734272,True
61.750063,24,5650.894678,True
4.237131,92,5655.292813,False
63.935074,109,5660.584891,True
61.762458,29,5662.002089,True
59.037311,23,5663.107766,True
61.371399,84,5667.220704,True
59.169629,24,5668.392578,True
53.767175,47,5670.689264,True
58.123052,65,5673.824741,True
57.978184,67,5677.034712,True
57.135071,65,5680.159944,True
56.778418,99,5684.980251,True
57.835373,22,5686.049298,True
62.782772,77,5689.754354,True
56.941715,20,5690.736036,True
60.199593,74,5694.312316,True
59.446808,26,5695.565979,True
62.756396,37,5697.340049,True
62.026965,25,5698.558413,True
58.436489,71,5701.97274,True
64.300411,81,5705.858801,True
61.507872,24,5707.014029,True
62.36754,27,5708.321302,True
4.310352,58,5711.136267,False
60.864096,56,5713.86598,True
67.696401,145,5720.861675,True
59.391734,21,5721.882387,True
61.00844,78,5725.710644,True
61.60798,71,5729.172556,True
57.097137,67,5732.402308,True
58.156115,25,5733.605805,True
60.19826,74,5737.156156,True
57.188823,15,5737.889928,True
60.160653,23,5739.00082,True
63.392327,32,5740.708625,True
66.384498,138,5754.886845,True
56.879874,33,5756.488121,True
61.935734,75,5760.093436,True
49.774887,1,5760.155635,True
65.315148,120,5766.019413,True
63.462692,78,5769.792062,True
54.923664,11,5770.33344,True
63.416004,40,5772.27891,True
59.864688,67,5775.5216,True
61.494369,31,5777.028062,True
63.497197,129,5783.217969,True
67.310533,45,5785.460109,True
58.539742,18,5786.336099,True
57.446749,62,5789.319168,True
53.87549,55,5792.010143,True
67.997286,129,5798.285345,True
53.768195,54,5800.922227,True
61.904199,31,5802.414045,True
55.503053,12,5803.002418,True
62.207688,81,5806.89288,True
60.906674,28,5808.254682,True
65.547545,47,5810.528921,True
68.760028,45,5812.703748,True
59.629389,50,5815.147858,True
54.091269,9,5815.595959,True
65.937937,94,5820.114355,True
61.019003,53,5822.682992,True
62.882695,34,5824.326484,True
65.105112,96,5828.948247,True
61.312626,28,5830.303357,True
58.698011,116,5835.935525,True
61.429402,74,5839.489502,True
59.195318,80,5843.343258,True
54.524899,12,5843.937897,True
59.773102,22,5845.068559,True
61.099227,57,5847.849259,True
61.642455,83,5851.872878,True
57.914281,16,5852.652525,True
59.461188,21,5861.445078,True
61.077446,74,5865.060076,True
62.10993,88,5869.297955,True
57.021873,66,5872.513752,True
61.597162,26,5873.796581,True
57.871026,69,5877.109237,True
57.019913,61,5880.036574,True
54.979257,11,5880.576133,True
63.68549,114,5886.127054,True
56.402972,14,5886.805815,True
66.189376,111,5892.212639,True
55.044276,10,5892.698053,True
58.781419,70,5896.072915,True
60.982588,24,5897.281261,True
58.887328,19,5898.209518,True
53.711186,9,5898.658444,True
59.291717,20,5899.639322,True
56.742067,72,5903.367499,True
64.066731,78,5907.323652,True
62.586027,92,5911.758366,True
57.463052,17,5912.598842,True
65.009857,86,5916.771477,True
49.441208,1,5916.833976,True
60.808461,21,5917.841682,True
62.21233,25,5919.045661,True
57.995994,19,5919.968833,True
56.276086,14,5920.652951,True
63.591995,32,5922.206122,True
58.993339,77,5925.9917,True
52.53283,6,5926.295682,True
56.934565,16,5927.093337,True
60.38696,20,5928.068863,True
56.991904,67,5931.361145,True
64.167903,134,5937.877757,True
60.082428,66,5941.119267,True
61.752795,80,5944.980596,True
64.665629,91,5949.37435,True
57.605719,39,5951.285122,True
58.121754,69,5954.606893,True
61.338027,23,5955.716872,True
62.890775,75,5959.331173,True
57.814542,29,5960.742773,True
58.774634,21,5969.111386,True
64.21487,101,5974.027115,True
59.548051,60,5976.922895,True
57.094025,15,5977.670844,True
61.663424,127,5983.831079,True
60.785217,35,5985.542145,True
54.482283,10,5986.041773,True
60.682821,35,5987.740943,True
65.733164,122,5993.680771,True
60.08855,21,5994.708034,True
60.045484,24,5995.91191,True
64.148613,81,5999.815098,True
61.788164,79,6003.88701,True
63.039835,29,6005.29475,True
56.780644,19,6006.226684,True
61.410641,133,6012.629727,True
60.274216,20,6013.618629,True
58.320703,21,6014.636073,True
68.343725,44,6016.759049,True
63.533171,30,6018.364702,True
64.009219,54,6021.006093,True
58.030333,68,6024.289633,True
4.771682,92,6028.789549,False
65.901044,123,6034.802834,True
59.186545,28,6036.163085,True
59.494366,33,6037.767771,True
64.746386,139,6044.469181,True
61.927977,25,6045.672787,True
54.535567,11,6046.229027,True
56.766286,14,6046.922411,True
55.06954,11,6047.466063,True
66.941946,80,6051.387262,True
60.681393,24,6052.551912,True
60.789919,23,6053.679373,True
7.396373,93,6058.176523,False
58.83846,25,6059.39519,True
49.492346,1,6059.456056,True
58.683288,18,6060.344055,True
59.088739,20,6061.33192,True
63.029329,80,6065.199976,True
60.698227,74,6077.505327,True
59.153633,30,6078.974395,True
57.815445,22,6080.04515,True
64.176684,120,6085.95796,True
64.804231,76,6089.641332,True
62.225469,27,6090.941377,True
56.768978,18,6091.827224,True
60.685808,70,6095.211175,True
59.026345,28,6096.569215,True
63.435357,80,6100.438502,True
58.699124,68,6103.747793,True
61.287042,36,6105.509349,True
59.454046,30,6106.974892,True
65.754056,120,6112.831494,True
53.131391,7,6113.188603,True
58.775853,62,6116.22919,True
58.886467,27,6117.551617,True
62.230548,35,6119.25496,True
63.486145,31,6120.747667,True
56.074385,14,6121.428988,True
58.219105,24,6122.602354,True
52.515654,5,6122.861336,True
62.383583,28,6124.219743,True
65.503557,35,6125.916659,True
58.104932,18,6126.784965,True
58.218529,67,6130.083864,True
53.414418,30,6131.586236,True
61.165337,31,6133.107251,True
55.051938,49,6135.511419,True
56.272052,21,6136.533905,True
62.412287,40,6138.51271,True
58.52234,17,6139.344822,True
62.498326,25,6140.554872,True
54.741072,12,6141.153388,True
63.087346,29,6142.712312,True
66.111079,52,6145.346642,True
58.056059,16,6146.136069,True
60.591231,24,6147.306845,True
62.05489,36,6149.06416,True
61.404332,40,6151.021237,True
68.872908,120,6156.840673,True
54.37224,10,6157.335486,True
57.815957,16,6158.104842,True
65.830774,128,6164.314393,True
63.753449,130,6170.664649,True
63.518586,77,6174.412643,True
64.021002,112,6187.267626,True
58.04348,25,6188.485371,True
56.497433,63,6191.532699,True
68.172539,121,6197.468678,True
59.214931,73,6201.021441,True
57.667562,20,6201.987004,True
58.046751,45,6204.279518,True
58.407115,23,6205.406529,True
0.729793,35,6207.09118,False
61.171148,23,6208.223395,True
60.041949,20,6209.19218,True
57.742772,21,6210.220262,True
63.357731,35,6212.042307,True
58.660176,24,6213.215994,True
55.217557,64,6216.312692,True
56.243766,16,6217.088023,True
62.736627,84,6221.146466,True
59.306277,103,6226.185604,True
50.101097,1,6226.246446,True
60.212215,29,6227.651896,True
62.117959,128,6233.894406,True
62.620565,33,6235.572792,True
52.640545,49,6237.997127,True
53.311335,8,6238.391644,True
60.090966,48,6240.766948,True
66.865125,50,6243.183894,True
60.76172,23,6244.299214,True
58.226806,24,6245.478557,True
62.154905,30,6246.949388,True
63.759416,92,6251.418663,True
64.091784,79,6255.249516,True
56.924877,18,6256.126294,True
62.020616,25,6257.351358,True
53.222949,7,6257.704275,True
63.098917,42,6259.776693,True
60.382924,46,6262.02903,True
63.111627,81,6266.036735,True
60.525681,26,6267.291936,True
64.642503,85,6271.414149,True
59.203658,76,6275.108124,True
58.00693,24,6276.2758,True
58.259364,64,6279.392954,True
56.444176,46,6281.664907,True
62.117787,25,6282.896506,True
53.289707,8,6283.306223,True
57.070236,16,6284.105903,True
59.283141,29,6292.529947,True
63.962819,112,6298.010754,True
50.305278,1,6298.073892,True
62.346239,77,6301.790341,True
54.902106,11,6302.335053,True
64.751884,82,6306.297147,True
49.417664,1,6306.356027,True
59.957028,24,6307.51387,True
63.058189,77,6311.237955,True
62.089138,75,6314.876077,True
61.432826,24,6316.047244,True
57.092796,20,6317.032353,True
50.495114,1,6317.095957,True
63.605603,76,6320.746653,True
56.744066,14,6321.434413,True
63.455509,31,6323.170386,True
56.28566,63,6326.252148,True
63.209389,33,6327.871974,True
58.916342,17,6328.692244,True
62.256301,25,6329.904672,True
61.746736,24,6331.0703,True
62.203253,25,6332.28136,True
52.964664,7,6332.631366,True
63.974837,48,6334.983496,True
61.886669,27,6336.322671,True
60.056182,71,6339.741609,True
60.223928,76,6343.439144,True
60.803751,79,6347.260925,True
56.406408,61,6350.213351,True
62.594464,32,6351.846245,True
58.202373,22,6352.92746,True
58.795837,22,6354.008369,True
54.775722,10,6354.505854,True
60.496379,22,6355.572027,True
54.562188,50,6358.018192,True
56.396824,14,6358.706585,True
59.918701,22,6359.775415,True
62.51018,72,6363.242226,True
59.210284,24,6364.409514,True
56.075324,59,6367.25492,True
59.146047,66,6370.448761,True
58.532393,68,6373.70647,True
60.3807,105,6378.816674,True
54.325957,12,6379.407328,True
60.694475,74,6383.034908,True
53.965208,9,6383.483373,True
56.345344,59,6386.371901,True
61.967862,74,6389.978713,True
62.805454,37,6398.513438,True
57.415904,14,6399.201209,True
63.562639,60,6402.13792,True
57.510871,19,6403.052735,True
49.924268,1,6403.118661,True
62.258501,31,6404.645756,True
60.123392,21,6405.670181,True
56.370321,67,6408.892846,True
59.789831,72,6412.366188,True
65.441092,124,6418.377539,True
58.53471,67,6421.605042,True
56.602756,17,6422.441469,True
58.156036,25,6423.649425,True
63.479985,31,6425.296314,True
60.169748,26,6426.560736,True
62.373007,33,6428.147573,True
59.993767,74,6431.737292,True
59.455762,68,6435.006069,True
58.682327,18,6435.874852,True
62.202792,26,6437.145038,True
55.435511,46,6439.411078,True
64.180629,89,6443.832877,True
62.932104,39,6445.742489,True
64.171571,81,6449.649916,True
61.587392,25,6450.84781,True
53.730029,8,6451.252417,True
56.786143,62,6454.278028,True
62.200532,31,6455.802874,True
62.396252,79,6459.630925,True
62.248119,80,6463.487696,True
57.890602,29,6464.913443,True
66.326398,47,6467.20439,True
56.355086,14,6467.893606,True
56.661458,21,6468.923519,True
61.760054,75,6472.552602,True
54.052983,9,6472.999338,True
1.646745,33,6474.614426,False
63.779552,41,6476.610399,True
61.685901,30,6478.067813,True
65.227793,41,6480.04767,True
59.062841,27,6481.362977,True
62.341351,29,6482.770153,True
55.470611,13,6483.408544,True
58.985078,21,6484.434208,True
62.421963,77,6488.147452,True
58.642929,52,6490.704669,True
67.766947,132,6497.102051,True
57.013305,62,6507.38505,True
53.481692,19,6508.337532,True
60.962251,76,6512.016047,True
56.164397,13,6512.649523,True
59.469366,73,6516.167633,True
64.965297,80,6520.021635,True
58.458444,19,6520.958464,True
0.857677,32,6522.549483,False
59.123815,73,6526.353874,True
61.114724,36,6528.351497,True
57.091576,15,6529.214947,True
58.479405,25,6530.748471,True
60.647298,28,6532.361019,True
58.979314,27,6533.869038,True
59.802565,40,6536.131653,True
51.66071,5,6536.4696,True
57.810461,22,6537.784828,True
61.716034,29,6539.406129,True
64.486317,83,6543.771307,True
63.419971,32,6545.399998,True
62.91487,32,6547.061194,True
54.578528,10,6547.653033,True
61.725535,25,6548.992246,True
54.652779,10,6549.495297,True
4.227122,69,6552.878474,False
53.243397,9,6553.322612,True
65.11558,82,6557.263854,True
56.60006,16,6558.057534,True
57.511994,40,6560.029038,True
60.955906,78,6563.859473,True
67.490038,46,6566.092216,True
63.667611,78,6569.858062,True
66.099404,89,6574.13607,True
59.264664,24,6575.302382,True
58.153664,27,6576.620214,True
59.158914,29,6578.038049,True
60.216992,63,6581.108433,True
59.734836,65,6584.265934,True
59.496339,23,6585.392802,True
58.504938,20,6586.390104,True
56.996185,66,6589.596649,True
65.501907,80,6593.441476,True
65.289733,82,6597.457424,True
61.955534,24,6598.632048,True
58.001165,24,6599.793414,True
63.849169,77,6603.520423,True
59.317602,19,6604.450044,True
60.431858,31,6605.948046,True
57.83853,66,6615.732538,True
64.743126,81,6619.627914,True
56.887849,13,6620.255494,True
59.098527,19,6621.239873,True
59.153732,19,6622.156828,True
54.559411,54,6624.794229,True
64.646796,58,6627.622001,True
58.587498,67,6630.866661,True
52.934407,7,6631.214896,True
54.27983,11,6631.765031,True
60.170148,67,6635.000609,True
57.447122,64,6638.09449,True
52.861105,43,6640.205639,True
65.368092,43,6642.283746,True
56.555394,26,6643.551819,True
57.741332,28,6644.94029,True
59.852712,19,6645.862869,True
54.173863,30,6647.342541,True
65.331383,38,6649.189955,True
60.212396,24,6650.351171,True
55.780628,14,6651.056316,True
58.752434,19,6651.989557,True
57.068513,18,6652.875372,True
58.875967,65,6656.041681,True
58.825364,25,6657.262321,True
66.90522,131,6663.63509,True
58.413955,21,6664.655069,True
60.67744,71,6668.100266,True
60.507807,23,6669.235018,True
57.932304,69,6672.556967,True
66.092147,51,6675.049261,True
60.720401,69,6678.40669,True
61.721195,30,6679.871981,True
59.465079,26,6681.201176,True
64.330263,85,6685.293396,True
61.647905,30,6686.755041,True
59.196693,28,6688.116084,True
59.942212,75,6691.750486,True
56.446719,14,6692.434531,True
56.642148,18,6693.316279,True
57.413265,19,6694.245386,True
62.271595,40,6696.191022,True
59.729424,23,6697.311483,True
62.079615,30,6698.76456,True
61.466229,25,6699.97461,True
60.424533,22,6701.045299,True
62.222336,30,6702.498946,True
59.80756,27,6703.819253,True
59.430961,29,6705.230382,True
57.095419,15,6705.96533,True
60.650402,40,6707.922954,True
64.023773,83,6711.907118,True
60.27906,26,6713.186839,True
56.755633,14,6713.87795,True
59.314263,65,6723.381272,True
59.847003,24,6724.550643,True
-0.333115,37,6726.338011,False
61.591231,71,6729.760336,True
62.373136,76,6733.417288,True
61.147431,22,6734.478814,True
55.451628,16,6735.264579,True
63.824727,118,6741.040352,True
56.402552,62,6744.08163,True
60.42725,78,6747.822594,True
59.6498,21,6748.847894,True
61.032637,69,6752.152495,True
59.35257,22,6753.241141,True
62.121619,27,6754.555962,True
60.26937,20,6755.530923,True
64.66669,66,6758.752479,True
62.225527,45,6760.955855,True
56.828417,60,6763.862257,True
57.98105,66,6767.079644,True
57.522639,16,6767.873385,True
59.238065,23,6768.994881,True
58.79251,61,6771.968603,True
60.119191,20,6772.937482,True
65.227222,88,6777.162625,True
49.981431,1,6777.221067,True
63.596625,30,6778.820966,True
54.76926,9,6779.263923,True
62.041466,27,6780.569557,True
55.468327,48,6782.932468,True
60.448443,44,6785.092393,True
54.888943,14,6785.780509,True
-2.567277,81,6789.984305,False
63.011676,56,6792.724062,True
58.683916,19,6793.651972,True
63.678812,35,6795.417527,True
66.547654,72,6798.916034,True
60.058821,30,6800.443697,True
57.917737,17,6801.27386,True
63.154475,28,6802.620994,True
63.29659,37,6804.423577,True
55.791729,13,6805.063936,True
58.674505,17,6805.904639,True
64.16704,38,6807.741621,True
63.755467,111,6813.13345,True
61.035284,33,6814.7359,True
58.288062,18,6815.619943,True
63.870944,31,6817.116636,True
60.796816,55,6819.794748,True
62.318276,106,6831.654704,True
54.618075,62,6834.648699,True
63.356849,30,6836.113017,True
62.246293,30,6837.57234,True
61.852438,80,6841.415736,True
58.186825,17,6842.242356,True
58.731268,23,6843.368283,True
62.788194,127,6849.540381,True
53.525051,20,6850.530425,True
67.401979,42,6852.557082,True
57.580317,67,6855.802919,True
59.136433,29,6857.220402,True
61.581652,26,6858.557692,True
53.770285,11,6859.103761,True
59.952589,73,6862.640049,True
56.573876,67,6865.872427,True
55.661472,53,6868.456332,True
58.571048,24,6869.630022,True
62.924083,36,6871.394763,True
55.067841,10,6871.888294,True
55.833474,13,6872.53055,True
61.66519,24,6873.680753,True
55.221241,11,6874.222324,True
66.406892,114,6879.798902,True
53.814747,10,6880.292999,True
59.93152,69,6883.624758,True
61.839252,33,6885.215415,True
61.697133,76,6888.87124,True
59.852914,29,6890.277541,True
59.608456,72,6893.785289,True
63.782145,31,6895.305967,True
63.810013,77,6898.996686,True
60.897761,70,6902.367966,True
60.288563,28,6903.715075,True
59.242021,21,6904.733857,True
59.086322,22,6905.85346,True
66.515981,56,6908.781732,True
52.841626,10,6909.279307,True
49.667918,1,6909.347839,True
57.941164,26,6910.639319,True
62.720957,77,6914.474857,True
58.513933,26,6915.816069,True
61.32012,27,6917.149117,True
54.73729,23,6918.369715,True
58.497077,22,6919.461248,True
59.146062,20,6920.428009,True
61.06841,25,6921.65724,True
58.986619,52,6924.214556,True
62.433085,67,6934.461672,True
6.473757,87,6938.672657,False
54.899447,14,6939.356364,True
61.435055,24,6940.522006,True
63.300981,74,6944.085423,True
58.903402,64,6947.170819,True
54.41512,19,6948.121622,True
58.617301,21,6949.148191,True
59.174236,22,6950.218379,True
62.421207,31,6951.737882,True
60.408624,27,6953.062832,True
64.724219,80,6956.924924,True
62.265013,44,6959.069826,True
55.695301,11,6959.619051,True
61.207009,67,6962.854548,True
57.261855,64,6965.953395,True
57.458985,21,6966.980071,True
62.543822,73,6970.553935,True
57.562214,61,6973.524071,True
59.317405,23,6974.64654,True
58.382075,64,6977.821285,True
62.712255,30,6979.296666,True
58.750347,68,6982.569282,True
60.045265,66,6985.756229,True
65.123212,76,6989.421839,True
61.782925,64,6992.530654,True
56.490606,64,6995.629519,True
58.668573,20,6996.610225,True
62.320863,80,7000.468396,True
62.185855,76,7004.148562,True
54.920392,17,7004.977864,True
62.449123,75,7008.584474,True
61.120865,54,7011.225431,True
58.780281,66,7014.424699,True
56.795148,18,7015.299524,True
63.123423,74,7018.86081,True
53.440165,7,7019.208618,True
61.437934,23,7020.319852,True
64.100607,82,7024.269749,True
57.079601,65,7027.415706,True
55.501341,11,7027.955188,True
63.859821,80,7031.821276,True
55.476821,12,7032.414733,True
54.228107,11,7032.957603,True
58.245228,18,7040.161157,True
59.786114,25,7041.383593,True
62.713168,70,7044.773853,True
57.589425,23,7045.90331,True
60.92184,25,7047.148504,True
63.19213,103,7052.1813,True
60.637267,76,7055.846268,True
49.98369,1,7055.908438,True
62.271073,26,7057.25526,True
57.941406,32,7058.836376,True
61.13361,31,7060.342649,True
57.534825,52,7062.88723,True
54.92102,40,7064.862344,True
63.253165,80,7068.74322,True
60.274831,21,7069.775126,True
59.001159,70,7073.163949,True
61.350613,85,7077.293742,True
61.272734,24,7078.459349,True
53.676793,9,7078.906215,True
57.668825,19,7079.847544,True
54.738712,14,7080.542612,True
57.953241,23,7081.669932,True
57.872768,22,7082.746165,True
56.231697,14,7083.424508,True
58.50733,27,7084.743202,True
63.547876,83,7088.775283,True
61.682405,79,7092.596174,True
58.727529,69,7095.929911,True
67.869514,86,7100.164687,True
61.856633,29,7101.583468,True
60.591527,52,7104.126105,True
58.422751,65,7107.276077,True
58.161492,74,7110.885905,True
60.367944,28,7112.252876,True
56.583306,18,7113.143889,True
60.344344,21,7114.175986,True
59.793295,21,7115.197507,True
59.243532,19,7116.125327,True
56.881226,39,7118.043513,True
50.898824,3,7118.204362,True
58.287468,56,7120.951923,True
62.285749,77,7124.658681,True
61.05945,58,7127.495403,True
58.862414,64,7130.617194,True
56.112015,13,7131.254465,True
58.354706,25,7132.469787,True
53.844621,18,7133.368612,True
54.042533,11,7133.915813,True
55.415163,13,7134.569129,True
55.961195,60,7137.499257,True
61.768397,25,7138.716972,True
61.170455,23,7139.821189,True
57.999552,21,7147.456473,True
54.086192,52,7150.002903,True
55.471265,23,7151.1412,True
67.210885,79,7154.967474,True
56.853765,60,7157.956231,True
56.779383,29,7159.383634,True
56.058468,15,7160.124838,True
60.990003,34,7161.77513,True
60.022642,29,7163.193645,True
57.802727,16,7163.972852,True
55.078284,61,7166.933236,True
6.477058,94,7171.484309,False
60.362045,63,7174.564659,True
61.982999,67,7177.863655,True
61.733654,71,7181.34101,True
62.018849,25,7182.546552,True
56.673359,17,7183.384556,True
56.739385,14,7184.064782,True
60.108007,110,7189.436344,True
62.823314,30,7190.944888,True
58.234622,17,7191.773983,True
52.718068,13,7192.419317,True
62.482871,29,7193.907276,True
55.562831,11,7194.452442,True
62.382397,32,7196.02194,True
57.113033,60,7198.930848,True
59.294233,30,7200.399459,True
59.931669,20,7201.376173,True
58.635229,18,7202.257226,True
61.958785,26,7203.511398,True
58.356678,67,7206.742904,True
56.92186,15,7207.474598,True
57.686248,24,7208.658235,True
60.621686,29,7210.076558,True
62.562971,59,7212.956133,True
62.525184,28,7214.32859,True
58.828948,19,7215.262409,True
53.769345,11,7215.823201,True
63.512528,86,7220.051473,True
57.276597,16,7220.833312,True
57.299785,17,7221.671867,True
59.442644,20,7222.671829,True
-0.959673,35,7224.363106,False
56.66709,17,7225.197266,True
57.292989,17,7226.046718,True
57.338651,20,7227.021825,True
63.562702,77,7230.742041,True
58.33525,64,7233.857941,True
60.093271,26,7235.12523,True
61.023973,77,7238.850299,True
0.66741,36,7240.588848,False
61.77439,69,7243.977047,True
64.311431,34,7245.618804,True
61.046202,34,7253.983244,True
61.172425,53,7256.582401,True
57.814262,21,7257.603923,True
57.476832,70,7260.996773,True
5.075315,85,7265.070917,False
62.95448,74,7268.64101,True
60.868291,106,7273.812369,True
63.257412,32,7275.362739,True
60.07071,22,7276.425385,True
59.306328,22,7277.564647,True
60.826932,26,7278.825681,True
57.613277,19,7279.761241,True
56.231802,13,7280.395447,True
59.642526,33,7282.015134,True
59.043478,66,7285.209084,True
63.615467,79,7289.021175,True
54.517476,14,7289.706735,True
60.183074,53,7292.316862,True
58.69417,18,7293.194206,True
59.738527,30,7294.657037,True
60.203963,22,7295.729641,True
62.637782,26,7296.980827,True
58.272129,21,7298.012337,True
63.274077,77,7301.732327,True
58.133038,17,7302.555918,True
57.033547,17,7303.39377,True
63.839912,33,7304.98977,True
63.09927,73,7308.529186,True
56.151658,63,7311.599054,True
60.424578,73,7315.107636,True
58.941388,23,7316.231467,True
58.380898,25,7317.466689,True
62.299708,36,7319.227713,True
61.923358,27,7320.55308,True
54.193907,10,7321.041121,True
53.090568,8,7321.43777,True
65.313945,40,7323.368264,True
60.935853,22,7324.44208,True
57.04729,17,7325.285801,True
61.114242,72,7328.797784,True
60.692089,23,7329.927449,True
61.231962,24,7331.095039,True
62.346976,36,7332.843561,True
61.928473,63,7335.92623,True
64.34992,41,7337.988219,True
63.994093,30,7339.559295,True
60.215941,26,7340.83193,True
54.264642,23,7341.961663,True
52.096146,47,7344.253363,True
58.119634,74,7347.823942,True
65.394073,124,7360.679129,True
65.84237,40,7362.615729,True
59.735219,65,7365.786659,True
63.41749,32,7367.337927,True
54.310406,14,7368.029586,True
59.384106,68,7371.295175,True
54.503464,9,7371.736269,True
63.33742,34,7373.420496,True
60.514146,24,7374.630382,True
68.596891,54,7377.265537,True
62.841539,79,7381.08896,True
54.447691,10,7381.58579,True
66.275912,39,7383.483784,True
62.576234,29,7384.923798,True
60.34033,24,7386.086667,True
61.31149,24,7387.251575,True
55.75945,11,7387.794419,True
0.453288,34,7389.437121,False
54.685561,12,7390.020147,True
62.580667,30,7391.489669,True
57.188212,66,7394.68711,True
62.772532,27,7395.991393,True
54.128386,9,7396.439075,True
59.449886,19,7397.453744,True
62.850075,127,7403.619683,True
58.742237,18,7404.496884,True
61.622687,27,7405.819251,True
59.497137,22,7406.906657,True
59.998403,26,7408.173528,True
60.893605,23,7409.285312,True
57.897826,19,7410.225326,True
63.563245,54,7412.866325,True
58.939624,33,7414.472444,True
56.955464,26,7415.74682,True
57.778112,18,7416.621101,True
64.84281,39,7418.511007,True
59.223112,21,7419.533278,True
55.329539,13,7420.177459,True
59.15198,19,7421.10167,True
63.35572,75,7424.700384,True
62.906316,31,7426.199617,True
56.063946,14,7426.897904,True
64.050999,78,7430.657582,True
61.657426,25,7431.864195,True
64.573702,99,7436.70956,True
56.012323,63,7439.75806,True
62.718119,75,7443.401518,True
58.227899,66,7446.591552,True
61.278211,71,7450.005534,True
65.753021,43,7452.064655,True
58.706818,27,7453.380603,True
57.837542,67,7456.679907,True
55.42505,12,7457.272369,True
60.299445,33,7458.870854,True
58.999083,22,7466.423582,True
57.748967,22,7467.495537,True
56.405729,15,7468.238282,True
60.142302,53,7470.833959,True
56.537938,15,7471.574415,True
64.121528,80,7475.444699,True
56.129367,13,7476.081774,True
61.398352,24,7477.244062,True
61.788916,74,7480.816639,True
56.360367,59,7483.670551,True
60.362349,29,7485.074713,True
64.522638,81,7488.968534,True
57.943148,67,7492.198663,True
60.94457,24,7493.360998,True
59.717956,23,7494.482913,True
64.149413,85,7498.601988,True
60.556343,23,7499.721022,True
60.210281,68,7503.016127,True
61.056595,22,7504.10409,True
56.378732,17,7504.94321,True
56.529995,59,7507.855249,True
59.16519,67,7511.082647,True
62.325971,75,7514.691557,True
65.332564,44,7517.074446,True
58.842316,58,7520.011397,True
60.9018,50,7522.523312,True
55.854109,32,7524.103195,True
57.420189,18,7524.975027,True
60.210333,22,7526.052497,True
61.172068,27,7527.355695,True
57.56395,21,7528.373858,True
55.025986,13,7529.010754,True
61.399922,25,7530.230404,True
52.281016,6,7530.53982,True
63.837933,57,7533.326186,True
65.061963,51,7535.821664,True
57.103899,14,7536.513582,True
61.28157,73,7540.070449,True
63.521161,80,7543.933527,True
63.923576,76,7547.605712,True
58.836759,20,7548.584325,True
59.731795,20,7549.560806,True
63.160046,46,7551.814537,True
63.346482,29,7553.219496,True
63.131698,78,7557.000797,True
64.986812,78,7560.769836,True
60.726415,66,7563.989897,True
58.568042,32,7565.568441,True
61.856374,69,7575.513971,True
53.237027,8,7575.915038,True
59.087918,22,7577.069551,True
65.146291,82,7581.016336,True
57.247324,15,7581.748018,True
62.469244,25,7582.947513,True
55.136033,11,7583.483761,True
58.313994,25,7584.692422,True
60.812367,79,7588.52492,True
59.513981,71,7591.946103,True
60.81822,72,7595.423186,True
64.70165,81,7599.3287,True
55.725319,14,7600.01728,True
60.338088,65,7603.143141,True
58.545518,17,7603.970003,True
62.899302,31,7605.497973,True
58.419808,16,7606.276021,True
59.704949,70,7609.653083,True
55.909199,18,7610.543874,True
55.969521,12,7611.138489,True
58.303525,17,7611.971554,True
63.437746,39,7613.868572,True
59.012734,66,7617.110516,True
60.398035,24,7618.277434,True
61.184536,26,7619.555243,True
63.783575,80,7623.41978,True
59.90084,23,7624.541802,True
61.230273,23,7625.660416,True
59.99575,72,7629.141411,True
60.218367,71,7632.589458,True
66.83109,52,7635.12663,True
69.534609,131,7641.604696,True
60.663118,26,7642.87369,True
59.071957,69,7646.244372,True
68.885623,57,7649.019858,True
56.561767,15,7649.754948,True
58.417934,66,7652.964621,True
61.222283,24,7654.138905,True
64.603432,32,7655.689247,True
63.585723,34,7657.346501,True
59.998294,23,7658.461398,True
60.355637,24,7659.635665,True
56.504556,14,7660.30835,True
58.035148,21,7661.337926,True
54.334751,10,7661.829154,True
55.119676,15,7662.567945,True
59.578052,70,7665.969951,True
60.81992,25,7667.205036,True
59.745486,71,7670.662928,True
56.927957,50,7680.059223,True
62.233035,75,7683.708971,True
57.944677,31,7685.231854,True
63.721753,34,7686.949042,True
55.09426,48,7689.301482,True
55.475623,13,7689.93614,True
69.015973,60,7692.846845,True
60.165894,50,7695.29622,True
63.060875,30,7696.837747,True
64.144772,34,7698.492984,True
55.437471,14,7699.189746,True
61.582303,25,7700.402338,True
59.726192,19,7701.327389,True
60.445078,24,7702.517948,True
57.426975,22,7703.591235,True
54.601296,14,7704.308933,True
62.914282,79,7708.144911,True
60.153988,34,7709.806777,True
53.407456,22,7710.892122,True
58.023883,28,7712.254464,True
58.218628,23,7713.376837,True
63.636788,61,7716.346761,True
54.698733,10,7716.844919,True
59.954421,34,7718.50206,True
62.203824,28,7719.931492,True
56.077735,22,7721.006202,True
62.375495,74,7724.581033,True
60.492566,72,7728.040018,True
0.341932,36,7729.79003,False
64.012049,115,7735.453218,True
63.932901,74,7739.022254,True
55.397648,13,7739.67187,True
61.250844,66,7742.878731,True
61.451243,26,7744.160991,True
58.633411,18,7745.045936,True
63.000841,48,7747.388506,True
64.550932,38,7749.214466,True
66.293343,51,7751.688975,True
61.739899,26,7752.960515,True
63.061142,29,7754.390341,True
56.096375,13,7755.029222,True
62.595422,28,7756.450273,True
1.391386,35,7758.142195,False
57.063856,15,7758.875826,True
55.889696,13,7759.516659,True
64.966341,65,7762.680458,True
56.44317,13,7763.321669,True
59.481438,20,7764.308274,True
61.262166,27,7765.61972,True
63.094008,66,7768.870468,True
66.686549,74,7772.500961,True
63.245662,78,7776.274493,True
60.176967,28,7777.637842,True
61.37613,68,7786.956218,True
56.48418,14,7787.643175,True
60.969113,78,7791.397142,True
66.730878,45,7793.57076,True
61.731852,72,7797.083394,True
56.542478,60,7799.997993,True
62.049799,27,7801.315916,True
60.940496,26,7802.60178,True
65.149122,51,7805.106642,True
56.713832,63,7808.147189,True
57.482899,16,7808.931866,True
55.75093,12,7809.527061,True
58.874003,68,7812.803617,True
62.31592,24,7813.976645,True
51.646186,33,7815.66906,True
65.145364,40,7817.606511,True
59.674667,23,7818.738518,True
2.377829,33,7820.336492,False
54.548596,12,7820.915674,True
65.102307,83,7824.89542,True
2.17974,32,7826.452565,False
57.091249,14,7827.137103,True
56.28389,13,7827.782217,True
58.056773,19,7828.699092,True
63.26504,31,7830.371958,True
60.44826,72,7833.908154,True
63.439255,75,7837.536974,True
62.831846,30,7838.992265,True
60.634519,26,7840.263618,True
53.920394,9,7840.705518,True
58.252475,18,7841.57826,True
57.001805,14,7842.264104,True
57.602048,56,7844.993654,True
62.022635,70,7848.379702,True
56.258686,14,7849.065699,True
63.032473,78,7852.829989,True
60.880824,55,7855.52516,True
63.306029,72,7859.037497,True
59.072355,20,7860.005876,True
59.969007,69,7863.371414,True
59.264134,24,7864.537171,True
61.312632,25,7865.748592,True
63.503076,76,7869.421306,True
61.869337,71,7872.835867,True
62.458261,35,7874.542613,True
57.918579,18,7875.491604,True
63.833402,75,7879.139898,True
62.237056,25,7880.355662,True
59.863455,24,7881.51912,True
54.068277,9,7881.961507,True
63.981776,35,7883.652031,True
59.76584,65,7893.025704,True
56.536518,59,7895.88585,True
61.603459,63,7898.979795,True
62.195932,72,7902.44393,True
58.73506,19,7903.381737,True
56.574548,13,7904.016573,True
59.06274,21,7905.038839,True
57.743873,58,7907.86899,True
61.293178,69,7911.202499,True
59.910145,21,7912.230662,True
68.215948,54,7914.883591,True
59.614905,74,7918.477856,True
60.364207,20,7919.447664,True
62.425664,77,7923.179548,True
63.376266,30,7924.626619,True
60.239795,21,7925.656723,True
62.919155,30,7927.126427,True
58.163546,60,7930.054411,True
60.419705,21,7931.074,True
58.158079,19,7931.997585,True
60.312209,69,7935.374628,True
58.149321,59,7938.269977,True
58.832191,69,7941.599237,True
61.153788,74,7945.159845,True
59.210071,65,7948.340338,True
57.325682,64,7951.482238,True
55.595882,13,7952.124113,True
59.814559,56,7954.869733,True
58.933406,19,7955.79392,True
64.794263,84,7959.825202,True
56.188922,13,7960.4681,True
50.088827,1,7960.533725,True
57.150188,18,7961.414504,True
57.338325,42,7963.455635,True
64.42298,40,7965.400072,True
63.122049,31,7966.906061,True
59.139251,69,7970.323627,True
52.477848,6,7970.627647,True
62.294295,27,7971.930368,True
63.566669,29,7973.344766,True
61.184187,24,7974.519033,True
60.376559,73,7978.055072,True
60.560427,49,7980.459215,True
60.560219,68,7983.744901,True
61.586023,48,7986.074403,True
58.345332,17,7986.912669,True
57.835025,65,7990.036969,True
58.261607,24,7991.210315,True
57.586929,20,7998.352588,True
58.341267,26,7999.623036,True
62.773575,73,8003.140373,True
65.036557,39,8005.064612,True
56.016648,57,8007.82195,True
56.950077,15,8008.566266,True
58.59049,19,8009.487441,True
63.811625,74,8013.050519,True
58.66492,65,8016.180009,True
58.045148,21,8017.200415,True
62.806418,75,8020.875548,True
61.075097,24,8022.040487,True
63.454457,43,8024.12204,True
58.343634,23,8025.248284,True
63.298842,39,8027.143214,True
60.424448,23,8028.271688,True
58.48578,47,8030.586478,True
57.912086,60,8033.530334,True
56.184004,13,8034.162608,True
55.972102,15,8034.903354,True
60.05142,21,8035.917431,True
59.533228,65,8039.089079,True
58.348077,65,8042.23377,True
63.138908,30,8043.773531,True
63.001535,39,8045.684656,True
60.251372,23,8046.800306,True
59.369206,21,8047.827426,True
61.122817,51,8050.3326,True
57.731465,17,8051.166919,True
53.209815,7,8051.513681,True
53.289757,7,8051.866793,True
60.359931,64,8055.051905,True
61.585692,27,8056.378666,True
60.84406,23,8057.506959,True
56.487176,15,8058.239115,True
63.476766,29,8059.638592,True
58.006472,63,8062.707903,True
60.130371,57,8065.511395,True
58.855295,63,8068.585593,True
65.598512,78,8072.339172,True
62.20192,28,8073.700297,True
59.345034,23,8074.824244,True
61.742113,33,8076.433378,True
57.419493,14,8077.113847,True
59.036672,49,8079.504713,True
55.29892,13,8080.153431,True
64.268604,48,8082.487915,True
57.391713,17,8083.323991,True
57.528815,16,8084.093164,True
58.250792,19,8085.02293,True
56.556439,25,8086.251368,True
63.97596,33,8087.857714,True
61.422211,74,8091.431792,True
57.659378,56,8094.180796,True
59.940493,34,8095.852643,True
55.750208,55,8104.344397,True
50.073273,1,8104.405801,True
62.059781,29,8105.800512,True
55.69523,61,8108.759463,True
58.952878,21,8109.780982,True
59.537678,67,8113.011172,True
54.184239,12,8113.603798,True
59.220499,23,8114.787097,True
55.16633,18,8115.664669,True
64.341448,78,8119.42432,True
57.310851,29,8120.847833,True
58.797015,18,8121.731344,True
57.080954,15,8122.46606,True
58.160565,55,8125.147782,True
60.904565,47,8127.449162,True
57.400364,27,8128.793422,True
62.897651,31,8130.432877,True
64.807838,77,8134.151212,True
60.274677,53,8136.741507,True
58.411761,19,8137.672095,True
56.179257,60,8140.583662,True
62.831636,27,8141.888256,True
60.449481,66,8145.094602,True
61.317577,71,8148.523769,True
58.065796,62,8151.527675,True
63.246109,76,8155.201013,True
63.765507,71,8158.657175,True
56.911338,15,8159.396989,True
53.87559,11,8159.941916,True
59.421751,40,8161.918909,True
60.11236,22,8162.999068,True
53.750347,8,8163.40166,True
51.815861,38,8165.256004,True
57.217002,15,8165.986755,True
62.910429,75,8169.588954,True
57.681497,19,8170.525888,True
61.786893,31,8172.041903,True
60.030911,24,8173.214912,True
62.366467,33,8174.871549,True
63.499911,28,8176.240052,True
65.338891,49,8178.64046,True
55.922662,32,8180.22132,True
60.78723,22,8181.293466,True
60.16395,73,8184.8096,True
70.442089,55,8187.4615,True
61.331406,57,8190.289589,True
53.992613,9,8190.819911,True
57.042096,61,8194.142916,True
60.876483,61,8197.550103,True
62.136431,26,8199.159324,True
57.722189,19,8200.530431,True
53.45288,8,8201.101439,True
57.5258,17,8202.222172,True
58.058798,59,8205.391051,True
62.439213,71,8215.848381,True
59.870154,24,8217.108168,True
61.451126,23,8218.346287,True
55.619454,59,8221.355187,True
57.759048,27,8222.689091,True
57.140166,18,8223.574357,True
59.616855,19,8224.497343,True
49.911394,1,8224.562348,True
55.133848,12,8225.183289,True
59.070696,22,8226.263813,True
62.973722,30,8227.82288,True
59.809588,22,8228.907684,True
64.316072,74,8232.514668,True
63.379396,32,8234.133872,True
55.85212,18,8235.021597,True
55.642895,16,8235.792656,True
58.288351,20,8236.778331,True
60.246284,74,8240.363921,True
56.563272,60,8243.269398,True
54.533776,12,8243.859273,True
56.781582,40,8245.811822,True
64.445367,35,8247.588741,True
50.08409,1,8247.655792,True
59.904226,25,8248.902961,True
55.801399,23,8250.036314,True
62.715948,28,8251.40445,True
60.284746,23,8252.523872,True
59.879854,22,8253.82728,True
60.013059,39,8256.187906,True
59.974914,59,8259.587606,True
57.26964,18,8260.675125,True
59.130399,20,8261.879888,True
57.942551,19,8263.030794,True
61.576072,26,8264.510057,True
62.008902,30,8266.085958,True
54.245158,45,8268.674983,True
61.348591,52,8271.712069,True
58.249491,25,8273.072321,True
58.099864,63,8276.437361,True
62.654507,29,8277.956316,True
64.595002,42,8280.253787,True
60.615119,25,8281.579781,True
63.301881,76,8285.478042,True
56.079482,14,8286.162606,True
64.816405,78,8289.965572,True
57.388559,51,8292.48044,True
64.600913,65,8295.770403,True
56.49497,13,8296.404561,True
59.954366,66,8299.602926,True
60.153036,70,8303.045425,True
58.066927,62,8306.390285,True
63.784244,46,8308.64387,True
58.456536,63,8311.719968,True
57.724898,22,8312.790105,True
56.207067,14,8313.483173,True
62.474003,27,8314.799656,True
56.485642,15,8315.540617,True
61.057817,25,8316.764292,True
63.567931,28,8323.923343,True
56.499081,17,8324.760167,True
62.964891,75,8328.387489,True
59.080969,18,8329.266278,True
58.515759,64,8332.370202,True
58.923394,63,8335.456638,True
57.785675,61,8338.44835,True
55.958023,16,8339.23389,True
63.072491,69,8342.594338,True
60.507412,68,8345.984466,True
58.173156,21,8347.027291,True
63.520526,57,8349.803761,True
61.389282,36,8351.58727,True
66.603649,51,8354.12662,True
55.562692,16,8354.914535,True
54.677797,13,8355.560805,True
50.27471,2,8355.671122,True
57.904299,17,8356.50122,True
61.08652,69,8359.871512,True
60.417567,23,8360.980275,True
56.133437,53,8363.579575,True
59.528909,22,8364.666704,True
53.678674,9,8365.113521,True
58.917633,29,8366.532402,True
59.622905,23,8367.65643,True
56.580591,19,8368.588248,True
56.540407,13,8369.238858,True
58.639393,71,8372.666179,True
57.817976,59,8375.535123,True
56.915021,14,8376.31806,True
-2.111885,34,8378.171057,False
62.710117,28,8379.675945,True
59.024236,67,8383.107042,True
58.330099,49,8385.517463,True
58.471632,36,8387.290235,True
64.482914,85,8391.379356,True
58.617995,33,8392.996785,True
65.947746,39,8394.882754,True
60.860513,25,8396.10948,True
63.045509,30,8397.574854,True
56.764986,17,8398.409768,True
60.436379,67,8401.646494,True
56.861308,59,8404.496982,True
63.763852,36,8406.259073,True
56.116395,13,8406.911104,True
59.397125,30,8408.379579,True
63.0047,56,8411.117648,True
60.730506,65,8414.362364,True
57.460002,17,8415.193898,True
60.36366,23,8416.320869,True
54.99015,12,8416.917057,True
62.945642,74,8420.474123,True
54.724969,11,8421.037368,True
59.267384,19,8421.96268,True
57.932894,57,8430.733261,True
60.027605,25,8431.961362,True
64.305935,50,8434.418581,True
57.026868,58,8437.246296,True
63.351395,78,8441.25995,True
60.704676,42,8443.314428,True
56.991056,51,8445.816826,True
61.130759,24,8446.988024,True
56.31426,20,8447.978027,True
62.245868,25,8449.207718,True
61.644848,30,8450.677696,True
57.632302,16,8451.467299,True
56.920912,61,8454.44657,True
58.356169,17,8455.271212,True
54.870316,11,8455.834752,True
62.972193,28,8457.178933,True
57.849342,63,8460.228545,True
58.207389,19,8461.174802,True
58.58878,17,8462.010039,True
54.859983,10,8462.502196,True
53.176059,6,8462.799958,True
57.885015,15,8463.531142,True
54.445536,10,8464.033257,True
64.856931,73,8467.585419,True
56.999206,15,8468.315689,True
60.214738,22,8469.382842,True
58.417491,18,8470.265621,True
65.661586,40,8472.217177,True
53.844633,10,8472.712051,True
57.345599,16,8473.567236,True
61.574642,25,8474.78648,True
63.781429,78,8478.517031,True
59.207357,27,8479.834062,True
58.438629,19,8480.758214,True
61.496621,70,8484.177999,True
58.836546,60,8487.109627,True
60.712909,28,8488.467032,True
60.154545,23,8489.633517,True
69.110901,83,8493.706918,True
58.179632,17,8494.530529,True
58.385948,19,8495.470946,True
59.122818,65,8498.60483,True
56.927085,56,8501.342315,True
63.257386,42,8503.396897,True
55.835749,15,8504.133723,True
59.275116,20,8505.105096,True
60.811711,21,8506.126605,True
0.866491,36,8507.881103,False
55.814815,16,8508.686894,True
60.07607,50,8511.142392,True
57.568127,60,8514.03044,True
64.704848,84,8518.086336,True
50.771864,3,8518.249645,True
62.603144,33,8519.831705,True
60.262474,21,8520.854053,True
62.993799,29,8522.271713,True
59.510124,62,8525.287204,True
59.836341,20,8526.268072,True
57.017946,16,8527.0525,True
59.196265,34,8528.712207,True
63.17006,74,8538.565748,True
63.125953,27,8539.86952,True
56.60193,49,8542.262014,True
61.596016,74,8545.819687,True
56.060608,14,8546.502739,True
62.026982,72,8549.975281,True
61.760302,26,8551.379102,True
57.501668,62,8554.373721,True
66.119074,47,8556.68401,True
63.613686,32,8558.245395,True
59.507144,65,8561.423036,True
60.038979,20,8562.38817,True
53.690939,8,8562.790126,True
53.985634,41,8564.785422,True
55.344471,11,8565.329421,True
59.95544,25,8566.536366,True
58.60767,18,8567.416468,True
54.64675,11,8567.960103,True
60.551556,25,8569.173815,True
64.145193,34,8570.817964,True
56.680001,61,8573.756474,True
63.267603,79,8577.583789,True
60.338552,21,8578.607067,True
58.284933,17,8579.434353,True
55.100709,11,8579.978724,True
58.857746,63,8583.04107,True
54.441214,11,8583.577476,True
56.884287,15,8584.314883,True
56.325207,17,8585.149133,True
56.649501,59,8587.990558,True
61.512908,26,8589.272103,True
55.137574,59,8592.122624,True
57.708711,20,8593.195771,True
62.706562,28,8594.56999,True
57.713684,16,8595.352908,True
59.156262,21,8596.374296,True
0.30325,33,8597.974349,False
59.059541,53,8600.568764,True
54.09506,15,8601.315749,True
58.977809,21,8602.327192,True
60.918611,66,8605.532914,True
59.336,67,8608.804713,True
56.747751,17,8609.628942,True
65.176342,64,8612.758433,True
58.357431,21,8613.785467,True
55.86092,16,8614.566939,True
58.838093,71,8617.970219,True
58.512414,17,8618.847417,True
58.629103,18,8619.728433,True
53.19018,10,8620.222232,True
60.203199,23,8621.335254,True
62.451468,58,8624.170255,True
56.796174,60,8627.078162,True
54.784623,12,8627.670056,True
54.478847,53,8630.209797,True
63.363519,31,8631.794688,True
58.412686,59,8634.684688,True
60.665193,24,8635.863179,True
59.777099,71,8645.158137,True
63.261689,28,8646.658841,True
56.638889,66,8649.868563,True
57.428032,16,8650.662575,True
53.67291,8,8651.066527,True
57.165597,15,8651.816895,True
63.113936,74,8655.514657,True
63.358311,34,8657.167739,True
62.518496,68,8660.513674,True
62.282357,55,8663.198042,True
61.049926,70,8666.557498,True
61.429562,24,8667.753217,True
57.652173,45,8669.96892,True
55.742907,12,8670.552084,True
69.096728,52,8673.08225,True
60.844605,59,8675.960361,True
-0.738573,33,8677.555879,False
60.067713,24,8678.727899,True
58.141316,62,8681.842291,True
57.743411,16,8682.650088,True
60.05211,22,8683.761865,True
62.141771,25,8684.979356,True
56.255163,16,8685.771415,True
59.792531,62,8688.824371,True
56.750567,59,8691.683504,True
58.617289,66,8694.884018,True
63.536021,64,8698.01386,True
61.452719,76,8701.674753,True
62.570524,28,8703.103262,True
57.151262,31,8704.636235,True
57.65931,65,8707.877875,True
58.166637,16,8708.662384,True
60.829794,26,8709.932631,True
62.380185,52,8712.473313,True
56.170292,28,8713.852899,True
55.684706,14,8714.53517,True
59.460312,67,8717.912082,True
63.593517,46,8720.19051,True
61.08773,69,8723.503215,True
59.165052,65,8726.673981,True
62.860501,28,8728.160873,True
57.519412,17,8728.992977,True
64.667552,45,8731.187914,True
63.331951,76,8734.940103,True
60.483323,71,8738.414643,True
55.182856,43,8740.529933,True
61.482464,81,8750.315944,True
60.859199,43,8752.426212,True
54.696917,9,8752.875904,True
62.434969,53,8755.455305,True
62.279087,24,8756.629775,True
59.172094,31,8758.136243,True
58.587991,23,8759.245688,True
60.094171,23,8760.363036,True
60.699041,23,8761.507802,True
66.496103,38,8763.349768,True
56.801198,19,8764.280441,True
53.283646,8,8764.692678,True
55.280321,52,8767.308069,True
58.652542,31,8768.821533,True
63.106991,61,8771.790936,True
55.706866,11,8772.329505,True
63.139356,32,8774.029155,True
57.012588,52,8776.579285,True
62.187793,59,8779.440075,True
59.061997,65,8782.585387,True
61.577057,74,8786.160749,True
53.004124,16,8786.947611,True
55.354099,43,8789.04981,True
54.768405,60,8791.959415,True
52.610012,38,8793.827651,True
58.738179,20,8794.802055,True
59.920439,22,8795.882138,True
60.839937,24,8797.062391,True
57.244664,18,8797.9454,True
58.930574,45,8800.168104,True
60.495319,69,8803.482708,True
58.876495,61,8806.424144,True
54.040041,26,8807.709803,True
66.85209,51,8810.199378,True
58.6221,17,8811.027126,True
62.638163,66,8814.234865,True
60.02873,24,8815.414391,True
60.674973,22,8816.489486,True
64.809366,77,8820.182093,True
62.14495,29,8821.588837,True
54.004822,10,8822.085149,True
61.737998,24,8823.256793,True
54.916503,15,8824.002554,True
61.233044,22,8825.074532,True
61.129937,72,8828.61131,True
54.917872,10,8829.108293,True
0.011524,36,8830.83611,False
54.070258,10,8831.348941,True
59.594457,21,8832.369283,True
59.214946,66,8835.572739,True
50.066197,1,8835.632315,True
60.091231,23,8836.745512,True
58.187285,44,8838.89546,True
64.263884,35,8840.595781,True
57.485955,15,8841.325325,True
56.153616,56,8844.060074,True
58.972378,23,8845.179359,True
60.556681,26,8846.450781,True
57.416014,58,8849.263424,True
63.381255,72,8858.413245,True
61.064615,26,8859.670923,True
49.924567,1,8859.73536,True
60.053661,21,8860.757673,True
62.549635,30,8862.290069,True
59.068533,64,8865.362332,True
62.726159,28,8866.721848,True
62.154494,61,8869.737715,True
57.983797,21,8870.763374,True
58.161584,19,8871.687134,True
53.756766,10,8872.183634,True
58.167705,21,8873.19362,True
63.103658,30,8874.647893,True
54.675118,12,8875.236936,True
62.145758,72,8878.71594,True
59.301029,20,8879.702314,True
62.981424,32,8881.277007,True
62.339764,24,8882.443849,True
64.114494,77,8886.226982,True
58.821032,19,8887.155323,True
50.482121,1,8887.217735,True
54.85696,16,8887.998516,True
58.720548,62,8890.998665,True
58.284668,61,8893.940951,True
53.655241,17,8894.778885,True
69.100578,73,8898.330151,True
58.833723,27,8899.658017,True
60.086423,62,8902.650814,True
62.012374,25,8903.856642,True
58.238466,19,8904.79241,True
62.105698,23,8905.902971,True
57.329305,60,8908.789096,True
57.744096,62,8911.785626,True
63.34199,32,8913.333597,True
58.497702,20,8914.319196,True
55.461134,12,8914.908684,True
62.680492,27,8916.222064,True
57.3886,21,8917.2488,True
63.544698,28,8918.657595,True
61.859135,32,8920.207957,True
61.335184,23,8921.328398,True
63.186841,59,8924.202118,True
49.850982,1,8924.265878,True
54.167986,10,8924.758706,True
62.275575,57,8927.570943,True
53.253611,36,8929.352337,True
62.711193,27,8930.672173,True
68.50056,79,8934.496598,True
56.626667,56,8937.250098,True
61.873446,51,8939.752099,True
57.440118,61,8942.705134,True
64.369723,75,8946.377857,True
54.708304,10,8946.879594,True
61.659633,24,8948.024138,True
53.035318,7,8948.381452,True
62.68799,71,8951.832548,True
63.521611,67,8960.996927,True
63.569742,30,8962.463276,True
61.858035,38,8964.313415,True
58.202385,17,8965.155551,True
57.070477,18,8966.046153,True
63.923074,33,8967.650687,True
56.200466,15,8968.381145,True
61.272798,27,8969.696648,True
61.532675,24,8970.871173,True
58.296037,17,8971.700593,True
56.178889,15,8972.432913,True
56.620437,16,8973.219831,True
54.153498,9,8973.659246,True
61.038994,42,8975.723774,True
56.730287,14,8976.407458,True
53.385872,10,8976.908084,True
54.958184,11,8977.455225,True
61.245788,24,8978.609802,True
61.12935,24,8979.79405,True
56.111376,16,8980.571973,True
54.675066,12,8981.1719,True
63.768256,74,8984.734702,True
58.249872,40,8986.692609,True
60.358879,27,8988.010921,True
64.872416,78,8991.75234,True
60.208392,25,8993.004768,True
59.405614,29,8994.430601,True
61.005497,23,8995.544451,True
62.124177,68,8998.817583,True
62.778609,29,9000.21589,True
0.490822,38,9002.067898,False
63.367435,43,9004.163819,True
58.822313,23,9005.361112,True
54.969449,12,9005.956384,True
57.014502,15,9006.692518,True
58.755732,19,9007.626878,True
64.500167,66,9010.852578,True
52.346048,43,9012.957634,True
56.688933,15,9013.689617,True
59.867743,24,9014.874481,True
55.916508,13,9015.504958,True
55.361258,13,9016.142888,True
59.708459,63,9019.169646,True
56.95323,15,9019.903744,True
59.435367,41,9021.915905,True
58.020629,64,9025.016863,True
61.359798,24,9026.19259,True
58.671208,65,9029.343505,True
60.160683,23,9030.461567,True
59.720195,21,9031.491406,True
59.625718,20,9032.461801,True
57.043409,19,9033.388103,True
62.94949,73,9036.924527,True
63.323508,47,9039.226246,True
62.537837,73,9042.728697,True
54.439058,10,9043.226543,True
56.898756,19,9044.150841,True
59.426502,21,9045.175039,True
59.605931,61,9048.158003,True
62.238899,28,9049.536255,True
57.312892,59,9052.391709,True
57.200295,61,9055.359466,True
62.343528,28,9056.792648,True
54.463767,11,9057.338055,True
64.300107,76,9066.738653,True
59.863732,23,9067.860607,True
58.636362,18,9068.748304,True
62.735936,29,9070.175595,True
59.485778,23,9071.294368,True
62.128116,74,9074.860908,True
61.504627,40,9076.830957,True
57.322385,59,9079.682574,True
52.917692,27,9081.028784,True
62.460921,64,9084.146167,True
61.188536,23,9085.266094,True
56.015525,57,9088.033776,True
52.916041,7,9088.388672,True
58.021624,69,9091.755209,True
49.742078,1,9091.819216,True
58.212389,62,9094.818674,True
58.359756,20,9095.799275,True
56.026601,14,9096.502829,True
57.770955,53,9099.089253,True
62.99595,29,9100.513521,True
51.705541,40,9102.474763,True
65.585964,76,9106.148973,True
57.349956,59,9109.020444,True
50.043326,1,9109.087915,True
59.434545,24,9110.268043,True
59.830305,60,9113.20741,True
65.460157,79,9117.048361,True
58.899675,21,9118.07096,True
60.205232,25,9119.298314,True
65.227995,67,9122.61151,True
61.304064,59,9125.571985,True
62.712206,65,9128.750321,True
61.502435,29,9130.165601,True
62.17042,41,9132.168854,True
61.4984,71,9135.590325,True
60.373034,24,9136.764257,True
61.550287,77,9140.486142,True
65.899945,76,9144.163793,True
65.088678,47,9146.457013,True
58.346603,22,9147.527579,True
57.182036,16,9148.31217,True
60.836347,22,9149.387484,True
65.223711,45,9151.587004,True
50.383912,24,9152.775797,True
62.143235,23,9153.886314,True
55.956299,13,9154.521432,True
62.585398,28,9155.883871,True
55.567177,17,9156.72462,True
61.930084,23,9157.839965,True
57.802662,58,9160.635248,True
53.193742,8,9161.036476,True
55.124051,11,9161.582659,True
63.043965,32,9163.261868,True
54.745176,30,9164.73707,True
61.277693,27,9166.04699,True
61.576947,26,9173.30687,True
59.690023,21,9174.334732,True
58.665546,49,9176.742846,True
59.012552,62,9179.749235,True
64.310949,49,9182.139107,True
57.801847,21,9183.189558,True
64.991577,35,9184.965408,True
58.398785,59,9187.846002,True
59.987372,22,9188.909652,True
63.262593,79,9192.699605,True
54.82076,13,9193.338695,True
63.0968,72,9196.809445,True
55.627011,14,9197.494985,True
63.641985,31,9198.991798,True
55.016058,12,9199.584282,True
60.491537,69,9202.909903,True
62.692487,67,9206.167873,True
56.46065,17,9207.007792,True
59.959458,23,9208.119737,True
59.72714,24,9209.294462,True
63.857097,31,9210.797382,True
57.022028,60,9213.679977,True
60.071304,22,9214.759927,True
54.995365,15,9215.497396,True
62.557136,51,9217.995374,True
63.906298,44,9220.1403,True
56.653173,62,9223.129827,True
50.722513,3,9223.29446,True
59.340859,72,9226.76096,True
61.848014,28,9228.113256,True
56.959642,17,9228.953155,True
60.712857,72,9232.432619,True
61.813569,28,9233.799225,True
55.858853,14,9234.482929,True
55.305173,13,9235.134716,True
57.61172,49,9237.537993,True
62.418409,27,9238.840375,True
53.657516,9,9239.287394,True
59.78548,33,9240.900352,True
60.319793,67,9244.219298,True
62.332596,37,9246.045788,True
56.457228,60,9248.986281,True
64.830118,33,9250.591968,True
61.061201,26,9251.850772,True
61.305177,64,9254.993536,True
62.252382,28,9256.35478,True
58.319143,17,9257.188097,True
65.481041,35,9258.899927,True
61.594201,28,9260.308783,True
60.925708,50,9262.759441,True
66.942546,50,9265.219688,True
61.806915,73,9268.745292,True
61.439179,27,9270.055584,True
57.655731,17,9270.898172,True
62.494996,27,9272.307398,True
60.094615,21,9279.052769,True
59.196559,27,9280.382256,True
58.759035,61,9283.375354,True
60.000288,24,9284.541364,True
55.957,53,9287.130461,True
60.688936,31,9288.644133,True
55.384819,12,9289.24964,True
55.65331,14,9289.94589,True
56.88483,15,9290.690706,True
63.048627,57,9293.488557,True
62.704064,28,9294.851061,True
54.311107,10,9295.349358,True
54.321607,10,9295.838367,True
64.668039,49,9298.231088,True
56.976754,16,9299.019613,True
61.272803,25,9300.242052,True
54.26774,10,9300.732831,True
56.361328,18,9301.62574,True
62.842763,32,9303.206116,True
58.300925,48,9305.60919,True
64.386678,79,9309.439762,True
58.951314,27,9310.758873,True
59.796027,21,9311.810676,True
54.95882,12,9312.399623,True
61.736519,23,9313.509685,True
60.68375,23,9314.627856,True
61.637299,25,9315.858548,True
59.483112,45,9318.069865,True
60.851192,26,9319.337662,True
61.264583,38,9321.205429,True
64.891466,37,9322.993772,True
51.620722,4,9323.195091,True
61.325311,57,9325.96892,True
60.252436,22,9327.04461,True
58.463713,19,9327.971606,True
61.915592,24,9329.132209,True
62.922725,35,9330.842802,True
59.722105,50,9333.277981,True
53.404319,9,9333.726318,True
61.703468,33,9335.333843,True
58.935918,64,9338.406056,True
56.515217,20,9339.389747,True
57.741436,46,9341.652516,True
62.285199,27,9342.982296,True
61.41184,27,9344.280387,True
55.035337,23,9345.41575,True
60.979561,47,9347.720189,True
59.807979,22,9349.051445,True
53.383381,8,9349.460323,True
59.177652,65,9352.597293,True
62.314928,30,9354.055676,True
53.102628,8,9354.460139,True
56.09737,59,9357.33985,True
59.077252,18,9358.212061,True
61.604149,68,9361.495329,True
63.426046,31,9363.04932,True
54.56046,11,9363.666893,True
60.009148,28,9365.030634,True
59.207134,68,9368.325691,True
64.01051,32,9369.867146,True
58.149018,23,9370.997466,True
63.654595,32,9372.547478,True
53.370522,8,9372.944282,True
55.485939,54,9375.565059,True
60.16291,25,9376.779247,True
56.022713,18,9377.675393,True
57.881015,18,9378.56637,True
59.126202,61,9386.958338,True
58.511456,44,9389.104372,True
55.397638,12,9389.696895,True
62.460719,28,9391.079173,True
65.88695,78,9394.841576,True
63.840227,73,9398.366331,True
60.702856,26,9399.625415,True
54.477616,12,9400.217714,True
54.389701,9,9400.66714,True
54.821089,13,9401.307238,True
53.64638,10,9401.803995,True
62.013361,35,9403.502824,True
60.255092,22,9404.576874,True
57.378565,17,9405.412727,True
53.085231,47,9407.722277,True
58.223181,19,9408.647887,True
57.121777,19,9409.590739,True
64.367769,39,9411.489594,True
62.560223,28,9412.999336,True
59.874296,22,9414.070162,True
58.787189,25,9415.298822,True
58.471209,41,9417.315287,True
64.798758,40,9419.281266,True
64.337991,60,9422.233911,True
62.318767,32,9423.907629,True
50.439746,1,9423.972878,True
63.984518,77,9427.694854,True
58.855833,19,9428.611311,True
58.803486,20,9429.590127,True
59.092661,60,9432.501319,True
56.117311,15,9433.23252,True
62.479311,33,9434.836819,True
52.65334,6,9435.138068,True
55.30538,11,9435.682108,True
57.539456,19,9436.615779,True
59.218228,48,9438.948914,True
53.237993,32,9440.537824,True
58.194429,63,9443.574576,True
57.657176,18,9444.47529,True
62.761164,28,9445.855942,True
55.077135,53,9448.423378,True
49.894709,1,9448.485423,True
60.540305,22,9449.558698,True
63.328864,29,9450.960003,True
66.361584,65,9454.128245,True
59.4988,22,9455.200328,True
60.543679,25,9456.416358,True
62.229549,29,9457.815609,True
59.275361,26,9459.078634,True
57.843223,19,9460.002127,True
53.039863,10,9460.503637,True
63.177131,32,9462.221881,True
59.527722,23,9463.35023,True
58.365506,18,9464.223048,True
56.214713,15,9464.963173,True
57.460961,57,9467.741899,True
56.054865,56,9470.447684,True
56.730735,14,9471.137615,True
63.131333,60,9474.068833,True
52.281954,7,9474.418342,True
58.178935,18,9475.298734,True
59.148721,21,9476.323157,True
60.058324,68,9479.630249,True
53.997381,9,9480.076463,True
62.789534,28,9481.435513,True
59.991811,23,9482.547383,True
61.784306,23,9483.731695,True
57.197788,18,9490.383394,True
60.045021,23,9491.505567,True
60.773809,24,9492.66454,True
53.795152,16,9493.483985,True
57.751443,44,9495.645162,True
54.078476,10,9496.14173,True
57.609714,21,9497.173315,True
55.447177,11,9497.717251,True
61.898555,37,9499.530988,True
60.566826,27,9500.849544,True
57.830549,22,9501.927411,True
59.873217,21,9502.945251,True
62.007934,25,9504.155373,True
61.860652,32,9505.732929,True
61.092491,32,9507.300425,True
59.63351,61,9510.280424,True
58.859437,22,9511.351484,True
61.391352,25,9512.565798,True
57.9625,21,9513.585589,True
54.298604,47,9515.895853,True
57.939038,18,9516.773381,True
59.636546,25,9517.985176,True
62.01898,25,9519.188967,True
57.142873,20,9520.171001,True
55.744671,15,9520.905263,True
55.077637,12,9521.500852,True
59.898654,19,9522.415526,True
58.163211,46,9524.679482,True
59.769121,26,9525.944986,True
57.398554,15,9526.681677,True
59.71527,20,9527.657683,True
62.003393,30,9529.136711,True
62.269983,26,9530.391241,True
63.289868,29,9531.812778,True
58.221123,19,9532.735683,True
56.927424,15,9533.462293,True
63.518604,53,9536.055289,True
54.267036,10,9536.548437,True
63.237978,31,9538.073239,True
59.850208,75,9541.687785,True
61.081415,30,9543.210179,True
62.679446,31,9544.704126,True
62.336115,27,9546.011196,True
58.173796,19,9546.94697,True
57.095177,17,9547.782952,True
65.363693,48,9550.120063,True
58.825799,18,9551.00279,True
58.9619,34,9552.668551,True
60.741261,26,9553.946057,True
53.928644,11,9554.500919,True
58.710379,20,9555.467529,True
60.498388,27,9556.779952,True
65.893118,65,9559.960654,True
61.461238,24,9561.110108,True
61.837881,33,9562.731145,True
56.232499,13,9563.375878,True
62.528309,57,9566.160414,True
61.374553,23,9567.273564,True
61.885211,28,9568.680147,True
59.954853,21,9569.690338,True
62.608904,33,9571.290179,True
61.67217,25,9572.511622,True
59.239485,62,9575.52684,True
60.557095,24,9576.698155,True
57.032144,14,9577.388889,True
63.553329,34,9579.06798,True
63.600271,30,9580.515921,True
57.469048,37,9582.326297,True
54.288092,9,9582.778616,True
58.569591,44,9584.944662,True
57.197764,19,9585.875,True
62.231683,27,9587.184275,True
61.410368,59,9590.07708,True
55.236357,13,9595.83952,True
62.145683,29,9597.255953,True
62.058051,28,9598.611854,True
60.36232,22,9599.69535,True
60.669781,23,9600.809266,True
61.976201,24,9601.972406,True
67.068601,58,9604.877783,True
59.372291,20,9605.845195,True
57.79834,46,9608.095187,True
55.258515,12,9608.690757,True
58.060007,17,9609.522878,True
61.530411,37,9611.338077,True
55.241034,43,9613.451626,True
61.655567,22,9614.502041,True
57.946687,18,9615.388837,True
61.557618,38,9617.242251,True
57.902294,18,9618.11954,True
61.208841,64,9621.260187,True
60.686919,67,9624.484932,True
61.346765,30,9625.940419,True
59.873259,28,9627.318401,True
59.806928,22,9628.383631,True
59.635535,22,9629.452815,True
59.534804,20,9630.443851,True
59.415458,20,9631.426404,True
59.257451,20,9632.400647,True
57.765848,26,9633.666817,True
59.276209,19,9634.588793,True
62.268883,27,9635.916301,True
63.036997,29,9637.369382,True
57.957618,20,9638.3464,True
60.552212,24,9639.515285,True
50.084036,1,9639.580366,True
57.209157,19,9640.506922,True
60.0684,23,9641.622749,True
59.459944,53,9644.207242,True
57.953555,58,9647.033559,True
53.676901,10,9647.531102,True
62.17293,43,9649.62222,True
60.829,23,9650.735927,True
58.749782,53,9653.345419,True
62.461953,25,9654.560786,True
58.297606,27,9655.869851,True
50.206066,1,9655.934354,True
59.254521,21,9656.972322,True
52.793838,7,9657.330825,True
55.875263,18,9658.221566,True
55.764623,15,9658.958225,True
57.991731,20,9659.928967,True
61.96467,42,9661.976076,True
60.390736,25,9663.268741,True
63.051373,29,9664.679372,True
58.822726,38,9666.528774,True
62.685637,29,9667.952003,True
53.480403,8,9668.345882,True
58.190148,22,9669.427059,True
56.502982,15,9670.170306,True
64.39836,47,9672.564273,True
58.277222,21,9673.592209,True
53.342036,8,9673.99204,True
55.60605,21,9675.014854,True
54.499488,48,9677.374306,True
60.516334,25,9678.600103,True
60.045941,23,9679.708818,True
58.029948,19,9680.631528,True
61.779196,28,9681.985729,True
62.025158,27,9683.302353,True
58.307232,61,9686.279213,True
58.743461,21,9687.300841,True
58.034523,25,9688.527677,True
56.7546,49,9690.916806,True
56.805352,58,9693.71558,True
58.001446,59,9701.364959,True
58.157815,23,9702.485124,True
59.808632,24,9703.638893,True
61.404311,26,9704.902761,True
50.103975,1,9704.966607,True
60.415547,29,9706.37517,True
53.302768,9,9706.82839,True
59.804801,22,9707.898535,True
58.978827,21,9708.931048,True
62.444122,73,9712.56746,True
58.548552,17,9713.420508,True
55.280841,11,9713.975889,True
60.490573,64,9717.180319,True
53.347631,8,9717.588847,True
65.479601,51,9720.136109,True
62.405112,27,9721.591334,True
60.202312,20,9722.63731,True
55.105265,11,9723.18482,True
55.489782,13,9723.829261,True
54.538302,12,9724.431434,True
63.224803,40,9726.370271,True
56.498292,18,9727.248158,True
58.588102,19,9728.179692,True
54.658406,10,9728.675482,True
53.800493,10,9729.169431,True
55.188418,11,9729.714392,True
58.403404,22,9730.784781,True
62.031141,29,9732.263133,True
58.762339,20,9733.238328,True
60.40767,25,9734.452314,True
61.131831,23,9735.566192,True
57.698006,16,9736.341724,True
61.085424,30,9737.798447,True
57.129607,16,9738.591467,True
61.969297,24,9739.748632,True
58.889193,19,9740.677921,True
57.44389,19,9741.601413,True
60.548195,23,9742.721498,True
58.405591,18,9743.623296,True
53.923976,12,9744.224661,True
54.195306,50,9746.673105,True
62.37046,25,9747.881954,True
55.870878,14,9748.566375,True
58.262111,22,9749.645496,True
61.672476,34,9751.323435,True
63.058593,30,9752.873096,True
54.34876,10,9753.375603,True
62.242843,36,9755.161974,True
62.791845,28,9756.509445,True
62.538351,29,9757.92497,True
65.051925,34,9759.578278,True
66.710299,70,9762.986981,True
58.274928,20,9763.969885,True
63.269475,29,9765.381839,True
63.082543,29,9766.791533,True
60.934775,26,9768.060297,True
57.552467,18,9768.939635,True
57.947917,17,9769.763675,True
55.212355,11,9770.307023,True
58.321296,19,9771.221002,True
59.799334,22,9772.298088,True
61.850793,27,9773.661074,True
55.379517,37,9775.485135,True
54.381144,9,9775.932152,True
59.956303,63,9779.002045,True
64.317917,48,9781.336819,True
52.779136,7,9781.759526,True
63.090865,26,9783.012126,True
59.936533,21,9784.03809,True
58.052328,25,9785.250313,True
58.13662,57,9788.017943,True
55.426308,15,9788.753083,True
58.395296,19,9789.68367,True
66.411031,37,9791.469593,True
61.758423,30,9792.973373,True
60.213201,24,9794.1521,True
56.957164,16,9794.936333,True
60.656709,25,9796.150837,True
64.987924,35,9797.833482,True
67.563119,41,9799.818605,True
63.732843,30,9806.169365,True
59.002647,23,9807.295017,True
56.018589,13,9807.940128,True
61.532673,24,9809.112634,True
62.426938,61,9812.086753,True
54.697039,45,9814.298011,True
62.227566,28,9815.651906,True
60.966261,23,9816.767198,True
61.085446,24,9817.934257,True
61.281435,68,9821.272562,True
59.591339,23,9822.39909,True
57.212931,19,9823.345991,True
62.676017,39,9825.235392,True
62.601526,28,9826.585152,True
56.640572,18,9827.471402,True
63.544545,53,9830.084105,True
59.544339,19,9831.013649,True
56.702853,17,9831.845005,True
57.683895,22,9832.920098,True
64.276291,46,9835.200258,True
59.619669,25,9836.417338,True
57.559116,25,9837.647862,True
60.763536,35,9839.363258,True
63.665031,31,9840.855494,True
61.532881,27,9842.225012,True
58.130343,18,9843.109855,True
61.305338,26,9844.390787,True
59.156557,22,9845.471441,True
66.647769,66,9848.675604,True
61.902019,35,9850.358924,True
2.645669,74,9853.968806,False
55.490355,15,9854.72771,True
56.651521,20,9855.709063,True
57.894739,21,9856.736002,True
54.918107,52,9859.275535,True
61.652523,47,9861.58531,True
66.485052,64,9864.717432,True
59.010988,22,9865.793476,True
62.214066,28,9867.158784,True
62.492785,37,9868.980377,True
60.030586,23,9870.104537,True
58.050895,20,9871.081599,True
60.903621,59,9873.958094,True
62.123087,34,9875.614601,True
55.059738,11,9876.155259,True
63.025082,56,9878.888523,True
57.776586,20,9879.865259,True
59.407757,22,9880.936227,True
63.168414,29,9882.35645,True
64.585069,40,9884.318047,True
53.769888,50,9886.771493,True
52.857211,11,9887.309799,True
64.40422,34,9888.94722,True
65.204322,38,9890.798624,True
56.186319,14,9891.502478,True
53.391631,11,9892.049259,True
62.930402,30,9893.632625,True
61.593068,27,9895.05943,True
62.027509,64,9898.386533,True
62.18875,66,9902.415646,True
57.594772,17,9903.357772,True
56.895307,15,9904.199074,True
58.547948,21,9905.416739,True
65.524665,36,9907.492986,True
56.213394,13,9908.236088,True
62.960909,63,9917.523108,True
56.282111,14,9918.381384,True
60.471371,23,9919.736215,True
56.696146,16,9920.598313,True
60.716653,22,9921.679844,True
53.416973,8,9922.094301,True
58.980428,33,9923.773508,True
61.562444,26,9925.140959,True
64.183442,33,9926.925333,True
61.190802,55,9929.871782,True
56.621553,14,9930.559291,True
63.563618,33,9932.159183,True
54.238694,12,9932.760424,True
57.101079,18,9933.65746,True
60.086632,56,9936.387886,True
57.009376,20,9937.377756,True
57.290005,17,9938.204889,True
61.140641,26,9939.493138,True
60.436135,23,9940.616068,True
63.894914,33,9942.391331,True
58.45913,58,9945.216627,True
61.894439,30,9946.679057,True
56.299299,16,9947.462721,True
61.287031,56,9950.209902,True
56.33661,17,9951.045686,True
59.078929,22,9952.145847,True
56.535347,15,9952.874758,True
54.179164,42,9954.930715,True
55.085791,24,9956.122602,True
58.411256,20,9957.11819,True
56.774041,15,9957.853077,True
57.385115,17,9958.68532,True
56.718231,14,9959.362312,True
57.98859,20,9960.342682,True
58.089211,17,9961.242973,True
62.273917,54,9963.878234,True
59.813431,53,9966.504998,True
61.206907,25,9967.725389,True
57.421272,16,9968.50703,True
60.615428,21,9969.534487,True
54.692744,13,9970.180231,True
63.191884,27,9971.498003,True
54.249521,10,9971.998016,True
62.002305,27,9973.304768,True
58.260374,61,9976.284214,True
56.698883,16,9977.063624,True
56.949735,15,9977.816087,True
53.205098,7,9978.165076,True
57.041977,18,9979.048673,True
62.198377,28,9980.408414,True
58.596124,19,9981.334095,True
54.245339,9,9981.780247,True
59.795551,22,9982.848675,True
66.597907,64,9985.950291,True
61.224926,23,9987.072382,True
64.906011,66,9990.317944,True
57.99568,21,9991.332461,True
58.085954,20,9992.317247,True
63.45057,29,9993.724582,True
63.030351,30,9995.175766,True
55.27976,13,9995.822201,True
59.105014,21,9996.851597,True
60.859467,24,9998.018667,True
55.46246,15,9998.754016,True
61.737684,26,10000.02697,True
62.945832,29,10001.43124,True
58.112583,53,10004.019966,True
60.413818,46,10006.271723,True
61.681787,26,10007.530042,True
63.099755,27,10008.839632,True
58.146469,24,10010.009068,True
60.500322,56,10012.768769,True
62.220773,28,10014.131708,True
63.02361,61,10022.364114,True
61.554822,23,10023.484259,True
60.815784,23,10024.608963,True
58.142286,22,10025.692232,True
60.968296,59,10028.580997,True
56.504544,14,10029.275384,True
60.723957,26,10030.545806,True
62.611382,64,10033.647636,True
57.226307,16,10034.428257,True
60.068306,23,10035.549212,True
53.153166,8,10035.947044,True
55.312854,12,10036.540524,True
65.199064,52,10039.08538,True
61.046961,26,10040.332631,True
64.408481,59,10043.219198,True
60.664,55,10045.899674,True
56.468104,46,10048.145891,True
61.338028,24,10049.322145,True
63.926866,32,10050.865194,True
61.047449,24,10052.029566,True
60.424699,21,10053.048431,True
63.133118,71,10056.500405,True
62.487443,27,10057.853398,True
59.531606,21,10058.880579,True
57.14675,18,10059.760179,True
58.19026,21,10060.781382,True
57.09748,16,10061.561686,True
56.735285,15,10062.309571,True
59.481357,21,10063.344228,True
63.725429,37,10065.135719,True
56.468614,14,10065.823177,True
58.504911,20,10066.79785,True
62.867863,32,10068.402342,True
55.191055,54,10071.044552,True
58.831168,23,10072.18346,True
49.922335,1,10072.243188,True
58.576691,19,10073.196043,True
57.575708,39,10075.123086,True
57.647346,16,10075.912591,True
54.367448,10,10076.409546,True
56.384029,16,10077.20119,True
61.62765,23,10078.330634,True
62.85963,27,10079.645363,True
57.040069,15,10080.447393,True
61.26592,41,10082.461457,True
61.254477,24,10083.641179,True
60.131394,23,10084.764072,True
55.57433,12,10085.359304,True
62.789769,27,10086.678231,True
59.897789,23,10087.798918,True
55.200869,12,10088.393827,True
60.111825,23,10089.507639,True
59.032436,20,10090.474769,True
59.837421,23,10091.581552,True
54.413138,35,10093.323305,True
60.448283,24,10094.490784,True
63.564637,32,10096.045449,True
60.913022,32,10097.601302,True
62.700619,70,10101.018216,True
60.258881,25,10102.235811,True
62.329123,32,10103.788756,True
60.924408,22,10104.86498,True
60.448079,22,10105.92454,True
64.009666,71,10109.399071,True
63.95316,36,10111.14262,True
54.178407,49,10113.555532,True
61.853206,28,10114.921765,True
57.453894,17,10115.756042,True
56.723,16,10116.540907,True
63.522686,38,10118.414845,True
60.054061,21,10119.442105,True
60.811864,48,10126.933267,True
52.141605,19,10127.87428,True
61.743887,24,10129.034877,True
60.381572,23,10130.157288,True
64.642585,31,10131.662946,True
58.131181,23,10132.793383,True
55.207417,11,10133.338462,True
67.425089,39,10135.228119,True
60.403901,25,10136.450309,True
54.305709,10,10136.947553,True
58.726233,45,10139.162755,True
67.932537,56,10141.990688,True
62.667937,27,10143.295111,True
63.438072,28,10144.652178,True
58.415296,21,10145.680653,True
57.480531,19,10146.615205,True
67.404094,78,10150.409348,True
59.898365,43,10152.528812,True
63.336997,35,10154.229759,True
59.575056,21,10155.27199,True
61.988421,28,10156.650154,True
60.8753,23,10157.776797,True
63.790919,32,10159.315751,True
63.384176,29,10160.729205,True
57.762649,19,10161.652167,True
56.837967,18,10162.528485,True
54.696591,12,10163.115701,True
58.083499,23,10164.240314,True
63.069422,30,10165.681949,True
56.633362,23,10166.820673,True
56.974001,19,10167.750411,True
60.946957,25,10168.987445,True
61.906276,27,10170.302686,True
57.957921,19,10171.235186,True
56.057804,15,10171.970108,True
58.374712,20,10172.975529,True
53.333561,9,10173.481358,True
63.55892,30,10175.139066,True
60.2274,24,10176.334012,True
58.469898,22,10177.414839,True
57.582262,57,10180.280283,True
62.330034,34,10181.973312,True
59.130901,60,10184.939632,True
60.778203,32,10186.549211,True
61.125638,24,10187.740906,True
56.21297,16,10188.571488,True
56.040805,15,10189.359487,True
50.068532,1,10189.435005,True
65.375333,48,10191.974256,True
60.505441,21,10193.015992,True
56.944272,19,10193.961306,True
62.698774,30,10195.419325,True
58.895582,25,10196.660198,True
60.833589,23,10197.815047,True
58.325701,22,10198.887226,True
55.367267,14,10199.651836,True
60.481364,23,10200.789814,True
60.888616,65,10203.959085,True
61.349135,25,10205.161444,True
60.117691,25,10206.391723,True
66.292098,53,10208.969657,True
63.069661,56,10211.721182,True
61.549052,27,10213.035677,True
58.03736,19,10213.966785,True
59.668825,25,10215.195262,True
59.719041,22,10216.270925,True
61.197207,34,10217.947266,True
54.712291,10,10218.438317,True
58.354664,18,10219.322005,True
60.678853,21,10220.331043,True
58.628516,60,10223.256049,True
58.080951,17,10224.081,True
56.158266,35,10225.79291,True
58.757526,19,10226.704935,True
57.088138,16,10227.492055,True
55.910875,15,10233.419245,True
62.525997,26,10234.730271,True
59.796674,61,10237.794461,True
59.797194,63,10241.030237,True
59.51034,22,10242.240068,True
58.32887,19,10243.248764,True
58.079718,18,10244.151675,True
50.053144,1,10244.215463,True
61.46846,24,10245.403113,True
63.373324,29,10246.879326,True
58.935271,21,10247.924247,True
58.743222,22,10249.022217,True
60.98916,22,10250.089499,True
59.663683,22,10251.182978,True
64.087084,30,10252.846238,True
62.881526,27,10254.361764,True
53.345895,8,10254.808818,True
51.122962,3,10255.001152,True
54.298613,47,10257.954889,True
65.484419,35,10259.819174,True
56.612865,17,10260.681869,True
50.073018,1,10260.743846,True
53.923762,15,10261.512019,True
63.668497,28,10262.983585,True
54.113718,32,10265.040854,True
55.205982,11,10265.739969,True
58.018651,18,10266.854282,True
64.091291,48,10269.776946,True
60.711848,22,10271.043894,True
59.162998,22,10272.29065,True
56.527147,16,10273.563085,True
57.880685,19,10274.743634,True
63.34377,27,10276.496245,True
62.818559,30,10278.241995,True
61.653397,26,10279.751956,True
55.05206,49,10282.435618,True
56.251807,15,10283.233648,True
59.947226,21,10284.408064,True
61.032611,25,10285.748626,True
62.212202,29,10287.173527,True
58.928934,21,10288.209329,True
61.501506,25,10289.443286,True
62.6939,31,10290.9722,True
63.697269,31,10292.511166,True
58.425789,24,10293.696174,True
61.627394,24,10294.996443,True
57.61534,17,10295.95189,True
60.978318,24,10297.176548,True
54.631343,15,10297.929218,True
61.289248,25,10299.146337,True
62.853915,30,10300.62763,True
55.65222,13,10301.277865,True
58.865907,19,10302.207966,True
59.129396,21,10303.327779,True
61.32987,25,10304.624733,True
55.262632,15,10305.442275,True
55.091823,15,10306.321629,True
54.441843,9,10306.807489,True
52.29416,22,10307.95945,True
68.268413,80,10312.181342,True
56.02822,16,10313.005232,True
57.695276,57,10315.838919,True
58.791175,31,10317.448106,True
58.760406,20,10318.527068,True
54.537545,30,10320.139174,True
57.110201,18,10321.020067,True
60.171428,26,10322.379926,True
61.065963,23,10323.512876,True
62.710584,29,10324.964136,True
62.26674,25,10326.235081,True
61.108515,22,10327.335251,True
58.012774,52,10329.981388,True
60.901253,26,10331.430248,True
60.603196,23,10332.719032,True
62.379288,32,10334.627199,True
62.661402,27,10336.292443,True
61.30146,27,10337.89013,True
64.184476,32,10339.700596,True
55.812879,14,10340.523055,True
58.586936,20,10341.635154,True
58.227842,18,10342.526196,True
60.061263,24,10348.480808,True
62.579773,32,10350.158563,True
53.067534,7,10350.546983,True
55.454277,41,10352.729216,True
60.678076,24,10353.930225,True
60.414005,23,10355.07779,True
61.565054,26,10356.401674,True
59.983435,23,10357.629018,True
58.627881,21,10358.723734,True
61.006389,24,10359.996343,True
57.430654,19,10361.07552,True
56.629842,15,10361.870349,True
55.722538,14,10362.605147,True
57.732582,16,10363.448195,True
65.911497,48,10366.015994,True
58.238419,19,10367.027316,True
54.72899,29,10368.609482,True
57.236263,19,10369.692039,True
60.740267,23,10370.921277,True
61.548493,25,10372.698621,True
61.419088,25,10374.101421,True
58.510211,20,10375.088344,True
61.438531,25,10376.398294,True
62.274152,59,10379.399284,True
56.185608,20,10380.372276,True
57.5692,22,10381.458976,True
59.530564,21,10382.547953,True
60.508123,23,10383.70834,True
54.845104,11,10384.2591,True
59.528367,19,10385.187157,True
56.579899,18,10386.088728,True
64.591951,44,10388.214891,True
60.050445,21,10389.24268,True
62.296888,25,10390.445264,True
61.294177,26,10391.691027,True
62.410833,28,10393.204294,True
62.144805,29,10394.826225,True
63.673746,29,10396.443892,True
63.738459,62,10399.56636,True
56.932066,19,10400.506816,True
52.928354,7,10400.854435,True
62.961162,29,10402.320338,True
60.005596,21,10403.447287,True
55.817002,55,10406.231656,True
60.661434,63,10409.305247,True
63.19813,62,10412.280878,True
59.292221,19,10413.190778,True
63.709961,28,10414.525813,True
55.181083,12,10415.1645,True
57.372923,17,10416.008356,True
59.982262,23,10417.148055,True
62.788123,30,10418.600506,True
59.045318,20,10419.570809,True
57.751645,17,10420.422952,True
55.418013,12,10421.052256,True
60.595542,29,10422.517855,True
61.306769,27,10423.830047,True
59.550346,20,10424.818816,True
61.488783,31,10426.442537,True
54.618385,11,10427.046333,True
56.220552,46,10429.701891,True
61.461569,27,10431.225952,True
63.549487,43,10433.553039,True
58.742483,19,10434.538583,True
55.053604,41,10436.724073,True
62.18965,23,10437.920298,True
57.021753,15,10438.699646,True
54.854546,12,10439.353204,True
57.812399,18,10440.412164,True
53.679033,10,10440.991426,True
60.445358,26,10442.392779,True
58.758949,56,10445.495615,True
58.921848,19,10446.530299,True
62.251652,26,10447.894203,True
56.806335,20,10448.993423,True
57.700641,18,10449.928792,True
53.695915,8,10450.391431,True
63.439244,53,10453.103511,True
50.063659,1,10453.191332,True
56.187988,13,10453.895243,True
59.647828,24,10460.453336,True
60.031652,22,10461.600674,True
57.274389,16,10462.413488,True
57.803607,18,10463.30226,True
63.682885,34,10464.937029,True
61.21328,64,10468.057669,True
61.344883,27,10469.34669,True
56.02859,12,10469.907628,True
57.453816,16,10470.667795,True
58.381991,18,10471.561967,True
65.129332,43,10473.647622,True
57.523772,26,10474.956258,True
60.602168,63,10478.253942,True
60.193357,22,10479.353544,True
61.209371,24,10480.583477,True
58.589324,20,10481.661374,True
68.163498,53,10484.302145,True
62.220661,24,10485.508851,True
56.886045,17,10486.40682,True
62.374741,41,10488.45382,True
56.095475,15,10489.210851,True
60.558257,23,10490.321911,True
58.004469,59,10493.111418,True
56.161,14,10493.855704,True
53.771823,8,10494.251219,True
65.440988,50,10496.608871,True
59.244213,20,10497.557974,True
59.724326,22,10498.616298,True
55.862747,15,10499.336313,True
57.143958,16,10500.09243,True
53.068553,10,10500.575705,True
60.243794,46,10502.729879,True
58.9483,22,10503.75922,True
60.156706,33,10505.346095,True
60.010831,22,10506.373854,True
61.519334,24,10507.494266,True
56.125553,16,10508.270758,True
58.108879,19,10509.178683,True
53.907063,9,10509.609966,True
64.115692,43,10511.640016,True
61.927048,27,10512.899503,True
57.145148,19,10513.797832,True
58.070783,22,10514.86246,True
57.568039,59,10517.72307,True
62.413674,52,10520.357911,True
60.69118,23,10521.458959,True
61.224844,25,10522.650128,True
61.360862,24,10523.779562,True
60.456929,26,10525.005082,True
64.385997,30,10526.404263,True
60.654127,23,10527.473595,True
60.727086,24,10528.626384,True
63.933765,58,10531.373114,True
68.152026,79,10535.046009,True
61.876671,25,10536.20887,True
61.702376,29,10537.637186,True
62.03881,24,10538.78081,True
56.720272,17,10539.597807,True
62.295913,27,10540.929215,True
58.701449,19,10541.858667,True
59.055111,21,10542.886546,True
55.83369,14,10543.572038,True
63.596179,38,10545.409719,True
56.391361,14,10546.081615,True
62.197206,25,10547.268675,True
61.055493,26,10548.531544,True
57.304075,16,10549.305232,True
55.872524,13,10549.930485,True
61.335955,56,10552.566494,True
55.42036,12,10553.138329,True
59.611982,20,10554.166205,True
58.440158,21,10555.170391,True
55.767565,14,10555.844356,True
63.360696,49,10558.215867,True
59.323534,22,10559.278665,True
58.469664,22,10565.714079,True
53.308333,8,10566.106237,True
56.298946,14,10566.767739,True
65.84051,52,10569.200299,True
56.466272,16,10569.958417,True
56.987786,15,10570.680845,True
61.652639,25,10571.84212,True
61.010482,59,10574.670732,True
61.857306,25,10575.891281,True
59.080318,35,10577.569873,True
58.468129,21,10578.558641,True
64.782068,47,10580.780897,True
59.435864,23,10581.879267,True
63.361911,29,10583.29506,True
53.779679,9,10583.741775,True
52.958814,7,10584.089706,True
57.623093,17,10584.909191,True
60.46499,23,10586.0006,True
54.637085,52,10588.520813,True
63.87902,48,10590.832397,True
55.096018,12,10591.407278,True
61.407114,25,10592.606248,True
61.9719,27,10593.912024,True
56.564493,15,10594.682084,True
63.013762,27,10596.003085,True
58.579542,20,10596.961158,True
59.744559,24,10598.084896,True
61.90042,25,10599.248013,True
57.998164,59,10601.996761,True
63.336646,34,10603.5919,True
61.624624,27,10604.847109,True
52.703055,7,10605.184644,True
62.065336,28,10606.489235,True
53.162297,7,10606.83164,True
67.034596,76,10610.437836,True
56.162826,14,10611.095089,True
54.886437,14,10611.750707,True
59.139228,20,10612.700846,True
56.0035,15,10613.47256,True
54.471019,11,10614.017313,True
61.996455,26,10615.322648,True
58.937978,21,10616.349809,True
59.813456,28,10617.688922,True
60.043792,21,10618.695344,True
56.914154,17,10619.532117,True
62.973142,29,10620.930926,True
58.865943,19,10621.860239,True
63.340684,27,10623.178214,True
63.012989,66,10626.352774,True
59.803646,25,10627.584755,True
54.513957,42,10629.666944,True
55.742648,21,10630.712903,True
61.45919,26,10631.992187,True
61.307382,22,10633.071522,True
58.655708,24,10634.207844,True
60.302776,25,10635.391576,True
57.373439,58,10638.164929,True
58.840722,20,10639.139873,True
58.99358,20,10640.105029,True
61.095487,25,10641.355951,True
62.136237,27,10642.709166,True
58.266149,17,10643.605676,True
55.597597,15,10644.405206,True
63.515336,29,10645.831549,True
61.440647,66,10649.240941,True
59.936914,28,10650.851123,True
61.704999,23,10652.083612,True
58.513487,18,10653.070932,True
58.765091,24,10654.336406,True
60.914913,27,10655.753709,True
62.233773,25,10657.075612,True
61.684398,33,10658.820929,True
60.872478,24,10660.083513,True
53.694763,9,10660.60376,True
60.534625,24,10661.90065,True
60.6861,24,10663.1651,True
61.3607,66,10671.561867,True
60.558316,20,10672.547757,True
58.073987,16,10673.400049,True
53.068305,7,10673.762596,True
59.188615,19,10674.702872,True
65.091244,34,10676.373673,True
58.260573,22,10677.524357,True
62.087068,26,10678.992682,True
61.761537,25,10680.403422,True
58.573391,18,10681.481591,True
53.528467,9,10682.070701,True
57.517739,39,10684.354854,True
53.972171,8,10684.829745,True
55.855659,13,10685.58945,True
62.952182,28,10687.179587,True
62.20002,24,10688.540967,True
63.228753,42,10690.729422,True
54.736798,10,10691.231141,True
59.848638,23,10692.411677,True
53.084714,9,10692.86725,True
57.1707,57,10695.768064,True
56.952911,14,10696.491444,True
58.480412,24,10697.706188,True
61.574535,26,10699.03373,True
59.761882,22,10700.114301,True
63.552329,31,10701.649475,True
58.796073,37,10703.50426,True
65.391877,35,10705.319387,True
55.218102,11,10705.883081,True
56.693957,49,10708.322376,True
62.084274,50,10710.869845,True
61.140906,23,10712.066158,True
56.032601,14,10712.76912,True
57.282866,48,10715.267645,True
59.384211,21,10716.339225,True
56.800444,14,10717.073392,True
61.047548,23,10718.241678,True
64.86746,65,10721.591992,True
62.476753,26,10722.899764,True
61.415721,23,10724.019476,True
61.466755,32,10725.634694,True
65.063594,38,10727.682611,True
58.23449,22,10728.916334,True
58.266411,20,10730.057292,True
59.327722,22,10731.341465,True
59.459676,22,10732.565508,True
59.754734,24,10734.001591,True
56.743519,14,10734.814861,True
59.578159,24,10736.210406,True
56.631087,15,10737.035924,True
57.902444,18,10737.998614,True
63.123137,29,10739.455307,True
49.940923,1,10739.520098,True
63.968428,33,10741.156736,True
58.217589,17,10742.090838,True
55.176014,12,10742.68703,True
64.4185,34,10744.407026,True
60.964057,26,10745.674565,True
64.140394,56,10748.415705,True
58.739703,22,10749.505761,True
59.302612,22,10750.583613,True
56.621915,17,10751.42374,True
51.576767,39,10753.371531,True
54.695789,16,10754.177776,True
55.996192,17,10755.018376,True
56.204196,14,10755.711273,True
60.558287,32,10757.301773,True
59.208443,21,10758.346945,True
54.857523,10,10758.852317,True
61.933577,24,10760.034186,True
61.208843,27,10761.34822,True
55.201064,29,10762.779899,True
57.982229,18,10763.670889,True
56.461514,13,10764.31446,True
57.693991,57,10767.093567,True
58.15826,17,10767.928156,True
65.728675,65,10771.112236,True
60.188358,22,10772.184112,True
55.178486,12,10772.771298,True
55.897627,14,10773.469364,True
62.2807,26,10774.745668,True
56.068932,14,10775.431957,True
56.768138,18,10781.020795,True
56.896153,17,10781.87172,True
58.308409,17,10782.703321,True
61.986462,27,10784.026488,True
60.495511,21,10785.05061,True
56.269015,15,10785.8036,True
60.176735,23,10786.919132,True
59.111625,21,10787.952178,True
57.195818,19,10788.887368,True
57.358794,17,10789.747814,True
54.298233,10,10790.248288,True
59.082166,22,10791.312612,True
62.254711,27,10792.672148,True
62.692396,27,10794.030501,True
57.712482,17,10794.858996,True
55.197057,13,10795.512692,True
53.321374,7,10795.870785,True
57.19662,15,10796.610965,True
60.405687,23,10797.731945,True
56.50679,13,10798.390436,True
53.88469,9,10798.842745,True
60.436702,26,10800.12861,True
59.815764,21,10801.152591,True
52.935852,8,10801.551915,True
59.837661,54,10804.215315,True
56.367446,14,10804.906228,True
58.292612,21,10805.931645,True
62.393751,28,10807.298812,True
51.015424,2,10807.412664,True
67.203715,65,10810.602418,True
56.865718,15,10811.338614,True
64.033367,32,10812.895511,True
59.478091,20,10813.873135,True
61.759681,28,10815.241858,True
56.166745,17,10816.073224,True
60.91686,22,10817.152082,True
55.908046,13,10817.790827,True
57.535721,46,10820.069676,True
57.238379,59,10822.98184,True
61.660048,27,10824.294392,True
64.26841,43,10826.396127,True
61.981353,27,10827.710029,True
52.768456,7,10828.067428,True
53.912873,9,10828.513033,True
60.049339,33,10830.128313,True
61.292714,23,10831.263747,True
54.650433,11,10831.808822,True
62.292104,28,10833.177807,True
55.302779,15,10833.919852,True
60.841484,27,10835.246926,True
55.510553,15,10835.979214,True
59.827035,23,10837.102663,True
61.23433,26,10838.365204,True
55.482049,14,10839.077863,True
59.174466,21,10840.111823,True
58.509884,20,10841.097247,True
59.044551,19,10842.03216,True
61.410255,61,10845.037415,True
64.162021,30,10846.507041,True
62.267301,25,10847.738391,True
62.345365,29,10849.197704,True
57.410288,47,10851.512325,True
60.26616,23,10852.708867,True
59.680092,21,10853.739938,True
61.074745,25,10854.976252,True
58.555365,19,10855.908069,True
60.557719,24,10857.08343,True
63.511143,28,10858.600637,True
65.703516,51,10861.397443,True
57.248948,16,10862.240305,True
61.847735,25,10863.572313,True
60.031222,23,10864.756696,True
59.534669,20,10865.89428,True
58.212509,22,10867.060721,True
58.696275,19,10868.05007,True
58.210398,20,10869.082101,True
56.627895,15,10869.897993,True
60.192578,23,10871.139977,True
59.714884,20,10872.175173,True
57.863441,17,10873.0737,True
60.399936,22,10874.245108,True
55.665261,14,10874.947073,True
57.266188,16,10875.739924,True
53.578161,28,10877.134317,True
58.415117,18,10878.01076,True
53.502571,40,10880.063011,True
56.704418,15,10880.892907,True
56.716505,14,10881.595994,True
63.08191,29,10883.048484,True
62.676072,28,10888.909889,True
59.935264,23,10890.044818,True
61.824978,25,10891.270632,True
66.54255,74,10895.132687,True
60.906339,23,10896.386421,True
58.184082,20,10897.516795,True
57.559818,17,10898.386349,True
59.23317,19,10899.368782,True
59.984575,24,10900.569254,True
60.298834,55,10903.657702,True
63.719122,62,10906.806195,True
61.984859,27,10908.162099,True
58.712748,60,10911.314585,True
55.947923,13,10912.024766,True
57.80081,18,10913.035804,True
59.73649,24,10914.236979,True
59.573686,20,10915.265198,True
55.88211,13,10915.921081,True
64.250746,40,10917.89471,True
58.512401,26,10919.210611,True
60.29946,25,10920.446498,True
61.206116,25,10921.664204,True
61.004503,65,10924.866104,True
63.679215,29,10926.280794,True
60.053103,20,10927.262167,True
58.462081,17,10928.095264,True
58.429505,23,10929.225807,True
58.320522,18,10930.1148,True
58.511097,54,10932.778647,True
57.68691,22,10933.867734,True
56.606515,17,10934.790126,True
61.295247,46,10937.111566,True
57.464286,17,10937.939758,True
61.371899,61,10940.946434,True
55.664516,14,10941.645571,True
59.18187,21,10942.67175,True
56.516716,14,10943.364832,True
56.500327,16,10944.153732,True
59.433895,23,10945.295005,True
58.417089,22,10946.379503,True
61.429094,27,10947.693772,True
60.19788,26,10948.955625,True
52.389516,8,10949.359789,True
59.788183,27,10950.698378,True
60.003923,63,10953.800166,True
61.968956,55,10956.519266,True
60.454197,21,10957.549911,True
59.086575,20,10958.532823,True
55.909765,14,10959.222777,True
49.910714,1,10959.286514,True
58.701001,19,10960.229891,True
57.306114,15,10960.970074,True
60.673903,25,10962.188625,True
57.376513,57,10965.000403,True
63.348772,29,10966.412432,True
60.493063,50,10968.87547,True
69.378208,59,10971.769252,True
55.616705,13,10972.493294,True
58.884064,19,10973.438641,True
57.012692,15,10974.178164,True
60.413042,42,10976.251776,True
55.912814,15,10977.009744,True
61.833624,27,10978.332026,True
56.446232,17,10979.169899,True
62.651548,29,10980.668007,True
62.296448,24,10981.841048,True
62.917741,26,10983.120337,True
62.15802,25,10984.358615,True
57.313085,22,10985.447131,True
55.340506,11,10985.99555,True
56.773759,54,10988.643625,True
54.267991,14,10989.342079,True
61.015774,23,10990.475702,True
61.620595,40,10997.896169,True
57.639247,20,10998.868826,True
52.421641,44,11001.04741,True
57.003666,18,11001.927209,True
63.320003,36,11003.698072,True
58.298482,18,11004.580526,True
59.839402,23,11005.708287,True
56.540944,30,11007.184698,True
62.937609,29,11008.590765,True
56.769271,14,11009.282487,True
57.074259,19,11010.226726,True
57.620452,17,11011.053916,True
58.00419,17,11011.889424,True
56.548424,16,11012.675981,True
60.226457,22,11013.756532,True
59.931134,21,11014.794635,True
56.893522,16,11015.584689,True
60.177454,21,11016.616509,True
61.290626,25,11017.831922,True
62.138156,26,11019.103871,True
68.877507,43,11021.210596,True
54.974545,11,11021.758664,True
54.368923,10,11022.270461,True
56.057986,16,11023.059272,True
54.030985,15,11023.811055,True
55.275369,52,11026.415573,True
53.520912,7,11026.770108,True
60.996846,55,11029.475859,True
63.014627,27,11030.787272,True
58.678511,18,11031.656662,True
58.072572,20,11032.708639,True
63.469975,30,11034.156718,True
58.621954,24,11035.439859,True
59.451801,20,11036.53936,True
59.964361,27,11038.003038,True
54.926283,14,11038.793271,True
59.314915,19,11039.808335,True
60.915044,36,11041.703661,True
55.004086,12,11042.325732,True
66.157007,66,11045.673873,True
57.006767,29,11047.136249,True
58.84713,21,11048.228012,True
59.266644,20,11049.39904,True
56.078934,14,11050.213753,True
61.893855,25,11051.720288,True
58.336847,20,11052.862884,True
63.526244,60,11056.256383,True
54.58231,9,11056.73932,True
63.516703,30,11058.32986,True
53.053777,7,11058.687771,True
63.588735,31,11060.225646,True
57.020776,17,11061.114989,True
60.98764,44,11063.507551,True
61.944466,24,11064.76478,True
56.831869,16,11065.674905,True
59.080372,20,11066.729543,True
61.382086,58,11069.786501,True
59.345608,22,11070.899322,True
55.981237,15,11071.671031,True
62.756658,27,11073.002204,True
62.394813,29,11074.536294,True
58.166529,17,11075.406996,True
55.40695,12,11076.02044,True
57.047329,35,11078.039563,True
56.006883,16,11078.926908,True
58.369919,24,11080.233444,True
59.689491,20,11081.222062,True
55.146389,11,11081.768747,True
60.624074,25,11082.994204,True
55.31131,12,11083.601802,True
54.251298,9,11084.05794,True
65.829634,40,11086.031054,True
62.471128,31,11087.599266,True
55.462585,12,11088.208768,True
62.649784,31,11089.79692,True
63.383436,32,11091.484997,True
60.435711,25,11092.876947,True
62.157214,32,11094.53599,True
56.319906,15,11095.430561,True
55.787817,14,11096.246999,True
65.185006,36,11098.438018,True
52.892983,33,11100.472982,True
60.653636,22,11101.741497,True
59.322558,19,11107.604464,True
62.866554,29,11109.210026,True
58.234861,22,11110.381124,True
58.228486,19,11111.413409,True
59.327975,47,11113.874414,True
60.866129,53,11116.739367,True
56.679725,15,11117.571916,True
54.475,10,11118.162126,True
61.042696,52,11120.871121,True
60.216408,22,11121.969596,True
60.422934,23,11123.168127,True
63.207308,54,11126.063473,True
57.737521,17,11126.906726,True
64.401652,32,11128.460621,True
59.33817,22,11129.491945,True
64.698712,33,11131.057043,True
60.627852,23,11132.144264,True
54.803941,14,11132.849552,True
61.875394,24,11133.967785,True
62.907539,55,11136.545345,True
60.77767,23,11137.620588,True
56.996688,15,11138.323064,True
54.584986,11,11138.844826,True
58.250038,19,11139.726088,True
63.502179,48,11141.968906,True
63.397165,69,11145.184301,True
61.829138,43,11147.189677,True
63.867957,50,11149.532421,True
60.439139,27,11150.802751,True
59.355937,19,11151.761361,True
64.116849,54,11154.287971,True
55.411881,15,11154.999091,True
59.137061,18,11155.845264,True
63.524216,41,11157.761613,True
59.406366,23,11158.840666,True
54.733832,10,11159.31271,True
58.869462,19,11160.19653,True
54.403645,11,11160.728456,True
60.748123,24,11161.843364,True
62.297639,50,11164.16863,True
58.51672,21,11165.15572,True
57.057806,16,11165.915678,True
63.139673,29,11167.396764,True
56.482764,46,11169.547048,True
56.083584,14,11170.200361,True
62.063996,27,11171.55539,True
59.691208,20,11172.49945,True
55.005016,11,11173.017106,True
62.68461,29,11174.44367,True
60.309355,21,11175.426035,True
63.333849,66,11178.505857,True
56.347533,14,11179.156842,True
56.068773,15,11179.861695,True
59.177574,21,11180.835853,True
62.116139,26,11182.04406,True
57.837302,20,11182.988008,True
59.589702,22,11184.021322,True
54.669893,11,11184.550103,True
61.140152,24,11185.667212,True
59.841133,34,11187.264263,True
63.141182,29,11188.6146,True
57.521059,16,11189.35542,True
58.982542,57,11192.004996,True
64.409054,30,11193.38962,True
57.474827,17,11194.17332,True
54.067305,9,11194.59548,True
61.985116,66,11197.671126,True
62.00959,35,11199.291898,True
58.755022,19,11200.171693,True
62.376192,24,11201.275321,True
59.937596,22,11202.304819,True
61.444091,24,11203.414146,True
60.352947,24,11204.547883,True
63.553944,30,11210.967386,True
60.211466,22,11212.074313,True
64.16804,61,11214.925651,True
64.98743,37,11216.638662,True
57.225047,17,11217.432858,True
58.865694,22,11218.463427,True
50.094741,1,11218.520709,True
63.020623,27,11219.801636,True
61.354621,62,11222.685299,True
60.257552,25,11223.858662,True
61.014095,24,11224.973346,True
58.326096,42,11226.943051,True
61.993412,26,11228.154527,True
58.594908,17,11228.945557,True
59.837392,24,11230.059989,True
50.02709,1,11230.120304,True
61.318996,23,11231.205666,True
55.62518,14,11231.864624,True
60.27084,22,11232.896482,True
64.065704,33,11234.4501,True
61.790829,25,11235.623664,True
64.244859,32,11237.201539,True
58.81725,44,11239.255736,True
61.588155,25,11240.420406,True
61.425671,25,11241.576325,True
62.160655,26,11242.794181,True
62.163021,26,11244.086363,True
61.784535,23,11245.158495,True
63.212613,28,11246.456271,True
59.442662,22,11247.484097,True
62.348451,34,11249.07349,True
57.236937,41,11251.013189,True
51.492042,33,11252.578406,True
63.424074,40,11254.463548,True
54.781701,10,11254.937954,True
52.541211,5,11255.186593,True
58.303381,32,11256.697954,True
56.26267,13,11257.306998,True
58.021116,19,11258.191013,True
57.858405,56,11260.803104,True
59.070605,59,11263.54953,True
61.18369,25,11264.714654,True
58.871811,58,11267.419606,True
58.702156,24,11268.539356,True
59.455721,20,11269.472394,True
54.498187,11,11269.991303,True
59.260632,26,11271.284684,True
58.088153,19,11272.173595,True
61.701713,28,11273.594917,True
62.202138,25,11274.770836,True
59.711448,22,11275.799975,True
58.735529,19,11276.688357,True
53.858423,8,11277.081342,True
65.889935,38,11278.861964,True
60.38878,24,11279.971021,True
55.53581,14,11280.632497,True
60.620844,30,11282.03194,True
54.619258,10,11282.515549,True
62.11264,26,11283.722139,True
54.779007,40,11285.590246,True
62.283281,25,11286.748439,True
50.359918,2,11286.853355,True
54.97757,10,11287.325026,True
66.572554,54,11289.83834,True
62.678845,31,11291.309325,True
63.538431,68,11294.493502,True
66.253435,38,11296.254998,True
60.814811,23,11297.329865,True
63.806128,33,11298.852449,True
54.681128,11,11299.377777,True
63.618291,43,11301.392172,True
54.089226,41,11303.305202,True
57.716639,19,11304.191983,True
59.072934,18,11305.034611,True
60.408197,24,11306.158409,True
60.402894,25,11311.974941,True
63.535405,43,11313.985074,True
68.825025,44,11316.019562,True
62.269538,32,11317.507508,True
66.122206,35,11319.122719,True
61.040158,25,11320.285778,True
58.075146,16,11321.051638,True
59.301953,27,11322.304325,True
64.327779,37,11324.011571,True
55.917648,13,11324.617917,True
62.578081,30,11326.045575,True
64.552197,65,11329.070674,True
63.93895,34,11330.65935,True
59.735737,21,11331.714788,True
63.862717,43,11333.734717,True
61.233831,22,11334.751959,True
52.599071,6,11335.047685,True
62.042121,25,11336.21778,True
54.823,11,11336.737732,True
58.980378,18,11337.574984,True
59.480244,60,11340.385588,True
55.698176,12,11340.959105,True
66.951452,78,11344.590859,True
60.839884,31,11346.030502,True
57.481219,15,11346.73733,True
61.017645,50,11349.075604,True
54.500677,13,11349.689481,True
57.314365,20,11350.625312,True
58.457794,20,11351.560154,True
59.465647,22,11352.583018,True
61.348603,26,11353.819731,True
59.50324,21,11354.802899,True
63.740756,61,11357.6354,True
58.199634,47,11359.880973,True
55.913508,12,11360.443748,True
63.731426,30,11361.833985,True
59.660097,20,11362.766718,True
60.816086,24,11363.879391,True
62.322235,29,11365.34808,True
62.144977,26,11366.686096,True
59.381563,21,11367.672436,True
57.458854,50,11370.000864,True
57.537565,16,11370.75024,True
60.781842,64,11373.728802,True
58.458373,19,11374.609263,True
60.08339,21,11375.590573,True
59.112904,25,11376.770904,True
53.981227,9,11377.200979,True
59.670578,21,11378.194268,True
59.183005,37,11379.919108,True
57.586628,20,11380.85725,True
61.139534,39,11382.688299,True
56.283038,15,11383.39576,True
66.976914,36,11385.07147,True
56.700089,17,11385.866439,True
60.278267,22,11386.891966,True
60.167491,49,11389.16468,True
58.120056,17,11389.969192,True
57.57725,17,11390.833169,True
53.698663,8,11391.218764,True
60.240649,25,11392.418936,True
60.979345,23,11393.5009,True
61.129847,23,11394.588741,True
56.236893,15,11395.293873,True
53.023414,7,11395.63633,True
60.899719,24,11396.754993,True
57.484992,36,11398.441076,True
61.484363,25,11399.679769,True
62.331271,28,11400.991839,True
62.22877,27,11402.251973,True
61.754838,65,11405.562165,True
58.061198,59,11408.299946,True
58.780847,57,11416.045575,True
61.097527,23,11417.120332,True
61.425831,63,11420.070741,True
57.560207,16,11420.82723,True
56.80197,15,11421.53694,True
60.65871,24,11422.6639,True
62.680338,27,11423.923779,True
57.875214,18,11424.764504,True
65.636955,66,11427.831255,True
62.272691,25,11428.98507,True
61.383786,63,11431.93466,True
58.932739,23,11433.009014,True
62.692705,27,11434.284536,True
54.944661,12,11434.847904,True
58.771295,20,11435.773768,True
58.801343,21,11436.763167,True
58.170703,23,11437.83513,True
65.090595,32,11439.327638,True
63.870998,33,11440.861549,True
58.532836,20,11441.808459,True
62.157143,28,11443.211768,True
63.041932,29,11444.559319,True
61.79556,25,11445.733065,True
58.900629,20,11446.660814,True
64.957513,32,11448.140777,True
63.090839,27,11449.397462,True
61.643936,26,11450.700854,True
61.645117,25,11451.86069,True
61.987763,27,11453.118263,True
63.446768,64,11456.090636,True
64.222538,38,11457.872515,True
57.756401,42,11459.842333,True
60.309307,22,11460.860894,True
56.594453,14,11461.528467,True
57.239363,15,11462.22475,True
53.649916,9,11462.653962,True
56.836965,15,11463.359103,True
59.562543,20,11464.297765,True
62.061592,24,11465.434711,True
60.796339,55,11468.016892,True
64.004919,30,11469.41053,True
60.646962,25,11470.588351,True
59.699325,21,11471.557646,True
58.367799,45,11473.666451,True
62.464756,31,11475.09747,True
56.118754,15,11475.804771,True
62.768605,26,11477.000849,True
55.598012,15,11477.699203,True
58.294152,17,11478.494835,True
59.260125,22,11479.529065,True
61.738791,24,11480.644565,True
57.324716,15,11481.347219,True
57.354836,18,11482.194876,True
56.114689,14,11482.850038,True
58.600886,18,11483.70602,True
59.607248,22,11484.734374,True
61.404676,25,11485.926558,True
59.762739,24,11487.041108,True
63.453316,30,11488.453714,True
62.452304,61,11491.297397,True
58.467878,18,11492.141473,True
56.601466,34,11493.73261,True
60.153508,29,11495.07309,True
66.196206,40,11496.911384,True
56.33911,18,11497.754411,True
52.797085,6,11498.045673,True
62.198204,26,11499.391845,True
56.566029,14,11500.056659,True
56.206348,14,11500.715214,True
62.813572,26,11501.941869,True
58.030189,20,11502.8728,True
57.945025,19,11503.761275,True
60.116325,22,11504.795505,True
60.610813,23,11505.874135,True
58.94158,21,11506.855874,True
61.721735,23,11507.932446,True
50.319551,1,11507.987968,True
60.093646,22,11509.014484,True
59.263164,22,11514.70741,True
57.882494,16,11515.458006,True
58.06175,19,11516.348892,True
61.775245,26,11517.5673,True
62.076236,27,11518.859873,True
57.232154,37,11520.588773,True
61.901093,23,11521.663358,True
59.479695,22,11522.685345,True
60.490279,23,11523.763156,True
59.008232,21,11524.748244,True
64.512794,33,11526.315638,True
59.089868,60,11529.102121,True
59.657384,25,11530.279622,True
65.501362,39,11532.082406,True
57.245624,19,11532.96802,True
60.878154,24,11534.10079,True
58.120815,18,11534.952665,True
53.34699,8,11535.339989,True
58.603988,61,11538.177728,True
63.533769,36,11539.848367,True
58.512561,17,11540.647399,True
60.075226,22,11541.666482,True
56.467755,18,11542.520256,True
64.806277,34,11544.084186,True
56.918888,17,11544.879634,True
64.190324,65,11547.91519,True
56.246447,20,11548.87216,True
57.882656,16,11549.616307,True
66.997791,38,11551.37525,True
58.003212,17,11552.17608,True
62.222225,66,11555.256332,True
61.166949,50,11557.583961,True
58.344241,20,11558.526296,True
61.370896,26,11559.747979,True
49.925613,1,11559.805197,True
61.634558,24,11560.91915,True
50.042647,1,11560.982266,True
59.045555,23,11562.049673,True
62.524606,27,11563.316998,True
59.868571,23,11564.388522,True
57.060635,50,11566.727399,True
62.060415,25,11567.892701,True
55.745385,18,11568.740639,True
58.081338,20,11569.694348,True
53.919768,8,11570.071258,True
57.420311,58,11572.836205,True
59.485742,21,11573.818113,True
63.618237,29,11575.167516,True
57.514397,15,11575.890043,True
61.970649,26,11577.106117,True
54.995941,10,11577.589955,True
57.739216,19,11578.479939,True
68.168638,56,11581.087841,True
59.846556,24,11582.203273,True
56.121872,22,11583.237449,True
59.773197,21,11584.224368,True
56.647703,41,11586.134011,True
61.608319,25,11587.295976,True
59.494494,19,11588.187355,True
53.44405,23,11589.26286,True
56.906413,38,11591.04701,True
62.467638,27,11592.29827,True
60.760867,23,11593.37193,True
59.860406,22,11594.396247,True
63.244112,33,11595.929547,True
55.248834,53,11598.404362,True
56.639876,20,11599.338379,True
55.444502,13,11599.95185,True
58.371312,22,11600.971709,True
61.030663,24,11602.093313,True
58.753839,18,11602.923099,True
57.90516,17,11603.715167,True
54.444398,11,11604.239992,True
57.353487,39,11606.051596,True
58.542257,17,11606.856205,True
54.251631,13,11607.471965,True
62.614814,27,11608.746835,True
59.896384,20,11609.679737,True
60.653127,25,11615.848919,True
59.214985,19,11616.743769,True
60.985239,54,11619.266946,True
61.909975,27,11620.517772,True
63.393306,29,11621.871845,True
60.323349,23,11622.950834,True
55.070899,10,11623.417698,True
55.521807,13,11624.028543,True
60.440249,21,11625.005879,True
58.679309,18,11625.84194,True
59.120124,22,11626.860669,True
58.26378,18,11627.704004,True
61.136969,22,11628.735849,True
59.011943,27,11630.075083,True
54.134575,11,11630.608493,True
60.232638,24,11631.726529,True
59.971147,22,11632.76509,True
56.522333,14,11633.425462,True
58.109736,20,11634.370439,True
59.604443,26,11635.571234,True
61.810005,25,11636.72584,True
56.766758,15,11637.418191,True
57.876566,19,11638.316131,True
59.152433,60,11641.10196,True
61.872987,26,11642.317235,True
59.171006,22,11643.32411,True
65.044668,34,11644.898253,True
58.009468,20,11645.825649,True
57.402841,21,11646.804998,True
56.315474,14,11647.45596,True
55.128106,11,11647.982655,True
52.488698,28,11649.294789,True
58.075012,18,11650.133839,True
59.526568,24,11651.255104,True
58.289025,17,11652.059674,True
55.052081,50,11654.381425,True
57.261073,18,11655.230827,True
61.360026,23,11656.313215,True
64.483047,34,11657.904823,True
57.174217,16,11658.648164,True
56.092663,15,11659.340932,True
68.446765,40,11661.195468,True
60.291204,22,11662.231138,True
54.149365,11,11662.754884,True
56.069347,13,11663.373491,True
59.638556,24,11664.488542,True
55.86208,13,11665.096321,True
63.707234,29,11666.555411,True
67.411262,50,11669.405615,True
60.41554,22,11670.927378,True
61.494687,27,11672.624259,True
56.217747,16,11673.560051,True
57.846841,18,11674.538667,True
57.700245,48,11676.863002,True
49.952423,1,11676.926921,True
56.847959,17,11677.781439,True
53.94623,42,11680.053912,True
55.197039,12,11680.709451,True
57.792509,18,11681.635766,True
61.153315,24,11682.895393,True
62.048358,28,11684.398492,True
58.51156,20,11685.432563,True
60.445133,24,11686.752158,True
51.229112,24,11688.004858,True
58.0993,58,11691.0593,True
62.557466,69,11694.594025,True
54.826072,18,11695.508477,True
59.029085,18,11696.364885,True
57.00975,15,11697.065357,True
54.109546,11,11697.593337,True
54.535033,9,11698.029485,True
59.459819,22,11699.051018,True
57.604338,62,11701.911464,True
58.132867,18,11702.747216,True
58.646754,20,11703.691965,True
60.101723,37,11705.402235,True
63.017527,28,11706.746766,True
58.684791,18,11707.590649,True
55.189819,16,11708.342918,True
60.57064,23,11709.401538,True
64.075194,30,11710.790919,True
61.878434,28,11712.097629,True
57.800747,18,11712.948954,True
56.720799,15,11713.655579,True
56.524652,17,11714.449602,True
57.607314,17,11719.798833,True
56.1425,13,11720.415461,True
57.229485,15,11721.110396,True
57.907274,19,11722.001432,True
55.269254,14,11722.655164,True
56.985041,17,11723.455238,True
60.543479,23,11724.531031,True
58.828082,19,11725.417622,True
62.329235,26,11726.620504,True
62.850906,34,11728.193631,True
54.13546,10,11728.683308,True
59.825615,23,11729.762906,True
62.886178,27,11731.027701,True
59.360022,20,11731.969349,True
58.573259,17,11732.747001,True
58.711404,23,11733.813011,True
59.202145,19,11734.691397,True
54.769652,9,11735.114683,True
58.496513,24,11736.217865,True
56.995621,57,11738.826812,True
62.030741,64,11741.769799,True
56.498693,28,11743.064991,True
54.279926,10,11743.5413,True
57.576035,19,11744.414631,True
65.777209,46,11746.552764,True
59.558407,23,11747.642188,True
61.950528,24,11748.766028,True
58.347505,21,11749.799993,True
62.726391,27,11751.061076,True
57.837859,20,11751.995811,True
55.111375,11,11752.516001,True
55.488874,12,11753.08144,True
53.358342,48,11755.293947,True
67.1209,42,11757.221385,True
67.091545,52,11759.619149,True
57.012717,15,11760.325485,True
58.832986,19,11761.225267,True
61.107196,24,11762.353004,True
63.341515,54,11764.831091,True
56.939008,17,11765.617503,True
55.144353,16,11766.36767,True
57.074219,18,11767.192156,True
58.213464,19,11768.096876,True
57.423525,17,11768.895544,True
55.363797,14,11769.554694,True
63.37283,28,11770.878101,True
59.752553,26,11772.070425,True
65.50046,54,11774.562543,True
60.507959,27,11775.812765,True
60.935483,32,11777.278357,True
54.760461,38,11779.025079,True
60.31997,24,11780.158638,True
62.080562,27,11781.45208,True
61.337921,22,11782.495651,True
58.354881,24,11783.599586,True
60.134714,54,11786.085624,True
60.045725,22,11787.109958,True
53.303342,12,11787.673203,True
55.522649,15,11788.387333,True
58.841762,21,11789.381231,True
57.42633,16,11790.141924,True
58.377084,18,11790.97123,True
54.359577,10,11791.447791,True
58.291766,19,11792.344907,True
63.944909,32,11793.828506,True
60.084978,32,11795.296863,True
61.022557,23,11796.378193,True
62.785982,46,11798.48992,True
63.001396,29,11799.845838,True
62.386919,26,11801.058234,True
60.724113,22,11802.069608,True
61.218622,52,11804.458235,True
54.302751,9,11804.888818,True
54.161359,10,11805.359892,True
58.123088,20,11806.305079,True
58.813693,20,11807.244666,True
62.196408,24,11808.350627,True
64.53664,43,11810.421806,True
58.734042,21,11811.400785,True
60.761314,24,11812.538637,True
57.556298,17,11813.336427,True
58.878985,20,11814.268751,True
51.426429,31,11820.267972,True
61.484866,23,11821.335972,True
54.86356,11,11821.852755,True
60.604984,23,11822.91582,True
62.128535,44,11824.930298,True
61.530926,26,11826.169273,True
61.353264,25,11827.336849,True
62.280264,28,11828.731731,True
59.392491,22,11829.763013,True
56.272304,51,11832.111815,True
55.3744,12,11832.683107,True
60.33384,23,11833.767728,True
57.580909,21,11834.725424,True
57.245995,15,11835.439414,True
62.771146,28,11836.802023,True
63.717475,29,11838.166703,True
59.462567,22,11839.210642,True
59.05755,23,11840.280379,True
58.698156,22,11841.304216,True
62.079124,48,11843.502001,True
60.084216,21,11844.49514,True
58.399559,45,11846.564324,True
49.864449,1,11846.622866,True
60.212478,22,11847.627959,True
61.972215,24,11848.738925,True
59.851335,22,11849.81713,True
54.658421,10,11850.275554,True
62.266033,26,11851.491446,True
55.634845,12,11852.066393,True
57.779749,19,11852.951279,True
57.837828,17,11853.737178,True
64.155336,33,11855.282055,True
60.013646,38,11857.046706,True
58.164521,18,11857.892053,True
60.73733,23,11858.957353,True
54.426177,12,11859.511866,True
58.856393,21,11860.507182,True
63.12322,48,11862.700742,True
57.140373,16,11863.448005,True
59.143624,20,11864.375354,True
64.206804,68,11867.489781,True
55.547062,13,11868.095254,True
56.952675,16,11868.858265,True
63.923174,31,11870.37959,True
60.249049,26,11871.595385,True
57.525638,16,11872.338813,True
56.747602,46,11874.45174,True
56.505591,17,11875.241114,True
56.014961,30,11876.636894,True
59.010194,21,11877.623357,True
61.892111,26,11878.898939,True
54.051756,11,11879.41413,True
62.450605,59,11882.105248,True
58.208272,18,11882.965497,True
61.286423,24,11884.079873,True
50.545833,3,11884.229387,True
57.506644,17,11885.018687,True
58.748553,18,11885.8662,True
57.509423,15,11886.5834,True
54.562711,13,11887.188058,True
60.30923,22,11888.218816,True
60.299839,21,11889.208699,True
54.384335,11,11889.718269,True
58.222243,19,11890.602407,True
58.805211,19,11891.496153,True
60.544153,22,11892.556402,True
55.781349,12,11893.111874,True
58.260814,18,11893.954036,True
55.589214,14,11894.609736,True
55.705996,22,11895.629667,True
57.568477,17,11896.412385,True
61.445997,29,11897.746697,True
62.482718,26,11898.925197,True
64.34609,33,11900.44837,True
62.211346,62,11903.277633,True
58.00055,20,11904.191772,True
63.37498,28,11905.516459,True
58.618157,20,11906.45669,True
56.765542,41,11908.33216,True
50.011867,1,11908.389529,True
64.481838,32,11909.850434,True
57.216998,17,11910.648519,True
54.630852,13,11911.255944,True
61.748827,26,11912.464358,True
59.898515,23,11913.53121,True
57.16315,16,11914.300995,True
60.903028,26,11919.998904,True
60.999933,23,11921.073268,True
54.01006,10,11921.554022,True
57.356094,20,11922.470603,True
53.80823,10,11922.937372,True
59.162156,20,11923.873289,True
60.149993,21,11924.870543,True
62.534459,40,11926.69834,True
59.539982,18,11927.533506,True
62.100723,63,11930.512155,True
60.842156,28,11931.801134,True
55.567501,14,11932.455857,True
59.695137,21,11933.446986,True
59.50465,20,11934.390811,True
55.761868,14,11935.042028,True
58.74534,17,11935.835618,True
58.09787,23,11936.896085,True
58.06038,17,11937.687384,True
55.77668,14,11938.348747,True
56.976103,16,11939.095715,True
56.370243,16,11939.832449,True
58.467853,18,11940.681924,True
60.328054,22,11941.703478,True
66.664313,42,11943.640511,True
57.055915,16,11944.383348,True
60.542922,63,11947.272245,True
56.154345,14,11947.930308,True
56.446753,13,11948.547971,True
61.159363,23,11949.619536,True
60.48509,22,11950.661339,True
57.12155,29,11952.0061,True
53.577116,10,11952.481309,True
60.815216,26,11953.673003,True
62.501986,28,11954.974686,True
62.460335,27,11956.262095,True
52.094236,26,11957.449389,True
61.660416,24,11958.563607,True
63.387411,65,11961.549341,True
53.516586,8,11961.930765,True
54.816048,14,11962.586391,True
55.425111,28,11963.867504,True
60.441648,30,11965.249258,True
60.358872,21,11966.24169,True
63.964926,30,11967.641289,True
53.611576,9,11968.068664,True
62.051541,64,11971.018374,True
55.631804,14,11971.679105,True
56.372248,14,11972.322044,True
57.656161,17,11973.113418,True
68.979747,43,11975.132141,True
57.419882,20,11976.062275,True
59.195951,20,11976.998552,True
56.514443,19,11977.880172,True
60.924298,40,11979.724092,True
61.86965,25,11980.890132,True
61.108298,23,11981.966823,True
63.828405,30,11983.364155,True
50.488375,1,11983.42973,True
60.728939,31,11984.8742,True
57.055723,56,11987.446831,True
57.140502,15,11988.156404,True
57.716571,17,11988.94913,True
57.213917,16,11989.76545,True
52.144171,8,11990.147269,True
61.407773,27,11991.413352,True
59.36547,22,11992.461668,True
58.862393,19,11993.363689,True
57.586805,17,11994.161028,True
60.90578,23,11995.236855,True
61.23385,22,11996.263618,True
58.044322,17,11997.061564,True
58.521616,20,11998.006389,True
55.710129,13,11998.613027,True
55.582065,43,12000.596004,True
57.86256,19,12001.485493,True
58.760873,19,12002.360649,True
53.88858,9,12002.78576,True
54.736109,11,12003.299829,True
64.04878,50,12005.624878,True
61.700194,58,12008.289631,True
59.409441,60,12011.050996,True
62.295668,27,12012.336041,True
59.948665,57,12019.752979,True
57.466217,17,12020.553186,True
59.363262,20,12021.483729,True
58.627025,55,12024.026936,True
55.132192,18,12024.864654,True
65.71089,63,12027.759552,True
58.434794,24,12028.863493,True
54.135797,9,12029.292249,True
66.046116,47,12031.456324,True
63.914216,31,12032.887333,True
53.564728,8,12033.267475,True
58.329564,19,12034.157979,True
59.597934,21,12035.155274,True
60.072576,24,12036.280228,True
53.745006,10,12036.752728,True
55.778794,15,12037.469729,True
59.661165,21,12038.457823,True
59.917972,20,12039.385376,True
52.073507,6,12039.673195,True
62.438782,27,12040.926579,True
61.148067,25,12042.092327,True
58.292924,19,12042.994959,True
59.110983,45,12045.070858,True
56.837634,15,12045.774464,True
57.064869,19,12046.667283,True
55.72748,14,12047.314285,True
61.628844,24,12048.448258,True
58.835728,18,12049.353497,True
58.926449,22,12050.392237,True
62.727305,30,12051.817066,True
59.383995,20,12052.760011,True
58.444424,19,12053.639369,True
63.112359,28,12054.95421,True
61.133726,24,12056.087929,True
57.098196,17,12056.885624,True
55.616964,14,12057.551916,True
53.820353,32,12059.034706,True
58.739784,21,12060.041504,True
55.7939,15,12060.739212,True
58.632245,19,12061.615169,True
54.067361,9,12062.039128,True
57.88676,20,12062.968885,True
58.610239,26,12064.17375,True
59.486034,19,12065.073929,True
61.00925,51,12067.417742,True
61.839085,54,12069.876833,True
57.010121,17,12070.665237,True
59.711038,22,12071.706906,True
59.881965,21,12072.676839,True
54.485952,10,12073.156284,True
59.779453,57,12075.770972,True
64.179843,30,12077.146345,True
61.920201,25,12078.326216,True
61.521424,25,12079.490542,True
57.732785,17,12080.281969,True
60.781104,23,12081.353971,True
59.812987,21,12082.335288,True
55.693623,14,12082.997483,True
61.674622,25,12084.171236,True
50.071448,1,12084.228446,True
62.610992,45,12086.292594,True
57.710484,16,12087.040413,True
56.901884,19,12087.920824,True
62.027582,26,12089.150812,True
60.434065,24,12090.271303,True
54.957173,13,12090.890903,True
55.749425,18,12091.735242,True
58.915062,21,12092.721713,True
57.75797,21,12093.694509,True
60.175025,22,12094.744581,True
54.891548,15,12095.455949,True
61.688337,27,12096.774697,True
55.849393,14,12097.434762,True
63.719612,28,12098.751518,True
61.40173,25,12099.919626,True
62.95048,30,12101.334727,True
63.720447,32,12102.821101,True
58.68657,19,12103.720573,True
56.330376,18,12104.563358,True
53.550373,8,12104.933232,True
65.692835,53,12107.361902,True
59.34616,23,12108.425731,True
57.558791,18,12109.32814,True
55.979605,12,12109.90202,True
59.029297,28,12111.193177,True
59.703789,21,12112.171425,True
59.580862,44,12114.207746,True
63.103287,58,12121.291831,True
55.161051,13,12121.902431,True
61.344158,26,12123.123496,True
58.873845,21,12124.103669,True
56.141981,42,12126.033361,True
58.795511,22,12127.053497,True
55.437639,12,12127.609589,True
56.637525,57,12130.222673,True
58.906546,20,12131.155762,True
52.966064,7,12131.492896,True
57.623839,51,12133.820601,True
61.63209,24,12134.942762,True
63.45404,28,12136.25908,True
61.378044,24,12137.386703,True
60.945955,23,12138.456022,True
55.861757,12,12139.030073,True
55.242802,12,12139.607496,True
60.38804,21,12140.590018,True
65.361858,33,12142.104527,True
61.880717,25,12143.299485,True
54.833733,10,12143.766407,True
57.39527,15,12144.450871,True
63.42146,30,12145.853902,True
56.395491,19,12146.743635,True
58.329037,19,12147.646298,True
64.173976,30,12149.019911,True
52.984803,8,12149.40733,True
58.141777,18,12150.242428,True
60.42732,21,12151.221535,True
64.483215,33,12152.801655,True
60.168132,50,12155.092768,True
55.583484,14,12155.752296,True
63.19395,28,12157.077213,True
63.292314,28,12158.388288,True
63.312357,28,12159.716231,True
62.893737,27,12160.972162,True
57.24581,15,12161.675924,True
62.001415,26,12162.883948,True
49.632282,1,12162.945258,True
55.53049,13,12163.563518,True
57.235712,17,12164.353763,True
65.290433,40,12166.199262,True
54.06924,10,12166.672864,True
57.150151,16,12167.423273,True
53.878312,15,12168.121271,True
60.298997,22,12169.207893,True
59.232242,20,12170.155655,True
57.746113,19,12171.046566,True
55.440844,14,12171.719742,True
58.779346,21,12172.70982,True
57.596874,17,12173.507275,True
57.525981,32,12174.961325,True
59.944399,39,12176.753409,True
60.811978,22,12177.773397,True
63.712522,30,12179.169337,True
59.853002,21,12180.180813,True
58.240018,17,12180.975908,True
63.03081,29,12182.389903,True
60.633383,48,12184.596841,True
62.090236,24,12185.71581,True
61.556134,25,12186.892947,True
61.792568,25,12188.068967,True
62.489276,29,12189.418484,True
52.969059,33,12190.943463,True
55.983865,14,12191.608952,True
61.003121,52,12194.005036,True
60.310348,23,12195.087821,True
59.14541,21,12196.07878,True
60.633716,22,12197.096881,True
60.799085,23,12198.168485,True
64.122989,32,12199.645767,True
61.603427,24,12200.769631,True
50.206007,1,12200.825779,True
54.251407,9,12201.246245,True
56.877381,14,12201.913679,True
58.431817,24,12203.021647,True
54.815968,11,12203.542117,True
57.748006,17,12204.356352,True
57.832997,17,12205.1497,True
53.05298,7,12205.482805,True
57.248168,15,12206.190269,True
61.770645,25,12207.352436,True
64.074346,31,12208.776873,True
61.525556,34,12210.357806,True
64.058263,32,12211.883825,True
49.964029,1,12211.948118,True
58.805043,18,12212.79999,True
62.016696,26,12214.009389,True
55.623092,13,12214.617081,True
60.215877,23,12219.81635,True
60.744468,52,12222.198883,True
60.287355,23,12223.284796,True
63.340976,29,12224.641756,True
55.582529,14,12225.301922,True
57.636774,19,12226.189423,True
60.034579,21,12227.166499,True
59.249107,20,12228.127411,True
57.44512,16,12228.952255,True
60.789368,24,12230.079652,True
54.067808,9,12230.516004,True
59.7639,22,12231.562247,True
63.994369,30,12232.957626,True
52.358518,35,12234.571788,True
59.269726,53,12236.992367,True
53.999698,11,12237.525182,True
61.183204,48,12239.737467,True
59.009161,21,12240.736648,True
53.956657,9,12241.162966,True
57.751277,22,12242.185091,True
58.264526,17,12242.994213,True
58.107196,18,12243.83718,True
54.982208,36,12245.49267,True
55.554092,14,12246.148822,True
54.183445,10,12246.62765,True
59.195317,21,12247.621892,True
62.089145,28,12248.980521,True
56.801543,16,12249.730614,True
57.709171,19,12250.612137,True
57.364438,54,12253.078551,True
57.506503,22,12254.113875,True
55.896891,13,12254.72679,True
60.793143,24,12255.876405,True
60.219771,20,12256.821588,True
56.184068,16,12257.571276,True
59.052505,20,12258.51549,True
61.922892,28,12259.834808,True
57.158682,15,12260.575995,True
53.356784,8,12260.961202,True
58.577141,40,12262.786904,True
60.823561,69,12265.935723,True
55.10072,12,12266.51043,True
59.747747,26,12267.717245,True
56.67262,16,12268.47306,True
58.090076,62,12271.307125,True
55.491439,12,12271.883376,True
61.80166,41,12273.752533,True
60.416515,56,12276.349503,True
53.478028,7,12276.687983,True
56.718755,18,12277.522715,True
56.809209,51,12279.867632,True
62.06565,26,12281.08311,True
59.027868,18,12281.944967,True
58.82208,20,12282.93268,True
60.400299,23,12284.017161,True
58.900203,45,12286.094831,True
56.031342,28,12287.395836,True
55.762718,13,12288.033863,True
59.846125,20,12288.978893,True
55.382916,12,12289.550928,True
53.222114,33,12291.06545,True
64.839493,32,12292.535436,True
53.694797,45,12294.607783,True
57.307738,15,12295.30563,True
56.658128,16,12296.065938,True
57.216848,15,12296.780102,True
65.627484,77,12300.326828,True
58.845669,25,12301.482823,True
58.604864,21,12302.459841,True
60.840992,23,12303.550928,True
57.04001,85,12307.428326,True
54.702131,10,12307.908333,True
60.020867,23,12309.013968,True
61.860369,25,12310.230553,True
59.862833,22,12311.269484,True
56.84066,14,12311.930013,True
60.342398,25,12313.094774,True
54.901154,13,12313.698429,True
59.365366,20,12314.641743,True
58.65244,18,12320.965817,True
58.371538,24,12322.106327,True
50.016572,1,12322.166273,True
56.855047,54,12324.694837,True
63.493565,29,12326.062718,True
64.450586,67,12329.167508,True
55.078193,13,12329.771448,True
63.92551,31,12331.211026,True
58.627068,26,12332.389375,True
64.028245,72,12335.720241,True
63.709757,29,12337.081441,True
54.684168,48,12339.275348,True
59.9343,21,12340.280907,True
54.60846,54,12342.800538,True
53.54175,9,12343.221165,True
58.065023,18,12344.066504,True
58.205371,20,12345.016199,True
57.993993,21,12346.003267,True
55.79918,14,12346.662617,True
58.72691,22,12347.684119,True
56.698397,14,12348.351377,True
61.665631,28,12349.639157,True
57.738655,20,12350.569067,True
58.819875,20,12351.517595,True
59.951797,21,12352.499887,True
57.888894,51,12354.849546,True
60.640149,21,12355.834172,True
62.011992,25,12357.008961,True
54.812434,12,12357.576609,True
63.00894,29,12358.915097,True
55.226191,11,12359.441434,True
63.247279,29,12360.802553,True
61.164491,24,12361.94842,True
61.248962,25,12363.106381,True
55.953988,14,12363.777529,True
58.791022,21,12364.770367,True
56.515474,14,12365.424073,True
61.391142,26,12366.701264,True
60.418547,46,12368.807848,True
59.391151,44,12370.800395,True
60.380687,24,12371.938207,True
61.380496,24,12373.054009,True
53.604388,9,12373.481754,True
62.89111,63,12376.355248,True
63.658114,29,12377.712629,True
55.931928,12,12378.281871,True
53.403901,12,12378.849199,True
54.948299,59,12381.525841,True
64.000194,76,12385.018913,True
63.622073,30,12386.442519,True
57.29538,17,12387.239292,True
56.641456,41,12389.11567,True
52.521756,7,12389.445392,True
55.495809,14,12390.088206,True
62.7919,69,12393.270738,True
62.785188,27,12394.540707,True
58.424774,45,12396.614588,True
61.434291,24,12397.728813,True
62.644152,31,12399.181842,True
55.150615,15,12399.888491,True
57.811938,17,12400.69821,True
56.647844,18,12401.593968,True
57.074811,15,12402.299759,True
57.606189,17,12403.089671,True
55.250866,14,12403.739259,True
56.211433,14,12404.386766,True
59.916803,22,12405.443494,True
60.74975,21,12406.42201,True
57.75844,18,12407.279854,True
54.655107,12,12407.844003,True
60.197544,22,12408.889879,True
60.290657,23,12410.004395,True
53.508216,8,12410.390961,True
50.346401,1,12410.455526,True
58.732544,19,12411.354479,True
62.192341,25,12412.539279,True
66.207972,52,12414.939521,True
61.505613,23,12416.032712,True
60.441546,22,12422.078627,True
53.838384,8,12422.461989,True
54.429629,9,12422.888666,True
68.527915,45,12424.990233,True
61.380466,24,12426.125294,True
63.15777,29,12427.490165,True
53.743458,9,12427.93227,True
60.29016,22,12428.980667,True
61.39285,25,12430.145741,True
61.634812,25,12431.311333,True
63.114557,45,12433.38245,True
61.657567,37,12435.087898,True
57.823558,36,12436.743727,True
54.636734,51,12439.086771,True
56.679322,16,12439.836591,True
56.385469,16,12440.583701,True
62.9891,29,12441.936056,True
61.542676,60,12444.67888,True
60.633506,22,12445.720452,True
51.301808,25,12446.867321,True
56.63232,14,12447.528641,True
55.058083,45,12449.580225,True
61.473442,23,12450.674361,True
61.4954,24,12451.7853,True
65.297186,49,12454.038869,True
62.93184,28,12455.426782,True
61.408792,24,12456.558802,True
63.947402,44,12458.572621,True
60.207538,22,12459.637506,True
56.653635,20,12460.559729,True
60.249151,23,12461.723954,True
56.563399,40,12463.55092,True
58.249815,18,12464.397178,True
62.463335,27,12465.656482,True
61.479662,24,12466.778346,True
59.584454,21,12467.771138,True
64.790676,57,12470.400719,True
60.74799,23,12471.492168,True
59.072111,21,12472.509509,True
58.475157,19,12473.418581,True
61.252801,25,12474.647536,True
63.72915,38,12476.399945,True
55.710576,15,12477.108929,True
59.096901,23,12478.18907,True
60.366992,25,12479.366705,True
59.755399,20,12480.314543,True
61.92693,27,12481.579014,True
50.184731,1,12481.636342,True
64.388005,48,12483.85487,True
58.302534,18,12484.725117,True
53.570439,26,12485.919277,True
54.536931,56,12488.491187,True
60.798993,23,12489.58153,True
56.826588,17,12490.378396,True
60.633624,22,12491.425775,True
59.779816,22,12492.457307,True
55.195391,11,12492.975166,True
57.626356,17,12493.769797,True
59.786714,22,12494.831674,True
57.712524,53,12497.252974,True
63.899469,29,12498.620002,True
60.032669,23,12499.706614,True
57.734145,20,12500.650963,True
61.946324,25,12501.816905,True
59.576043,22,12502.850368,True
57.604397,16,12503.603352,True
61.498571,25,12504.779099,True
58.478223,19,12505.669317,True
65.449647,34,12507.257647,True
58.798806,18,12508.098167,True
61.321091,23,12509.182857,True
60.237111,22,12510.207691,True
60.691792,48,12512.45948,True
62.394529,26,12513.693611,True
59.538262,48,12515.928946,True
56.059522,17,12516.727992,True
61.139401,23,12522.43272,True
55.373827,12,12522.997524,True
59.97713,20,12523.93912,True
60.223697,21,12524.92811,True
61.270375,22,12525.948155,True
57.936319,19,12526.841946,True
65.83176,40,12528.702435,True
61.270872,27,12529.964849,True
61.582906,33,12531.483088,True
53.770048,10,12531.958931,True
54.64146,16,12532.703717,True
57.678469,18,12533.543628,True
60.397482,22,12534.578571,True
62.213135,70,12537.794415,True
54.949373,13,12538.397024,True
52.869227,21,12539.385599,True
60.196948,20,12540.334622,True
62.948837,26,12541.554126,True
55.815124,12,12542.106383,True
57.545435,18,12542.941919,True
55.434309,15,12543.637901,True
57.143638,16,12544.3835,True
60.40647,25,12545.565027,True
58.257602,19,12546.445858,True
58.494292,18,12547.29261,True
60.016601,24,12548.392796,True
57.819051,52,12550.775019,True
57.837138,18,12551.608137,True
54.777971,10,12552.091694,True
58.866624,19,12552.9928,True
59.723885,31,12554.40707,True
56.553247,16,12555.156603,True
59.212354,21,12556.154253,True
57.736449,18,12556.99401,True
58.761709,18,12557.819893,True
55.923527,48,12560.034665,True
57.877507,20,12560.969698,True
60.785683,60,12563.726733,True
62.485555,61,12566.519578,True
54.822712,54,12568.999889,True
57.535794,56,12571.582206,True
64.732841,51,12573.918792,True
58.523781,20,12574.844645,True
55.256604,13,12575.469063,True
58.705235,17,12576.288337,True
57.810505,18,12577.129823,True
56.97587,15,12577.830302,True
60.175618,24,12578.941942,True
56.877203,17,12579.793957,True
58.187483,20,12580.72951,True
53.462291,8,12581.110449,True
56.854436,20,12582.049132,True
61.739919,24,12583.176009,True
59.90328,27,12584.416191,True
61.997801,65,12587.409461,True
58.908089,48,12589.628034,True
56.50719,48,12591.839517,True
51.926437,5,12592.080911,True
61.525704,26,12593.354347,True
58.594722,20,12594.278515,True
53.271058,8,12594.657531,True
57.779463,20,12595.586013,True
57.77026,18,12596.440185,True
49.885087,1,12596.503744,True
54.205737,10,12596.97872,True
59.876782,59,12599.72011,True
58.683055,23,12600.803326,True
55.620937,13,12601.412867,True
56.881181,17,12602.21252,True
56.922553,15,12602.913073,True
63.341602,62,12605.75639,True
54.679331,11,12606.270342,True
61.195978,22,12607.293229,True
62.60604,53,12609.714335,True
60.439671,21,12610.694818,True
59.885759,22,12611.723367,True
58.349904,18,12612.576875,True
62.018699,25,12613.757519,True
56.148221,15,12614.448005,True
58.889861,20,12615.387557,True
66.803301,42,12622.312254,True
68.864634,82,12626.084193,True
57.989255,47,12628.239463,True
56.679976,15,12628.945961,True
55.889381,13,12629.560451,True
58.784273,20,12630.491384,True
60.078134,25,12631.641209,True
59.816694,22,12632.68208,True
56.689654,15,12633.375628,True
56.96599,19,12634.254422,True
57.538245,20,12635.184844,True
59.992267,20,12636.132975,True
59.722661,20,12637.062623,True
61.408966,25,12638.225512,True
60.722991,22,12639.3256,True
67.18909,38,12641.090898,True
60.105444,22,12642.124438,True
62.274899,26,12643.326734,True
56.65947,15,12644.030543,True
56.593175,15,12644.741126,True
58.055103,18,12645.583981,True
59.903264,42,12647.54325,True
62.115281,24,12648.656912,True
60.672615,24,12649.784867,True
59.646112,20,12650.72047,True
53.731604,8,12651.099082,True
56.426605,35,12652.705879,True
64.987786,38,12654.473592,True
57.071258,18,12655.297789,True
60.262592,52,12657.688931,True
63.627614,30,12659.123807,True
58.476997,37,12660.843729,True
54.486953,21,12661.813101,True
58.884089,23,12662.873119,True
55.345793,12,12663.44409,True
58.043617,17,12664.242736,True
60.943513,23,12665.304161,True
58.805717,18,12666.142624,True
63.525305,31,12667.698683,True
58.933331,21,12668.670791,True
69.079411,54,12671.148695,True
58.159182,20,12672.077065,True
54.052078,38,12673.837335,True
61.056382,23,12674.91662,True
59.473256,20,12675.855592,True
57.81352,18,12676.698762,True
56.186862,13,12677.308992,True
64.006264,30,12678.69277,True
53.442176,8,12679.070431,True
62.586144,27,12680.401402,True
61.7251,41,12682.284719,True
57.768158,18,12683.123442,True
55.202258,12,12683.685304,True
61.073196,41,12685.573046,True
61.405651,26,12686.785078,True
61.308078,26,12687.998834,True
61.536576,39,12689.794839,True
53.97352,9,12690.22211,True
62.277876,31,12691.662236,True
55.209184,12,12692.231938,True
59.742011,22,12693.244416,True
64.100527,31,12694.673267,True
52.109609,32,12696.16081,True
62.655062,56,12698.788446,True
56.745279,17,12699.578268,True
56.237202,19,12700.455962,True
58.291421,18,12701.300963,True
58.856381,23,12702.356473,True
63.869893,71,12705.615983,True
53.58389,35,12707.231241,True
57.266682,19,12708.117585,True
61.466754,24,12709.233978,True
58.310431,20,12710.169655,True
57.145371,54,12712.653368,True
61.504827,28,12714.038287,True
61.271068,23,12715.089986,True
57.623563,17,12715.895854,True
63.36182,29,12721.97712,True
61.812506,25,12723.175633,True
56.702401,15,12723.92217,True
57.56236,17,12724.719606,True
63.055372,26,12725.937334,True
55.648772,12,12726.50113,True
59.330779,21,12727.474751,True
56.883571,14,12728.129594,True
56.559543,15,12728.829335,True
62.477044,33,12730.36317,True
61.961591,27,12731.648155,True
60.205454,60,12734.412535,True
61.324273,24,12735.532151,True
58.97126,21,12736.512249,True
62.163957,27,12737.860948,True
58.932439,49,12740.123082,True
58.01131,22,12741.138098,True
57.9046,18,12741.972573,True
57.911479,18,12742.817423,True
62.399173,27,12744.067283,True
59.119264,18,12744.903372,True
60.456175,58,12747.544284,True
62.905211,28,12748.839249,True
54.455126,10,12749.316271,True
58.229886,20,12750.261894,True
62.555258,27,12751.512257,True
56.838183,16,12752.271267,True
58.414804,19,12753.165841,True
58.66107,19,12754.060054,True
61.528483,23,12755.135152,True
56.041412,16,12755.873646,True
60.872379,57,12758.593438,True
57.763975,20,12759.534769,True
62.47843,30,12760.925824,True
61.098851,22,12761.954473,True
53.610489,8,12762.334681,True
57.442207,21,12763.290091,True
56.364796,16,12764.030359,True
58.761761,21,12765.010042,True
59.098527,21,12765.977768,True
62.081807,27,12767.361714,True
54.004567,10,12767.836855,True
58.036284,17,12768.627086,True
64.159131,60,12771.394256,True
55.387125,12,12771.957315,True
61.350527,58,12774.614449,True
60.407823,23,12775.695726,True
56.378437,17,12776.480479,True
55.585173,14,12777.129262,True
59.214009,19,12778.01632,True
59.161406,24,12779.128185,True
62.545094,30,12780.547125,True
60.577404,23,12781.609084,True
56.742005,18,12782.446826,True
53.681031,8,12782.824745,True
62.393153,26,12784.065817,True
57.428194,19,12784.965985,True
59.701343,21,12785.963323,True
57.988784,16,12786.700936,True
56.019705,12,12787.270545,True
58.023429,22,12788.292152,True
57.975181,18,12789.132039,True
54.3698,11,12789.647714,True
59.503279,22,12790.657889,True
54.347803,12,12791.228764,True
62.090794,26,12792.433018,True
56.638066,20,12793.355981,True
60.304323,46,12795.465414,True
64.024988,31,12796.914581,True
58.923207,19,12797.800423,True
61.434082,27,12799.081301,True
61.29934,25,12800.291954,True
63.076727,28,12801.582792,True
56.085807,16,12802.33252,True
56.411841,14,12802.989379,True
57.675087,18,12803.813752,True
62.945538,26,12805.023857,True
53.537838,10,12805.50218,True
61.735995,25,12806.681996,True
62.679304,29,12808.049022,True
62.075502,29,12809.405567,True
57.568964,15,12810.102752,True
59.118614,19,12810.993769,True
62.649713,27,12812.273362,True
63.493721,29,12813.621882,True
65.254776,51,12815.954015,True
58.004483,16,12816.76206,True
59.608429,23,12822.345589,True
58.712543,19,12823.234249,True
56.784052,15,12823.942596,True
58.649649,40,12825.789533,True
62.013729,25,12826.956885,True
56.421876,16,12827.698869,True
60.954396,22,12828.746795,True
65.290319,33,12830.297105,True
63.869253,31,12831.723986,True
62.225115,27,12832.978859,True
57.659549,18,12833.821428,True
60.955321,37,12835.533473,True
56.413043,14,12836.18871,True
54.491341,10,12836.66516,True
53.786944,9,12837.10206,True
60.218773,20,12838.046967,True
61.38823,24,12839.174475,True
61.108542,63,12842.090849,True
60.019647,23,12843.158702,True
61.791032,27,12844.404349,True
60.492742,21,12845.393271,True
51.318888,5,12845.641041,True
68.059443,56,12848.216893,True
64.248612,32,12849.722154,True
59.544902,22,12850.757978,True
59.536492,21,12851.736541,True
61.715417,37,12853.457837,True
55.472899,16,12854.205276,True
60.808309,27,12855.454474,True
62.802775,27,12856.721683,True
49.970942,1,12856.783395,True
65.667252,63,12859.657437,True
54.795606,13,12860.257098,True
61.281709,27,12861.526586,True
54.586268,12,12862.093628,True
54.21602,9,12862.515872,True
58.957018,19,12863.40775,True
52.493832,37,12865.134339,True
58.584514,21,12866.12311,True
61.694169,25,12867.289931,True
61.916808,27,12868.593503,True
56.366871,15,12869.323061,True
54.923011,28,12870.617778,True
62.030084,28,12872.016448,True
55.000791,39,12873.817872,True
60.463652,59,12876.627835,True
62.767038,27,12877.894638,True
57.962799,17,12878.688416,True
57.983397,17,12879.485438,True
56.724078,14,12880.144482,True
53.577967,9,12880.569241,True
61.069771,22,12881.600034,True
59.669695,19,12882.485122,True
61.692419,24,12883.596836,True
57.715851,55,12886.134261,True
61.52716,25,12887.33433,True
61.973299,26,12888.554199,True
52.183906,8,12888.941719,True
61.257768,25,12890.129072,True
61.925752,65,12893.121559,True
59.634702,24,12894.235833,True
61.482094,24,12895.361205,True
57.334206,21,12896.346661,True
61.029163,22,12897.378115,True
57.468872,19,12898.262062,True
58.096105,20,12899.177417,True
60.276257,25,12900.34774,True
63.066886,31,12901.888834,True
62.600792,27,12903.172037,True
61.333131,55,12905.697415,True
58.302059,59,12908.399048,True
61.015162,25,12909.641689,True
57.48682,29,12910.969008,True
57.998397,20,12911.899542,True
62.642608,26,12913.130439,True
58.313985,48,12915.33465,True
58.771834,53,12917.78049,True
55.534151,13,12923.303445,True
62.813415,26,12924.536425,True
54.548565,10,12925.013866,True
61.787175,24,12926.131086,True
57.781888,19,12927.021948,True
59.235698,19,12927.913303,True
62.762239,26,12929.117231,True
61.668516,25,12930.278931,True
58.671827,19,12931.174413,True
65.292939,68,12934.296251,True
64.822565,34,12935.904072,True
66.906251,38,12937.66606,True
58.253461,19,12938.546237,True
62.647098,28,12939.867486,True
58.933859,21,12940.874759,True
55.826354,12,12941.434666,True
60.881471,23,12942.491751,True
59.206471,20,12943.439556,True
62.73067,26,12944.66605,True
54.338118,48,12946.88406,True
59.017046,19,12947.773957,True
60.940421,66,12950.813227,True
57.301848,16,12951.569835,True
61.535777,25,12952.741883,True
53.632435,49,12954.994045,True
61.223244,23,12956.067874,True
61.284037,24,12957.183295,True
50.288594,2,12957.290877,True
58.209892,20,12958.2226,True
58.694483,20,12959.151645,True
59.955739,21,12960.152066,True
56.735702,16,12960.898971,True
52.289244,31,12962.357323,True
57.69621,19,12963.252529,True
62.096007,25,12964.428951,True
54.237791,11,12964.946707,True
61.342916,63,12967.936133,True
55.878301,13,12968.560134,True
56.158036,17,12969.360493,True
55.643138,16,12970.104656,True
54.489582,10,12970.582954,True
62.23226,63,12973.495582,True
61.843084,26,12974.740304,True
63.962412,36,12976.400377,True
60.203781,23,12977.472681,True
54.58231,11,12977.992775,True
63.182291,33,12979.517092,True
53.199904,46,12981.64767,True
61.519256,66,12984.674144,True
58.071086,20,12985.603376,True
60.800948,22,12986.632419,True
56.372555,15,12987.323161,True
55.371884,12,12987.89005,True
63.714133,29,12989.242842,True
64.099297,31,12990.663632,True
62.596318,27,12991.932694,True
57.178269,18,12992.801478,True
56.92276,18,12993.635705,True
60.35717,28,12995.010051,True
61.04481,58,12997.697306,True
64.775229,34,12999.265162,True
55.924157,45,13001.367295,True
62.937765,50,13003.645078,True
59.944978,21,13004.63146,True
59.206623,55,13007.165873,True
59.686379,19,13008.05503,True
57.545812,19,13008.947704,True
58.50393,52,13011.340701,True
57.978555,19,13012.237294,True
60.640598,35,13013.850868,True
63.437775,72,13017.181302,True
55.140346,11,13017.703559,True
57.533847,59,13025.701474,True
65.894079,34,13027.286261,True
60.58374,25,13028.512053,True
58.131148,20,13029.439185,True
56.715697,15,13030.150744,True
59.254063,21,13031.135623,True
58.783146,18,13031.976114,True
55.361715,22,13033.003485,True
55.926427,40,13034.841967,True
57.236209,15,13035.545368,True
62.145243,28,13036.882023,True
61.996563,24,13038.006315,True
63.267563,28,13039.306107,True
62.462035,25,13040.484629,True
58.174854,21,13041.454656,True
58.125265,18,13042.301674,True
57.81848,23,13043.368487,True
55.824276,12,13043.934751,True
64.561997,30,13045.337317,True
60.253892,21,13046.313155,True
56.939547,17,13047.094194,True
58.305726,21,13048.071381,True
62.663373,26,13049.299278,True
62.304004,25,13050.473279,True
60.113194,24,13051.589269,True
59.719862,23,13052.692229,True
57.58414,16,13053.427763,True
62.65068,27,13054.779238,True
52.892505,7,13055.117769,True
56.096219,24,13056.237065,True
55.698406,12,13056.797289,True
61.555213,60,13059.5548,True
63.036465,27,13060.813007,True
57.262875,16,13061.583681,True
55.213227,11,13062.10449,True
56.070894,32,13063.575798,True
60.823813,24,13064.701815,True
61.036446,25,13065.897324,True
56.904114,16,13066.655322,True
53.805743,12,13067.218579,True
57.850671,20,13068.146883,True
59.501975,22,13069.186487,True
60.132894,24,13070.305568,True
68.865902,43,13072.278906,True
62.012214,26,13073.514528,True
62.817922,28,13074.825406,True
58.985824,20,13075.781934,True
59.005943,19,13076.670044,True
63.126071,28,13078.047825,True
61.12745,24,13079.183186,True
60.855931,21,13080.158692,True
60.333249,22,13081.226786,True
61.197865,67,13084.30678,True
57.979967,59,13087.0183,True
59.05253,21,13087.996554,True
62.299259,67,13091.088141,True
62.753088,27,13092.405995,True
62.058157,26,13093.65341,True
61.709972,44,13095.671196,True
55.755314,13,13096.274918,True
59.163355,19,13097.168595,True
49.850464,1,13097.226683,True
62.910572,38,13098.995996,True
58.546598,22,13100.02393,True
61.521344,25,13101.237779,True
60.059824,22,13102.268068,True
61.020359,25,13103.461573,True
55.374741,22,13104.482476,True
60.676986,22,13105.511635,True
57.118979,21,13106.488168,True
59.579745,22,13107.516838,True
59.212841,23,13108.573962,True
61.351225,24,13109.740125,True
60.059497,23,13110.815451,True
54.272803,11,13111.325836,True
63.665852,70,13114.633622,True
62.5248,25,13115.806653,True
53.301115,45,13117.88659,True
58.871763,20,13118.816309,True
60.198261,26,13124.429941,True
61.999588,26,13125.653295,True
54.822324,11,13126.178924,True
58.987227,23,13127.24746,True
57.970889,24,13128.386826,True
64.75464,59,13131.100395,True
53.705174,10,13131.575239,True
54.86546,13,13132.186835,True
61.554121,24,13133.292177,True
63.613464,71,13136.578299,True
59.500081,21,13137.564626,True
63.812982,45,13139.642248,True
57.810875,60,13142.392171,True
56.828023,17,13143.187971,True
57.955693,20,13144.122558,True
59.890239,22,13145.153791,True
55.631264,14,13145.810781,True
60.018336,32,13147.275771,True
61.281945,27,13148.527091,True
61.892547,28,13149.814188,True
58.15243,19,13150.698537,True
55.698455,12,13151.266207,True
58.456188,19,13152.151884,True
58.435051,20,13153.079029,True
59.86003,23,13154.167974,True
60.94165,24,13155.283104,True
59.242179,22,13156.301074,True
55.319213,12,13156.878285,True
57.498118,18,13157.714396,True
64.850899,66,13160.734657,True
60.735124,25,13161.911395,True
57.033476,14,13162.570231,True
67.293577,67,13165.635079,True
53.860984,40,13167.482326,True
65.906009,63,13170.380347,True
62.909958,61,13173.266823,True
55.250877,11,13173.782338,True
55.999562,15,13174.477512,True
58.589518,18,13175.316243,True
63.145769,29,13176.658031,True
57.522216,15,13177.365591,True
56.556031,17,13178.157791,True
59.992904,64,13181.119138,True
58.998953,20,13182.050901,True
62.775399,28,13183.332066,True
63.033213,27,13184.610555,True
66.78685,68,13187.753227,True
65.613382,52,13190.162287,True
54.329299,10,13190.64036,True
63.336815,57,13193.264103,True
66.943844,54,13195.742612,True
59.116217,59,13198.465543,True
56.834497,17,13199.259591,True
57.276351,17,13200.056175,True
63.018697,29,13201.478136,True
59.173232,20,13202.412896,True
56.718271,20,13203.59159,True
56.842641,14,13204.240173,True
58.39779,18,13205.084535,True
56.733795,15,13205.793973,True
61.616558,25,13206.968198,True
60.50788,22,13207.994439,True
58.037717,27,13209.255843,True
51.236835,43,13211.235465,True
57.651644,56,13213.845619,True
55.011896,48,13216.058522,True
56.365842,27,13217.316566,True
59.916114,21,13218.32492,True
69.196794,44,13225.574223,True
62.246086,53,13228.020729,True
63.280712,28,13229.315352,True
59.837506,22,13230.351331,True
53.930518,48,13232.6302,True
61.597531,33,13234.151113,True
58.44968,17,13234.953139,True
58.43858,21,13235.933885,True
61.783923,27,13237.297517,True
62.390885,26,13238.528671,True
58.376843,34,13240.104651,True
62.145532,26,13241.303646,True
56.05978,27,13242.553603,True
55.126714,12,13243.111475,True
63.957608,32,13244.587039,True
54.666649,11,13245.099085,True
56.142428,16,13245.848802,True
61.027684,24,13246.976168,True
63.902473,48,13249.191814,True
63.057325,29,13250.584853,True
60.544539,23,13251.678689,True
57.272072,49,13253.919769,True
60.201439,23,13255.005759,True
57.83753,20,13255.951878,True
61.423865,24,13257.061715,True
58.376628,19,13257.956377,True
62.08448,25,13259.124192,True
63.388115,29,13260.489451,True
53.287386,13,13261.110424,True
58.82452,20,13262.036824,True
59.74158,21,13263.018356,True
59.001371,19,13263.906603,True
57.925147,19,13264.800388,True
59.495102,24,13265.914992,True
61.113637,26,13267.126943,True
57.061988,17,13267.939312,True
53.803461,9,13268.37287,True
55.340218,12,13268.933123,True
56.869595,16,13269.694492,True
57.293756,17,13270.483021,True
60.916692,23,13271.576077,True
60.561092,24,13272.700823,True
53.661516,9,13273.136415,True
57.885523,19,13274.021536,True
58.668175,19,13274.924081,True
61.932031,24,13276.040588,True
55.286582,33,13277.555208,True
61.673179,24,13278.677475,True
54.98629,12,13279.241552,True
61.063483,59,13281.96492,True
64.172019,30,13283.368321,True
54.272796,10,13283.854419,True
55.971161,14,13284.510951,True
54.221563,12,13285.076026,True
57.395856,52,13287.469479,True
60.775435,23,13288.529013,True
55.903187,14,13289.172527,True
60.941049,23,13290.276006,True
58.632113,21,13291.255317,True
53.816125,8,13291.701991,True
55.89719,14,13292.362565,True
53.814431,12,13292.926619,True
58.873868,21,13293.917721,True
59.698158,23,13294.969092,True
64.937522,32,13296.4757,True
59.885158,22,13297.501853,True
63.857859,32,13298.99117,True
62.1583,24,13300.129779,True
55.075087,13,13300.743898,True
63.091523,29,13302.087911,True
59.870111,21,13303.087123,True
58.459528,21,13304.075359,True
60.808755,23,13305.150967,True
66.401166,40,13307.011607,True
64.204195,50,13309.326464,True
57.501214,18,13310.171888,True
58.513804,19,13311.061155,True
64.918156,50,13313.373303,True
58.902529,18,13314.229232,True
61.849344,23,13315.327364,True
60.090226,20,13316.280011,True
63.420069,29,13317.635706,True
63.534435,36,13319.301509,True
60.134265,23,13320.375717,True
61.365632,33,13326.016961,True
59.305138,21,13326.995968,True
61.443084,25,13328.202838,True
55.525183,16,13328.9391,True
58.717339,19,13329.825953,True
60.403921,24,13330.960041,True
61.283273,24,13332.160738,True
61.885198,26,13333.420199,True
61.153525,24,13334.555243,True
64.603911,33,13336.078828,True
56.400034,13,13336.691207,True
54.769393,10,13337.165828,True
58.147393,18,13338.015467,True
55.180187,20,13338.957956,True
63.830415,29,13340.317523,True
60.378464,23,13341.389215,True
59.315151,19,13342.28728,True
62.345021,60,13345.034436,True
60.431894,24,13346.154186,True
51.795286,31,13347.568748,True
57.254568,15,13348.286359,True
53.118626,7,13348.619363,True
58.409187,18,13349.464081,True
58.20564,30,13350.878135,True
61.952168,55,13353.466728,True
57.324624,16,13354.221644,True
60.387873,22,13355.266593,True
55.727522,14,13355.926576,True
54.255815,10,13356.406791,True
59.855666,22,13357.437014,True
62.9431,27,13358.698632,True
59.509629,37,13360.411299,True
63.336585,57,13363.039966,True
62.895403,27,13364.325921,True
58.745342,19,13365.212011,True
56.438709,51,13367.556096,True
56.185999,13,13368.166243,True
58.880369,22,13369.201854,True
53.389579,7,13369.539639,True
62.444529,27,13370.864764,True
57.250345,16,13371.61252,True
61.703516,26,13372.879565,True
54.194818,8,13373.26509,True
59.238258,20,13374.20415,True
57.892516,33,13375.712498,True
62.429553,27,13376.968242,True
55.621352,47,13379.130547,True
60.368936,22,13380.160131,True
66.603741,70,13383.387721,True
61.102929,22,13384.423448,True
61.796432,54,13386.902826,True
66.451808,40,13388.739234,True
57.336296,16,13389.488423,True
53.537114,8,13389.857915,True
66.331955,51,13392.200686,True
62.546038,25,13393.369923,True
58.35746,20,13394.318445,True
64.388669,43,13396.289853,True
61.488336,23,13397.359736,True
53.893429,11,13397.872423,True
59.692178,21,13398.871407,True
60.362983,22,13399.893666,True
57.007784,15,13400.605406,True
60.397738,24,13401.737394,True
62.617803,26,13402.985844,True
60.251702,27,13404.235233,True
59.698639,22,13405.263488,True
58.938753,28,13406.551957,True
65.322761,66,13409.590605,True
56.899154,15,13410.360324,True
57.38849,22,13411.376156,True
58.980442,23,13412.438759,True
66.32605,53,13414.882755,True
56.181276,14,13415.549882,True
63.160593,27,13416.808541,True
61.642895,25,13417.984262,True
64.58613,32,13419.470401,True
58.064759,17,13420.277936,True
61.604773,26,13426.100814,True
57.41154,18,13426.957018,True
56.910336,18,13427.793642,True
60.000023,23,13428.884084,True
58.267116,20,13429.814232,True
59.472527,21,13430.801619,True
64.239102,57,13433.410968,True
63.544535,28,13434.715278,True
56.731494,14,13435.375472,True
62.028452,27,13436.659399,True
61.502206,43,13438.627792,True
53.391483,8,13438.997379,True
60.344845,21,13439.986302,True
58.560685,22,13441.021965,True
60.702868,22,13442.050858,True
60.805194,24,13443.17637,True
60.490116,23,13444.251445,True
61.193023,26,13445.52886,True
58.203706,20,13446.473078,True
59.828934,23,13447.542603,True
57.755,18,13448.380427,True
57.139499,19,13449.251892,True
60.515323,25,13450.421858,True
55.232871,13,13451.040082,True
58.988385,19,13451.925435,True
63.180155,51,13454.255054,True
60.128369,25,13455.409239,True
59.898366,20,13456.356679,True
56.728945,16,13457.108928,True
51.307033,36,13458.778345,True
60.574309,22,13459.809727,True
61.168874,53,13462.26283,True
63.419137,47,13464.424193,True
56.398751,14,13465.085886,True
65.69281,34,13466.66172,True
62.750029,29,13468.047499,True
58.077299,16,13468.818624,True
56.454218,14,13469.482101,True
62.866551,52,13471.935465,True
67.890281,41,13473.837896,True
65.67108,74,13477.229501,True
58.991282,20,13478.161342,True
61.629131,23,13479.216917,True
57.705295,33,13480.742248,True
60.749748,21,13481.718753,True
59.733977,24,13482.833422,True
61.567344,26,13484.057081,True
61.15354,57,13486.673548,True
58.260787,17,13487.487208,True
61.887509,24,13488.600381,True
56.765548,17,13489.408689,True
59.578076,63,13492.300795,True
57.778145,16,13493.042588,True
57.77947,17,13493.841666,True
64.057126,30,13495.252658,True
56.284636,14,13495.922526,True
62.957032,29,13497.312248,True
58.166352,19,13498.211654,True
60.221037,23,13499.306674,True
63.295618,29,13500.67765,True
63.599067,64,13503.631687,True
57.709098,16,13504.380739,True
55.509199,15,13505.078909,True
57.259379,33,13506.608876,True
62.168909,27,13507.861283,True
59.553958,23,13508.922971,True
61.491379,23,13510.006883,True
63.302614,31,13511.493195,True
58.721495,20,13512.45494,True
61.331309,23,13513.534881,True
62.353685,27,13514.813447,True
55.8501,12,13515.385258,True
60.926433,23,13516.472882,True
55.649742,20,13517.396859,True
59.771227,23,13518.490372,True
65.903547,55,13525.807503,True
58.409885,19,13526.700894,True
53.762456,8,13527.087007,True
59.38191,33,13528.611376,True
54.698205,11,13529.207399,True
50.078714,1,13529.264431,True
59.59881,21,13530.265524,True
60.822921,26,13531.505224,True
60.253987,25,13532.655081,True
58.16181,20,13533.59134,True
58.800416,23,13534.672767,True
60.193374,21,13535.665674,True
59.459119,21,13536.639469,True
59.221772,21,13537.645831,True
60.645626,24,13538.766722,True
56.769231,15,13539.48421,True
64.272816,72,13542.807169,True
63.676444,29,13544.156962,True
58.390443,58,13546.816958,True
60.185678,26,13548.023056,True
58.573463,19,13548.920722,True
62.690439,26,13550.122126,True
60.320396,22,13551.170661,True
61.731448,25,13552.343422,True
55.894247,14,13553.009616,True
61.980608,26,13554.30468,True
55.396965,12,13554.888106,True
60.376088,24,13556.032353,True
61.972772,24,13557.155133,True
59.673023,26,13558.359166,True
59.393949,20,13559.300366,True
61.544714,29,13560.69034,True
55.769527,39,13562.478428,True
57.587353,16,13563.232497,True
60.821328,22,13564.266799,True
55.681686,13,13564.881883,True
58.980428,25,13566.03599,True
61.525732,26,13567.283861,True
59.882162,22,13568.333657,True
53.97344,9,13568.755773,True
56.467747,17,13569.539158,True
61.531264,23,13570.624203,True
60.663656,23,13571.697607,True
57.650357,17,13572.499693,True
49.935849,1,13572.560049,True
65.544381,53,13574.998668,True
56.224252,16,13575.767997,True
56.236673,25,13576.915545,True
58.516451,19,13577.798778,True
57.597673,17,13578.593961,True
59.491425,22,13579.634704,True
64.824943,60,13582.385332,True
54.036903,9,13582.830153,True
55.041937,12,13583.394037,True
62.570414,41,13585.291591,True
57.255602,18,13586.13187,True
61.49754,25,13587.304854,True
55.726365,12,13587.86039,True
63.447441,67,13591.045811,True
66.498026,38,13592.829534,True
55.213501,14,13593.491814,True
61.806948,24,13594.618642,True
54.933542,14,13595.275483,True
67.517545,41,13597.176031,True
65.468579,40,13599.016204,True
59.298256,33,13600.53337,True
62.4949,25,13601.710924,True
59.36827,19,13602.596273,True
59.186144,25,13603.746687,True
60.981119,25,13604.94828,True
60.225987,29,13606.283432,True
56.427195,17,13607.087648,True
55.974563,16,13607.834256,True
58.375414,19,13608.736261,True
62.774381,27,13609.997679,True
54.521531,11,13610.536219,True
51.298348,4,13610.736435,True
63.485198,32,13612.199847,True
59.876005,25,13613.367051,True
64.360652,33,13614.896262,True
59.96353,24,13616.02828,True
56.509512,13,13616.648431,True
50.082112,1,13616.713299,True
61.297583,52,13619.103754,True
65.009843,72,13626.89285,True
62.930698,28,13628.241249,True
60.92501,23,13629.3517,True
60.327947,22,13630.378604,True
63.278575,30,13631.779753,True
58.935191,19,13632.673866,True
59.205385,21,13633.657402,True
57.849028,20,13634.601781,True
55.302678,15,13635.302413,True
55.785235,12,13635.887104,True
57.325212,19,13636.778786,True
53.149755,8,13637.15103,True
56.93657,15,13637.841526,True
55.266461,33,13639.353564,True
60.018465,25,13640.506475,True
61.0491,26,13641.756429,True
63.07933,61,13644.550274,True
54.723426,31,13645.965595,True
65.300205,48,13648.265158,True
60.443698,23,13649.360317,True
62.83754,69,13652.546931,True
56.508402,14,13653.20376,True
58.245761,22,13654.234934,True
56.142539,15,13654.937126,True
61.352202,23,13656.023604,True
62.897806,28,13657.347099,True
54.101049,12,13657.897915,True
55.654266,13,13658.503311,True
64.81582,32,13660.007534,True
62.36852,61,13662.803965,True
54.377333,10,13663.277117,True
58.311509,59,13665.989161,True
64.084023,51,13668.327682,True
57.061352,17,13669.119229,True
63.884221,38,13670.890337,True
56.954022,17,13671.691999,True
68.228441,40,13673.605702,True
55.243847,12,13674.19023,True
54.476388,46,13676.308838,True
60.898641,24,13677.434845,True
59.927037,21,13678.425665,True
61.324452,23,13679.49953,True
62.129877,59,13682.210436,True
60.313188,23,13683.28358,True
54.473496,11,13683.808891,True
58.677636,19,13684.700383,True
60.638918,24,13685.885142,True
61.656799,24,13687.027522,True
55.830453,13,13687.645391,True
58.573468,20,13688.580431,True
58.274594,21,13689.558641,True
59.398746,20,13690.500355,True
55.533904,13,13691.104848,True
58.798251,20,13692.032221,True
61.522413,25,13693.227571,True
61.030436,25,13694.410242,True
59.270811,19,13695.312863,True
64.135427,42,13697.23236,True
56.112054,14,13697.894402,True
59.602554,20,13698.82695,True
55.415295,39,13700.636961,True
59.840625,21,13701.627289,True
60.65131,22,13702.667635,True
54.900152,13,13703.285651,True
57.894281,17,13704.095937,True
59.056118,20,13705.039946,True
62.658313,29,13706.44783,True
57.033617,16,13707.251292,True
60.303217,23,13708.336688,True
59.291148,21,13709.331372,True
55.915226,12,13709.904021,True
67.549079,44,13711.96219,True
62.78921,28,13713.332599,True
60.080847,25,13714.499274,True
49.884036,1,13714.56012,True
56.678251,17,13715.340523,True
61.709156,25,13716.531796,True
61.133199,26,13717.733307,True
59.033461,20,13718.681063,True
60.871442,24,13719.809742,True
60.556134,24,13720.954034,True
60.284341,23,13726.427422,True
56.817684,36,13728.093409,True
62.123065,43,13730.07169,True
64.529374,31,13731.533293,True
59.00255,23,13732.604808,True
60.685069,25,13733.751477,True
57.306981,15,13734.460345,True
59.184533,22,13735.462843,True
64.153236,30,13736.847131,True
56.670775,45,13738.905519,True
65.027006,67,13742.004673,True
59.529506,21,13742.988402,True
67.210025,41,13744.894871,True
59.041081,37,13746.601665,True
59.901939,23,13747.686712,True
53.936097,51,13750.011512,True
60.392525,25,13751.16956,True
57.079874,20,13752.103379,True
60.315841,21,13753.096299,True
62.166454,51,13755.457488,True
62.238001,28,13756.774358,True
63.711781,47,13758.925033,True
59.620153,21,13759.919974,True
53.774952,8,13760.301865,True
59.678065,26,13761.501658,True
57.494391,19,13762.40094,True
59.509911,24,13763.501876,True
59.548038,24,13764.608684,True
57.248042,15,13765.327798,True
57.903391,20,13766.2773,True
53.856945,8,13766.716658,True
55.536938,11,13767.246557,True
54.235328,11,13767.781311,True
59.159494,66,13770.812552,True
61.839407,29,13772.158673,True
53.305569,7,13772.496666,True
64.261135,32,13773.995557,True
61.583298,41,13775.878326,True
60.105803,22,13776.932223,True
61.456383,24,13778.068334,True
65.559264,65,13781.057293,True
62.317091,24,13782.203372,True
63.876011,29,13783.564149,True
59.339283,23,13784.653931,True
60.811399,36,13786.300945,True
57.387421,18,13787.146545,True
57.459554,19,13788.035625,True
56.814523,16,13788.772403,True
62.338037,24,13789.910379,True
56.068564,15,13790.621467,True
59.32114,33,13792.130072,True
60.089152,25,13793.289437,True
60.369196,65,13796.26057,True
56.396776,15,13796.974996,True
59.040211,20,13797.930485,True
56.139612,15,13798.621155,True
55.705841,12,13799.181815,True
54.552819,11,13799.717951,True
62.416397,27,13800.98541,True
63.125498,30,13802.375581,True
61.049483,22,13803.437847,True
56.60339,16,13804.194862,True
61.954279,23,13805.288119,True
53.971885,51,13807.640932,True
62.584095,26,13808.883376,True
62.228785,52,13811.272986,True
55.470974,46,13813.390095,True
61.314358,24,13814.528466,True
62.766801,29,13815.894431,True
50.196237,1,13815.955027,True
63.460434,49,13818.213513,True
57.870282,18,13819.068043,True
55.959776,14,13819.740966,True
64.107054,43,13826.597504,True
54.88659,49,13828.866043,True
58.898304,44,13830.87643,True
56.798712,17,13831.663676,True
60.768834,21,13832.655286,True
65.28496,33,13834.183306,True
53.931889,9,13834.610542,True
55.746765,13,13835.24282,True
59.074095,20,13836.194644,True
64.952834,37,13837.915985,True
58.817435,60,13840.712252,True
60.150023,22,13841.755491,True
61.912395,23,13842.875674,True
59.740215,24,13844.001749,True
58.463665,20,13844.942201,True
53.873609,15,13845.649821,True
55.488365,15,13846.36886,True
63.243218,29,13847.724094,True
59.595426,20,13848.652766,True
64.114753,61,13851.481034,True
62.161907,26,13852.702007,True
56.861728,18,13853.545593,True
58.674355,60,13856.315408,True
60.76744,26,13857.528817,True
60.502562,22,13858.569383,True
62.513211,27,13859.897142,True
64.397296,47,13862.056933,True
61.530249,61,13864.841867,True
58.55726,61,13867.6319,True
60.556791,22,13868.681499,True
60.369599,24,13869.805888,True
63.629657,43,13871.78137,True
57.843695,17,13872.600702,True
54.811322,53,13875.053591,True
57.748864,18,13875.904831,True
61.346001,25,13877.117948,True
61.678675,28,13878.409275,True
58.852761,50,13880.712295,True
60.920261,22,13881.760305,True
61.658886,24,13882.903461,True
63.300524,29,13884.251534,True
59.287254,21,13885.325181,True
60.097464,23,13886.45138,True
53.831462,12,13887.012471,True
59.740949,21,13887.996127,True
61.36387,24,13889.118079,True
57.521659,22,13890.142249,True
63.22834,29,13891.516118,True
57.095897,57,13894.148016,True
56.687432,14,13894.815989,True
59.465839,20,13895.767665,True
55.052813,12,13896.347273,True
53.168135,7,13896.693715,True
57.191999,15,13897.420844,True
60.146949,24,13898.540061,True
55.019435,13,13899.161383,True
60.011935,21,13900.183048,True
59.178453,26,13901.397729,True
57.449193,16,13902.153152,True
60.514195,22,13903.197268,True
60.8614,23,13904.2954,True
57.567694,16,13905.070012,True
53.849407,39,13906.844753,True
63.736849,30,13908.245184,True
55.020582,11,13908.772439,True
60.341482,22,13909.829355,True
54.84205,12,13910.413528,True
59.952553,23,13911.479963,True
55.946702,15,13912.199004,True
54.519047,12,13912.767132,True
60.696506,26,13913.973747,True
54.706105,13,13914.586245,True
57.394988,17,13915.394783,True
62.72482,57,13918.013712,True
57.847428,18,13918.853794,True
63.001244,29,13920.222693,True
61.887302,26,13921.45247,True
62.771578,28,13927.545905,True
60.130222,25,13928.712615,True
56.399566,14,13929.376994,True
58.054355,19,13930.280605,True
54.271902,9,13930.710384,True
61.857588,26,13931.967073,True
62.917075,29,13933.405982,True
61.894058,25,13934.592119,True
67.305269,50,13936.884238,True
55.473125,14,13937.554973,True
56.697942,14,13938.212239,True
60.87395,24,13939.377083,True
58.383255,20,13940.333345,True
60.801494,23,13941.430592,True
53.384467,46,13943.549331,True
59.687865,19,13944.507346,True
60.812514,25,13945.665776,True
51.053027,29,13947.007181,True
55.981869,14,13947.657633,True
53.92549,31,13949.080472,True
63.846686,57,13951.692757,True
53.776357,10,13952.169156,True
57.451584,17,13952.977823,True
62.712799,31,13954.419675,True
58.91758,20,13955.357142,True
59.623794,21,13956.363625,True
58.389185,51,13958.700541,True
54.905328,11,13959.227787,True
54.799779,11,13959.748121,True
60.540547,22,13960.799744,True
57.394699,16,13961.562436,True
59.777862,22,13962.617226,True
57.407715,17,13963.445176,True
63.933429,31,13964.928573,True
59.637256,20,13965.878821,True
61.11423,23,13966.964491,True
58.090811,20,13967.903375,True
53.191435,7,13968.248866,True
62.488559,29,13969.612705,True
59.947419,23,13970.717377,True
53.328826,7,13971.063125,True
58.699179,18,13971.915833,True
59.114321,22,13972.946159,True
61.787288,25,13974.147536,True
58.941895,21,13975.149153,True
62.423258,27,13976.444362,True
58.44239,18,13977.322037,True
55.497665,13,13977.941406,True
61.834089,26,13979.185151,True
54.435331,10,13979.663325,True
60.439092,24,13980.806692,True
62.182801,27,13982.108971,True
54.557625,11,13982.627908,True
63.791227,30,13984.03684,True
60.005549,20,13985.001606,True
62.942684,62,13987.880268,True
60.589162,25,13989.06022,True
62.787157,60,13991.816684,True
59.565027,23,13992.887368,True
63.093932,28,13994.203541,True
54.094648,49,13996.452202,True
56.613918,16,13997.199098,True
62.592477,27,13998.459617,True
60.298748,22,13999.502659,True
57.756717,56,14002.112524,True
63.447007,28,14003.50021,True
58.56225,20,14004.44333,True
62.252051,65,14007.438143,True
63.221899,29,14008.820226,True
55.13379,12,14009.393844,True
58.800008,18,14010.236806,True
57.419502,17,14011.066738,True
58.753516,18,14011.921142,True
62.993,28,14013.230512,True
61.682121,27,14014.544278,True
58.642877,19,14015.44725,True
61.067375,26,14016.675913,True
63.717443,55,14019.208847,True
61.468835,24,14020.354083,True
62.598049,26,14021.639299,True
50.506649,1,14021.703592,True
59.548826,20,14022.648149,True
59.898235,40,14029.154179,True
60.656921,23,14030.237938,True
56.658779,20,14031.160945,True
56.316167,14,14031.828219,True
57.724802,19,14032.731237,True
57.505562,17,14033.544029,True
55.242894,13,14034.146869,True
55.841648,51,14036.520613,True
67.477816,37,14038.278983,True
54.211047,11,14038.79983,True
58.012529,16,14039.562114,True
58.536891,19,14040.458699,True
53.223719,50,14042.75142,True
65.368502,47,14044.918233,True
59.896633,20,14045.860162,True
60.4704,23,14046.94294,True
63.742312,60,14049.710637,True
60.184123,24,14050.872991,True
55.860695,13,14051.49687,True
59.68747,19,14052.401957,True
61.14201,26,14053.670626,True
62.193669,25,14054.862753,True
58.632104,21,14055.853383,True
56.311213,36,14057.486346,True
54.534295,11,14058.022785,True
56.863679,16,14058.768857,True
61.761937,25,14059.965008,True
59.087454,59,14062.765467,True
58.269674,17,14063.561792,True
56.605848,17,14064.369966,True
61.176127,25,14065.615218,True
59.981293,23,14066.710019,True
61.621314,25,14067.915621,True
53.223477,12,14068.494185,True
59.387043,19,14069.40062,True
54.699333,10,14069.900846,True
53.770058,8,14070.284663,True
60.801311,25,14071.4873,True
54.287215,11,14071.99972,True
59.630947,21,14072.989132,True
62.753971,29,14074.369487,True
64.850974,34,14075.942374,True
66.522235,36,14077.650579,True
59.200012,21,14078.646641,True
54.692139,53,14081.084568,True
62.896785,30,14082.484849,True
59.590173,21,14083.491972,True
57.888048,22,14084.51101,True
57.33285,16,14085.282161,True
56.231423,16,14086.041311,True
61.942921,66,14089.114141,True
58.175832,19,14089.999593,True
58.600294,20,14090.944711,True
63.402119,28,14092.252897,True
62.532969,43,14094.233068,True
63.752063,31,14095.759544,True
63.210589,29,14097.145946,True
55.847985,12,14097.706326,True
57.431767,15,14098.418542,True
60.090189,58,14101.086984,True
54.653352,11,14101.606847,True
64.081954,51,14103.939696,True
59.064609,58,14106.841321,True
60.312663,21,14107.854938,True
56.689129,14,14108.524468,True
61.708077,27,14109.824357,True
58.766563,41,14111.723627,True
59.20687,20,14112.682209,True
57.211342,19,14113.574468,True
55.243606,15,14114.274071,True
60.16615,21,14115.270939,True
60.16695,22,14116.327603,True
60.882146,24,14117.473282,True
57.816192,20,14118.411384,True
61.95668,49,14120.684989,True
62.606466,60,14123.542804,True
57.521085,16,14124.287741,True
59.332478,23,14130.301065,True
60.344489,21,14131.291609,True
63.094708,27,14132.56368,True
63.485406,30,14133.967288,True
66.559782,66,14137.015022,True
62.51124,27,14138.278566,True
59.549224,46,14140.409997,True
62.485578,69,14143.622604,True
57.032657,15,14144.327831,True
59.151708,20,14145.263753,True
67.460242,68,14148.363644,True
61.288299,25,14149.543725,True
57.355136,17,14150.338567,True
60.431157,25,14151.503986,True
55.365573,21,14152.491018,True
57.089236,16,14153.247618,True
62.306394,49,14155.513317,True
54.244516,43,14157.496354,True
53.952363,37,14159.193385,True
62.513454,26,14160.424111,True
56.216612,14,14161.082405,True
67.232702,52,14163.488876,True
56.397142,15,14164.203718,True
55.172015,13,14164.804003,True
63.009726,51,14167.137371,True
59.653513,21,14168.123753,True
62.772313,30,14169.512901,True
62.474421,40,14171.37077,True
61.858757,26,14172.593646,True
55.86251,13,14173.220112,True
58.788771,20,14174.182279,True
56.06282,51,14176.547001,True
56.587526,16,14177.300878,True
55.593077,12,14177.868942,True
63.834222,57,14180.578971,True
57.725588,19,14181.486341,True
57.060704,18,14182.332487,True
58.366934,20,14183.280221,True
55.048076,12,14183.851286,True
60.533567,22,14184.913282,True
57.127933,16,14185.66713,True
64.44222,31,14187.150245,True
60.288808,23,14188.242848,True
66.180423,63,14191.143012,True
60.303795,22,14192.172209,True
63.302057,27,14193.445414,True
58.596742,32,14194.911666,True
55.073621,13,14195.552092,True
59.93574,21,14196.5621,True
57.24958,17,14197.385692,True
57.032628,16,14198.148854,True
59.841233,24,14199.266878,True
56.434269,16,14200.029411,True
54.981839,18,14200.870486,True
59.404129,23,14201.975324,True
58.476492,36,14203.635948,True
61.267264,25,14204.848461,True
62.220267,54,14207.312049,True
62.825016,30,14208.720667,True
54.996613,14,14209.382497,True
58.408274,20,14210.321985,True
57.353336,18,14211.176152,True
61.737689,26,14212.419618,True
57.368347,19,14213.314382,True
56.998415,19,14214.196128,True
60.8029,22,14215.274313,True
61.307714,25,14216.480068,True
63.184657,27,14217.794252,True
55.960166,15,14218.496509,True
55.377166,12,14219.07586,True
55.292886,11,14219.595795,True
64.810552,72,14222.966809,True
64.654565,61,14225.784497,True
63.454998,28,14232.197477,True
60.849959,21,14233.212355,True
55.094855,42,14235.149777,True
59.366658,21,14236.147704,True
55.438558,13,14236.77282,True
54.773543,35,14238.381982,True
57.278883,18,14239.235495,True
62.229696,37,14241.011931,True
56.981001,17,14241.811168,True
57.343043,19,14242.69205,True
55.17611,13,14243.2997,True
53.818789,10,14243.791402,True
64.996709,35,14245.44173,True
57.464258,17,14246.248123,True
63.869331,66,14249.267678,True
55.883239,13,14249.897598,True
56.946317,15,14250.619132,True
60.361886,30,14252.014459,True
60.609994,25,14253.19578,True
63.290971,43,14255.172545,True
63.335193,29,14256.522406,True
62.628899,27,14257.804929,True
60.543245,52,14260.195731,True
62.145035,28,14261.60005,True
57.737804,17,14262.409865,True
57.853875,17,14263.215322,True
63.990747,40,14265.077635,True
55.297193,14,14265.750804,True
59.621051,23,14266.821476,True
56.29121,17,14267.614108,True
56.639793,46,14269.728371,True
53.706359,9,14270.174181,True
61.551941,66,14273.22192,True
55.867675,14,14273.883317,True
57.822125,16,14274.647344,True
62.593436,30,14276.059389,True
59.313635,19,14276.987836,True
60.393494,25,14278.171221,True
61.283414,26,14279.386612,True
54.160565,10,14279.862264,True
60.947004,61,14282.699827,True
61.555182,48,14284.915981,True
57.752917,18,14285.77018,True
61.197483,25,14286.99181,True
59.216321,20,14287.935858,True
68.75884,56,14290.527832,True
62.205023,61,14293.337436,True
61.355866,25,14294.508842,True
57.484613,17,14295.3351,True
53.949128,13,14295.947946,True
58.705399,22,14296.969882,True
64.76713,32,14298.469225,True
63.921857,62,14301.389874,True
59.79571,21,14302.390979,True
59.510775,31,14303.840928,True
63.552341,30,14305.262479,True
60.988993,23,14306.355153,True
54.995271,14,14307.009821,True
63.302054,52,14309.402853,True
61.758598,26,14310.657705,True
57.584371,17,14311.48605,True
61.490202,26,14312.695657,True
63.543151,28,14314.02167,True
62.590768,26,14315.283934,True
64.429646,45,14317.388944,True
59.738662,20,14318.34862,True
66.158813,38,14320.140836,True
52.870804,35,14321.734136,True
62.812472,28,14323.058513,True
59.670262,55,14325.623289,True
63.545689,30,14327.060688,True
55.336815,31,14333.431612,True
57.117314,15,14334.140407,True
63.284575,28,14335.474092,True
58.918383,58,14338.140656,True
54.563075,13,14338.773216,True
56.863487,15,14339.494544,True
58.274056,34,14341.063013,True
61.030793,25,14342.263548,True
62.666439,28,14343.58361,True
58.328735,19,14344.486056,True
55.973701,14,14345.153773,True
63.170048,30,14346.590084,True
61.917188,25,14347.78901,True
61.84203,26,14349.040773,True
53.416957,8,14349.424346,True
57.347117,51,14351.758227,True
64.190875,31,14353.207971,True
49.779021,1,14353.266196,True
57.754695,19,14354.143578,True
59.85555,20,14355.109939,True
61.851572,24,14356.26686,True
64.021526,43,14358.275085,True
61.528384,24,14359.504993,True
59.603123,45,14361.565717,True
58.488709,21,14362.557865,True
61.544263,28,14363.868722,True
59.482473,22,14364.921424,True
61.948389,25,14366.129021,True
57.814183,18,14366.982882,True
58.557126,61,14369.7999,True
59.888941,21,14370.804587,True
57.119753,20,14371.728104,True
57.809369,18,14372.59216,True
57.651475,41,14374.481516,True
67.035937,53,14376.919685,True
55.299012,12,14377.495679,True
61.895733,28,14378.824237,True
57.110305,16,14379.601626,True
58.253901,17,14380.421004,True
66.105149,49,14382.691776,True
65.44511,50,14385.002033,True
62.164364,25,14386.181998,True
51.886686,5,14386.435572,True
60.917845,24,14387.60814,True
55.827837,51,14389.957636,True
60.247968,22,14391.003674,True
62.622174,48,14393.206632,True
60.871741,36,14394.867139,True
58.469516,20,14395.8411,True
60.047857,22,14396.903918,True
63.632341,49,14399.181722,True
57.552208,21,14400.175307,True
62.950462,33,14401.730833,True
54.249155,12,14402.289793,True
62.35925,27,14403.593796,True
57.256489,18,14404.448197,True
59.183266,22,14405.506521,True
58.194993,20,14406.456032,True
61.117369,44,14408.492883,True
60.558579,62,14411.383088,True
52.243426,15,14412.08201,True
58.237063,21,14413.059462,True
56.929199,20,14413.991585,True
54.231149,9,14414.417244,True
55.48907,12,14414.986866,True
52.684457,30,14416.359238,True
60.123485,23,14417.450213,True
66.675699,40,14419.333109,True
58.575396,20,14420.272922,True
60.071062,22,14421.334805,True
57.389696,19,14422.220723,True
57.163018,18,14423.056177,True
61.747639,25,14424.262406,True
58.192363,20,14425.217447,True
62.808891,28,14426.557621,True
63.022464,28,14427.935183,True
52.189258,31,14433.867327,True
61.907788,24,14435.010072,True
59.431197,21,14436.007684,True
64.294773,32,14437.500213,True
61.22275,26,14438.709313,True
57.395191,16,14439.474534,True
64.082539,31,14440.914602,True
62.21776,25,14442.140765,True
62.87314,29,14443.497252,True
55.161485,15,14444.199825,True
65.564315,74,14447.626379,True
60.4915,22,14448.666073,True
54.269726,11,14449.187874,True
58.346741,19,14450.089341,True
60.852667,26,14451.316094,True
56.833554,18,14452.145943,True
54.787286,10,14452.626827,True
55.933345,13,14453.240008,True
60.239572,25,14454.424003,True
62.494299,28,14455.725425,True
55.15028,12,14456.310573,True
55.954985,15,14457.016763,True
56.097935,14,14457.702257,True
60.953379,24,14458.82233,True
58.171709,59,14461.572296,True
59.799253,23,14462.644546,True
57.69114,19,14463.547621,True
55.691942,16,14464.293014,True
60.238464,24,14465.445491,True
59.749315,23,14466.53809,True
58.01141,57,14469.216408,True
56.421364,13,14469.82884,True
61.011871,23,14470.894443,True
63.302949,29,14472.257311,True
53.035589,36,14473.969257,True
65.868139,50,14476.321259,True
58.331686,17,14477.120042,True
61.668265,25,14478.368924,True
57.491068,18,14479.209949,True
58.717097,18,14480.050049,True
63.356125,27,14481.301392,True
54.874962,11,14481.81991,True
58.609652,19,14482.704856,True
57.823036,18,14483.544976,True
62.250641,25,14484.709462,True
57.436771,56,14487.316554,True
57.75233,19,14488.197911,True
59.083424,20,14489.142359,True
57.815148,50,14491.443575,True
61.778546,49,14493.704498,True
61.638575,25,14494.881481,True
55.542557,13,14495.493554,True
59.10653,20,14496.425837,True
59.153544,25,14497.585428,True
49.890536,1,14497.645545,True
61.195133,26,14498.881968,True
58.40582,19,14499.78399,True
59.902153,21,14500.772296,True
52.635887,6,14501.058001,True
59.099401,21,14502.03917,True
58.424056,18,14502.893633,True
59.101736,20,14503.83875,True
61.522486,56,14506.404186,True
60.778043,23,14507.483412,True
59.133212,24,14508.596809,True
62.04325,33,14510.120084,True
60.544964,23,14511.200691,True
60.132976,24,14512.310866,True
58.815428,25,14513.460761,True
58.194708,18,14514.315003,True
54.713409,11,14514.830559,True
54.314332,12,14515.382651,True
61.161378,25,14516.564502,True
61.724974,23,14517.623765,True
54.648229,10,14518.095243,True
54.588038,11,14518.61846,True
63.358146,30,14520.137704,True
55.802089,15,14520.850731,True
58.801351,20,14521.781684,True
56.756159,49,14524.037338,True
58.389056,17,14524.843129,True
57.956168,19,14525.726562,True
59.729561,21,14526.706697,True
62.174405,26,14527.91245,True
58.21716,17,14528.722255,True
61.785903,23,14534.375843,True
59.046279,20,14535.310072,True
62.096695,25,14536.494814,True
62.530755,44,14538.581163,True
62.746904,28,14539.887657,True
59.316199,21,14540.881369,True
59.559618,24,14542.00842,True
61.732732,49,14544.258449,True
55.503997,14,14544.907229,True
61.65258,32,14546.391169,True
57.185831,19,14547.273424,True
60.673172,60,14550.023877,True
53.29703,8,14550.415776,True
57.158081,16,14551.149128,True
62.993972,29,14552.597605,True
56.375272,14,14553.261669,True
56.05224,15,14553.959504,True
57.621479,21,14554.931295,True
58.363088,19,14555.827708,True
59.035692,20,14556.761517,True
58.609006,19,14557.654922,True
57.063782,17,14558.436944,True
56.703966,44,14560.485412,True
60.683641,23,14561.558034,True
61.189043,25,14562.73588,True
62.179393,27,14564.011685,True
57.555792,16,14564.756844,True
56.371625,15,14565.462705,True
61.637491,61,14568.272418,True
63.410924,30,14569.685425,True
57.376007,17,14570.476547,True
61.782643,27,14571.734231,True
61.798479,24,14572.842409,True
56.641944,27,14574.095376,True
60.642912,21,14575.096208,True
62.923163,26,14576.324725,True
61.732302,26,14577.582349,True
61.266818,23,14578.659219,True
63.135945,47,14580.83636,True
57.028358,16,14581.593533,True
57.898059,17,14582.379725,True
60.984357,23,14583.451801,True
61.506932,25,14584.655236,True
57.994349,19,14585.536261,True
59.319399,21,14586.519572,True
65.04979,47,14588.693797,True
61.847925,25,14589.847472,True
49.872427,1,14589.909647,True
55.482672,13,14590.526435,True
55.863855,13,14591.143571,True
63.218028,27,14592.409641,True
54.658175,10,14592.895356,True
52.158515,33,14594.41275,True
55.712272,15,14595.115902,True
57.893351,17,14595.901862,True
61.349026,25,14597.133857,True
55.960287,16,14597.873909,True
62.148011,26,14599.10575,True
62.738162,40,14600.954229,True
56.162741,16,14601.689476,True
63.874327,45,14603.763506,True
62.721842,63,14606.674493,True
56.878312,15,14607.361261,True
59.602404,19,14608.249667,True
62.121734,33,14609.782657,True
52.110862,38,14611.539771,True
54.676742,13,14612.143735,True
55.507766,12,14612.724111,True
57.453433,16,14613.474289,True
57.045921,19,14614.342674,True
61.381109,24,14615.459338,True
59.185775,22,14616.491279,True
60.972843,23,14617.563215,True
56.1128,15,14618.262465,True
59.725408,20,14619.208066,True
58.184404,17,14620.004852,True
55.973792,14,14620.660972,True
55.658214,12,14621.223063,True
61.200866,24,14622.359097,True
60.604313,24,14623.479356,True
64.421139,41,14625.376884,True
58.545411,22,14626.400142,True
61.924819,55,14628.91749,True
58.224917,23,14634.579823,True
56.573698,15,14635.278029,True
58.623065,19,14636.156531,True
62.576649,27,14637.431956,True
64.210029,31,14638.894959,True
62.325579,27,14640.148721,True
61.763167,25,14641.320039,True
54.84739,50,14643.617172,True
54.171768,17,14644.412757,True
58.580989,61,14647.225855,True
60.302071,23,14648.328491,True
61.920066,24,14649.445171,True
61.331068,29,14650.78998,True
56.753497,17,14651.58321,True
61.887254,25,14652.755978,True
61.46903,48,14654.979244,True
56.69331,17,14655.831306,True
56.383217,15,14656.533675,True
62.177991,66,14659.56313,True
65.353093,61,14662.362448,True
59.480583,22,14663.39319,True
60.457484,24,14664.527906,True
62.960786,27,14665.77503,True
57.102277,16,14666.519374,True
56.284622,13,14667.124339,True
62.206285,27,14668.472229,True
62.227271,26,14669.689148,True
53.699011,8,14670.072608,True
57.94308,19,14670.950853,True
58.31627,19,14671.843255,True
62.13123,27,14673.192845,True
57.588749,15,14673.890184,True
62.054701,25,14675.042644,True
64.29692,36,14676.696778,True
63.701649,31,14678.250596,True
62.004988,24,14679.373895,True
56.649619,15,14680.075944,True
60.461036,24,14681.216907,True
59.612073,31,14682.665326,True
60.547171,22,14683.688317,True
53.931842,32,14685.165487,True
57.885129,18,14685.999746,True
62.580113,29,14687.399109,True
59.350608,61,14690.216926,True
60.502816,23,14691.282846,True
55.850301,14,14691.938928,True
54.699695,12,14692.499738,True
56.929462,17,14693.298258,True
61.655579,25,14694.491192,True
57.847181,17,14695.280969,True
66.996611,54,14697.740644,True
57.137781,19,14698.620657,True
60.036436,21,14699.619802,True
61.145255,22,14700.643688,True
56.255854,18,14701.475482,True
54.808436,12,14702.045212,True
62.768858,28,14703.347466,True
60.722568,46,14705.476239,True
60.257672,23,14706.542638,True
59.568066,21,14707.54648,True
52.800294,7,14707.879606,True
60.575792,42,14709.807845,True
59.883247,23,14710.876084,True
57.077998,16,14711.615937,True
54.466751,10,14712.094546,True
60.411893,54,14714.630635,True
57.138479,15,14715.381042,True
61.66606,25,14716.560218,True
61.08876,26,14717.754868,True
59.46819,24,14718.864701,True
56.69817,14,14719.53803,True
61.101871,25,14720.742652,True
54.541176,11,14721.26891,True
62.030183,24,14722.383131,True
59.734242,40,14724.254246,True
49.712354,1,14724.309645,True
61.173695,26,14725.592163,True
55.384343,33,14727.113011,True
59.597944,19,14728.014715,True
58.377609,19,14728.920288,True
62.558667,26,14730.172182,True
58.187886,19,14735.48878,True
63.652054,28,14736.799467,True
57.182448,17,14737.604731,True
58.508712,18,14738.436051,True
59.497971,32,14739.921715,True
53.058901,8,14740.302713,True
57.816857,16,14741.062195,True
61.4308,25,14742.28109,True
55.39296,42,14744.244345,True
54.249932,11,14744.776299,True
61.954632,27,14746.112963,True
59.142122,22,14747.141161,True
58.40053,19,14748.041737,True
59.828718,22,14749.082194,True
61.073977,56,14751.636499,True
59.977738,21,14752.603397,True
56.925259,14,14753.268391,True
58.130547,18,14754.096837,True
60.149388,62,14756.954482,True
58.034103,58,14759.645139,True
61.191062,25,14760.819605,True
52.244147,45,14762.88754,True
56.100681,14,14763.557723,True
54.793149,10,14764.026193,True
61.274603,24,14765.169356,True
61.734374,26,14766.415367,True
57.850502,24,14767.531404,True
53.803404,9,14767.959605,True
58.994579,21,14768.954511,True
64.605402,33,14770.486813,True
59.252723,44,14772.515254,True
60.898585,23,14773.613925,True
58.607596,17,14774.465335,True
51.57427,41,14776.364278,True
58.111709,18,14777.215985,True
58.998147,61,14780.013332,True
58.911142,20,14780.939533,True
61.031094,60,14783.694567,True
58.981788,21,14784.691155,True
61.199986,45,14786.765018,True
54.81489,11,14787.29263,True
62.177988,27,14788.629085,True
61.21301,24,14789.755215,True
60.124305,20,14790.696554,True
61.639499,25,14791.887853,True
54.449719,9,14792.312495,True
61.524694,25,14793.518924,True
58.242256,21,14794.496051,True
57.338411,17,14795.29869,True
55.366827,15,14795.996679,True
60.308779,23,14797.067408,True
63.833808,45,14799.115445,True
62.647479,27,14800.386667,True
62.209493,27,14801.669108,True
53.87489,18,14802.507828,True
57.16376,21,14803.47835,True
64.437397,40,14805.333453,True
56.915035,16,14806.093359,True
52.813387,47,14808.257023,True
57.697583,18,14809.107759,True
63.917975,68,14812.253821,True
57.342934,16,14813.000437,True
55.166077,13,14813.61046,True
62.19274,26,14814.812418,True
61.657284,56,14817.411987,True
57.722605,16,14818.170071,True
66.947145,37,14819.885712,True
59.918657,22,14820.919495,True
59.398964,21,14821.914842,True
62.651967,26,14823.154428,True
58.685124,18,14824.002736,True
53.346135,22,14825.015351,True
63.115627,26,14826.226055,True
62.525678,37,14827.934613,True
54.860531,11,14828.458837,True
61.042017,25,14829.638237,True
60.864867,23,14835.295844,True
61.308139,23,14836.364734,True
65.445542,64,14839.327218,True
57.754298,18,14840.178125,True
58.592295,21,14841.167896,True
62.291577,38,14842.921206,True
60.420075,23,14844.028269,True
57.039276,38,14845.772921,True
55.567318,34,14847.332175,True
54.749048,10,14847.809327,True
63.137938,26,14849.035717,True
58.065685,29,14850.380054,True
60.208532,25,14851.545115,True
60.216896,20,14852.488959,True
53.857705,8,14852.873162,True
56.738704,14,14853.521088,True
55.594537,15,14854.225056,True
62.46956,28,14855.580431,True
56.974722,19,14856.45451,True
58.425447,18,14857.300869,True
62.087751,26,14858.500654,True
59.094805,20,14859.433161,True
55.199884,38,14861.180133,True
62.496844,27,14862.442364,True
57.381472,23,14863.522182,True
60.413575,23,14864.589492,True
62.064294,25,14865.750724,True
63.88105,30,14867.127873,True
55.64263,52,14869.503314,True
58.627691,20,14870.438148,True
61.206796,25,14871.610205,True
55.466209,15,14872.307199,True
53.19489,39,14874.098501,True
59.384961,37,14875.797755,True
61.675464,24,14876.910072,True
62.115067,25,14878.07533,True
59.72143,21,14879.067788,True
53.880691,49,14881.32506,True
62.250693,67,14884.401172,True
59.119174,18,14885.254391,True
55.570721,16,14886.005873,True
61.691361,27,14887.298955,True
63.25585,29,14888.661991,True
62.317829,66,14891.689864,True
63.953469,30,14893.094014,True
49.951396,1,14893.214592,True
57.91707,17,14894.018995,True
62.170683,28,14895.373127,True
63.395791,42,14897.318614,True
63.439586,29,14898.677272,True
56.334622,15,14899.385108,True
56.640446,18,14900.225257,True
57.438453,18,14901.061748,True
65.255517,33,14902.575067,True
56.87875,19,14903.464005,True
58.763732,61,14906.265189,True
60.7682,24,14907.396484,True
63.448677,59,14910.115303,True
62.417916,26,14911.337344,True
61.533963,27,14912.624154,True
52.762567,7,14912.949819,True
61.781631,25,14914.113903,True
59.386053,28,14915.408695,True
58.175303,59,14918.09881,True
57.248204,19,14918.975305,True
58.006203,19,14919.859836,True
62.921247,38,14921.596647,True
66.259158,52,14923.981223,True
60.874789,63,14926.917806,True
60.309751,21,14927.931125,True
54.28339,9,14928.366961,True
59.131222,22,14929.412145,True
60.505286,24,14935.33378,True
60.709757,64,14938.297553,True
62.560726,27,14939.624291,True
49.746365,1,14939.687421,True
56.849025,57,14942.339877,True
60.760773,22,14943.353367,True
55.917015,15,14944.05393,True
59.488705,24,14945.153569,True
59.794734,21,14946.133262,True
61.30503,23,14947.215506,True
53.857096,9,14947.639038,True
58.760341,20,14948.574248,True
62.517624,26,14949.794289,True
57.031575,18,14950.636836,True
64.034569,31,14952.064059,True
63.390701,29,14953.481461,True
56.69191,17,14954.275601,True
65.180259,51,14956.608133,True
62.720208,27,14957.867992,True
54.041458,46,14959.999236,True
62.197154,26,14961.208361,True
62.296703,25,14962.398814,True
61.927918,26,14963.644819,True
61.133624,23,14964.726995,True
57.117806,15,14965.438621,True
55.926921,13,14966.060316,True
61.005844,25,14967.277758,True
58.442258,20,14968.203909,True
62.686603,27,14969.463899,True
56.81478,15,14970.167973,True
56.252828,14,14970.83409,True
60.729282,21,14971.813169,True
65.073613,31,14973.265424,True
61.626022,25,14974.439559,True
62.859733,26,14975.643384,True
57.580047,46,14977.762864,True
62.533989,27,14979.02418,True
59.0353,19,14979.909631,True
61.234464,26,14981.209467,True
61.573475,60,14983.986676,True
60.464771,22,14985.017394,True
54.047044,9,14985.442593,True
60.220049,39,14987.233714,True
59.891853,23,14988.300884,True
65.130842,72,14991.635833,True
55.783685,14,14992.292696,True
58.905069,19,14993.188275,True
56.429307,14,14993.852907,True
62.272884,27,14995.165281,True
54.889956,12,14995.736618,True
56.917454,19,14996.872163,True
61.704098,28,14998.158395,True
55.092744,12,14998.723541,True
57.293297,15,14999.43143,True
59.837379,21,15000.424682,True
61.760523,25,15001.570651,True
56.96127,15,15002.291888,True
59.555964,22,15003.310164,True
60.737004,24,15004.430079,True
57.290774,19,15005.312529,True
55.083888,12,15005.884072,True
60.931921,25,15007.058972,True
56.361739,14,15007.727431,True
57.254601,58,15010.39727,True
64.615583,31,15011.904834,True
58.327254,18,15012.776519,True
62.785384,45,15014.843616,True
59.812875,25,15015.994094,True
58.580952,53,15018.4388,True
52.10605,7,15018.773352,True
58.201323,17,15019.572842,True
62.663056,27,15020.850387,True
54.968965,11,15021.371761,True
62.643699,27,15022.634423,True
58.274984,18,15023.481795,True
50.60082,2,15023.591463,True
56.564055,16,15024.33585,True
58.846265,21,15025.316701,True
57.390943,49,15027.565269,True
58.979302,19,15028.432449,True
59.82124,22,15029.479098,True
60.046608,22,15030.493219,True
57.016783,15,15031.192134,True
58.64505,19,15036.888682,True
63.498122,27,15038.157965,True
60.96757,23,15039.23406,True
49.95368,1,15039.295039,True
59.456762,19,15040.193662,True
61.031389,26,15041.427116,True
62.222341,28,15042.759592,True
51.64043,33,15044.2799,True
57.929479,17,15045.087151,True
56.009507,13,15045.689519,True
49.977236,1,15045.752779,True
54.107318,10,15046.225507,True
49.845094,1,15046.282391,True
54.335171,18,15047.137144,True
62.086085,46,15049.25008,True
58.913295,18,15050.093418,True
57.507529,19,15050.986811,True
62.526471,27,15052.267526,True
62.809995,27,15053.523715,True
60.175004,63,15056.438915,True
58.239798,18,15057.283396,True
59.346473,20,15058.233908,True
56.532969,14,15058.903452,True
64.109575,32,15060.387987,True
54.471769,46,15062.524823,True
60.791963,24,15063.640208,True
53.971853,9,15064.07475,True
57.169712,18,15064.911587,True
58.432478,20,15065.840249,True
57.813192,18,15066.682646,True
51.642614,18,15067.512327,True
60.595319,23,15068.591264,True
53.472531,8,15068.969879,True
62.864495,29,15070.334642,True
62.823317,26,15071.608094,True
59.42242,20,15072.565729,True
54.578482,11,15073.083235,True
58.506211,22,15074.109418,True
58.12769,17,15074.910795,True
57.728629,16,15075.673358,True
55.203588,51,15078.009865,True
61.670867,25,15079.166993,True
58.192912,17,15079.960191,True
58.276891,20,15080.88674,True
54.10475,10,15081.350441,True
55.636354,13,15081.968231,True
50.09136,1,15082.032169,True
66.043211,50,15084.328555,True
54.443868,16,15085.076605,True
63.809076,29,15086.430603,True
57.692398,17,15087.240376,True
60.127755,22,15088.284419,True
59.133485,18,15089.117934,True
63.853717,29,15090.46429,True
58.883174,23,15091.510366,True
58.378365,17,15092.30847,True
57.17956,14,15092.985607,True
63.114206,30,15094.410794,True
62.510439,26,15095.649641,True
55.005043,15,15096.348649,True
55.629953,13,15096.970705,True
49.89115,1,15097.029912,True
61.201058,25,15098.203439,True
66.048838,46,15100.312392,True
62.146127,28,15101.681162,True
59.064388,22,15102.699338,True
62.220264,25,15103.887523,True
58.402259,19,15104.769793,True
64.647031,33,15106.304859,True
66.764778,66,15109.343437,True
53.389767,7,15109.684718,True
61.460559,48,15111.903321,True
61.721047,25,15113.085773,True
63.315996,30,15114.552058,True
57.288842,15,15115.255908,True
60.505965,25,15116.44527,True
63.211109,30,15117.853329,True
60.337577,21,15118.846609,True
59.483181,20,15119.789441,True
56.264805,13,15120.392731,True
64.565933,61,15123.181842,True
65.707388,50,15125.473939,True
63.9302,71,15128.734543,True
52.320628,8,15129.11408,True
54.283794,12,15129.679845,True
61.972822,63,15137.201721,True
59.494279,23,15138.268222,True
51.69037,7,15138.603571,True
60.488537,22,15139.630889,True
54.683682,32,15141.109599,True
61.207815,26,15142.32607,True
57.907331,19,15143.209849,True
53.453123,8,15143.600896,True
60.944133,24,15144.725125,True
60.852294,22,15145.74913,True
53.67466,8,15146.141867,True
59.790811,24,15147.254517,True
54.552561,43,15149.239506,True
58.928469,19,15150.134329,True
56.834972,53,15152.556233,True
62.765697,58,15155.213809,True
58.445296,20,15156.14419,True
60.780402,24,15157.291117,True
54.784465,11,15157.8148,True
50.088942,1,15157.870438,True
62.221222,55,15160.39733,True
60.697345,23,15161.470212,True
57.453616,16,15162.222883,True
53.536548,9,15162.647122,True
62.643562,27,15163.922666,True
54.897279,10,15164.39588,True
58.274872,22,15165.419519,True
59.773667,21,15166.413667,True
60.841784,24,15167.557128,True
60.758885,24,15168.675804,True
58.629851,19,15169.562437,True
63.485391,29,15170.95309,True
58.351387,52,15173.349398,True
60.594987,35,15174.95828,True
59.031514,21,15175.935364,True
61.350956,34,15177.510284,True
54.631899,11,15178.016362,True
61.719405,27,15179.288786,True
57.587592,20,15180.218002,True
57.806656,19,15181.11337,True
55.87038,13,15181.728339,True
61.251426,56,15184.296677,True
58.265398,51,15186.653747,True
57.526666,27,15187.916921,True
59.896564,21,15188.892893,True
61.747148,25,15190.127421,True
60.061962,22,15191.161536,True
62.580954,27,15192.446411,True
62.301376,53,15194.861954,True
56.931829,14,15195.521243,True
57.27487,18,15196.374399,True
59.937777,22,15197.427191,True
61.588007,39,15199.214283,True
54.12728,10,15199.686031,True
56.931395,14,15200.339761,True
62.191145,27,15201.669638,True
61.351999,23,15202.73708,True
62.086541,26,15203.958322,True
54.07451,10,15204.440035,True
62.332692,26,15205.654765,True
56.530863,19,15206.52587,True
58.789116,21,15207.502839,True
59.605629,21,15208.496232,True
56.393573,52,15210.876302,True
61.766829,25,15212.045044,True
59.8022,59,15214.767436,True
55.791558,15,15215.469626,True
62.623683,27,15216.727406,True
54.918433,10,15217.197595,True
61.954947,32,15218.677104,True
64.09593,33,15220.215419,True
62.989561,63,15223.109428,True
60.55029,24,15224.221432,True
60.061831,23,15225.308895,True
57.485066,16,15226.075187,True
61.306429,24,15227.197705,True
61.90118,37,15228.89865,True
58.584742,17,15229.690233,True
59.290934,21,15230.677739,True
59.866744,22,15231.717883,True
57.124463,16,15237.087672,True
61.680791,42,15239.0277,True
67.197938,66,15242.05926,True
55.34403,14,15242.719648,True
52.612435,6,15243.00482,True
58.504356,21,15243.991452,True
57.477393,18,15244.829784,True
59.495434,54,15247.292756,True
58.647337,22,15248.312791,True
59.987539,25,15249.522518,True
65.959675,64,15252.449191,True
55.444977,13,15253.053694,True
63.003143,29,15254.475878,True
56.79983,16,15255.230309,True
60.983588,55,15257.761923,True
60.987319,24,15258.924187,True
58.379952,20,15259.858793,True
56.92156,15,15260.561306,True
59.675633,24,15261.690051,True
61.13856,23,15262.764367,True
56.896035,28,15264.048031,True
60.663717,23,15265.117481,True
56.310192,13,15265.733713,True
55.577454,15,15266.428262,True
61.459298,24,15267.53515,True
57.742228,16,15268.292637,True
67.652433,54,15270.771569,True
57.450832,20,15271.702946,True
58.452051,17,15272.492253,True
61.34776,23,15273.565951,True
54.28304,9,15273.991723,True
56.881169,15,15274.696627,True
59.412993,27,15275.946088,True
57.617979,17,15276.75184,True
59.72669,20,15277.687162,True
60.15351,24,15278.80213,True
60.905583,44,15280.823525,True
57.85929,21,15281.812943,True
60.570409,25,15283.030468,True
59.846034,23,15284.13403,True
57.726022,16,15284.891245,True
60.034053,20,15285.824148,True
55.914535,14,15286.483112,True
55.634347,12,15287.061601,True
58.125804,17,15287.863188,True
61.224897,24,15288.985008,True
61.64199,25,15290.178879,True
57.416029,15,15290.895471,True
60.131042,24,15292.055389,True
61.555711,26,15293.272953,True
62.709141,29,15294.645701,True
59.696579,20,15295.613393,True
56.403368,15,15296.31398,True
56.851934,15,15297.022877,True
55.053766,12,15297.586482,True
63.457021,29,15298.925383,True
55.60863,13,15299.53422,True
64.95253,51,15301.867432,True
56.223472,17,15302.664981,True
66.488496,48,15304.880068,True
60.861093,26,15306.072028,True
57.177433,15,15306.772977,True
65.827922,51,15309.178834,True
54.616152,28,15310.47429,True
61.578775,25,15311.639532,True
54.784564,14,15312.301103,True
64.783453,34,15313.876507,True
61.838205,47,15316.018743,True
61.930943,26,15317.255062,True
55.793768,38,15319.000791,True
61.310966,25,15320.152595,True
61.822367,25,15321.345053,True
61.867658,25,15322.520451,True
59.534087,24,15323.637327,True
56.63628,17,15324.425632,True
61.75195,25,15325.638362,True
59.122097,19,15326.533615,True
61.433669,24,15327.676347,True
57.237216,19,15328.556221,True
60.732276,30,15329.946571,True
68.647814,43,15331.949879,True
59.902754,21,15337.432226,True
54.388234,9,15337.850871,True
57.347902,18,15338.688121,True
61.650207,27,15340.047695,True
63.483616,28,15341.357374,True
63.850158,30,15342.76447,True
57.438863,56,15345.315813,True
60.141514,24,15346.419513,True
55.975652,12,15347.003699,True
58.163547,17,15347.808131,True
61.713893,25,15348.978563,True
51.737851,4,15349.172056,True
57.434979,16,15349.920564,True
55.199192,11,15350.455524,True
59.364989,23,15351.542533,True
59.72303,23,15352.610642,True
62.133128,26,15353.818129,True
56.876191,18,15354.646334,True
59.334957,19,15355.567144,True
60.013763,24,15356.680463,True
56.103719,13,15357.296392,True
65.938456,63,15360.189957,True
56.050644,17,15360.98953,True
59.257276,30,15362.360672,True
61.807641,23,15363.454006,True
57.61992,58,15366.095861,True
64.861831,36,15367.748151,True
61.963699,25,15368.983835,True
62.263472,26,15370.200309,True
54.452654,11,15370.731522,True
61.754454,26,15371.979839,True
61.007059,23,15373.063659,True
58.30382,19,15373.950666,True
56.410688,51,15376.290103,True
57.893497,17,15377.085235,True
61.444856,40,15378.930853,True
56.195216,15,15379.632557,True
58.121309,18,15380.481527,True
59.176549,19,15381.387189,True
59.842956,23,15382.460619,True
57.582494,19,15383.360859,True
54.455935,12,15383.926715,True
55.089843,22,15384.946408,True
62.547484,49,15387.184786,True
55.947912,15,15387.89014,True
59.265455,21,15388.883744,True
59.336004,21,15389.876646,True
51.745216,44,15391.896206,True
56.84506,17,15392.700926,True
55.866342,26,15393.911813,True
54.925489,12,15394.48297,True
57.130171,21,15395.457424,True
58.39755,21,15396.427336,True
62.243202,28,15397.829911,True
62.798191,64,15400.778196,True
60.332175,22,15401.825928,True
57.542607,18,15402.666585,True
56.495627,16,15403.414889,True
57.719694,44,15405.462387,True
61.452696,25,15406.620009,True
61.808467,23,15407.715868,True
61.27759,22,15408.767968,True
64.089814,59,15411.489425,True
50.609752,2,15411.595116,True
60.18485,23,15412.650004,True
67.255841,69,15415.787941,True
61.240705,43,15417.763255,True
55.928858,55,15420.277007,True
56.26515,17,15421.069738,True
62.065198,25,15422.239402,True
61.562704,23,15423.333077,True
58.138524,16,15424.079536,True
65.981724,35,15425.725108,True
53.674784,9,15426.149753,True
61.649315,55,15428.753104,True
57.555497,57,15431.369312,True
60.25938,21,15437.353662,True
59.331102,21,15438.341916,True
58.551216,18,15439.191136,True
58.66633,22,15440.206131,True
57.266441,18,15441.040848,True
61.423873,25,15442.216355,True
57.790772,19,15443.117847,True
63.110969,26,15444.33274,True
56.446009,14,15444.98302,True
58.132993,18,15445.817731,True
54.342262,10,15446.307207,True
57.334296,47,15448.468465,True
60.140404,24,15449.589452,True
61.235476,22,15450.607641,True
53.461991,8,15450.988293,True
55.446675,14,15451.645716,True
60.269725,25,15452.826869,True
58.842557,22,15453.877764,True
59.798453,22,15454.927475,True
58.985824,19,15455.81233,True
58.167081,20,15456.757755,True
56.69736,16,15457.519506,True
56.408842,15,15458.214354,True
55.806138,17,15459.004812,True
54.86505,11,15459.536514,True
63.952378,32,15461.02553,True
59.243339,30,15462.414464,True
55.249966,51,15464.768067,True
64.172713,34,15466.329723,True
58.477151,53,15468.774796,True
61.038026,23,15469.847377,True
57.954359,29,15471.182617,True
56.119131,14,15471.835757,True
63.882633,30,15473.264466,True
62.28323,26,15474.503137,True
60.60551,23,15475.593037,True
58.427832,19,15476.491951,True
59.901701,21,15477.483533,True
60.505351,22,15478.512123,True
64.987098,64,15481.462392,True
60.601864,22,15482.489976,True
60.086741,24,15483.60522,True
56.920095,17,15484.397633,True
58.102043,59,15487.16748,True
61.68403,25,15488.34058,True
62.461371,25,15489.515991,True
58.788296,20,15490.45971,True
55.795485,14,15491.103677,True
61.321209,51,15493.451823,True
61.209822,26,15494.727906,True
62.701217,27,15496.007413,True
62.522181,67,15499.082088,True
56.751264,16,15499.839671,True
59.405101,21,15500.813302,True
58.880753,18,15501.661947,True
59.04513,25,15502.821556,True
56.901736,40,15504.669797,True
59.309451,22,15505.696197,True
60.966167,23,15506.783406,True
59.357966,24,15507.89831,True
57.435628,32,15509.358441,True
55.711738,14,15510.016747,True
60.101625,39,15511.812778,True
60.695766,24,15512.955253,True
55.746239,12,15513.521597,True
57.122786,19,15514.413341,True
60.099067,23,15515.494287,True
63.177188,38,15517.244877,True
54.658423,10,15517.732767,True
58.093714,18,15518.589254,True
62.97714,28,15519.912997,True
64.212803,29,15521.27894,True
52.401436,13,15521.890973,True
62.209973,26,15523.101606,True
62.018384,27,15524.419997,True
55.22478,12,15524.99912,True
60.399742,22,15526.038268,True
58.135896,18,15526.895819,True
57.872761,58,15529.568284,True
57.417199,18,15530.407147,True
58.829638,20,15531.340032,True
62.798341,28,15532.658423,True
61.71228,25,15538.221509,True
58.51242,22,15539.254783,True
60.21002,27,15540.502851,True
62.282662,30,15541.885777,True
56.494441,16,15542.638989,True
55.8555,27,15543.873664,True
61.789835,25,15545.061748,True
57.421473,18,15545.916689,True
54.177183,10,15546.463688,True
57.834587,19,15547.368518,True
62.240823,25,15548.539829,True
59.490835,23,15549.626745,True
64.585022,41,15551.50586,True
53.869956,11,15552.020877,True
62.896162,26,15553.231763,True
56.447557,18,15554.074556,True
60.387277,23,15555.186235,True
59.610805,21,15556.172719,True
61.600947,24,15557.319319,True
60.62593,23,15558.421891,True
56.462079,15,15559.129177,True
59.520123,61,15561.934919,True
57.114186,15,15562.63972,True
59.069733,21,15563.629658,True
63.124,28,15564.959416,True
59.057622,19,15565.850849,True
49.93758,1,15565.909547,True
52.242255,17,15566.697233,True
61.784296,24,15567.840951,True
53.039952,8,15568.224268,True
62.941599,28,15569.52949,True
53.230472,7,15569.860203,True
61.31586,24,15571.036616,True
59.278777,19,15571.949814,True
55.424647,13,15572.557614,True
59.413471,46,15574.674027,True
63.892287,52,15577.069466,True
62.137648,26,15578.316344,True
58.336247,19,15579.206815,True
57.659877,26,15580.402364,True
56.84597,16,15581.164199,True
61.024489,24,15582.320954,True
65.605411,45,15584.42043,True
58.016634,17,15585.226889,True
60.374852,23,15586.311364,True
59.118687,19,15587.203682,True
64.582818,45,15589.265134,True
62.29559,26,15590.488772,True
61.549172,26,15591.718257,True
59.470634,24,15592.835397,True
58.628687,23,15593.924742,True
57.299052,16,15594.677834,True
63.908589,34,15596.24516,True
58.890875,44,15598.253665,True
54.240482,9,15598.692291,True
65.587191,72,15602.026215,True
55.867396,13,15602.634707,True
62.159938,27,15603.87671,True
59.685024,21,15604.883402,True
62.301439,44,15606.961838,True
64.444377,71,15610.235367,True
64.877765,46,15612.369975,True
61.321214,33,15613.886214,True
59.522913,23,15614.944164,True
55.155503,15,15615.641378,True
57.172671,15,15616.337388,True
56.764261,14,15617.006453,True
62.488474,27,15618.343735,True
61.16391,22,15619.373536,True
61.535545,25,15620.553896,True
55.000839,12,15621.122888,True
67.029923,53,15623.581394,True
55.410243,16,15624.326699,True
59.419664,22,15625.349406,True
56.065626,15,15626.04367,True
51.339094,4,15626.238388,True
53.725881,10,15626.709195,True
60.681947,21,15627.708252,True
55.13344,12,15628.278574,True
57.175461,17,15629.089256,True
57.342616,35,15630.700494,True
54.782759,10,15631.169418,True
59.691891,20,15632.11896,True
60.934902,23,15633.214791,True
62.417317,27,15639.114545,True
61.441857,25,15640.282647,True
60.22844,59,15643.005425,True
59.115324,20,15643.944255,True
58.448656,20,15644.881456,True
53.913852,10,15645.347181,True
63.091522,30,15646.785724,True
63.344248,27,15648.038698,True
60.248309,22,15649.077673,True
62.236225,28,15650.449931,True
58.164166,19,15651.348956,True
58.077006,20,15652.287787,True
56.123869,14,15652.947549,True
60.430845,64,15655.89226,True
56.950739,17,15656.671449,True
60.810979,22,15657.717478,True
55.268606,13,15658.327401,True
50.338219,36,15659.995325,True
61.437176,26,15661.215968,True
64.316037,36,15662.903874,True
63.93503,30,15664.292954,True
59.106548,61,15667.155979,True
60.048663,24,15668.310087,True
61.990138,25,15669.491819,True
58.543382,19,15670.389071,True
58.61131,22,15671.406984,True
57.343711,17,15672.205629,True
60.661373,26,15673.430267,True
55.805457,12,15674.005798,True
57.41199,15,15674.722328,True
58.02632,22,15675.751974,True
57.118055,16,15676.511831,True
56.346094,41,15678.393802,True
59.143148,26,15679.600776,True
59.537786,23,15680.671551,True
61.261401,25,15681.846759,True
63.504871,43,15683.813962,True
58.716353,21,15684.799989,True
60.213705,21,15685.795855,True
57.291227,57,15688.3869,True
56.816557,17,15689.185636,True
55.671009,15,15689.88743,True
57.351439,18,15690.719693,True
61.310859,23,15691.811296,True
59.068416,45,15693.881332,True
58.637265,19,15694.779904,True
62.983483,56,15697.348657,True
55.711911,16,15698.107779,True
54.520816,10,15698.585264,True
57.713236,16,15699.345414,True
60.424057,25,15700.501357,True
62.234625,27,15701.873475,True
56.370777,14,15702.558843,True
59.979771,22,15703.610052,True
64.045452,49,15705.856025,True
62.129591,28,15707.169446,True
57.772379,18,15708.004761,True
59.498851,22,15709.052471,True
63.591358,39,15710.851175,True
66.39341,74,15714.281595,True
54.451335,12,15714.850405,True
58.659969,19,15715.749725,True
61.242561,28,15717.049587,True
55.867255,13,15717.677759,True
63.489258,30,15719.089447,True
55.100228,11,15719.628447,True
57.169271,18,15720.46618,True
58.479283,18,15721.313557,True
60.442372,24,15722.491697,True
59.521086,22,15723.540343,True
57.610168,17,15724.389094,True
62.299153,46,15726.497992,True
65.374955,61,15729.283742,True
60.696071,55,15731.810833,True
56.995642,16,15732.574419,True
62.282107,26,15733.809935,True
59.305625,18,15739.671087,True
62.349239,24,15740.805791,True
61.83891,25,15742.009546,True
61.494663,25,15743.195241,True
61.434505,23,15744.298211,True
61.346592,25,15745.46466,True
52.704717,44,15747.480308,True
61.898222,25,15748.660408,True
63.785265,32,15750.154528,True
52.702244,26,15751.35342,True
59.370164,21,15752.318164,True
60.937665,23,15753.403154,True
60.72909,24,15754.541733,True
62.345042,27,15755.792387,True
57.448864,18,15756.643844,True
62.962869,29,15758.048196,True
58.678094,27,15759.303882,True
59.815667,22,15760.33747,True
57.902,20,15761.285834,True
54.781212,11,15761.815275,True
60.650549,25,15762.996771,True
62.12799,53,15765.416396,True
64.59015,58,15768.067026,True
58.091198,17,15768.884323,True
56.180636,13,15769.502204,True
57.703937,48,15771.71784,True
60.125261,21,15772.731106,True
60.933174,43,15774.718297,True
58.439484,22,15775.739875,True
57.474044,16,15776.486896,True
61.542834,25,15777.731271,True
57.039567,14,15778.391644,True
64.53503,47,15780.561222,True
54.261081,9,15780.995115,True
60.920524,38,15782.754544,True
55.797464,12,15783.313849,True
62.021808,26,15784.597769,True
57.19971,18,15785.440749,True
63.702401,28,15786.743283,True
55.900404,13,15787.353796,True
51.888822,7,15787.69033,True
60.012759,37,15789.404273,True
58.470808,20,15790.332101,True
59.477518,47,15792.513167,True
67.559653,69,15795.68428,True
57.313912,15,15796.389489,True
65.334226,38,15798.122797,True
50.614588,2,15798.228379,True
55.29767,12,15798.792694,True
59.481788,19,15799.695577,True
55.041913,12,15800.273771,True
61.797565,25,15801.44869,True
57.81179,20,15802.385573,True
57.462466,19,15803.27107,True
60.388891,22,15804.327749,True
62.401286,47,15806.483443,True
54.988814,12,15807.050358,True
61.751612,25,15808.241339,True
53.027039,8,15808.615749,True
61.813689,25,15809.889248,True
57.459071,18,15810.725508,True
60.923843,46,15812.855694,True
63.589384,29,15814.228876,True
61.663398,24,15815.373315,True
63.365269,61,15818.168737,True
59.12206,19,15819.09082,True
61.003759,56,15821.67094,True
57.490596,18,15822.525621,True
57.336601,19,15823.421331,True
62.253361,57,15826.014617,True
63.679189,47,15828.207237,True
57.40999,19,15829.089795,True
57.10409,20,15830.032861,True
62.434298,62,15832.878538,True
53.38466,13,15833.486799,True
60.201573,22,15834.541312,True
62.984334,29,15840.497671,True
59.202181,20,15841.435366,True
58.635769,42,15843.41538,True
55.50166,12,15843.979122,True
62.471993,29,15845.357351,True
55.765171,14,15846.007357,True
60.451824,22,15847.053731,True
62.684221,27,15848.333249,True
53.09566,7,15848.664555,True
57.54646,18,15849.534147,True
63.622268,30,15850.957908,True
60.091313,52,15853.352432,True
59.597441,21,15854.340809,True
58.273595,21,15855.323683,True
58.170629,17,15856.12578,True
63.246259,29,15857.466424,True
58.328137,23,15858.538338,True
56.489651,16,15859.291348,True
62.397701,54,15861.78384,True
57.067495,15,15862.49922,True
59.893276,50,15864.783782,True
57.002425,17,15865.598192,True
54.810826,12,15866.166419,True
55.595071,15,15866.881498,True
60.123617,22,15867.914429,True
57.576448,27,15869.167713,True
60.850241,23,15870.245754,True
62.503678,27,15871.54374,True
58.736773,18,15872.384065,True
62.110181,26,15873.601376,True
59.90117,22,15874.632608,True
65.045983,72,15878.031968,True
57.161173,16,15878.784177,True
57.294694,17,15879.584845,True
59.148923,18,15880.441892,True
59.069608,20,15881.396401,True
56.182431,16,15882.144543,True
64.187071,32,15883.622131,True
55.730635,12,15884.197206,True
61.07224,23,15885.274137,True
58.420741,18,15886.1339,True
56.906847,24,15887.236197,True
61.290105,23,15888.342915,True
61.582227,24,15889.481118,True
59.008203,19,15890.636854,True
54.867272,11,15891.158724,True
59.788692,32,15892.647393,True
58.479165,22,15893.682418,True
60.945614,56,15896.256481,True
57.976323,17,15897.077449,True
61.139349,24,15898.221962,True
61.090697,34,15899.850865,True
62.417555,27,15901.134731,True
59.294515,21,15902.118949,True
55.467312,46,15904.235815,True
62.504695,67,15907.334309,True
60.260377,23,15908.423594,True
56.136881,15,15909.130235,True
59.309059,23,15910.208207,True
50.204103,1,15910.273436,True
57.895652,17,15911.0778,True
66.489306,39,15912.871088,True
53.838039,8,15913.257503,True
55.897234,45,15915.334503,True
59.846499,37,15917.040608,True
59.869064,23,15918.134553,True
57.885194,19,15919.027846,True
54.71294,11,15919.55645,True
61.101962,24,15920.680009,True
56.786818,23,15921.766956,True
57.294972,17,15922.57604,True
64.393277,31,15924.005715,True
59.793079,62,15926.870225,True
59.452082,25,15928.027877,True
59.053369,20,15928.967819,True
60.132936,26,15930.188072,True
58.809105,20,15931.128825,True
58.274282,17,15931.943869,True
58.090403,39,15933.742445,True
57.575221,20,15934.679768,True
58.536756,18,15935.542021,True
55.612197,15,15940.976955,True
52.409236,33,15942.492028,True
59.963173,20,15943.449627,True
60.885887,24,15944.595038,True
58.99839,19,15945.482901,True
58.784446,22,15946.509793,True
64.484768,54,15949.018528,True
61.382068,24,15950.158486,True
57.5135,16,15950.922477,True
60.24677,21,15951.937021,True
59.043902,23,15953.033534,True
68.602716,54,15955.536904,True
58.271545,18,15956.380159,True
57.430098,18,15957.232883,True
56.354948,14,15957.908848,True
56.208999,14,15958.634842,True
59.829119,19,15959.546569,True
65.093667,48,15961.75407,True
58.621654,58,15964.420417,True
60.668321,25,15965.615152,True
59.017495,21,15966.628988,True
63.705098,56,15969.186967,True
56.360295,14,15969.848175,True
57.236278,16,15970.612718,True
60.893321,30,15972.00894,True
68.611381,80,15975.688692,True
57.99197,20,15976.633087,True
62.379837,30,15978.035901,True
59.465839,19,15978.926647,True
53.688651,8,15979.315843,True
62.45015,25,15980.521229,True
54.797275,23,15981.578403,True
61.816766,23,15982.69359,True
50.507033,1,15982.752886,True
58.554471,57,15985.370458,True
57.367641,57,15988.000907,True
60.817504,23,15989.115845,True
53.53719,9,15989.545919,True
62.018008,26,15990.775625,True
62.993091,28,15992.140429,True
57.274879,15,15992.870288,True
62.210319,25,15994.057188,True
55.552351,14,15994.733246,True
53.539575,22,15995.739644,True
58.35921,21,15996.713994,True
54.072434,48,15998.920685,True
59.994288,21,15999.92516,True
60.058957,24,16001.066887,True
64.231134,32,16002.615064,True
59.383055,22,16003.674602,True
59.117347,22,16004.683,True
59.626547,21,16005.701978,True
53.045521,6,16005.984121,True
60.909855,26,16007.202021,True
64.42796,71,16010.463334,True
57.569495,51,16012.830796,True
58.616091,60,16015.609275,True
62.788216,29,16016.993226,True
59.933935,21,16018.056328,True
60.784523,22,16019.104988,True
57.327368,16,16019.862342,True
63.421794,29,16021.228269,True
56.015254,13,16021.839332,True
63.405585,29,16023.243148,True
52.208085,7,16023.576329,True
59.220944,19,16024.491017,True
58.831122,23,16025.570279,True
58.706276,22,16026.616206,True
61.089314,24,16027.771497,True
59.518451,21,16028.752894,True
59.517093,35,16030.377481,True
55.410782,14,16031.04208,True
56.733094,17,16031.833519,True
56.042033,16,16032.598766,True
62.446197,46,16034.726669,True
54.335416,12,16035.288794,True
54.747439,10,16035.755517,True
59.799163,20,16041.700022,True
63.387558,62,16044.600746,True
61.456062,31,16046.016513,True
58.789968,20,16046.97927,True
60.834701,26,16048.25123,True
61.336241,62,16051.112878,True
58.941779,54,16053.608703,True
56.992039,17,16054.418623,True
57.332279,18,16055.259112,True
62.39463,27,16056.535827,True
57.122532,20,16057.464692,True
56.378563,15,16058.18057,True
54.883704,11,16058.708999,True
54.239194,11,16059.228199,True
57.003622,55,16061.763996,True
63.598986,59,16064.460417,True
57.401048,16,16065.238054,True
60.639884,47,16067.377316,True
60.905099,23,16068.478476,True
56.915639,17,16069.302014,True
60.394198,61,16072.13031,True
60.194992,22,16073.172271,True
59.9158,22,16074.262563,True
64.097839,30,16075.683683,True
69.077346,43,16077.750152,True
61.854296,24,16078.896699,True
56.109432,14,16079.570138,True
63.906352,30,16080.978743,True
59.34637,22,16082.036716,True
59.668631,23,16083.131046,True
64.26245,31,16084.637066,True
54.204431,10,16085.12387,True
62.682625,51,16087.483336,True
56.441611,14,16088.157925,True
59.515184,20,16089.115592,True
56.890599,37,16090.8051,True
52.218533,11,16091.322156,True
66.86177,51,16093.671564,True
57.431786,58,16096.355708,True
62.337325,65,16099.368572,True
61.321594,60,16102.138191,True
61.953846,25,16103.326023,True
61.228628,24,16104.458149,True
61.630298,29,16105.852527,True
63.181944,30,16107.276853,True
57.11339,16,16108.040953,True
59.003102,28,16109.324777,True
63.588363,29,16110.697293,True
57.56621,15,16111.411432,True
57.045335,17,16112.230661,True
58.571148,18,16113.099552,True
65.988027,37,16114.846565,True
57.409447,17,16115.671475,True
61.106129,23,16116.760793,True
63.868814,61,16119.570951,True
53.025405,8,16119.946888,True
58.259725,20,16120.906517,True
62.448504,26,16122.126236,True
58.439116,22,16123.154999,True
61.194863,24,16124.298947,True
58.083208,19,16125.209486,True
59.080411,20,16126.182614,True
57.609907,17,16126.990851,True
53.220643,7,16127.33205,True
56.597764,16,16128.099042,True
57.073055,38,16129.867077,True
57.206409,18,16130.737914,True
60.893578,23,16131.842804,True
62.606138,27,16133.156231,True
58.642504,18,16134.01427,True
59.692666,23,16135.092381,True
59.469673,20,16136.036574,True
57.59411,20,16137.066083,True
55.899295,15,16137.776161,True
62.617216,32,16144.153342,True
61.967858,33,16145.703396,True
59.246003,20,16146.663995,True
61.240843,23,16147.783124,True
61.906192,47,16149.945192,True
60.12813,24,16151.085368,True
57.1456,15,16151.803235,True
60.795659,22,16152.832361,True
53.606518,8,16153.208531,True
60.198356,23,16154.31415,True
59.772662,22,16155.34443,True
58.28756,18,16156.208704,True
64.544232,70,16159.429755,True
57.183983,18,16160.282793,True
55.375299,13,16160.895984,True
53.980878,9,16161.32313,True
58.629696,17,16162.127439,True
62.724347,26,16163.372246,True
56.275111,42,16165.320058,True
53.932922,9,16165.741098,True
65.158001,33,16167.314828,True
61.30493,59,16170.051405,True
57.154083,16,16170.813599,True
56.164835,15,16171.531724,True
59.847128,21,16172.5312,True
62.298589,26,16173.771409,True
62.638918,52,16176.173131,True
62.991713,28,16177.470839,True
55.15535,13,16178.097132,True
55.148923,12,16178.67442,True
61.879007,23,16179.786728,True
64.176953,32,16181.289072,True
63.289245,27,16182.624043,True
63.391,29,16184.014579,True
62.46734,25,16185.198912,True
52.958514,9,16185.625406,True
55.280455,11,16186.146709,True
59.190007,53,16188.58824,True
64.202203,32,16190.086316,True
61.468619,23,16191.210662,True
56.118071,16,16191.95234,True
55.380857,14,16192.614055,True
54.339479,10,16193.104369,True
58.371713,19,16194.020962,True
55.250908,14,16194.685874,True
63.258975,29,16196.112076,True
56.791121,17,16196.917786,True
61.888909,26,16198.150459,True
58.085568,17,16198.977555,True
59.029675,19,16199.874311,True
59.052123,20,16200.828942,True
55.20357,14,16201.519423,True
58.094518,18,16202.358922,True
57.044119,51,16204.688988,True
53.389358,7,16205.032731,True
54.686373,47,16207.202381,True
64.773225,69,16210.384337,True
61.769043,24,16211.546901,True
60.662946,22,16212.652434,True
62.203432,28,16213.987017,True
55.55419,15,16214.688877,True
56.90809,15,16215.407775,True
53.92994,19,16216.276175,True
59.470426,22,16217.329426,True
60.868568,23,16218.441947,True
64.692129,62,16221.298999,True
62.5174,27,16222.590484,True
53.850635,9,16223.026603,True
61.228107,23,16224.124931,True
63.366296,28,16225.461707,True
57.740708,49,16227.718415,True
56.797157,15,16228.429327,True
58.33364,22,16229.467636,True
64.109793,35,16231.116091,True
57.718615,58,16233.797692,True
60.190955,47,16235.951824,True
56.918908,19,16236.862976,True
61.145435,24,16238.012272,True
57.145239,17,16238.827689,True
53.928395,9,16239.260278,True
55.44586,12,16244.83851,True
53.002842,45,16246.892379,True
54.641256,11,16247.427306,True
62.521128,29,16248.79145,True
58.226636,18,16249.649261,True
61.121557,24,16250.793299,True
58.08667,19,16251.698751,True
60.410795,22,16252.780583,True
53.741406,45,16254.863369,True
60.94734,22,16255.92549,True
60.581353,60,16258.706476,True
57.845937,19,16259.596488,True
66.827099,50,16261.896551,True
56.932569,15,16262.616555,True
62.769683,28,16263.937529,True
60.691978,21,16264.943139,True
56.256941,15,16265.654255,True
59.379807,25,16266.840692,True
60.164146,34,16268.406282,True
63.188754,27,16269.718645,True
57.316641,18,16270.562973,True
61.7747,24,16271.718744,True
64.240392,72,16275.052866,True
60.273778,21,16276.071462,True
58.580772,17,16276.903698,True
60.963006,23,16277.999175,True
59.641227,19,16278.891527,True
57.416346,15,16279.617652,True
62.520844,26,16280.858178,True
65.048154,33,16282.413518,True
58.505315,18,16283.263392,True
55.435356,50,16285.55098,True
60.527119,22,16286.613518,True
57.714416,16,16287.389847,True
61.479285,23,16288.503686,True
62.417542,47,16290.65618,True
64.20555,32,16292.147029,True
57.750731,18,16293.019891,True
55.788892,12,16293.589977,True
60.874525,24,16294.748003,True
59.532675,22,16295.823731,True
54.073815,9,16296.256602,True
58.293398,22,16297.305389,True
60.517808,22,16298.350019,True
58.115062,57,16300.988349,True
59.361491,22,16302.020233,True
58.18613,22,16303.058986,True
59.950024,50,16305.354172,True
55.66188,20,16306.285239,True
58.639217,19,16307.194315,True
63.224401,29,16308.585142,True
62.184706,26,16309.853188,True
65.133513,31,16311.334189,True
58.636513,19,16312.255365,True
65.902142,62,16315.194516,True
62.794278,28,16316.499987,True
63.284743,29,16317.900735,True
54.334008,10,16318.373093,True
61.178504,30,16319.78731,True
67.521968,52,16322.196701,True
53.788221,9,16322.639502,True
62.234131,26,16323.904969,True
60.363443,22,16324.963956,True
57.049736,16,16325.719502,True
61.302354,23,16326.808761,True
57.899154,20,16327.749166,True
49.88753,1,16327.808537,True
60.505478,57,16330.429909,True
68.229321,67,16333.519688,True
60.767772,23,16334.586565,True
58.640464,21,16335.565715,True
61.590455,25,16336.745347,True
60.888346,26,16337.953822,True
61.45815,24,16339.107393,True
63.803532,35,16340.730301,True
59.845495,22,16346.862872,True
58.405782,20,16347.83182,True
61.846995,40,16349.681474,True
58.204741,20,16350.634563,True
60.92632,26,16351.87511,True
57.487151,18,16352.72089,True
58.611972,60,16355.546421,True
59.650466,23,16356.620344,True
56.555903,17,16357.424691,True
60.080661,22,16358.470907,True
59.44453,20,16359.403661,True
60.383371,25,16360.575098,True
63.376126,29,16361.913965,True
51.460928,5,16362.162018,True
59.181297,19,16363.049771,True
57.476793,44,16365.118657,True
58.114829,58,16367.83146,True
56.852099,17,16368.613467,True
57.141151,18,16369.466632,True
56.867013,16,16370.218683,True
62.817993,64,16373.168684,True
61.035218,24,16374.348366,True
63.195541,57,16376.962343,True
61.245472,23,16378.03644,True
64.314688,30,16379.440713,True
65.361252,51,16381.797554,True
62.470293,27,16383.129865,True
53.43939,8,16383.511377,True
61.963557,26,16384.761053,True
57.861662,21,16385.735735,True
62.334789,26,16386.965662,True
55.766695,14,16387.624859,True
56.502511,19,16388.513473,True
55.847588,12,16389.078799,True
58.103476,21,16390.037802,True
55.448651,14,16390.698967,True
58.567249,22,16391.72148,True
58.997357,21,16392.714574,True
57.757795,16,16393.452628,True
54.520304,11,16393.973081,True
62.80293,28,16395.288073,True
64.602841,31,16396.74298,True
57.923958,17,16397.533113,True
58.063931,17,16398.340688,True
61.118454,24,16399.474095,True
52.640408,6,16399.767442,True
62.82459,48,16401.991059,True
60.650945,35,16403.605838,True
50.208433,1,16403.660777,True
56.545373,15,16404.371791,True
62.516538,26,16405.565737,True
56.051065,16,16406.323964,True
62.700773,29,16407.700724,True
60.882048,23,16408.786761,True
62.102959,26,16409.9956,True
61.584937,26,16411.26915,True
59.895694,61,16414.072618,True
61.651359,27,16415.395171,True
62.109864,25,16416.595975,True
54.554078,33,16418.106364,True
56.633209,17,16418.896919,True
61.091941,23,16419.982545,True
61.271689,23,16421.053984,True
60.341266,36,16422.713102,True
60.331154,22,16423.747325,True
60.308371,22,16424.784967,True
58.685436,18,16425.632543,True
58.96545,19,16426.523147,True
62.085176,26,16427.729634,True
56.481323,16,16428.47857,True
58.503392,38,16430.234435,True
61.772096,25,16431.398229,True
62.464886,26,16432.678099,True
60.750748,25,16433.862422,True
64.040629,69,16437.027506,True
61.809966,26,16438.23938,True
60.707393,62,16441.102548,True
58.721221,18,16441.945292,True
57.252081,18,16447.475509,True
60.799719,25,16448.68036,True
62.718595,27,16449.961678,True
58.198764,20,16450.886208,True
60.924241,22,16451.911003,True
60.423386,24,16453.058177,True
58.770474,49,16455.316098,True
58.961001,43,16457.301166,True
61.225461,22,16458.353916,True
60.150558,23,16459.448764,True
62.343793,25,16460.625966,True
57.916045,21,16461.590106,True
60.396804,23,16462.676959,True
59.047992,20,16463.624701,True
56.230741,13,16464.230432,True
64.047487,36,16465.891521,True
56.295097,16,16466.630566,True
62.281371,63,16469.513857,True
59.628671,21,16470.529109,True
63.310971,29,16471.887413,True
54.609404,10,16472.370993,True
63.499106,30,16473.752288,True
53.460531,8,16474.144654,True
61.798897,24,16475.275467,True
60.117303,23,16476.358183,True
60.439889,25,16477.517976,True
61.130966,23,16478.597039,True
57.310595,18,16479.446897,True
60.477401,22,16480.487119,True
62.835951,27,16481.743492,True
59.774033,22,16482.75299,True
56.381797,13,16483.357651,True
59.054932,20,16484.284955,True
59.040935,21,16485.270401,True
61.513938,24,16486.409879,True
55.986077,13,16487.024548,True
50.570857,2,16487.13135,True
63.010335,27,16488.378198,True
60.650943,24,16489.490697,True
60.251432,25,16490.638006,True
62.945106,27,16491.966848,True
60.710644,23,16493.045696,True
61.074197,38,16494.803867,True
59.112358,19,16495.679821,True
59.682769,20,16496.619919,True
64.764448,31,16498.05516,True
56.375171,15,16498.756823,True
53.233748,26,16499.949437,True
56.482358,15,16500.649663,True
59.407476,21,16501.619167,True
62.076469,26,16502.837348,True
60.124481,22,16503.871964,True
61.026324,24,16505.058749,True
58.338701,18,16505.902882,True
61.854624,26,16507.166018,True
63.889134,40,16509.010057,True
55.708076,13,16509.623959,True
61.337421,24,16510.804042,True
60.923147,25,16512.073414,True
62.743384,28,16513.3641,True
59.596811,21,16514.370089,True
58.185473,44,16516.412604,True
55.590515,14,16517.06249,True
60.090657,24,16518.176342,True
56.121568,16,16518.92647,True
62.743089,55,16521.447553,True
59.539877,24,16522.556526,True
55.491057,48,16524.763058,True
60.878602,24,16525.904373,True
60.202239,22,16526.936894,True
53.938587,9,16527.362728,True
62.763624,28,16528.758015,True
55.005294,10,16529.238219,True
60.97088,22,16530.270484,True
54.217246,9,16530.701735,True
56.588856,15,16531.402347,True
60.535139,21,16532.376992,True
59.621129,19,16533.259313,True
63.670425,30,16534.707009,True
59.956207,24,16535.826087,True
60.071005,21,16536.814976,True
56.719165,15,16537.518799,True
60.748744,21,16538.50212,True
59.911942,41,16540.390283,True
62.26939,25,16541.553848,True
60.239547,78,16548.990139,True
57.737207,33,16550.511027,True
68.838222,80,16554.262316,True
70.321897,81,16557.967001,True
65.634712,64,16560.901685,True
60.929031,62,16563.742483,True
64.564704,66,16566.773279,True
56.553614,27,16568.017363,True
70.518735,124,16573.713866,True
64.387187,61,16576.5022,True
67.72213,80,16580.18267,True
65.659606,50,16582.509917,True
55.131549,18,16583.357753,True
66.479263,64,16586.309579,True
59.884265,36,16587.959344,True
58.986633,73,16591.324331,True
65.833819,66,16594.337161,True
60.617,37,16596.037312,True
62.208134,47,16598.211998,True
63.411202,59,16600.916636,True
69.647187,121,16606.466716,True
63.642219,60,16609.228625,True
64.499245,58,16611.965885,True
62.377957,42,16613.898448,True
54.096954,13,16614.506697,True
65.090769,75,16617.955948,True
67.949719,71,16621.185445,True
62.849309,60,16623.994341,True
59.129643,36,16625.67693,True
58.791049,35,16627.293349,True
60.914301,41,16629.165472,True
69.396847,88,16633.210634,True
69.071138,70,16636.43385,True
69.143608,84,16640.257896,True
56.518202,32,16648.484949,True
59.424339,35,16650.097236,True
63.700026,46,16652.362579,True
64.897433,66,16655.44818,True
62.691237,46,16657.587825,True
69.477649,91,16661.94917,True
57.102386,29,16663.298495,True
54.889017,14,16663.959791,True
53.97438,12,16664.537552,True
60.763135,80,16668.188442,True
60.116493,36,16669.904473,True
63.344981,42,16671.840707,True
63.99211,58,16674.488373,True
65.664273,63,16677.485626,True
56.787306,18,16678.352383,True
62.820327,61,16681.158854,True
58.756033,32,16682.653624,True
63.687525,51,16685.022039,True
66.277854,62,16687.894527,True
62.842827,51,16690.229285,True
66.95866,68,16693.369168,True
62.979648,58,16696.026322,True
50.066944,1,16696.08684,True
63.89194,89,16700.180637,True
66.416383,64,16703.118991,True
63.463974,46,16705.392351,True
70.850236,113,16710.562443,True
65.626889,63,16713.502874,True
69.384048,86,16717.441192,True
58.48015,35,16719.050735,True
63.361933,45,16721.134699,True
61.693176,38,16722.898736,True
67.06545,68,16726.018641,True
75.442287,101,16730.736611,True
60.239528,43,16732.717167,True
59.235699,43,16734.700501,True
60.547159,78,16738.278162,True
66.490973,65,16741.265345,True
55.126947,14,16741.935622,True
60.559891,36,16750.542558,True
66.906091,65,16753.527535,True
50.08119,1,16753.585587,True
62.539874,41,16755.462142,True
73.809364,117,16760.854917,True
63.673143,59,16763.569682,True
69.343436,89,16767.645518,True
60.588037,36,16769.337482,True
62.873039,39,16771.174043,True
58.357625,48,16773.381654,True
56.44182,20,16774.312872,True
59.490179,27,16775.564003,True
64.467607,50,16777.885316,True
53.274888,8,16778.271376,True
67.123404,67,16781.589593,True
64.532373,48,16783.821471,True
64.774469,46,16785.948619,True
60.342685,73,16789.378318,True
53.488449,13,16789.987857,True
61.910318,39,16791.781294,True
67.979866,68,16794.972054,True
67.699021,64,16798.215559,True
65.871844,62,16801.111784,True
64.010323,41,16803.037342,True
58.348648,34,16804.592658,True
68.626233,106,16809.449317,True
63.800049,72,16812.776647,True
59.328916,36,16814.447999,True
71.129216,107,16819.341334,True
66.315445,50,16821.664928,True
50.209757,1,16821.72859,True
59.972936,22,16822.755004,True
64.807718,47,16824.965686,True
62.192938,77,16828.50155,True
59.20375,36,16830.159911,True
59.82277,42,16832.095706,True
66.75946,64,16835.162293,True
62.758964,49,16837.434662,True
63.557171,48,16839.697538,True
63.37828,61,16842.501945,True
62.698553,39,16844.325449,True
68.959443,56,16853.728773,True
58.491256,61,16856.541832,True
60.273505,27,16857.814765,True
64.957078,47,16859.988703,True
64.622996,45,16862.064448,True
53.932544,12,16862.63141,True
56.26077,17,16863.414768,True
54.219629,9,16863.832359,True
57.983722,19,16864.702222,True
62.88995,42,16866.640094,True
62.786866,43,16868.63688,True
66.115082,63,16871.529175,True
61.050704,39,16873.336784,True
64.770746,44,16875.369838,True
57.328198,18,16876.205317,True
53.360375,39,16877.987622,True
61.657069,43,16879.948843,True
63.505764,41,16881.855754,True
64.883616,44,16884.004577,True
61.773541,48,16886.191988,True
64.627671,44,16888.224032,True
54.674229,16,16888.965221,True
56.91093,18,16889.815067,True
67.863284,56,16892.433287,True
60.414204,27,16893.695835,True
59.912048,49,16895.941016,True
59.838798,35,16897.555674,True
64.327026,45,16899.656291,True
62.111495,39,16901.468864,True
63.137159,43,16903.507288,True
62.629179,42,16905.491967,True
64.175686,53,16908.001403,True
62.863561,29,16909.352741,True
60.422454,62,16912.208372,True
58.013311,61,16914.994554,True
62.146324,40,16916.844201,True
62.820976,73,16920.186314,True
60.484061,74,16923.563249,True
61.643887,39,16925.356601,True
63.218644,41,16927.33374,True
62.739707,62,16930.160158,True
67.011833,67,16933.30386,True
55.692793,49,16935.556008,True
59.536349,20,16936.497957,True
62.611855,38,16938.251464,True
64.731376,45,16940.37519,True
59.865482,27,16941.640894,True
52.731355,6,16941.922093,True
62.746279,44,16943.94793,True
66.860003,87,16952.9462,True
60.730633,24,16954.083328,True
62.411496,36,16955.733814,True
61.898932,39,16957.53819,True
63.38176,46,16959.663219,True
59.971848,36,16961.328752,True
60.151717,27,16962.576328,True
55.033067,12,16963.144833,True
58.15479,24,16964.254447,True
59.562403,33,16965.858949,True
56.419879,55,16968.401875,True
58.929971,19,16969.286143,True
60.104129,28,16970.562548,True
53.441895,8,16970.943895,True
63.720339,43,16972.943828,True
61.228531,27,16974.207061,True
3.722164,42,16976.152441,False
58.571239,22,16977.173405,True
58.905283,33,16978.693405,True
67.750504,64,16981.642881,True
59.243804,25,16982.812995,True
65.904595,39,16984.626492,True
60.434941,29,16985.94856,True
57.628495,21,16986.922282,True
55.680109,15,16987.626414,True
58.283863,19,16988.527035,True
61.490279,39,16990.328664,True
64.839925,46,16992.480081,True
62.181426,43,16994.4602,True
65.399272,45,16996.557292,True
59.933435,37,16998.256063,True
61.722994,37,16999.968822,True
55.028346,18,17000.806622,True
65.18418,56,17003.391195,True
63.258475,41,17005.283505,True
52.906324,17,17006.064567,True
61.224434,24,17007.202232,True
61.123502,41,17009.07569,True
60.755474,28,17010.379956,True
66.328271,63,17013.262566,True
63.039753,33,17014.795535,True
63.125307,56,17017.372247,True
58.552332,58,17020.025526,True
60.300998,22,17021.050167,True
56.042121,17,17021.844578,True
55.582322,14,17022.496705,True
60.921761,37,17024.271087,True
64.597384,45,17026.357736,True
61.733062,38,17028.118508,True
58.740316,61,17030.926187,True
64.599283,37,17032.634855,True
58.800247,20,17033.55827,True
60.300298,27,17034.822866,True
63.021794,78,17038.419623,True
61.739269,29,17039.764122,True
57.519616,19,17040.655318,True
58.225001,22,17041.673848,True
64.016491,43,17043.689984,True
61.732009,39,17045.466306,True
63.49183,70,17053.432956,True
65.204547,45,17055.528083,True
58.18486,20,17056.450103,True
60.530445,24,17057.581862,True
62.045938,24,17058.724705,True
53.376331,8,17059.110052,True
60.658283,23,17060.192028,True
58.596047,22,17061.217248,True
64.088496,39,17063.030657,True
61.165723,26,17064.246493,True
60.871894,25,17065.406155,True
58.754677,21,17066.401142,True
57.938818,21,17067.383345,True
69.026099,83,17071.249754,True
66.302393,67,17074.351426,True
59.956168,30,17075.73285,True
66.619508,52,17078.123024,True
57.097715,18,17078.95313,True
60.387204,24,17080.092117,True
55.069445,12,17080.66015,True
65.128085,75,17084.172815,True
56.158089,15,17084.88185,True
60.239308,24,17086.01625,True
62.764258,29,17087.368208,True
57.611621,20,17088.29706,True
65.085162,52,17090.710993,True
56.325117,17,17091.4901,True
58.99252,22,17092.53486,True
54.726958,13,17093.132195,True
67.063783,63,17096.020497,True
59.350825,23,17097.101363,True
61.622394,34,17098.658398,True
57.944933,57,17101.289605,True
58.836756,20,17102.233189,True
64.038895,71,17105.496373,True
54.580627,11,17106.010773,True
60.888362,67,17109.094074,True
58.231645,19,17109.986404,True
63.022755,26,17111.225857,True
58.293717,25,17112.382845,True
64.047,43,17114.360773,True
59.85139,26,17115.56449,True
60.682707,29,17116.921718,True
62.4784,30,17118.31556,True
64.373141,72,17121.629159,True
62.104872,28,17123.018122,True
59.66955,20,17123.967972,True
57.330881,16,17124.715143,True
57.628404,18,17125.558003,True
61.212339,26,17126.851872,True
58.711251,35,17128.461091,True
59.17481,55,17130.980669,True
51.971603,34,17132.557583,True
60.895126,24,17133.687589,True
62.100456,28,17135.040803,True
56.344569,15,17135.768993,True
61.324604,46,17137.870865,True
57.281631,16,17138.638067,True
64.777625,34,17140.202409,True
60.676969,25,17141.366284,True
60.777764,27,17142.68049,True
59.99476,28,17143.970025,True
60.811428,25,17145.201953,True
62.061211,26,17146.440747,True
61.942908,30,17153.174551,True
55.191038,40,17155.013202,True
60.107105,22,17156.063294,True
59.068423,21,17157.047435,True
61.263388,23,17158.137935,True
59.593489,61,17160.952627,True
62.127556,26,17162.26424,True
57.974831,18,17163.115341,True
59.02826,21,17164.100605,True
62.781572,29,17165.440246,True
52.847341,8,17165.825474,True
60.195147,58,17168.483726,True
60.153445,23,17169.568235,True
58.124957,16,17170.332869,True
63.784664,31,17171.795125,True
56.554141,16,17172.546448,True
59.752565,21,17173.537564,True
55.79233,15,17174.235555,True
64.023766,33,17175.770704,True
57.984454,19,17176.674553,True
55.984446,13,17177.282203,True
62.115496,60,17180.022573,True
61.121862,24,17181.1409,True
63.108152,62,17183.980704,True
59.418716,43,17185.950349,True
57.461564,20,17186.873706,True
61.670732,27,17188.135842,True
64.188654,36,17189.806513,True
59.020082,19,17190.695773,True
50.105521,1,17190.758682,True
59.850055,24,17191.889756,True
60.175557,24,17193.011689,True
62.29513,27,17194.279964,True
58.812572,25,17195.43192,True
59.724316,21,17196.409675,True
60.359658,22,17197.444207,True
61.9978,25,17198.643734,True
61.516328,26,17199.843829,True
58.389763,18,17200.671773,True
60.748659,65,17203.758164,True
53.227586,7,17204.095623,True
59.957699,43,17206.074836,True
60.179204,24,17207.199161,True
53.544178,7,17207.53712,True
62.668889,28,17208.845942,True
63.600043,30,17210.225811,True
59.255067,20,17211.164695,True
63.393482,30,17212.603162,True
64.642773,33,17214.111975,True
57.921338,20,17215.052276,True
54.058649,16,17215.794563,True
53.130906,7,17216.129449,True
57.317067,19,17217.020029,True
55.218246,11,17217.543498,True
57.557781,20,17218.480167,True
60.943212,23,17219.562686,True
62.429269,29,17220.919886,True
60.596782,24,17222.042295,True
63.427237,55,17224.559176,True
61.697025,25,17225.761372,True
54.669964,12,17226.327524,True
63.573865,30,17227.751537,True
54.118041,10,17228.212758,True
53.177382,7,17228.558661,True
61.150196,24,17229.682703,True
59.91098,22,17230.696534,True
58.172822,19,17231.585983,True
57.051088,21,17232.554681,True
67.547166,54,17235.040993,True
54.885883,37,17236.755506,True
61.890282,28,17238.060093,True
61.122799,24,17239.193499,True
56.620595,19,17240.061702,True
59.35637,59,17242.773268,True
60.84052,27,17244.005815,True
61.226357,24,17245.133448,True
60.001424,22,17246.158315,True
57.762318,19,17247.053977,True
60.334626,26,17253.030563,True
61.856347,26,17254.249243,True
57.142434,16,17255.009641,True
60.865506,23,17256.081497,True
55.51698,13,17256.690461,True
60.452597,22,17257.735529,True
63.459419,28,17259.046727,True
59.284914,23,17260.135178,True
55.733161,34,17261.76482,True
57.825185,20,17262.716213,True
59.010697,22,17263.732435,True
57.40924,31,17265.160865,True
58.61183,21,17266.138765,True
66.433085,37,17267.848869,True
62.80069,44,17269.886582,True
57.968918,17,17270.688235,True
55.311593,16,17271.440253,True
61.572397,26,17272.643819,True
64.096798,36,17274.303312,True
58.508484,20,17275.240673,True
58.758738,20,17276.179268,True
56.900064,18,17277.026867,True
61.708992,24,17278.160915,True
59.575068,22,17279.202091,True
61.78512,24,17280.338229,True
60.888429,23,17281.431211,True
59.72563,20,17282.381486,True
61.747946,26,17283.592726,True
57.909711,20,17284.543139,True
59.658121,23,17285.605387,True
59.096175,21,17286.590892,True
59.035607,21,17287.597802,True
60.91191,24,17288.743488,True
56.667355,16,17289.487427,True
59.742215,24,17290.608015,True
59.272276,22,17291.62574,True
57.102816,16,17292.372935,True
56.203676,13,17292.988059,True
56.34954,13,17293.594737,True
62.414771,28,17294.860497,True
57.372747,17,17295.66777,True
60.663826,23,17296.755168,True
57.635558,19,17297.641104,True
56.20054,14,17298.303893,True
58.791111,22,17299.345561,True
60.406378,25,17300.529903,True
59.175956,40,17302.384125,True
50.017525,1,17302.445467,True
58.855351,35,17304.055187,True
61.400289,22,17305.118325,True
57.748301,17,17305.919569,True
58.987849,19,17306.815521,True
57.848554,21,17307.801114,True
63.197288,30,17309.238414,True
58.543312,18,17310.093597,True
63.505402,31,17311.557777,True
61.531824,24,17312.698544,True
66.023083,65,17315.722896,True
57.934086,17,17316.49939,True
53.066529,32,17317.968908,True
60.327431,22,17319.001428,True
59.803367,25,17320.211784,True
62.596106,44,17322.245879,True
61.962007,29,17323.573303,True
53.279872,7,17323.913028,True
60.83884,26,17325.180298,True
58.735611,19,17326.082412,True
60.204142,23,17327.199332,True
54.955015,13,17327.81204,True
56.408927,14,17328.47368,True
57.08171,15,17329.184723,True
55.38187,12,17329.75705,True
60.203261,24,17330.883324,True
55.059109,14,17331.534305,True
53.868801,9,17331.956908,True
59.684102,25,17333.123359,True
60.911406,26,17334.347706,True
59.174959,20,17335.282937,True
58.673841,21,17336.255575,True
59.281959,21,17337.251716,True
58.315435,20,17338.172247,True
56.158351,16,17338.924806,True
64.422523,33,17340.455348,True
60.264953,27,17341.71182,True
59.655955,21,17342.685997,True
58.678793,21,17343.680256,True
61.251875,24,17344.816945,True
62.350948,27,17346.079127,True
62.150891,27,17347.36456,True
57.054259,51,17353.251966,True
59.778145,42,17355.180217,True
58.394946,18,17356.019019,True
60.468843,23,17357.081147,True
60.454508,23,17358.156087,True
63.243118,44,17360.173396,True
55.044139,11,17360.695566,True
61.121328,27,17361.990843,True
57.151327,30,17363.370227,True
55.46905,14,17364.043354,True
58.341035,33,17365.555647,True
64.038817,62,17368.413446,True
61.535196,24,17369.555124,True
57.867061,18,17370.409868,True
56.222997,13,17371.024779,True
59.73999,50,17373.32085,True
63.711005,47,17375.472265,True
62.650837,47,17377.643553,True
63.176342,31,17379.240514,True
62.848947,43,17381.216751,True
51.737527,41,17383.093944,True
61.494501,26,17384.316385,True
55.465461,12,17384.895189,True
55.089735,11,17385.418411,True
62.855084,29,17386.779767,True
60.721073,25,17387.978094,True
58.506936,59,17390.69588,True
57.818498,18,17391.545009,True
56.806803,14,17392.198271,True
62.930631,29,17393.662284,True
58.281897,18,17394.533044,True
59.423047,22,17395.565838,True
55.961207,14,17396.232084,True
60.083329,20,17397.156481,True
59.281976,58,17399.840468,True
61.101861,24,17400.97249,True
56.048973,13,17401.608373,True
66.216193,69,17404.744622,True
56.190933,16,17405.492983,True
62.338925,24,17406.632114,True
56.597288,27,17407.894754,True
55.877455,16,17408.641504,True
64.217214,32,17410.124373,True
57.328109,16,17410.878843,True
60.663725,24,17412.018674,True
60.043461,22,17413.073666,True
53.544199,46,17415.195263,True
60.405852,22,17416.243166,True
52.87588,15,17416.943666,True
62.624475,28,17418.279017,True
65.687609,49,17420.528126,True
54.630704,11,17421.053645,True
62.337154,25,17422.248725,True
55.582967,12,17422.823395,True
61.66163,25,17424.033216,True
55.630888,13,17424.655194,True
64.770008,50,17426.958121,True
56.89496,15,17427.668105,True
57.107706,18,17428.52139,True
54.937503,13,17429.12316,True
60.321518,26,17430.339375,True
54.915245,11,17430.878006,True
57.640879,21,17431.855427,True
53.948126,34,17433.405706,True
58.864317,22,17434.439389,True
49.822992,1,17434.500794,True
63.939634,30,17435.949815,True
57.923829,21,17436.924591,True
62.124134,38,17438.743477,True
61.051353,24,17439.891352,True
56.624871,15,17440.607238,True
55.816084,14,17441.25589,True
57.058344,17,17442.064764,True
61.934867,25,17443.24289,True
56.43326,15,17443.949953,True
56.117434,27,17445.214418,True
50.011738,1,17445.276486,True
57.735251,19,17446.161746,True
53.319486,43,17448.146286,True
58.434809,58,17455.475385,True
60.910732,67,17458.573897,True
60.108654,22,17459.62733,True
62.738308,47,17461.795187,True
54.346905,9,17462.214897,True
58.218609,19,17463.102786,True
60.680008,22,17464.153181,True
57.18418,38,17465.907559,True
61.569642,24,17467.042622,True
60.011024,22,17468.106417,True
59.955522,23,17469.225369,True
60.857049,56,17471.793301,True
55.972446,14,17472.443095,True
58.804225,50,17474.745283,True
58.39277,18,17475.605579,True
57.551103,17,17476.401097,True
58.122237,17,17477.206216,True
62.05636,27,17478.523098,True
63.105512,27,17479.794264,True
60.388388,21,17480.777398,True
52.119629,6,17481.06675,True
58.016972,18,17481.905624,True
62.113826,25,17483.086606,True
62.317474,26,17484.331852,True
57.949123,17,17485.169424,True
57.250829,19,17486.056102,True
60.789624,24,17487.190736,True
58.202515,17,17487.977834,True
58.082612,17,17488.78064,True
63.137278,28,17490.079062,True
64.259437,69,17493.250869,True
60.918084,24,17494.380271,True
55.89809,16,17495.1218,True
64.225102,41,17497.006813,True
58.928139,17,17497.85505,True
56.235732,15,17498.560999,True
63.412251,37,17500.267055,True
61.932452,26,17501.481612,True
65.895181,64,17504.404206,True
56.936962,15,17505.117568,True
58.291099,18,17505.971822,True
63.927707,31,17507.417974,True
60.711755,24,17508.559473,True
56.812104,18,17509.404932,True
56.648729,18,17510.25993,True
55.444335,42,17512.191068,True
68.174997,54,17514.665744,True
55.446392,13,17515.28363,True
55.430848,20,17516.211977,True
57.278856,15,17516.923792,True
60.937352,22,17517.978312,True
59.280879,21,17518.972342,True
57.308609,36,17520.62991,True
55.917435,39,17522.449585,True
62.240309,26,17523.690852,True
61.538494,25,17524.876232,True
61.105157,60,17527.645522,True
55.729208,45,17529.720723,True
57.763472,16,17530.459754,True
54.029176,8,17530.831737,True
59.049242,19,17531.738391,True
53.966874,9,17532.169126,True
59.014525,20,17533.105852,True
59.909277,60,17535.877212,True
54.626377,10,17536.363268,True
54.278186,10,17536.836832,True
63.069353,29,17538.20024,True
60.076581,23,17539.30706,True
62.504371,48,17541.50806,True
56.271017,45,17543.569085,True
56.9358,18,17544.426831,True
61.737638,27,17545.743124,True
59.307174,21,17546.717996,True
59.398344,22,17547.757767,True
57.118843,15,17548.457313,True
55.829934,37,17555.244676,True
57.210031,16,17555.996745,True
59.68977,19,17556.89995,True
57.925078,16,17557.715934,True
62.497903,27,17558.986369,True
62.1257,24,17560.123808,True
61.339768,25,17561.327769,True
60.552244,24,17562.459515,True
58.285871,20,17563.419993,True
60.795083,24,17564.535661,True
54.595851,12,17565.104236,True
60.563568,21,17566.101857,True
62.187905,26,17567.347679,True
57.135757,29,17568.685986,True
56.642414,18,17569.515973,True
59.141968,44,17571.524959,True
67.94927,56,17574.094774,True
62.936193,27,17575.347248,True
58.284472,16,17576.140739,True
59.203607,43,17578.100217,True
59.433148,20,17579.050641,True
64.85154,33,17580.594166,True
62.372517,29,17581.937402,True
52.445849,11,17582.451094,True
65.183889,37,17584.173881,True
56.906906,17,17584.972203,True
58.510695,19,17585.876411,True
59.046324,23,17586.947514,True
57.640757,20,17587.87715,True
63.830482,30,17589.349005,True
57.142067,58,17592.005274,True
54.473533,46,17594.118688,True
58.65493,18,17594.973812,True
62.199742,28,17596.38189,True
63.891326,44,17598.398191,True
63.490211,47,17600.546785,True
59.518125,20,17601.488258,True
59.002967,18,17602.334008,True
60.79867,39,17604.114596,True
58.075044,45,17606.438645,True
59.457839,22,17607.486531,True
57.700355,21,17608.455873,True
62.872419,28,17609.780754,True
59.793652,21,17610.794066,True
60.172467,21,17611.782637,True
52.886548,21,17612.750345,True
59.817648,24,17613.874058,True
54.518201,12,17614.432472,True
64.010431,47,17616.629715,True
57.100226,18,17617.469499,True
61.39934,23,17618.561712,True
60.747326,61,17621.377184,True
57.991218,17,17622.196944,True
63.180681,28,17623.502181,True
55.336125,13,17624.114365,True
61.555725,24,17625.266395,True
60.074625,22,17626.301313,True
56.839139,18,17627.127546,True
64.078804,61,17629.934127,True
62.754374,26,17631.204192,True
62.064649,25,17632.457956,True
54.298157,9,17632.887903,True
60.095343,22,17633.914564,True
60.167753,23,17635.007504,True
59.301083,20,17635.933793,True
64.936262,32,17637.433908,True
56.51572,15,17638.144078,True
53.333663,14,17638.796761,True
55.162394,12,17639.368955,True
55.957155,15,17640.060854,True
57.368324,16,17640.815166,True
58.302663,18,17641.685704,True
62.033351,24,17642.813139,True
60.48252,55,17645.356748,True
58.187712,20,17646.328045,True
62.031859,26,17647.554089,True
61.759214,24,17648.684233,True
62.741439,28,17650.0043,True
62.553951,27,17655.622908,True
57.743854,17,17656.430693,True
63.567751,29,17657.771031,True
59.547267,19,17658.676637,True
55.262801,11,17659.194216,True
61.036351,25,17660.413352,True
57.88646,22,17661.420104,True
59.314857,19,17662.318523,True
57.366258,19,17663.191887,True
60.409094,24,17664.315943,True
54.673887,12,17664.885879,True
59.084484,22,17665.906597,True
59.506111,22,17666.935033,True
63.05608,27,17668.237099,True
60.440186,22,17669.295499,True
63.02011,32,17670.778363,True
57.553208,18,17671.621339,True
64.147859,30,17673.037849,True
61.407912,25,17674.208051,True
63.145024,28,17675.566691,True
56.927971,39,17677.363591,True
63.747267,63,17680.262118,True
61.57029,37,17681.963074,True
62.146497,26,17683.177132,True
54.323688,11,17683.713054,True
64.218807,32,17685.218334,True
53.814136,8,17685.586161,True
65.004244,73,17688.974246,True
60.503685,24,17690.086778,True
55.979036,12,17690.66063,True
60.826471,37,17692.386386,True
62.707895,29,17693.731851,True
58.959428,45,17695.80955,True
56.988737,16,17696.543862,True
58.363716,18,17697.404429,True
60.165924,23,17698.511097,True
60.83531,25,17699.69651,True
60.141448,23,17700.777025,True
58.540067,18,17701.638125,True
55.765093,12,17702.208194,True
65.471773,52,17704.577281,True
59.55278,19,17705.469885,True
56.482029,13,17706.09347,True
61.856764,26,17707.332129,True
59.21683,22,17708.354296,True
58.768866,18,17709.21215,True
57.825772,58,17711.887029,True
56.363288,14,17712.542604,True
56.006502,14,17713.205363,True
54.784421,10,17713.68324,True
57.643989,20,17714.601188,True
53.919484,11,17715.116046,True
57.370044,17,17715.916916,True
61.290621,24,17717.031287,True
58.271355,59,17719.725269,True
61.41987,23,17720.823538,True
63.825805,43,17722.813894,True
59.888028,61,17725.621145,True
62.186572,25,17726.799812,True
60.07908,49,17729.055911,True
60.301704,23,17730.137103,True
57.652757,17,17730.942599,True
60.42327,24,17732.111577,True
60.26729,23,17733.185477,True
64.750873,33,17734.802923,True
50.084667,1,17734.860827,True
61.658344,26,17736.155994,True
54.591248,10,17736.624883,True
61.963806,25,17737.820827,True
57.793807,17,17738.612237,True
63.009462,29,17740.014568,True
57.988832,19,17740.953715,True
56.849954,17,17741.757757,True
63.299701,28,17743.082066,True
57.827556,20,17744.013838,True
57.477172,18,17744.8808,True
54.063331,38,17746.632002,True
56.248539,14,17747.31603,True
58.844922,22,17748.33873,True
63.207312,30,17749.737668,True
62.225124,28,17755.465228,True
60.949552,57,17758.091574,True
53.128908,7,17758.420733,True
56.662312,45,17760.483441,True
59.440489,35,17762.096213,True
56.928103,15,17762.814137,True
61.96987,27,17764.146174,True
59.534023,19,17765.058138,True
60.394101,24,17766.242626,True
57.880101,18,17767.09686,True
61.194962,58,17769.742829,True
59.03384,32,17771.224603,True
60.332997,21,17772.235828,True
60.307293,52,17774.633822,True
60.822915,25,17775.80545,True
60.370082,22,17776.844937,True
63.654468,31,17778.313007,True
55.040414,12,17778.882942,True
58.664368,23,17779.943988,True
61.313992,25,17781.124622,True
67.971057,40,17783.004798,True
54.575474,9,17783.43648,True
55.026117,13,17784.060627,True
57.506569,18,17784.915187,True
60.454043,23,17786.004755,True
58.694448,18,17786.862131,True
57.676806,17,17787.666837,True
55.476538,14,17788.334944,True
61.321509,25,17789.57963,True
58.003954,22,17790.595486,True
65.493722,37,17792.306367,True
61.789648,29,17793.652128,True
63.548194,28,17795.026709,True
57.366701,15,17795.738739,True
59.237146,19,17796.638176,True
57.925662,18,17797.472449,True
59.212869,21,17798.481478,True
58.696596,20,17799.432076,True
54.812411,37,17801.126028,True
61.534615,26,17802.340396,True
62.850856,53,17804.767239,True
61.926291,27,17806.101139,True
55.593324,12,17806.680946,True
58.27374,17,17807.498224,True
61.586648,23,17808.582042,True
62.327627,60,17811.355638,True
57.199153,17,17812.167157,True
57.971423,20,17813.09016,True
59.844123,24,17814.228767,True
56.817775,38,17815.976977,True
58.727128,19,17816.871219,True
57.755506,39,17818.656244,True
62.579007,51,17820.999082,True
54.973248,11,17821.516443,True
56.810984,17,17822.315094,True
56.719281,16,17823.069136,True
55.744299,16,17823.82659,True
64.728852,35,17825.447826,True
57.539259,56,17828.039073,True
62.667189,31,17829.485055,True
59.634462,22,17830.524147,True
63.002834,28,17831.820506,True
58.889223,59,17834.54912,True
63.063538,28,17835.880446,True
64.358565,32,17837.380089,True
55.578281,13,17837.990093,True
56.749301,17,17838.775263,True
62.722577,27,17840.053365,True
61.976452,26,17841.302891,True
56.076217,14,17841.988105,True
60.56675,23,17843.098324,True
57.851045,17,17843.904984,True
54.792166,10,17844.382738,True
55.370296,40,17846.213509,True
58.468434,38,17847.969357,True
64.402583,30,17849.378757,True
58.371984,18,17850.263291,True
59.444772,21,17855.710024,True
54.585614,12,17856.282417,True
60.040102,20,17857.211912,True
56.608905,14,17857.868564,True
61.856349,26,17859.11469,True
57.463136,18,17859.96442,True
59.578267,35,17861.552124,True
53.186209,7,17861.895339,True
59.019756,22,17862.920084,True
58.988412,21,17863.939452,True
55.654597,15,17864.652076,True
57.45967,15,17865.365353,True
56.595083,16,17866.134951,True
54.786828,10,17866.61461,True
58.367641,18,17867.451761,True
62.520536,30,17868.835333,True
58.184898,18,17869.698176,True
61.281357,27,17870.944674,True
63.09727,28,17872.303524,True
60.531181,24,17873.434334,True
61.713821,25,17874.60737,True
56.142555,16,17875.360232,True
59.647991,19,17876.262084,True
56.792817,15,17876.977887,True
58.09797,17,17877.793862,True
56.042206,13,17878.420574,True
57.081298,16,17879.188081,True
54.898524,10,17879.649464,True
60.950655,24,17880.819756,True
62.003923,26,17882.114107,True
49.894938,1,17882.178357,True
57.196618,17,17882.967813,True
61.088646,26,17884.190283,True
62.335114,54,17886.660894,True
57.405519,16,17887.408923,True
55.738644,16,17888.169654,True
58.523473,17,17888.962416,True
56.297069,13,17889.589644,True
61.289156,25,17890.793149,True
54.925957,13,17891.40759,True
59.688459,23,17892.496068,True
58.087052,43,17894.467072,True
57.530516,19,17895.362918,True
62.138635,25,17896.54974,True
61.211418,23,17897.66389,True
57.333617,19,17898.564559,True
68.923537,54,17901.025092,True
69.346008,81,17904.758946,True
59.239579,23,17905.863408,True
64.085626,62,17908.73971,True
60.891229,22,17909.794993,True
56.680005,20,17910.728409,True
61.449275,25,17911.908417,True
58.922253,18,17912.823183,True
54.283272,10,17913.294198,True
64.884767,64,17916.236092,True
60.333244,24,17917.414064,True
64.774413,62,17920.280897,True
56.769179,18,17921.123891,True
61.943188,26,17922.368172,True
54.396885,10,17922.847197,True
56.770588,18,17923.690804,True
62.389992,27,17924.963657,True
62.854169,28,17926.291101,True
57.176943,18,17927.145293,True
61.340057,24,17928.285151,True
53.752566,9,17928.718284,True
59.913557,20,17929.64975,True
58.592804,20,17930.608011,True
61.989291,24,17931.753023,True
62.694102,27,17933.033231,True
55.76027,15,17933.748059,True
59.014728,23,17934.820624,True
62.706696,55,17937.3696,True
60.230542,22,17938.454753,True
55.914099,53,17940.868998,True
61.377981,24,17942.00696,True
60.40258,53,17944.440649,True
60.325956,22,17945.472752,True
63.663961,29,17946.820347,True
58.268598,30,17948.215358,True
57.759715,19,17949.113858,True
57.317357,18,17949.958122,True
60.687798,62,17957.191463,True
54.959991,13,17957.802569,True
63.509614,29,17959.153838,True
54.620919,10,17959.635309,True
61.688168,24,17960.77186,True
58.185671,18,17961.643225,True
59.696557,22,17962.690645,True
55.239749,43,17964.654072,True
62.212751,26,17965.896266,True
61.900084,57,17968.502362,True
61.337824,24,17969.710257,True
62.46925,58,17972.438398,True
56.501969,16,17973.206725,True
58.095468,58,17975.868394,True
55.731219,12,17976.440945,True
60.752762,25,17977.67602,True
53.289379,8,17978.06346,True
57.396534,20,17978.993801,True
59.04187,35,17980.613444,True
56.551775,16,17981.378056,True
62.466242,27,17982.712613,True
63.914296,34,17984.284205,True
61.586212,26,17985.550696,True
61.506851,25,17986.746143,True
58.50122,18,17987.603612,True
56.024324,14,17988.262456,True
54.037506,39,17990.061095,True
61.458956,27,17991.318764,True
65.6021,36,17993.019859,True
62.819832,27,17994.287677,True
57.621809,20,17995.235825,True
58.781158,21,17996.21684,True
62.079539,27,17997.521448,True
54.228964,34,17999.07099,True
65.063482,61,18001.880746,True
57.951995,21,18002.862005,True
54.385932,14,18003.516221,True
60.368152,24,18004.675835,True
59.25535,50,18006.97881,True
56.968454,49,18009.240241,True
58.241901,18,18010.096474,True
63.72069,29,18011.466194,True
61.567447,24,18012.634015,True
59.414103,20,18013.612725,True
58.449155,19,18014.52236,True
59.240188,22,18015.562629,True
58.66465,60,18018.356742,True
66.313339,52,18020.743889,True
60.679787,24,18021.878447,True
57.754769,21,18022.856361,True
61.810212,65,18025.873991,True
55.340702,14,18026.528683,True
58.423641,18,18027.384141,True
55.789827,13,18027.998077,True
58.026257,17,18028.804302,True
56.851715,16,18029.558256,True
54.707445,12,18030.127604,True
62.418454,28,18031.469463,True
59.700393,23,18032.556785,True
59.458672,21,18033.554237,True
56.302905,14,18034.211526,True
50.269624,1,18034.274884,True
56.788627,14,18034.936915,True
59.789033,22,18036.005603,True
60.91161,23,18037.117334,True
58.8254,23,18038.200865,True
61.021438,25,18039.382722,True
57.801003,17,18040.19495,True
60.671569,25,18041.431776,True
61.946854,45,18043.501601,True
61.682834,25,18044.691248,True
56.542713,15,18045.407916,True
63.843664,30,18046.826973,True
61.659993,25,18048.026097,True
63.434409,35,18049.66591,True
59.70931,21,18050.676649,True
53.662111,8,18051.064331,True
53.592676,32,18052.534166,True
56.404929,14,18057.51883,True
59.283154,22,18058.554159,True
55.131765,14,18059.209906,True
58.104167,19,18060.116519,True
62.654198,30,18061.527818,True
61.306235,24,18062.683487,True
56.283611,16,18063.459336,True
58.555272,19,18064.359802,True
65.908359,37,18066.123597,True
62.927965,30,18067.560743,True
55.325298,11,18068.09091,True
59.682624,58,18070.762112,True
60.228505,21,18071.768673,True
62.577459,26,18073.039103,True
57.874051,18,18073.892414,True
62.464768,55,18076.454124,True
61.516179,27,18077.727579,True
54.347487,10,18078.214891,True
52.541209,5,18078.470828,True
61.272721,24,18079.613823,True
56.982157,14,18080.27415,True
58.983918,24,18081.401934,True
61.052242,23,18082.524295,True
56.240992,15,18083.234204,True
63.226793,28,18084.57223,True
61.942552,55,18087.092418,True
63.840685,30,18088.518924,True
58.858242,18,18089.377359,True
60.36625,29,18090.784222,True
55.462993,15,18091.501667,True
61.102116,23,18092.603416,True
60.59566,20,18093.588276,True
54.899982,11,18094.11261,True
59.803816,22,18095.180696,True
55.577748,13,18095.806114,True
62.043627,25,18096.984937,True
59.11302,23,18098.053951,True
58.304636,17,18098.865433,True
59.419232,57,18101.481639,True
59.922843,21,18102.498448,True
57.526907,19,18103.388817,True
59.689769,19,18104.291508,True
57.305828,17,18105.088396,True
54.548902,12,18105.647847,True
50.10297,1,18105.711592,True
57.264513,17,18106.515099,True
58.526739,21,18107.484333,True
54.231405,11,18108.005576,True
62.027654,26,18109.274121,True
58.736619,18,18110.159421,True
54.913405,13,18110.770416,True
57.945991,39,18112.584627,True
56.203109,13,18113.19347,True
65.588178,33,18114.768939,True
60.614327,21,18115.782678,True
62.358749,46,18117.876372,True
64.065551,30,18119.299986,True
53.948677,9,18119.72909,True
55.133613,13,18120.356071,True
57.415758,15,18121.064073,True
56.906524,35,18122.689349,True
58.698405,20,18123.633799,True
60.423948,23,18124.74563,True
63.885361,30,18126.130652,True
63.851469,34,18127.735822,True
60.325626,21,18128.735148,True
54.316389,10,18129.215759,True
65.514602,73,18132.574247,True
58.099218,16,18133.348264,True
56.282935,16,18134.093547,True
60.192796,22,18135.146299,True
58.115278,59,18137.877855,True
57.601429,17,18138.682908,True
55.082831,11,18139.215012,True
57.383579,57,18141.83866,True
60.412102,21,18142.838072,True
61.369082,24,18144.001517,True
61.586822,25,18145.242083,True
54.100577,30,18146.609388,True
59.116113,19,18147.523236,True
62.785609,28,18148.856516,True
55.094167,44,18150.952831,True
55.112023,13,18151.555951,True
53.540958,7,18151.905337,True
56.950524,17,18152.699235,True
61.721535,27,18158.709335,True
65.289488,72,18162.040425,True
53.413069,33,18163.578931,True
54.90784,11,18164.093713,True
63.134017,65,18167.100871,True
60.625444,23,18168.19421,True
54.997439,10,18168.680466,True
56.398471,13,18169.295231,True
62.502348,26,18170.536907,True
55.169574,11,18171.064888,True
65.312723,72,18174.385421,True
57.140567,15,18175.114012,True
61.304551,32,18176.583818,True
55.99801,12,18177.157175,True
62.226166,33,18178.672857,True
58.844419,20,18179.628564,True
58.293111,18,18180.473327,True
60.757982,40,18182.320691,True
62.585647,27,18183.603481,True
63.083709,65,18186.61655,True
63.113767,44,18188.63198,True
59.226515,19,18189.553602,True
52.885219,35,18191.186128,True
56.949106,15,18191.890679,True
61.659796,22,18192.963819,True
64.065472,31,18194.447822,True
59.347621,20,18195.399609,True
56.635469,16,18196.157709,True
59.436955,18,18197.042958,True
55.495559,15,18197.746364,True
59.847716,20,18198.717183,True
57.909812,19,18199.609087,True
64.627919,61,18202.449298,True
61.209288,24,18203.590895,True
59.044901,18,18204.463187,True
54.682034,12,18205.039948,True
57.624261,56,18207.60136,True
64.954574,61,18210.478808,True
60.683646,21,18211.499234,True
63.588914,45,18213.565634,True
59.101224,20,18214.513248,True
56.301173,39,18216.305338,True
59.115272,18,18217.172107,True
62.604626,24,18218.324004,True
52.948293,6,18218.617282,True
57.576614,17,18219.41592,True
57.201178,16,18220.19293,True
59.817006,20,18221.149813,True
60.486883,25,18222.325962,True
63.215125,28,18223.663409,True
56.511429,17,18224.47099,True
58.167823,19,18225.376579,True
57.289154,50,18227.700046,True
52.993751,26,18228.893921,True
56.80986,17,18229.698887,True
56.083686,15,18230.411353,True
57.149881,17,18231.195761,True
61.903423,25,18232.418678,True
54.70738,47,18234.584835,True
63.506227,40,18236.432876,True
57.555129,59,18239.189399,True
60.852703,24,18240.311224,True
63.273373,30,18241.868479,True
68.507201,55,18244.455131,True
56.379932,15,18245.167068,True
56.393253,21,18246.154178,True
60.827736,25,18247.314033,True
61.960549,25,18248.483643,True
63.08348,62,18251.384542,True
57.44108,15,18252.086222,True
57.374004,16,18252.837177,True
62.999409,37,18254.555713,True
57.607413,20,18260.639486,True
63.140712,28,18261.947334,True
57.242042,15,18262.65092,True
53.881256,9,18263.079128,True
60.611664,23,18264.129431,True
52.920063,40,18265.982875,True
61.714074,25,18267.136853,True
64.024099,31,18268.636004,True
60.390196,36,18270.301108,True
60.457036,24,18271.448961,True
55.284054,26,18272.653481,True
54.759705,12,18273.21473,True
59.00524,37,18274.9018,True
57.840612,17,18275.699616,True
59.338151,19,18276.592186,True
60.129036,62,18279.444083,True
57.944266,21,18280.413511,True
56.440941,13,18281.040436,True
58.291519,17,18281.81869,True
54.290514,9,18282.247583,True
62.634172,27,18283.522293,True
59.843023,20,18284.454283,True
54.406307,10,18284.921245,True
57.374255,17,18285.716009,True
58.416611,18,18286.568225,True
63.235036,28,18287.862757,True
58.226594,17,18288.662217,True
56.355328,12,18289.221576,True
64.370199,59,18291.946135,True
64.657741,63,18294.815833,True
55.163388,12,18295.382042,True
58.83589,18,18296.21209,True
61.777231,26,18297.411499,True
62.349369,61,18300.230177,True
57.651594,20,18301.155083,True
56.83506,17,18301.956977,True
57.201613,17,18302.762393,True
55.393364,13,18303.382551,True
61.639759,23,18304.462881,True
57.319119,17,18305.261896,True
62.101631,29,18306.60372,True
64.158808,32,18308.082863,True
54.1527,9,18308.520861,True
59.169967,54,18311.008708,True
60.947892,40,18312.850175,True
58.699676,18,18313.712072,True
59.85992,22,18314.726907,True
59.58224,38,18316.474139,True
56.66522,14,18317.141888,True
58.707302,17,18317.942172,True
57.256837,16,18318.704011,True
60.278288,24,18319.836619,True
58.29977,21,18320.804876,True
56.294581,17,18321.589184,True
56.770745,18,18322.434116,True
57.109555,15,18323.149027,True
57.20897,27,18324.400912,True
58.078685,18,18325.241827,True
55.658975,13,18325.849712,True
56.544345,16,18326.586912,True
61.85664,60,18329.403551,True
50.099077,1,18329.459744,True
61.215778,25,18330.618144,True
57.88648,48,18332.837396,True
62.459068,25,18334.015767,True
58.76871,20,18334.966743,True
54.647062,35,18336.568989,True
58.997259,22,18337.592578,True
53.645733,8,18337.974098,True
63.388033,29,18339.335003,True
55.762803,33,18340.876385,True
64.523935,30,18342.245927,True
62.855827,27,18343.494963,True
59.495015,22,18344.520083,True
60.651732,22,18345.554005,True
61.745728,63,18348.453435,True
61.3343,24,18349.580788,True
62.477549,65,18352.581706,True
60.353161,22,18353.608525,True
58.311515,53,18360.971613,True
55.837304,31,18362.416817,True
60.527849,24,18363.577853,True
56.721033,48,18365.782872,True
61.046852,25,18366.952525,True
62.910494,27,18368.215737,True
61.912513,57,18370.829492,True
61.489115,33,18372.349892,True
58.462678,20,18373.27449,True
58.144169,16,18374.032125,True
61.114882,25,18375.190105,True
56.796462,17,18375.987262,True
62.823676,35,18377.597473,True
60.73383,24,18378.702352,True
56.937545,17,18379.498207,True
53.533513,42,18381.438043,True
62.889012,27,18382.803875,True
56.909281,17,18383.598132,True
59.94416,21,18384.587126,True
63.153681,59,18387.347565,True
57.181014,16,18388.088923,True
57.404973,26,18389.285997,True
54.111795,8,18389.671156,True
57.297139,15,18390.367482,True
62.404927,64,18393.313839,True
60.177855,22,18394.363512,True
61.815802,24,18395.484066,True
57.702065,28,18396.774547,True
57.344484,16,18397.527007,True
59.600109,24,18398.621428,True
58.890694,21,18399.600283,True
59.792428,23,18400.681198,True
56.536027,16,18401.432497,True
57.866283,22,18402.455963,True
65.076739,63,18405.345077,True
59.47686,22,18406.36418,True
56.924175,15,18407.061169,True
58.921826,59,18409.767663,True
51.152386,34,18411.340205,True
55.120481,13,18411.958161,True
63.509379,29,18413.289543,True
62.056092,27,18414.672336,True
60.548371,24,18415.781333,True
60.164969,24,18416.887356,True
60.13131,20,18417.832449,True
63.076778,26,18419.056633,True
62.43307,67,18422.135195,True
55.835891,42,18424.045111,True
54.862676,13,18424.663013,True
59.104094,55,18427.175489,True
57.416562,14,18427.838052,True
54.568757,9,18428.26799,True
57.195217,17,18429.064578,True
57.926341,18,18429.910954,True
60.949202,23,18430.998743,True
60.354281,22,18432.03614,True
57.471544,16,18432.789085,True
56.929403,16,18433.532144,True
68.205657,77,18437.075048,True
52.600008,44,18439.111688,True
53.037925,10,18439.580143,True
59.430701,28,18440.874746,True
59.98198,23,18441.952745,True
62.558913,26,18443.175252,True
62.845794,27,18444.462388,True
53.261668,7,18444.800893,True
53.206407,48,18447.091814,True
57.108293,17,18447.88942,True
60.865121,21,18448.882128,True
62.141976,27,18450.250375,True
58.796176,20,18451.189106,True
59.891251,20,18452.116992,True
56.798832,16,18452.868101,True
56.485334,13,18453.467717,True
58.068102,16,18454.216737,True
56.2102,13,18454.840402,True
57.798516,17,18455.657474,True
52.420159,11,18461.191487,True
58.678296,19,18462.077784,True
59.798995,21,18463.066845,True
57.228829,15,18463.764656,True
62.991276,65,18466.752478,True
60.341672,21,18467.765813,True
52.790385,9,18468.196481,True
60.988779,22,18469.239913,True
62.601494,26,18470.456612,True
56.471664,18,18471.296435,True
59.678505,23,18472.35891,True
63.536627,30,18473.774427,True
54.136739,23,18474.836871,True
63.625049,29,18476.195286,True
59.354778,19,18477.098094,True
63.375016,28,18478.42333,True
55.308092,13,18479.028382,True
61.99525,55,18481.555676,True
63.318005,29,18482.897498,True
54.375015,10,18483.376237,True
61.971573,27,18484.74594,True
62.698929,27,18486.076851,True
60.53577,47,18488.227844,True
56.789638,15,18488.924557,True
53.337433,8,18489.315489,True
61.053319,40,18491.14524,True
57.928433,43,18493.124894,True
60.8324,24,18494.255224,True
59.814129,31,18495.680703,True
60.471705,24,18496.804174,True
58.125544,16,18497.555157,True
61.859823,25,18498.742208,True
60.900761,58,18501.400922,True
61.294669,23,18502.459327,True
57.226659,18,18503.308332,True
59.467682,61,18506.182069,True
61.07512,26,18507.387665,True
55.809839,12,18507.946956,True
59.408864,20,18508.877468,True
58.631571,21,18509.864002,True
55.243632,12,18510.426512,True
58.76092,20,18511.374073,True
57.77226,54,18513.848862,True
58.208255,17,18514.651419,True
55.110737,13,18515.272105,True
54.983154,11,18515.790087,True
61.822688,26,18517.251786,True
63.082985,28,18518.561056,True
55.803066,14,18519.22607,True
62.485913,26,18520.446698,True
56.521391,16,18521.199595,True
56.527591,28,18522.480642,True
58.542058,58,18525.153982,True
61.66529,25,18526.322562,True
56.827094,18,18527.162236,True
54.457978,11,18527.673515,True
59.442811,50,18529.99858,True
64.986366,31,18531.444118,True
57.557554,18,18532.280682,True
61.1977,61,18535.093588,True
59.864025,20,18536.035211,True
51.171008,39,18537.825411,True
51.730152,44,18539.846364,True
55.404981,11,18540.367726,True
56.48374,16,18541.130277,True
59.62929,21,18542.123203,True
53.450523,19,18543.011204,True
54.86129,43,18544.993485,True
64.426379,32,18546.481569,True
54.969245,33,18548.00487,True
60.799053,24,18549.111815,True
61.353374,27,18550.352347,True
59.850116,21,18551.351413,True
55.524515,11,18551.884933,True
58.947211,19,18552.790891,True
59.178926,22,18553.817961,True
63.145847,28,18555.139374,True
60.374931,24,18556.255043,True
55.074045,11,18561.422305,True
56.543167,18,18562.26215,True
62.973225,62,18565.198485,True
58.301082,18,18566.039837,True
61.294602,23,18567.104759,True
60.64378,23,18568.184999,True
55.02212,12,18568.750734,True
64.968705,60,18571.510058,True
62.52429,27,18572.769868,True
53.977653,9,18573.201466,True
56.148054,16,18573.935178,True
57.269129,18,18574.781188,True
56.576664,15,18575.499365,True
59.191364,19,18576.387306,True
59.833226,21,18577.372741,True
63.650493,29,18578.72552,True
62.325907,25,18579.893836,True
57.963439,21,18580.878714,True
64.143237,45,18582.958514,True
57.981423,17,18583.756846,True
58.809869,20,18584.677744,True
62.484878,25,18585.845177,True
56.449864,14,18586.49948,True
63.402136,28,18587.936421,True
59.623748,21,18588.94604,True
58.641343,18,18589.81258,True
57.251513,18,18590.650705,True
49.963609,1,18590.707796,True
62.606209,29,18592.159365,True
63.912616,36,18593.830717,True
63.091127,27,18595.096815,True
57.815438,18,18595.948787,True
58.569159,19,18596.84461,True
53.488482,7,18597.189833,True
59.348583,23,18598.255917,True
61.100729,24,18599.37788,True
61.737028,24,18600.501106,True
57.766514,16,18601.263367,True
64.18355,64,18604.211128,True
58.581632,17,18605.007078,True
62.707806,46,18607.10898,True
55.249108,14,18607.754139,True
59.598959,23,18608.831246,True
60.601096,65,18611.816949,True
54.758564,10,18612.28772,True
62.364039,28,18613.591941,True
57.073532,15,18614.29356,True
57.35142,15,18615.004809,True
55.859806,15,18615.706591,True
60.507854,40,18617.53665,True
54.57331,15,18618.232993,True
50.875282,23,18619.301677,True
60.072203,21,18620.301672,True
64.020207,50,18622.598031,True
60.418047,22,18623.702079,True
62.568463,27,18624.958988,True
57.757346,18,18625.807416,True
58.041127,18,18626.646263,True
63.775862,29,18627.983631,True
59.696192,19,18628.879121,True
55.438277,12,18629.450515,True
62.914656,64,18632.384785,True
57.118076,15,18633.095378,True
58.50897,19,18633.980629,True
59.449301,22,18635.006531,True
59.862764,20,18635.948015,True
58.421192,18,18636.775376,True
55.892057,20,18637.701288,True
49.905946,1,18637.759501,True
59.069006,22,18638.796319,True
62.405419,65,18641.784266,True
62.416725,26,18643.000244,True
55.11864,12,18643.561104,True
61.745948,26,18644.764278,True
61.948841,26,18645.954471,True
60.403619,23,18647.06557,True
62.720113,28,18648.363069,True
60.817038,57,18650.99749,True
58.176533,18,18651.823961,True
55.829322,14,18652.482977,True
60.223011,48,18654.694816,True
58.42877,19,18655.588359,True
59.362036,60,18663.283544,True
56.697543,14,18663.947054,True
59.803544,57,18666.547903,True
58.173927,36,18668.198076,True
61.768429,25,18669.38795,True
61.655329,25,18670.560129,True
55.443347,43,18672.53086,True
59.379213,20,18673.459639,True
61.214785,23,18674.530848,True
56.450826,13,18675.155576,True
59.110345,19,18676.042011,True
59.10814,20,18676.988417,True
54.528969,9,18677.416817,True
59.662692,23,18678.520291,True
57.843289,22,18679.551116,True
57.132328,15,18680.257629,True
53.413594,8,18680.628525,True
60.656058,23,18681.703375,True
63.73864,42,18683.702048,True
58.540072,17,18684.501263,True
63.126392,28,18685.794505,True
59.160017,49,18688.04742,True
58.407164,20,18688.99891,True
58.499439,21,18689.976141,True
57.382474,18,18690.811992,True
63.931758,30,18692.214729,True
62.606603,25,18693.391382,True
59.115878,20,18694.330526,True
61.224596,54,18696.809052,True
60.003733,25,18697.950038,True
58.778304,17,18698.750389,True
60.202189,21,18699.731565,True
55.633526,12,18700.299343,True
66.257938,64,18703.242972,True
62.563993,27,18704.590437,True
60.311872,22,18705.632491,True
53.033378,10,18706.106667,True
57.737049,17,18706.911982,True
58.40851,18,18707.752097,True
59.425551,22,18708.77135,True
55.600288,12,18709.337854,True
54.552054,9,18709.756746,True
61.673861,23,18710.813372,True
56.915491,15,18711.528306,True
56.749172,13,18712.135864,True
66.656325,36,18713.788133,True
65.71164,72,18717.10705,True
62.587611,26,18718.31048,True
56.869087,16,18719.051425,True
57.284053,17,18719.845977,True
62.237391,27,18721.090981,True
58.779462,20,18722.026606,True
58.723917,21,18722.99908,True
58.664745,20,18723.931806,True
56.851801,25,18725.0911,True
63.753126,29,18726.428031,True
60.74267,22,18727.474876,True
64.168682,30,18728.903441,True
58.747587,21,18729.88788,True
57.696563,22,18730.907049,True
58.808528,19,18731.816313,True
63.050865,30,18733.21102,True
60.713013,23,18734.283069,True
50.99747,37,18735.986569,True
57.036565,56,18738.546888,True
57.766203,58,18741.200144,True
61.663316,24,18742.376912,True
55.09706,13,18742.988008,True
58.794259,21,18743.957086,True
61.256255,23,18745.042852,True
59.344748,21,18746.033448,True
59.827692,20,18746.968723,True
63.230974,47,18749.138473,True
56.311447,13,18749.742767,True
61.055234,25,18750.901261,True
56.813757,17,18751.688713,True
53.712181,9,18752.115883,True
60.064352,22,18753.133983,True
59.546957,21,18754.114946,True
63.801965,58,18756.776879,True
54.611627,10,18757.254213,True
61.257819,62,18764.79904,True
56.926784,15,18765.495933,True
55.590298,15,18766.186978,True
59.350471,26,18767.383929,True
56.215003,15,18768.077048,True
56.995628,17,18768.872775,True
60.271172,23,18769.938102,True
60.743644,24,18771.059085,True
60.446357,24,18772.183354,True
58.903309,23,18773.268361,True
62.172798,25,18774.476019,True
63.046183,28,18775.782138,True
56.019822,13,18776.390123,True
58.746388,19,18777.290386,True
56.949296,57,18779.909443,True
57.4764,16,18780.663964,True
57.033331,16,18781.404873,True
69.339978,54,18783.886337,True
55.503388,15,18784.585671,True
58.236736,49,18786.834966,True
61.468325,65,18789.828532,True
58.253512,19,18790.709785,True
55.656224,15,18791.409444,True
58.420179,19,18792.302579,True
63.294779,28,18793.595904,True
57.64218,19,18794.489106,True
50.180019,1,18794.547919,True
60.724243,26,18795.759251,True
55.657076,11,18796.280857,True
54.099969,11,18796.799545,True
64.264297,46,18798.901188,True
57.295022,17,18799.694433,True
56.588999,17,18800.483401,True
62.09072,26,18801.831098,True
57.025087,16,18802.583212,True
60.376055,46,18804.701239,True
61.462265,26,18805.899412,True
60.068694,20,18806.841356,True
57.441843,16,18807.591563,True
57.78426,16,18808.368209,True
56.151078,14,18809.022708,True
57.920679,39,18810.819002,True
64.188769,48,18813.026678,True
58.592976,17,18813.81411,True
63.317421,29,18815.187159,True
58.164821,58,18817.8513,True
54.92082,44,18819.896613,True
55.342638,12,18820.455813,True
60.002707,25,18821.611233,True
61.199475,25,18822.782424,True
58.818588,21,18823.767575,True
56.655391,13,18824.399139,True
56.553843,35,18826.023169,True
55.337284,50,18828.32712,True
60.284852,22,18829.366691,True
58.274577,19,18830.255306,True
49.966953,1,18830.314224,True
60.869403,24,18831.442876,True
61.493257,25,18832.678023,True
55.062716,10,18833.166598,True
66.335985,36,18834.868389,True
58.178812,20,18835.789919,True
54.372279,11,18836.311907,True
60.330858,55,18838.837602,True
59.516481,23,18839.89724,True
61.303337,26,18841.116157,True
58.1732,59,18843.863508,True
62.475172,27,18845.136637,True
54.504427,10,18845.613055,True
58.27515,19,18846.499395,True
57.769873,17,18847.297744,True
54.387234,35,18848.907029,True
61.992702,25,18850.08889,True
57.967123,17,18850.879867,True
60.987524,57,18853.493989,True
54.395032,11,18854.019461,True
60.614212,25,18855.196896,True
58.791738,20,18856.133336,True
59.367558,22,18857.152591,True
56.58206,14,18862.815823,True
54.126841,27,18864.059882,True
64.735891,41,18865.941674,True
61.111944,23,18867.034864,True
59.048732,49,18869.276716,True
62.522072,26,18870.497684,True
60.922302,23,18871.576914,True
56.359416,14,18872.242101,True
63.749279,28,18873.543294,True
60.48813,21,18874.532871,True
62.454871,27,18875.793876,True
64.044707,59,18878.495931,True
62.447306,27,18879.744168,True
63.114933,26,18880.984732,True
56.446982,16,18881.725086,True
56.781921,17,18882.528887,True
61.543274,24,18883.691931,True
58.720898,18,18884.531347,True
58.34455,25,18885.693827,True
52.711431,29,18887.031442,True
58.203827,16,18887.786172,True
57.275754,45,18889.857865,True
62.534927,56,18892.42245,True
59.299516,21,18893.41543,True
61.400927,65,18896.42858,True
57.012546,15,18897.131575,True
63.274932,29,18898.503725,True
61.227084,26,18899.75946,True
62.971772,68,18902.88059,True
52.203763,45,18904.953202,True
59.719939,20,18905.896269,True
63.218351,41,18907.784895,True
55.02563,10,18908.268694,True
61.190744,25,18909.418145,True
59.269377,21,18910.386859,True
57.076068,18,18911.228133,True
62.286902,25,18912.423401,True
62.118908,24,18913.550989,True
59.581318,42,18915.480637,True
57.3927,15,18916.180091,True
49.916119,1,18916.237729,True
54.845347,12,18916.797313,True
55.974859,14,18917.47012,True
59.461597,22,18918.490062,True
57.810173,18,18919.341032,True
64.026199,31,18920.82618,True
61.126856,41,18922.719748,True
61.169397,24,18923.828192,True
54.402946,18,18924.662404,True
54.419644,42,18926.586515,True
58.594408,18,18927.425819,True
57.732976,18,18928.261265,True
58.989403,60,18931.050523,True
58.729536,19,18931.93316,True
58.383717,19,18932.817216,True
60.510299,22,18933.850093,True
57.302933,17,18934.641131,True
58.602113,19,18935.519834,True
51.967783,22,18936.534747,True
54.4982,11,18937.049145,True
59.849484,20,18937.988171,True
52.317105,7,18938.327446,True
57.432092,19,18939.203604,True
64.380118,73,18942.570088,True
59.083119,20,18943.500976,True
63.358193,29,18944.861091,True
56.939096,20,18945.797064,True
65.393862,36,18947.458619,True
55.848455,39,18949.243145,True
56.795911,14,18949.913245,True
61.659875,22,18950.935595,True
62.151685,26,18952.127267,True
58.411416,20,18953.052709,True
58.254738,26,18954.263403,True
57.575059,19,18955.149763,True
58.953382,19,18956.053144,True
61.827935,25,18957.223722,True
57.898132,23,18963.147772,True
59.212741,19,18964.029379,True
60.935193,23,18965.134836,True
64.040361,47,18967.299567,True
56.716718,14,18967.95677,True
56.120241,14,18968.614993,True
62.20909,26,18969.813526,True
64.289716,38,18971.567712,True
51.605983,4,18971.760864,True
58.399636,25,18972.924069,True
52.905814,37,18974.630847,True
62.408636,25,18975.796134,True
57.385222,18,18976.623806,True
60.38745,22,18977.635449,True
49.914871,1,18977.693546,True
63.601599,29,18979.103451,True
54.171628,10,18979.576777,True
62.85991,27,18980.868949,True
56.260415,13,18981.486403,True
62.861152,28,18982.792014,True
59.639782,55,18985.320808,True
56.839049,27,18986.558534,True
61.144046,24,18987.757254,True
54.274514,9,18988.18357,True
62.592875,26,18989.398226,True
60.645742,24,18990.525424,True
62.718915,25,18991.698389,True
57.475173,57,18994.311007,True
55.577635,15,18995.014685,True
59.811376,61,18997.818418,True
57.431015,16,18998.57374,True
53.96225,9,18999.003366,True
56.298343,29,19000.341846,True
54.892987,13,19000.948912,True
58.525192,19,19001.827556,True
60.679336,23,19002.909085,True
53.490436,7,19003.247345,True
55.772152,14,19003.903057,True
56.106531,14,19004.568036,True
60.256415,21,19005.576678,True
60.541415,22,19006.622175,True
63.896693,50,19008.946787,True
55.281532,14,19009.610416,True
56.425746,14,19010.268773,True
56.762595,18,19011.100823,True
62.749536,26,19012.306936,True
56.040142,12,19012.874357,True
63.647993,29,19014.220363,True
59.322652,52,19016.628993,True
59.908839,20,19017.582394,True
64.709157,31,19019.028678,True
61.279723,23,19020.102834,True
55.917082,12,19020.675779,True
61.020818,58,19023.35946,True
61.708169,23,19024.441827,True
58.428203,18,19025.276408,True
53.939854,9,19025.704902,True
64.279758,30,19027.078382,True
58.503479,18,19027.935478,True
62.399668,24,19029.062305,True
58.969142,19,19029.948048,True
62.442911,27,19031.256417,True
62.342921,58,19033.940347,True
62.698613,27,19035.204279,True
57.801238,23,19036.263547,True
57.372843,52,19038.733942,True
61.29481,25,19039.884675,True
60.217304,23,19040.959363,True
63.752901,40,19042.798513,True
59.917605,21,19043.808837,True
60.218092,22,19044.834367,True
55.585841,14,19045.499,True
59.55878,19,19046.381357,True
60.847304,22,19047.401493,True
62.453038,59,19050.124114,True
56.351306,15,19050.826159,True
61.524781,24,19051.995172,True
62.161827,26,19053.296014,True
58.232302,17,19054.105428,True
57.50909,17,19054.905748,True
64.702211,32,19056.39708,True
56.627932,18,19057.243149,True
49.853971,1,19057.304207,True
57.73987,20,19058.222483,True
60.552701,21,19063.987935,True
59.836117,20,19064.923836,True
54.40982,9,19065.355849,True
60.907284,24,19066.481375,True
60.986914,25,19067.683917,True
55.970464,12,19068.252877,True
58.287426,19,19069.14724,True
60.094975,21,19070.121664,True
59.99982,34,19071.693763,True
59.301954,23,19072.780695,True
57.568863,15,19073.493144,True
58.212956,57,19076.101359,True
58.796137,22,19077.149953,True
60.444038,24,19078.268566,True
55.285489,17,19079.054812,True
64.705516,33,19080.567031,True
55.656318,13,19081.182918,True
58.107715,17,19081.972051,True
57.253939,17,19082.787534,True
62.367626,26,19084.010322,True
62.256014,27,19085.272105,True
58.573767,21,19086.24911,True
58.063156,19,19087.130209,True
56.168506,16,19087.882989,True
62.529842,26,19089.076919,True
60.941326,21,19090.080785,True
55.253942,12,19090.646172,True
60.533553,21,19091.64677,True
58.300613,18,19092.498841,True
61.116731,23,19093.594994,True
63.274389,28,19094.920063,True
63.215597,29,19096.348878,True
56.376288,16,19097.095971,True
57.440754,16,19097.922712,True
63.459122,35,19099.528224,True
55.238356,14,19100.190414,True
65.606113,35,19101.789709,True
53.514085,7,19102.140957,True
60.333884,23,19103.227627,True
60.592488,43,19105.202181,True
59.768098,22,19106.233202,True
54.556995,9,19106.655269,True
53.960009,9,19107.07634,True
58.647609,21,19108.048755,True
57.749662,41,19109.943896,True
53.112919,6,19110.238916,True
59.749852,23,19111.304078,True
62.098997,26,19112.521244,True
62.590673,25,19113.69748,True
58.943693,20,19114.623128,True
64.045809,31,19116.074174,True
57.820825,16,19116.832312,True
57.434317,56,19119.398987,True
60.079796,22,19120.463529,True
61.910542,25,19121.636469,True
58.38375,17,19122.441798,True
58.485808,21,19123.41379,True
58.284606,18,19124.267847,True
59.855717,19,19125.163268,True
59.406753,22,19126.186645,True
57.621862,56,19128.767686,True
60.143842,20,19129.711277,True
61.949981,25,19130.910118,True
60.497527,23,19131.974504,True
59.713718,22,19133.012678,True
55.118066,13,19133.615219,True
58.637111,19,19134.498272,True
58.648859,26,19135.703677,True
58.925615,19,19136.606298,True
62.164256,25,19137.792828,True
53.772051,8,19138.165719,True
57.35214,52,19140.538208,True
62.273761,26,19141.744009,True
56.477847,16,19142.495735,True
58.798788,21,19143.474211,True
63.820929,28,19144.784079,True
57.498403,16,19145.552202,True
64.236033,44,19147.56944,True
59.79226,53,19150.005189,True
54.020365,8,19150.387779,True
60.028985,20,19151.330506,True
55.142963,14,19151.987676,True
60.795438,22,19153.016818,True
63.366236,55,19155.526508,True
55.850657,16,19156.274983,True
59.527449,21,19157.326686,True
62.97875,55,19164.227413,True
58.746319,18,19165.046462,True
63.699506,57,19167.659964,True
62.671214,27,19168.938293,True
57.302964,19,19169.820035,True
59.162014,20,19170.741308,True
64.460908,41,19172.63143,True
58.191552,44,19174.65861,True
61.427457,25,19175.854422,True
62.175922,26,19177.082173,True
54.275223,9,19177.514159,True
55.638737,14,19178.166332,True
57.504914,36,19179.843305,True
58.546824,18,19180.687828,True
55.681968,13,19181.30264,True
60.028355,22,19182.353687,True
54.966018,12,19182.918376,True
55.237291,12,19183.489834,True
63.892298,30,19184.889101,True
54.179834,8,19185.276906,True
57.530245,15,19185.995269,True
62.037223,27,19187.284673,True
57.566476,19,19188.160341,True
62.880808,68,19191.297444,True
54.102104,48,19193.498605,True
58.754313,56,19196.103548,True
62.686545,27,19197.382807,True
59.84525,21,19198.383618,True
65.035686,73,19201.751161,True
57.970356,19,19202.646437,True
54.094785,45,19204.71535,True
56.563511,14,19205.376201,True
56.789555,15,19206.089375,True
60.163836,23,19207.167764,True
56.862213,14,19207.82506,True
61.421685,36,19209.483703,True
56.238452,16,19210.216923,True
57.340635,18,19211.068065,True
58.337659,21,19212.039415,True
59.642394,21,19213.039972,True
57.171605,19,19213.934676,True
59.949566,22,19214.959677,True
62.286613,26,19216.188584,True
64.079593,40,19218.064394,True
59.860697,40,19219.915042,True
51.663619,4,19220.109681,True
60.947149,25,19221.275234,True
58.819382,47,19223.419959,True
60.040372,23,19224.48338,True
63.997592,29,19225.847103,True
62.463173,25,19227.005876,True
63.678593,29,19228.370726,True
57.054336,36,19230.035807,True
61.037694,24,19231.167674,True
59.923783,20,19232.108393,True
62.150211,24,19233.249434,True
62.951964,34,19234.819683,True
58.403182,18,19235.675057,True
55.93056,24,19236.783433,True
56.884541,15,19237.48087,True
58.585189,21,19238.468055,True
63.647473,29,19239.836941,True
53.708985,7,19240.17981,True
60.324156,41,19242.055224,True
60.143391,22,19243.090779,True
55.126385,44,19245.1091,True
61.80342,24,19246.236351,True
59.304361,18,19247.100932,True
61.03281,23,19248.213059,True
57.710626,18,19249.064929,True
60.553883,22,19250.106116,True
53.176527,8,19250.480883,True
60.672141,23,19251.547839,True
62.610342,46,19253.659568,True
59.935471,21,19254.659307,True
58.157325,19,19255.542669,True
57.449963,16,19256.301859,True
56.468599,18,19257.134381,True
58.273354,17,19257.934811,True
55.77161,12,19258.517657,True
52.529615,5,19258.763484,True
57.626079,57,19265.856553,True
57.774518,16,19266.606117,True
56.925693,15,19267.319745,True
63.946156,31,19268.763917,True
61.156082,25,19269.947296,True
57.913454,21,19270.915833,True
64.977112,48,19273.117136,True
62.483462,27,19274.397171,True
61.0048,25,19275.570692,True
55.274156,15,19276.340342,True
60.216483,22,19277.398012,True
55.342431,13,19278.018288,True
58.472823,19,19278.902623,True
59.671893,23,19279.956784,True
63.806869,49,19282.221217,True
58.797876,43,19284.199292,True
57.008608,16,19284.943829,True
56.292888,13,19285.554536,True
57.824879,18,19286.378067,True
56.393437,51,19288.700563,True
64.547867,58,19291.371342,True
56.72093,15,19292.095545,True
58.335441,44,19294.130194,True
57.500315,18,19294.977224,True
60.217814,22,19295.996449,True
62.268242,62,19298.867917,True
60.347516,44,19300.889251,True
64.098885,33,19302.411798,True
59.654593,45,19304.496652,True
59.951191,23,19305.5655,True
61.644706,63,19308.461137,True
59.835947,22,19309.472416,True
53.624026,29,19310.820096,True
63.672509,59,19313.526192,True
62.187184,27,19314.841405,True
56.794238,15,19315.55012,True
66.284995,74,19318.950866,True
57.034611,16,19319.688467,True
63.473169,69,19322.890083,True
57.853668,18,19323.728167,True
55.471341,12,19324.28635,True
64.947685,48,19326.499308,True
63.494991,30,19327.897503,True
59.071996,26,19329.108385,True
58.712411,26,19330.307869,True
57.207944,18,19331.146005,True
59.778246,37,19332.861108,True
64.248325,60,19335.674607,True
58.311507,20,19336.609401,True
58.744759,20,19337.538585,True
61.631684,25,19338.704072,True
60.564073,22,19339.756254,True
61.558947,23,19340.821755,True
55.576732,13,19341.427867,True
54.923155,11,19341.949284,True
67.962261,54,19344.41393,True
60.44929,21,19345.398138,True
62.69836,27,19346.673282,True
61.749844,66,19349.712633,True
61.394847,23,19350.810111,True
55.747945,14,19351.469927,True
61.592346,23,19352.585959,True
62.684286,27,19353.874556,True
62.641601,27,19355.129417,True
55.464,19,19356.011583,True
56.66433,36,19357.662171,True
55.971846,12,19358.232331,True
55.167286,12,19363.936897,True
55.799991,12,19364.505381,True
55.089804,12,19365.073217,True
60.669967,23,19366.140263,True
60.442158,20,19367.087575,True
62.166117,23,19368.173217,True
57.658136,19,19369.078176,True
62.202054,25,19370.310994,True
54.693287,13,19370.931515,True
61.597233,26,19372.200011,True
54.754283,10,19372.673852,True
57.752847,16,19373.433469,True
58.16999,17,19374.217476,True
64.012415,34,19375.816206,True
52.739308,6,19376.10268,True
60.697717,24,19377.260785,True
54.792604,12,19377.829705,True
55.424241,14,19378.484466,True
55.851859,53,19380.923211,True
53.791172,9,19381.350139,True
56.044985,16,19382.08906,True
56.503201,13,19382.705197,True
55.00904,10,19383.186654,True
66.528524,48,19385.402388,True
53.181185,7,19385.741878,True
57.978985,56,19388.317978,True
56.350189,15,19389.020064,True
56.789325,14,19389.686757,True
62.317358,24,19390.836082,True
57.210054,16,19391.575597,True
54.241595,11,19392.084756,True
59.120109,20,19393.04032,True
58.494896,18,19393.891138,True
58.358671,21,19394.926844,True
55.396165,12,19395.498679,True
52.961929,6,19395.795218,True
67.053084,50,19398.337409,True
54.1426,33,19399.856191,True
56.485211,14,19400.518427,True
62.120946,23,19401.606893,True
59.338837,19,19402.509981,True
59.495366,22,19403.534878,True
61.532001,24,19404.667603,True
58.015958,17,19405.467747,True
58.774665,18,19406.317324,True
55.424259,11,19406.835285,True
61.227817,23,19407.922889,True
60.124533,22,19408.961878,True
62.599272,26,19410.168697,True
59.901225,20,19411.103868,True
60.573164,50,19413.402259,True
64.988004,47,19415.554054,True
58.616426,59,19418.257496,True
55.304292,13,19418.868295,True
60.488889,24,19419.993787,True
56.582689,15,19420.709338,True
59.597741,22,19421.722719,True
56.914941,34,19423.294902,True
53.440122,8,19423.680898,True
60.215122,22,19424.723562,True
57.279263,15,19425.430904,True
54.893817,11,19425.951496,True
61.352786,23,19427.06222,True
61.812604,24,19428.208307,True
55.425316,11,19428.732019,True
50.222754,1,19428.792958,True
59.202319,23,19429.865237,True
53.409494,27,19431.112001,True
61.119642,24,19432.236369,True
57.250047,16,19432.994137,True
54.504504,32,19434.475077,True
58.629701,19,19435.355789,True
59.761737,36,19437.01285,True
60.656224,22,19438.029176,True
61.90598,28,19439.324334,True
61.469973,24,19440.448298,True
62.728071,26,19441.698426,True
58.12002,58,19444.369598,True
61.727327,23,19445.436205,True
55.07921,10,19445.911666,True
61.3361,23,19447.014584,True
63.788132,68,19450.130539,True
54.078079,10,19450.61601,True
54.442258,10,19451.080484,True
55.268151,14,19451.72793,True
60.339125,23,19452.804868,True
53.836129,9,19453.245729,True
58.688412,20,19454.256162,True
61.998946,57,19456.87083,True
57.034829,16,19457.612982,True
61.922374,63,19465.191954,True
61.753548,40,19467.025798,True
54.228356,9,19467.454705,True
65.028693,64,19470.388712,True
63.25519,39,19472.178526,True
66.985325,39,19473.984712,True
58.546302,21,19474.960953,True
57.785551,18,19475.801642,True
53.828601,26,19477.010844,True
61.161692,24,19478.156311,True
56.131671,16,19478.918779,True
53.012785,33,19480.435268,True
62.095238,26,19481.742048,True
56.816588,34,19483.303993,True
55.238927,12,19483.874895,True
58.687947,19,19484.784436,True
58.416695,60,19487.514207,True
57.752776,16,19488.26511,True
59.327907,21,19489.269131,True
59.97047,20,19490.228027,True
62.564895,59,19492.944014,True
55.800108,12,19493.504326,True
67.012281,50,19495.787218,True
59.91258,21,19496.772307,True
56.289041,16,19497.523851,True
51.614587,38,19499.259836,True
64.025454,48,19501.452936,True
53.752415,10,19501.922848,True
54.422949,11,19502.45684,True
59.528132,22,19503.503115,True
62.739012,27,19504.795132,True
56.544912,15,19505.496223,True
62.602443,24,19506.620723,True
59.030603,20,19507.573433,True
56.470552,13,19508.178963,True
60.494497,35,19509.866934,True
61.728879,25,19511.12474,True
54.067809,8,19511.509722,True
56.364947,15,19512.220898,True
56.153057,14,19512.89244,True
56.73056,13,19513.499705,True
63.80748,51,19515.873277,True
62.773236,58,19518.511911,True
61.323326,25,19519.680462,True
61.182658,24,19520.801288,True
60.777864,23,19521.901596,True
62.380718,28,19523.236059,True
59.898421,21,19524.229625,True
57.798914,59,19526.935513,True
55.073277,13,19527.53878,True
64.425664,41,19529.422021,True
56.078218,16,19530.161373,True
61.31149,23,19531.272067,True
58.037277,16,19532.028148,True
59.460225,20,19532.971477,True
59.365592,61,19535.775544,True
60.791786,24,19536.897342,True
57.721289,16,19537.654623,True
60.718514,23,19538.764485,True
54.545463,10,19539.235162,True
61.197318,23,19540.356599,True
57.135281,16,19541.099684,True
61.537489,26,19542.414904,True
62.205076,28,19543.737828,True
56.532816,13,19544.378505,True
58.652983,21,19545.348269,True
61.206337,24,19546.503391,True
61.178514,29,19547.828914,True
62.844954,35,19549.440711,True
61.26593,26,19550.655813,True
58.480436,22,19551.676174,True
55.68263,15,19552.376387,True
61.020652,25,19553.544079,True
53.568869,43,19555.524307,True
54.442092,10,19555.992279,True
61.218421,24,19557.193123,True
66.071884,46,19559.315494,True
56.457494,50,19566.38237,True
58.667915,19,19567.276859,True
61.23522,24,19568.41964,True
60.850698,23,19569.576444,True
56.938972,17,19570.378817,True
62.461687,26,19571.605343,True
61.919978,27,19572.973837,True
61.173348,25,19574.167171,True
59.904469,23,19575.239994,True
65.075599,71,19578.487786,True
57.574458,56,19581.057692,True
55.974064,15,19581.755689,True
52.242095,13,19582.352383,True
66.400588,63,19585.237464,True
56.326132,19,19586.102678,True
63.214882,29,19587.464288,True
55.681931,12,19588.021274,True
59.102112,20,19588.96322,True
60.939612,38,19590.694051,True
63.976677,31,19592.136192,True
59.902677,27,19593.379778,True
54.129877,10,19593.849156,True
58.908619,21,19594.827669,True
54.172193,10,19595.288774,True
60.411848,20,19596.235238,True
61.275632,23,19597.33087,True
55.361424,12,19597.896366,True
56.372718,25,19599.074172,True
52.260404,39,19600.873069,True
53.634025,19,19601.749348,True
55.49363,11,19602.268708,True
58.670951,40,19604.097122,True
57.832457,22,19605.114713,True
53.389775,7,19605.446881,True
60.225088,21,19606.43751,True
55.706469,14,19607.113313,True
61.113302,55,19609.624944,True
56.792652,16,19610.374336,True
57.781936,15,19611.089311,True
63.362845,29,19612.463472,True
54.659294,10,19612.946422,True
55.937034,14,19613.598937,True
62.009094,26,19614.805619,True
57.293415,14,19615.471573,True
64.149562,33,19617.010142,True
56.368969,16,19617.771919,True
55.312344,12,19618.329746,True
64.113718,30,19619.721967,True
61.58044,27,19621.011127,True
56.063067,54,19623.49905,True
61.185083,25,19624.666493,True
61.247735,22,19625.715731,True
62.270796,27,19626.977156,True
59.345018,19,19627.882013,True
55.100232,12,19628.517236,True
61.980652,29,19629.843723,True
61.290421,24,19630.968801,True
54.199085,11,19631.484128,True
59.592886,21,19632.483759,True
62.364016,29,19633.835983,True
57.400356,23,19634.909652,True
56.919036,15,19635.622971,True
60.718495,22,19636.663384,True
56.924959,38,19638.40266,True
64.285317,30,19639.785632,True
57.963634,22,19640.797343,True
63.437389,28,19642.095782,True
59.211488,19,19642.999514,True
59.689934,59,19645.715321,True
57.326241,16,19646.4581,True
56.795877,55,19648.996155,True
63.419282,29,19650.415756,True
62.092775,49,19652.668233,True
57.091326,17,19653.462298,True
59.988315,21,19654.445346,True
67.17869,77,19657.989709,True
59.315114,19,19658.888893,True
54.439243,12,19659.457871,True
54.97498,10,19659.935468,True
56.96174,15,19660.644245,True
57.936104,19,19666.360352,True
58.119929,21,19667.330617,True
60.260616,22,19668.369352,True
59.499973,21,19669.344244,True
63.169003,28,19670.644311,True
56.844642,15,19671.355169,True
53.541692,9,19671.78119,True
55.032472,13,19672.384112,True
66.04049,35,19674.000467,True
64.845443,62,19676.834991,True
54.746817,11,19677.350071,True
59.586488,25,19678.529193,True
60.731616,48,19680.731414,True
62.824143,26,19681.949008,True
62.174075,63,19684.852168,True
58.892861,20,19685.783544,True
63.292657,60,19688.621426,True
59.06924,19,19689.519556,True
59.765792,20,19690.457362,True
62.119749,24,19691.607731,True
62.440055,27,19692.853944,True
59.047906,19,19693.742948,True
59.728654,23,19694.826032,True
58.849576,44,19696.845077,True
55.2936,14,19697.501276,True
56.34454,17,19698.297891,True
59.678806,52,19700.673613,True
57.49576,53,19703.102615,True
62.719033,26,19704.318258,True
55.423311,12,19704.892131,True
58.110941,18,19705.749012,True
55.661211,11,19706.275693,True
60.008126,22,19707.317535,True
56.830935,17,19708.120955,True
59.134872,19,19709.028326,True
60.688318,62,19711.873871,True
55.169165,40,19713.702539,True
62.26448,24,19714.844474,True
59.12786,46,19716.95379,True
50.169414,1,19717.015227,True
63.347125,29,19718.385483,True
63.793693,28,19719.70357,True
57.113455,16,19720.455268,True
55.090197,12,19721.028197,True
57.914588,21,19722.013875,True
56.334905,14,19722.676304,True
57.683222,19,19723.571417,True
61.143116,24,19724.769179,True
50.460605,1,19724.833033,True
54.327542,10,19725.308697,True
62.746401,27,19726.609273,True
54.237641,11,19727.126728,True
55.405618,11,19727.644698,True
57.159207,19,19728.525149,True
60.884827,54,19731.010518,True
62.57202,24,19732.143266,True
60.940583,23,19733.240728,True
58.241301,20,19734.172294,True
56.785459,14,19734.840847,True
58.824623,18,19735.698343,True
62.967117,33,19737.209523,True
60.303248,29,19738.555546,True
61.519226,23,19739.654184,True
56.592941,15,19740.366291,True
63.327265,66,19743.406949,True
62.331172,27,19744.65627,True
63.205095,30,19746.114862,True
62.568562,26,19747.404714,True
57.147664,18,19748.246434,True
63.359508,51,19750.578757,True
64.436573,31,19752.036217,True
59.885709,19,19752.925341,True
61.131514,22,19753.972387,True
67.726078,39,19755.803342,True
55.793182,14,19756.463425,True
61.957358,25,19757.631163,True
63.198152,27,19758.911257,True
57.614484,18,19759.760463,True
60.932657,24,19760.936942,True
59.461758,53,19768.204356,True
62.483173,27,19769.484163,True
52.5288,42,19771.414386,True
64.275172,54,19773.874702,True
62.249196,26,19775.078943,True
51.527841,40,19776.92526,True
61.850857,52,19779.323298,True
60.227813,21,19780.305885,True
59.848108,20,19781.240293,True
63.497086,29,19782.608313,True
58.449622,17,19783.412879,True
61.526768,25,19784.603583,True
64.375315,30,19786.032578,True
59.59293,59,19788.740744,True
60.377197,23,19789.810116,True
58.530063,42,19791.753777,True
59.666135,19,19792.6454,True
59.344998,22,19793.692596,True
59.716669,22,19794.73579,True
62.532911,26,19795.992135,True
60.394313,21,19796.994364,True
55.450037,12,19797.559586,True
57.099074,15,19798.262757,True
59.096931,20,19799.186885,True
54.394439,11,19799.699181,True
58.787226,20,19800.630082,True
56.608053,16,19801.37009,True
57.987437,20,19802.300889,True
55.883582,13,19802.927615,True
59.44315,20,19803.887081,True
55.550093,12,19804.455277,True
55.283413,12,19805.021038,True
60.33276,24,19806.140034,True
60.417966,23,19807.323142,True
56.028652,14,19807.98164,True
67.697969,52,19810.373534,True
59.24525,22,19811.406287,True
61.215892,23,19812.494076,True
62.056958,27,19813.78168,True
62.189898,23,19814.900494,True
60.327205,22,19815.922245,True
63.919099,30,19817.323307,True
53.835252,9,19817.754898,True
58.581123,17,19818.556107,True
65.561864,61,19821.330927,True
56.184173,14,19821.97898,True
60.488594,25,19823.124103,True
54.951884,52,19825.491275,True
63.879607,30,19826.888288,True
51.366498,39,19828.669638,True
60.288742,23,19829.746228,True
56.1229,47,19831.893376,True
54.418914,11,19832.404321,True
59.546155,22,19833.419652,True
57.315565,19,19834.313327,True
64.97879,65,19837.303982,True
62.124219,66,19840.362015,True
65.184388,63,19843.258081,True
57.597512,19,19844.14632,True
54.976725,11,19844.667388,True
55.051637,10,19845.147258,True
49.929934,1,19845.20869,True
60.185635,22,19846.257856,True
62.948409,27,19847.534538,True
53.940248,9,19847.962427,True
58.168314,19,19848.840443,True
60.60795,52,19851.230155,True
63.234022,28,19852.539988,True
58.33811,50,19854.838098,True
60.088609,21,19855.834378,True
59.972398,21,19856.82215,True
52.615673,6,19857.113713,True
58.609521,17,19857.915765,True
62.862934,28,19859.242713,True
54.737633,12,19859.813653,True
61.598956,56,19867.131638,True
61.886658,26,19868.337098,True
58.029463,21,19869.312614,True
60.828292,25,19870.485799,True
61.37482,27,19871.729076,True
57.472074,19,19872.61891,True
55.802992,14,19873.280891,True
61.337236,25,19874.482269,True
59.534618,22,19875.510648,True
60.349686,21,19876.528266,True
58.023181,19,19877.423485,True
53.461721,30,19878.793205,True
57.410316,18,19879.612285,True
56.070603,12,19880.177123,True
57.043807,14,19880.842527,True
54.71652,10,19881.329077,True
60.302271,24,19882.462981,True
52.120444,6,19882.749089,True
58.285557,19,19883.646598,True
59.596061,22,19884.679682,True
68.603682,54,19887.174729,True
60.526151,24,19888.312121,True
50.453849,1,19888.370194,True
62.796054,27,19889.645512,True
61.348219,30,19891.033904,True
60.387595,24,19892.137766,True
61.679074,23,19893.225989,True
62.131436,26,19894.447985,True
58.321131,18,19895.284653,True
63.889254,32,19896.793919,True
56.79099,15,19897.494016,True
60.902933,25,19898.660711,True
56.746416,17,19899.479091,True
63.413302,67,19902.570544,True
63.009784,26,19903.786564,True
60.087977,22,19904.865402,True
57.575852,20,19905.786294,True
57.995354,19,19906.673792,True
59.11536,21,19907.657869,True
59.50334,22,19908.686615,True
58.901842,20,19909.64278,True
63.506777,30,19911.125666,True
58.869901,55,19913.659707,True
56.597249,18,19914.496914,True
54.963696,11,19915.019351,True
50.588289,2,19915.127216,True
60.369017,22,19916.167848,True
57.382356,17,19916.964997,True
60.348199,21,19917.97456,True
53.77612,31,19919.393625,True
55.280172,11,19919.914732,True
57.276394,15,19920.622341,True
59.993613,21,19921.621766,True
55.690078,14,19922.292532,True
55.363979,11,19922.820115,True
58.937491,20,19923.744812,True
69.596179,73,19927.155753,True
61.476572,23,19928.249563,True
63.79795,44,19930.272627,True
61.126464,24,19931.406837,True
56.140422,42,19933.339026,True
55.394216,52,19935.718986,True
53.674505,17,19936.511459,True
60.51989,23,19937.648204,True
57.55519,21,19938.633821,True
65.692157,50,19940.940698,True
59.778803,20,19941.902686,True
62.059456,24,19943.04047,True
58.345674,20,19943.979007,True
56.341433,15,19944.688428,True
67.187368,49,19946.928659,True
62.070695,44,19948.957102,True
62.812652,62,19951.792474,True
58.470442,20,19952.730599,True
65.994611,49,19954.980135,True
62.344706,26,19956.217341,True
58.635699,19,19957.102305,True
61.860518,25,19958.343683,True
68.573072,54,19960.810853,True
62.016719,24,19961.935877,True
56.457981,14,19967.477099,True
56.792926,53,19969.906917,True
58.677602,19,19970.813627,True
62.541288,27,19972.093955,True
61.977897,26,19973.373048,True
57.90756,19,19974.280059,True
58.505114,18,19975.134326,True
60.354947,21,19976.137581,True
54.108028,8,19976.523109,True
56.269332,14,19977.204865,True
55.319529,13,19977.822578,True
60.029837,23,19978.906418,True
58.31982,19,19979.791547,True
58.893967,21,19980.768191,True
54.575417,9,19981.208923,True
57.202354,15,19981.908863,True
58.824226,18,19982.760958,True
55.419507,12,19983.320034,True
54.277479,10,19983.796942,True
59.00075,19,19984.769542,True
62.051366,26,19985.982366,True
62.334535,25,19987.154014,True
63.704966,30,19988.566072,True
57.038621,14,19989.230999,True
67.888581,56,19991.801976,True
60.769448,24,19992.970885,True
64.245206,31,19994.443635,True
59.989893,22,19995.502732,True
57.876451,23,19996.584054,True
58.841091,20,19997.536118,True
60.461644,22,19998.574023,True
59.495196,21,19999.563593,True
58.639846,27,20000.822494,True
58.28441,18,20001.666403,True
57.170291,16,20002.423198,True
58.20477,23,20003.487282,True
56.301316,13,20004.113182,True
56.074672,17,20004.908963,True
54.824196,11,20005.430462,True
59.686577,49,20007.697012,True
53.528062,9,20008.123325,True
61.394949,25,20009.293818,True
65.988362,37,20010.993567,True
61.360477,25,20012.18097,True
57.328303,19,20013.078169,True
55.781585,15,20013.780237,True
67.988552,77,20017.338173,True
57.558477,16,20018.100176,True
62.687988,34,20019.662106,True
58.979326,21,20020.677901,True
60.337673,21,20021.689812,True
56.769046,17,20022.50151,True
61.278396,24,20023.639124,True
57.2952,54,20026.133024,True
59.039116,19,20027.031711,True
61.685523,25,20028.217347,True
63.633154,28,20029.517461,True
62.211031,38,20031.274654,True
60.439951,21,20032.277895,True
59.166426,20,20033.224441,True
63.713515,29,20034.585304,True
53.040223,6,20034.875325,True
59.657421,20,20035.814734,True
52.317819,7,20036.151733,True
58.204552,17,20036.955183,True
59.131332,23,20038.02835,True
54.935083,11,20038.544538,True
57.586344,16,20039.312171,True
58.647314,21,20040.292858,True
57.947668,17,20041.090724,True
63.174952,28,20042.41199,True
58.364938,58,20045.169761,True
56.284844,14,20045.83001,True
60.298451,23,20046.935444,True
58.252297,19,20047.841413,True
60.481011,23,20048.940825,True
61.896224,26,20050.17552,True
61.150471,24,20051.308134,True
58.081814,20,20052.253788,True
62.108101,26,20053.485532,True
63.804804,29,20054.858463,True
63.885879,30,20056.265873,True
61.980285,26,20057.517452,True
58.189145,20,20058.468307,True
62.71117,27,20059.75637,True
61.655941,27,20061.022565,True
60.556556,24,20062.166829,True
61.0617,50,20068.79963,True
55.615526,11,20069.332327,True
59.814278,21,20070.343713,True
66.933429,37,20072.059253,True
53.199125,43,20074.035775,True
60.981873,23,20075.130252,True
55.900554,15,20075.859857,True
61.003608,26,20077.105762,True
53.195587,7,20077.457216,True
55.299488,10,20077.941635,True
57.170175,16,20078.68795,True
63.488768,50,20080.974148,True
62.809046,27,20082.268042,True
62.745106,27,20083.548192,True
57.063076,19,20084.427662,True
58.914573,54,20086.933352,True
61.801318,24,20088.065193,True
61.855058,26,20089.274858,True
61.92952,26,20090.50671,True
62.491959,27,20091.80967,True
61.895274,26,20093.049514,True
61.238964,22,20094.082013,True
59.693016,21,20095.073274,True
57.182161,16,20095.831894,True
56.298222,16,20096.572429,True
62.137829,24,20097.708334,True
67.418116,69,20100.850215,True
60.312744,21,20101.848666,True
58.373677,18,20102.753876,True
57.797122,16,20103.515575,True
62.762158,51,20105.872958,True
55.775239,13,20106.494274,True
61.016339,25,20107.720991,True
62.087768,58,20110.376787,True
58.244778,18,20111.239979,True
56.990884,17,20112.041209,True
59.309593,61,20114.867912,True
54.918815,10,20115.338643,True
56.72348,19,20116.21423,True
61.754993,24,20117.347665,True
60.462641,23,20118.461036,True
53.640337,9,20118.896816,True
64.105547,48,20121.110699,True
57.623196,16,20121.873845,True
61.707089,26,20123.146401,True
59.824483,20,20124.094774,True
62.241077,26,20125.314989,True
60.982925,27,20126.613736,True
59.247393,21,20127.611042,True
59.950938,24,20128.729289,True
60.436859,24,20129.884988,True
60.313103,22,20130.926927,True
54.616022,11,20131.451874,True
55.43383,13,20132.07092,True
63.027452,45,20134.134559,True
57.488381,16,20134.88341,True
54.831472,12,20135.455198,True
61.607739,23,20136.565071,True
64.090001,45,20138.632517,True
56.907768,19,20139.521833,True
57.310281,19,20140.419881,True
49.959552,1,20140.482074,True
57.77498,20,20141.435306,True
60.341725,20,20142.403448,True
62.729791,27,20143.700297,True
53.087601,10,20144.172491,True
61.510448,26,20145.435768,True
59.787966,20,20146.409308,True
58.265389,19,20147.310661,True
58.305238,19,20148.212332,True
58.987847,19,20149.106443,True
58.08758,19,20150.002356,True
62.02456,44,20152.012118,True
57.945325,18,20152.856259,True
57.897552,17,20153.669801,True
57.046444,15,20154.384015,True
57.854531,18,20155.260944,True
66.064861,63,20158.156301,True
57.853041,58,20160.835373,True
57.681412,22,20161.873569,True
57.341553,17,20162.71088,True
62.306387,27,20163.99388,True
62.608238,26,20169.914979,True
55.645778,13,20170.537459,True
54.386208,10,20171.017411,True
53.738511,8,20171.409832,True
58.682001,61,20174.236884,True
60.927333,25,20175.422079,True
59.382137,20,20176.379216,True
60.871945,24,20177.527245,True
68.01575,38,20179.307963,True
56.714462,33,20180.812045,True
62.601546,26,20182.05637,True
59.982539,21,20183.085367,True
55.365487,12,20183.666987,True
60.060759,21,20184.690938,True
56.646164,17,20185.485733,True
62.528851,26,20186.753581,True
62.294437,26,20187.999176,True
53.188104,7,20188.338708,True
60.193199,49,20190.569497,True
54.299348,9,20191.001059,True
64.6397,64,20193.933571,True
63.099504,66,20196.964308,True
60.622925,45,20199.040106,True
60.460589,24,20200.202525,True
60.062035,24,20201.32133,True
58.780513,22,20202.354099,True
55.999735,12,20202.929008,True
56.606095,15,20203.634156,True
54.423106,10,20204.113284,True
58.333648,23,20205.199929,True
59.064101,20,20206.130271,True
66.371927,64,20209.065977,True
66.145904,49,20211.300922,True
55.243714,11,20211.818967,True
60.91482,23,20212.927305,True
57.84112,43,20214.895722,True
59.731543,27,20216.158254,True
60.776957,22,20217.238095,True
61.095251,41,20219.138912,True
63.388675,28,20220.488861,True
55.993623,15,20221.249051,True
52.535226,5,20221.497114,True
57.604191,46,20223.626682,True
61.196298,23,20224.735491,True
59.276195,18,20225.607515,True
63.947627,30,20227.021291,True
58.713595,19,20227.911077,True
56.960083,22,20228.929974,True
56.888445,15,20229.641938,True
60.150167,23,20230.740794,True
53.696768,8,20231.125918,True
56.815417,17,20231.928663,True
57.313689,15,20232.658169,True
61.513172,23,20233.762889,True
58.042521,17,20234.571432,True
61.022393,24,20235.725169,True
60.284591,21,20236.737875,True
58.708783,33,20238.262667,True
63.122769,56,20240.859386,True
66.422634,63,20243.784425,True
59.892976,23,20244.874292,True
51.416611,4,20245.073805,True
59.011109,21,20246.074007,True
56.547889,16,20246.833841,True
57.660552,15,20247.559079,True
59.960265,33,20249.086716,True
57.883492,20,20250.031141,True
63.017167,26,20251.256334,True
66.267597,37,20253.008845,True
62.514854,29,20254.42141,True
55.847464,17,20255.230965,True
63.291032,29,20256.604227,True
56.86734,19,20257.499731,True
56.677362,15,20258.222136,True
60.284957,24,20259.364671,True
55.463056,14,20260.041186,True
61.646914,31,20261.484839,True
53.637848,9,20261.927543,True
58.647377,21,20262.919093,True
60.305305,21,20263.917888,True
62.399006,27,20265.201734,True
