#{"t_start": 1776704588.7369568, "env_id": "None"}
r,l,t,is_success,fusion_alpha
54.451964,11,1.161989,True,0.992
60.5449,33,2.674683,True,0.992
66.668333,72,5.919518,True,0.992
61.245347,99,10.366492,True,0.992
53.005467,6,10.657022,True,0.992
65.044442,45,12.674069,True,0.992
54.946202,18,13.504574,True,0.992
62.331361,33,14.996572,True,0.992
59.133278,25,16.148281,True,0.992
59.927582,31,17.541098,True,0.992
61.522682,207,26.889103,True,0.992
53.192046,7,27.225594,True,0.992
53.894754,8,27.593949,True,0.992
57.026356,73,30.920152,True,0.992
62.434375,38,32.663708,True,0.992
52.880112,7,32.994344,True,0.992
56.434047,14,33.642023,True,0.992
60.311607,33,35.137922,True,0.992
58.646952,28,36.483832,True,0.992
58.106462,26,37.668084,True,0.992
56.664562,95,41.96383,True,0.992
59.137992,99,46.426163,True,0.992
58.517487,29,47.746943,True,0.992
56.538204,20,48.655282,True,0.992
65.326561,47,50.831498,True,0.992
65.081896,199,59.815372,True,0.992
58.681107,88,63.820908,True,0.992
57.842628,24,64.916191,True,0.992
60.100023,24,66.017451,True,0.992
59.789683,168,73.609712,True,0.992
60.526799,73,76.90696,True,0.992
62.305039,68,79.986771,True,0.992
61.862263,43,81.905646,True,0.992
66.165213,53,84.305336,True,0.992
59.722861,34,85.85832,True,0.992
55.833022,29,87.178416,True,0.992
59.94297,42,89.095442,True,0.992
61.434908,92,93.292044,True,0.992
-18.148528,189,111.131952,False,0.992
66.37102,112,116.172508,True,0.992
64.407372,94,120.389158,True,0.992
61.481915,63,123.240346,True,0.992
56.343862,19,124.115618,True,0.992
65.591985,118,129.444979,True,0.992
57.802133,22,130.438354,True,0.992
55.596013,12,130.992237,True,0.992
61.945227,62,133.78259,True,0.992
63.379033,101,138.296611,True,0.992
61.021977,106,143.095763,True,0.992
60.435148,28,144.365101,True,0.992
-7.871923,55,146.866461,False,0.992
-10.333139,156,154.284865,False,0.992
61.255474,46,156.43349,True,0.992
55.385076,102,161.372065,True,0.992
61.403971,36,163.119944,True,0.992
-0.642695,108,168.411127,False,0.992
58.356643,109,173.743929,True,0.992
-0.683996,71,177.224768,False,0.992
56.204295,64,180.28697,True,0.992
-1.443615,120,185.931511,False,0.992
63.304507,56,188.570468,True,0.992
53.520921,9,189.010601,True,0.992
62.471164,102,193.821845,True,0.992
65.560416,132,209.827794,True,0.992
62.83431,31,211.301891,True,0.992
63.705903,46,213.524751,True,0.992
50.389638,1,213.591484,True,0.992
53.111284,49,215.943692,True,0.992
53.812289,97,220.959416,True,0.992
59.007393,29,222.360285,True,0.992
66.652619,125,228.398361,True,0.992
62.733475,29,229.720654,True,0.992
54.657791,12,230.284172,True,0.992
62.251867,145,237.102077,True,0.992
66.051968,59,239.990242,True,0.992
65.893203,47,242.211021,True,0.992
58.733197,31,243.631265,True,0.992
-6.893959,143,250.74616,False,0.992
67.195032,55,253.491453,True,0.992
66.467566,161,261.751941,True,0.992
58.752348,33,263.431085,True,0.9925
56.481587,24,264.648634,True,0.9925
62.07867,92,269.364131,True,0.9925
-0.343665,61,272.216467,False,0.9925
63.431919,138,278.703369,True,0.9925
57.259801,28,279.968449,True,0.9925
67.369847,58,282.61168,True,0.9925
52.811712,6,282.897416,True,0.9925
56.885194,22,283.906062,True,0.9925
54.090803,14,284.551017,True,0.9925
54.445705,108,289.434708,True,0.9925
57.293296,94,293.679398,True,0.9925
58.291229,97,298.047774,True,0.9925
63.724081,100,302.542357,True,0.9925
61.967993,77,315.063826,True,0.9925
63.687645,48,317.233563,True,0.9925
63.46783,57,319.845158,True,0.9925
58.685308,30,321.21397,True,0.9925
63.375943,44,323.197528,True,0.9925
57.397697,79,326.738515,True,0.9925
57.441167,26,327.927502,True,0.9925
68.309513,151,334.892118,True,0.9925
64.192498,45,336.934127,True,0.9925
1.699513,61,339.70828,False,0.9925
61.708138,42,341.596398,True,0.9925
64.639212,117,346.846517,True,0.9925
56.85706,67,349.865317,True,0.9925
56.962634,18,350.687616,True,0.9925
62.194274,87,354.601469,True,0.9925
61.048492,113,359.672976,True,0.9925
58.454382,27,360.89839,True,0.9925
60.233187,75,364.269618,True,0.9925
60.971103,49,366.488441,True,0.9925
58.962538,34,368.018605,True,0.9925
59.750172,123,373.593815,True,0.9925
5.213106,69,376.849303,False,0.9925
55.386689,78,380.362056,True,0.9925
50.90579,2,380.47315,True,0.9925
66.689706,142,386.876888,True,0.9925
68.779015,124,392.436304,True,0.9925
66.842352,115,397.62333,True,0.9925
60.01974,31,399.022588,True,0.9925
60.869115,42,400.91768,True,0.9925
64.278692,113,406.118753,True,0.9925
-31.574798,185,423.297676,False,0.9925
0.422438,146,429.871375,False,0.9925
57.122189,47,431.990667,True,0.9925
-14.134644,190,440.567314,False,0.9925
57.065711,22,441.565107,True,0.9925
61.329844,31,442.970274,True,0.9925
59.84711,28,444.259842,True,0.9925
-9.057416,179,452.284457,False,0.9925
-2.763512,126,457.968932,False,0.9925
62.110844,59,460.625633,True,0.9925
63.826903,46,462.716166,True,0.9925
61.625723,56,465.233729,True,0.9925
64.735176,36,466.880618,True,0.9925
57.343901,67,469.89264,True,0.9925
54.169782,9,470.313195,True,0.9925
63.393655,134,476.340284,True,0.9925
65.858206,112,481.378484,True,0.9925
65.197294,46,483.553279,True,0.9925
58.495781,45,485.595289,True,0.9925
58.202602,21,486.550032,True,0.9925
66.454848,50,488.846022,True,0.9925
57.79469,26,490.038088,True,0.9925
62.915383,39,491.840594,True,0.9925
63.138408,29,493.211173,True,0.9925
-27.622246,75,496.617541,False,0.9925
62.956028,34,498.165336,True,0.9925
62.128752,36,499.814664,True,0.9925
62.246696,29,501.137364,True,0.9925
64.04395,121,506.593999,True,0.9925
62.814346,83,519.323439,True,0.9925
62.036741,35,520.947361,True,0.9925
61.764504,41,522.808948,True,0.9925
60.827114,45,524.84408,True,0.9925
53.89311,11,525.356136,True,0.9925
65.29895,43,527.310827,True,0.9925
57.39191,36,528.959028,True,0.9925
65.607008,42,530.893228,True,0.9925
58.300501,23,531.949741,True,0.9925
-11.797293,71,535.186384,False,0.9925
62.847117,82,538.901222,True,0.9925
61.518206,56,541.450595,True,0.9925
61.662618,51,543.759953,True,0.9925
60.261038,84,547.587187,True,0.9925
60.494824,175,555.510124,True,0.9925
69.370879,98,559.96361,True,0.9925
57.262244,27,561.212007,True,0.9925
62.460846,83,564.985743,True,0.9925
63.37381,110,569.985377,True,0.9925
52.955518,6,570.263177,True,0.9925
-17.776576,126,575.950331,False,0.9925
50.482858,1,576.008279,True,0.9925
52.772521,8,576.387184,True,0.9925
66.241842,209,585.815387,True,0.9925
65.716204,47,587.955058,True,0.9925
63.665035,90,592.037775,True,0.9925
52.384265,88,595.997546,True,0.9925
52.710242,8,596.381638,True,0.9925
56.532381,20,597.290598,True,0.9925
60.051527,103,601.958236,True,0.9925
59.535667,40,603.778307,True,0.9925
62.407503,49,605.993346,True,0.9925
60.480643,37,607.670241,True,0.9925
0.676876,94,620.772345,False,0.9925
0.09265,68,623.842978,False,0.9925
65.155181,109,628.783863,True,0.9925
-30.359641,149,635.479184,False,0.9925
61.673724,27,636.721347,True,0.9925
62.152802,33,638.254108,True,0.9925
49.496445,1,638.317298,True,0.9925
53.809749,10,638.779142,True,0.9925
62.88782,104,643.488349,True,0.9925
64.279813,46,645.674756,True,0.9925
59.686175,34,647.253539,True,0.9925
64.115874,144,653.780724,True,0.9925
60.038818,43,655.730273,True,0.9925
56.856876,28,656.999417,True,0.9925
57.464065,16,657.745266,True,0.9925
65.921882,51,660.067151,True,0.9925
62.887968,43,662.043586,True,0.9925
57.451971,16,662.77926,True,0.9925
64.098236,44,664.843852,True,0.9925
49.619079,1,664.909756,True,0.9925
63.787152,379,682.089767,True,0.9925
61.944441,98,686.512112,True,0.9925
56.881994,20,687.446683,True,0.993
62.00195,63,690.292301,True,0.993
60.951337,42,692.23386,True,0.993
60.836029,45,694.294997,True,0.993
0.56775,52,696.676145,False,0.993
53.666257,8,697.061124,True,0.993
61.739051,25,698.240912,True,0.993
58.200504,100,702.79295,True,0.993
62.170461,46,704.898913,True,0.993
60.855759,31,706.323036,True,0.993
1.74708,114,711.495324,False,0.993
68.092182,133,725.967553,True,0.993
65.653854,55,728.536502,True,0.993
62.543512,26,729.747126,True,0.993
64.597414,155,736.750088,True,0.993
61.000968,42,738.656863,True,0.993
56.322991,19,739.552909,True,0.993
64.877842,42,741.483275,True,0.993
59.782454,26,742.687096,True,0.993
60.663056,121,748.201351,True,0.993
61.961737,34,749.794308,True,0.993
-0.260654,118,755.134129,False,0.993
65.262717,99,759.657001,True,0.993
61.769207,106,764.50108,True,0.993
0.625272,79,768.09576,False,0.993
64.119156,36,769.752907,True,0.993
-7.050774,233,780.388026,False,0.993
66.0948,68,783.474645,True,0.993
66.687154,119,788.991897,True,0.993
65.008888,179,797.308571,True,0.993
63.688988,36,799.087653,True,0.993
63.541636,34,800.690344,True,0.993
62.967233,117,806.003739,True,0.993
60.332537,102,810.670621,True,0.993
66.046404,47,812.826476,True,0.993
58.392229,124,828.052921,True,0.993
57.84602,22,829.053947,True,0.993
63.503431,107,834.006565,True,0.993
61.172738,34,835.60141,True,0.993
61.310871,39,837.458744,True,0.993
60.459724,27,838.715913,True,0.993
-16.69347,56,841.28934,False,0.993
60.618628,31,842.727787,True,0.993
-7.664492,135,848.949403,False,0.993
61.90933,85,852.871248,True,0.993
61.759863,102,857.554783,True,0.993
-19.909493,75,860.974407,False,0.993
63.405125,96,865.368642,True,0.993
61.359174,98,869.889483,True,0.993
62.522043,133,876.018049,True,0.993
5.381962,161,883.510661,False,0.993
58.54822,27,884.805543,True,0.993
53.983032,10,885.289315,True,0.993
58.667047,25,886.484127,True,0.993
-4.806919,111,891.772267,False,0.993
60.239092,31,893.304523,True,0.993
65.518811,50,895.76253,True,0.993
-3.213808,54,898.413234,False,0.993
56.09395,21,899.455693,True,0.993
62.161595,49,901.859779,True,0.993
-11.950516,60,904.84828,False,0.993
65.747164,118,910.53311,True,0.993
66.218207,105,915.701285,True,0.993
63.918307,76,919.416846,True,0.993
53.142701,7,919.772756,True,0.993
3.850173,261,940.937282,False,0.993
63.259332,34,942.581606,True,0.993
60.976456,35,944.300068,True,0.993
-27.427959,88,948.618966,False,0.993
1.021879,87,952.85491,False,0.993
58.144699,77,956.618484,True,0.993
55.673223,38,958.470595,True,0.993
-7.663428,155,966.050697,False,0.993
49.637559,1,966.115203,True,0.993
58.431896,35,967.809877,True,0.993
58.755886,104,972.967848,True,0.993
59.544462,204,982.82784,True,0.993
57.553989,52,985.351231,True,0.993
66.8189,94,989.673279,True,0.993
59.062444,118,995.399098,True,0.993
-4.672666,122,1001.407284,False,0.993
-28.394257,49,1003.837765,False,0.993
53.213371,10,1004.335546,True,0.993
64.674331,40,1006.30496,True,0.993
66.838164,57,1009.104816,True,0.993
-6.955612,174,1017.553415,False,0.993
57.959347,42,1019.636709,True,0.993
64.059376,42,1021.786422,True,0.993
-0.78385,51,1024.28439,False,0.993
-5.423243,73,1027.872337,False,0.993
66.019574,64,1040.935743,True,0.993
64.188867,129,1047.26868,True,0.993
54.846453,97,1051.950811,True,0.993
-30.975617,66,1055.185508,False,0.993
63.184549,33,1056.790076,True,0.993
-2.182442,60,1059.706365,False,0.993
69.062523,59,1062.603708,True,0.993
56.566254,15,1063.354735,True,0.993
63.306767,34,1065.055626,True,0.993
61.512436,38,1066.966153,True,0.993
62.310045,49,1069.35604,True,0.993
-23.670044,129,1075.66504,False,0.993
61.930281,32,1077.214618,True,0.993
58.649866,96,1081.949297,True,0.993
57.457835,24,1083.149983,True,0.993
61.130042,44,1085.321101,True,0.993
65.838059,100,1090.264759,True,0.993
69.332609,50,1092.703699,True,0.993
67.465816,343,1109.323638,True,0.993
56.753948,54,1111.999326,True,0.993
55.752419,14,1112.705426,True,0.993
57.580071,24,1113.902559,True,0.993
56.977616,20,1114.904971,True,0.993
61.83257,104,1120.102461,True,0.993
-11.201274,57,1122.920664,False,0.993
62.149398,32,1124.524247,True,0.993
60.154219,24,1125.723996,True,0.993
59.440483,26,1127.004887,True,0.993
57.569665,128,1133.214271,True,0.993
62.670113,33,1134.846777,True,0.993
56.266223,100,1139.750034,True,0.993
60.979217,60,1152.085729,True,0.993
65.684193,46,1154.397127,True,0.993
70.011627,157,1162.068002,True,0.993
59.141954,121,1167.971494,True,0.993
63.330485,136,1174.631881,True,0.993
-13.221039,58,1177.488511,False,0.993
2.350577,61,1180.345794,False,0.993
61.793936,33,1181.997763,True,0.993
1.854833,55,1184.719505,False,0.993
61.348985,105,1189.890339,True,0.993
-4.857,56,1192.649106,False,0.993
-14.993094,162,1200.577893,False,0.993
-9.86422,69,1203.948487,False,0.993
3.877595,64,1207.091807,False,0.993
61.762493,37,1208.936991,True,0.993
-33.695118,74,1212.628013,False,0.993
0.924274,73,1216.24563,False,0.993
49.67316,1,1216.317031,True,0.993
59.04509,36,1218.098193,True,0.993
60.83937,40,1220.360399,True,0.993
56.042845,20,1221.372024,True,0.993
61.916336,34,1223.083832,True,0.993
59.658108,33,1224.735688,True,0.993
58.995271,124,1230.831349,True,0.993
60.780347,32,1232.422107,True,0.993
-4.410576,50,1234.972644,False,0.993
61.151349,27,1236.32686,True,0.993
5.142629,47,1238.65945,False,0.993
62.396579,34,1240.327929,True,0.993
57.439949,25,1241.590698,True,0.993
65.137211,50,1243.873363,True,0.993
63.741633,43,1245.870089,True,0.993
63.976365,86,1250.139006,True,0.993
-6.679246,59,1261.04157,False,0.993
62.58455,126,1267.246195,True,0.993
61.372216,30,1268.736962,True,0.993
58.958414,26,1270.022882,True,0.993
59.573417,38,1271.916548,True,0.993
57.637724,133,1278.484144,True,0.993
61.555276,31,1280.018254,True,0.993
-11.601705,79,1283.93213,False,0.993
-5.639065,51,1286.446688,False,0.993
54.884611,11,1286.996222,True,0.993
60.242499,43,1289.128429,True,0.993
-6.602466,70,1292.61888,False,0.993
57.992425,86,1296.917912,True,0.993
57.146922,38,1298.768209,True,0.993
62.304739,32,1300.330605,True,0.993
55.226453,16,1301.15555,True,0.993
60.750924,106,1306.437474,True,0.993
60.336967,47,1308.750782,True,0.993
68.999233,234,1320.32975,True,0.993
53.222907,9,1320.794654,True,0.993
58.510351,20,1321.775864,True,0.993
-0.378636,264,1334.830999,False,0.993
60.601675,100,1339.809045,True,0.993
2.094167,124,1345.68896,False,0.993
61.752147,124,1351.536693,True,0.993
55.431673,12,1352.099251,True,0.993
57.69877,60,1354.907446,True,0.993
58.427205,98,1359.537964,True,0.993
57.029184,49,1372.127968,True,0.993
-10.353675,191,1381.082161,False,0.993
61.076592,92,1385.441481,True,0.993
65.862374,52,1387.839851,True,0.993
-21.056944,232,1398.787312,False,0.993
64.904751,118,1404.381033,True,0.993
57.44764,27,1405.685314,True,0.993
53.695734,9,1406.119136,True,0.993
63.030358,50,1408.538434,True,0.993
-29.437064,57,1411.254418,False,0.993
54.040542,81,1415.155037,True,0.993
-22.812755,284,1428.566061,False,0.993
63.637566,54,1431.260531,True,0.993
67.834421,55,1433.866843,True,0.993
63.243332,39,1435.788289,True,0.993
61.03647,25,1437.043226,True,0.993
60.719349,35,1438.774681,True,0.993
61.316147,31,1440.283234,True,0.993
1.447647,51,1442.76407,False,0.993
62.508273,96,1447.340977,True,0.993
56.110087,17,1448.189258,True,0.993
54.548837,10,1448.69315,True,0.993
59.911582,106,1453.747987,True,0.993
54.910477,11,1454.293572,True,0.993
55.380525,14,1454.992771,True,0.993
-23.942359,133,1461.322697,False,0.993
-9.774792,75,1464.904198,False,0.993
56.790047,21,1465.915238,True,0.993
64.325305,38,1477.81404,True,0.993
-6.315097,173,1486.152994,False,0.993
50.507992,1,1486.219151,True,0.993
66.126605,211,1496.377302,True,0.993
62.915338,46,1498.603685,True,0.993
59.84659,26,1499.885183,True,0.993
-2.083898,141,1506.689255,False,0.993
69.809536,256,1519.180008,True,0.993
61.959082,99,1523.920335,True,0.993
70.414799,91,1528.34244,True,0.993
64.936239,97,1533.094333,True,0.993
55.590436,71,1536.490232,True,0.993
69.631466,76,1540.220998,True,0.993
56.639272,16,1541.012394,True,0.993
64.184669,197,1550.454741,True,0.993
-22.872046,170,1558.543864,False,0.993
67.935512,200,1568.153451,True,0.993
61.36387,140,1574.791307,True,0.993
62.635282,104,1591.647881,True,0.993
1.734993,93,1596.141353,False,0.993
65.067856,98,1600.919077,True,0.993
62.464933,41,1602.969357,True,0.993
-25.150018,158,1610.592344,False,0.993
57.98769,29,1612.000475,True,0.993
-2.181318,51,1614.46055,False,0.993
60.209085,75,1618.040003,True,0.993
57.338745,39,1619.9309,True,0.993
63.154206,42,1621.96499,True,0.993
65.087285,43,1624.080842,True,0.993
62.318465,93,1628.574045,True,0.993
-12.645114,127,1634.644392,False,0.993
56.562443,34,1636.278518,True,0.993
60.845276,37,1638.079246,True,0.993
-3.225003,124,1644.078528,False,0.993
65.685898,61,1647.049449,True,0.993
0.141702,74,1650.685377,False,0.993
67.460648,60,1653.566362,True,0.993
66.969231,74,1657.20757,True,0.993
57.456422,23,1658.333197,True,0.993
-5.078269,146,1665.428458,False,0.993
53.378667,9,1665.888245,True,0.993
58.915205,33,1667.513916,True,0.993
55.001332,13,1668.166423,True,0.993
54.821253,101,1673.036631,True,0.993
60.886359,369,1698.497204,True,0.993
71.26998,71,1701.88894,True,0.993
66.052384,563,1728.625718,True,0.993
66.181744,49,1731.031254,True,0.993
66.790771,62,1734.123849,True,0.993
67.711809,181,1742.872851,True,0.993
62.274333,98,1747.645586,True,0.993
67.563331,148,1755.158319,True,0.993
68.160725,68,1758.464578,True,0.993
59.369621,65,1761.578884,True,0.993
58.824593,52,1764.111067,True,0.993
59.486948,25,1765.357501,True,0.993
-31.212139,171,1773.55369,False,0.993
-18.71057,93,1778.066877,False,0.993
-1.390735,72,1781.646691,False,0.993
61.495882,32,1783.227346,True,0.993
58.283491,27,1784.545352,True,0.993
63.906132,35,1786.260787,True,0.993
64.341695,38,1788.115288,True,0.993
64.831663,42,1790.234956,True,0.993
61.53363,95,1803.29599,True,0.993
59.643643,115,1808.867146,True,0.993
61.597836,49,1811.266882,True,0.993
57.436776,119,1817.009227,True,0.993
62.073573,38,1818.89218,True,0.993
-9.766953,69,1822.276979,False,0.993
62.680653,115,1827.84926,True,0.993
-22.215418,221,1838.317917,False,0.993
56.996775,49,1840.741237,True,0.993
61.291522,39,1842.669147,True,0.993
65.045048,45,1844.920544,True,0.993
56.812803,40,1846.880603,True,0.993
57.539904,23,1848.020642,True,0.993
59.780303,25,1849.282043,True,0.993
64.171328,50,1851.664445,True,0.993
-9.370157,78,1855.526411,False,0.993
53.791895,68,1858.789517,True,0.993
55.317854,104,1863.823882,True,0.993
59.869082,105,1868.917907,True,0.993
61.055667,28,1870.331633,True,0.993
59.403537,29,1871.782373,True,0.993
-4.298673,185,1880.834159,False,0.993
63.635619,48,1883.201093,True,0.993
63.191724,35,1884.926603,True,0.993
62.22929,35,1886.639211,True,0.993
60.954493,100,1891.536138,True,0.993
57.485075,42,1893.600392,True,0.993
63.1707,40,1895.579157,True,0.993
63.644213,39,1897.571161,True,0.993
-8.30444,58,1900.422521,False,0.993
63.725307,38,1902.318958,True,0.993
-3.902962,132,1917.491789,False,0.993
60.368696,33,1919.138266,True,0.993
66.261754,185,1928.044703,True,0.993
59.335332,27,1929.351484,True,0.993
66.009521,51,1931.720367,True,0.993
65.41663,45,1933.925412,True,0.993
61.472217,43,1936.070378,True,0.993
56.195782,13,1936.737428,True,0.993
0.646532,85,1940.774876,False,0.993
59.237156,33,1942.469903,True,0.993
-3.048361,48,1944.920268,False,0.993
-3.637165,232,1956.412369,False,0.993
57.3757,33,1958.046816,True,0.993
0.408171,220,1968.866163,False,0.993
63.982511,48,1971.143721,True,0.993
65.818755,56,1973.879353,True,0.993
65.613129,50,1976.327465,True,0.993
62.16436,93,1980.925937,True,0.993
65.174971,49,1983.202326,True,0.993
67.043123,134,1989.726819,True,0.993
63.62043,130,1996.073184,True,0.993
64.509707,166,2004.194785,True,0.993
63.872236,37,2005.910424,True,0.993
58.564001,43,2007.997299,True,0.993
60.502219,28,2009.3814,True,0.993
61.090025,223,2030.771288,True,0.993
67.313008,49,2033.144268,True,0.993
61.552838,39,2035.02461,True,0.993
-1.133338,54,2037.65104,False,0.993
-10.213853,145,2044.844969,False,0.993
64.654625,40,2046.789076,True,0.993
60.350487,99,2051.598153,True,0.993
64.472648,111,2057.020031,True,0.993
68.463985,49,2059.377725,True,0.993
63.907772,40,2061.337834,True,0.993
62.964476,48,2063.655005,True,0.993
57.768441,95,2068.369701,True,0.993
64.607517,110,2073.711857,True,0.993
63.367434,41,2075.733237,True,0.993
61.293343,31,2077.213889,True,0.993
67.523116,165,2085.314019,True,0.993
65.645243,105,2090.514041,True,0.993
57.740384,26,2091.809565,True,0.993
64.059535,45,2093.993146,True,0.993
60.420487,101,2098.922063,True,0.993
67.221141,61,2101.918891,True,0.993
58.913686,21,2102.985864,True,0.993
58.630664,97,2107.777054,True,0.993
1.830071,258,2120.635389,False,0.993
66.866848,113,2136.08538,True,0.993
65.965481,58,2138.907385,True,0.993
-21.256501,152,2146.377325,False,0.993
59.621185,46,2148.619476,True,0.993
61.777643,37,2150.468252,True,0.993
66.193787,115,2155.974205,True,0.993
67.679698,146,2163.057982,True,0.993
64.933322,56,2165.798437,True,0.993
-3.329944,155,2173.242175,False,0.993
60.518253,99,2177.96933,True,0.993
55.496524,18,2178.910074,True,0.993
-1.188446,198,2188.606718,False,0.993
-10.886984,74,2192.295392,False,0.993
61.588806,33,2193.894216,True,0.993
62.471697,47,2196.185868,True,0.993
66.991495,59,2199.039912,True,0.993
58.547367,47,2201.282544,True,0.993
67.196515,59,2204.112677,True,0.993
64.131236,53,2206.634456,True,0.993
59.944494,105,2211.702477,True,0.993
54.739141,12,2212.284168,True,0.993
54.3245,11,2212.867792,True,0.993
64.006314,196,2222.498233,True,0.993
57.552137,17,2223.325824,True,0.993
67.288302,59,2226.158876,True,0.993
7.952265,102,2231.193231,False,0.993
-6.623836,50,2243.034941,False,0.993
64.233997,41,2244.983698,True,0.993
66.680025,120,2250.842876,True,0.993
61.828005,31,2252.413903,True,0.993
56.067547,21,2253.449314,True,0.993
63.892843,36,2255.217431,True,0.993
58.625541,40,2257.241024,True,0.993
59.132503,225,2268.358295,True,0.993
-8.23384,60,2271.297857,False,0.993
60.788313,42,2273.335947,True,0.993
56.114452,22,2274.430318,True,0.993
58.735088,89,2278.825691,True,0.993
57.309182,26,2280.124256,True,0.993
-29.705192,78,2284.00225,False,0.993
-11.982865,145,2291.122493,False,0.993
58.348481,94,2295.737618,True,0.993
65.664503,63,2298.860452,True,0.993
56.399983,22,2299.951703,True,0.993
64.923767,134,2306.613443,True,0.993
58.793427,102,2311.656935,True,0.993
65.150386,97,2316.450868,True,0.993
58.280329,88,2320.771842,True,0.993
-5.010943,178,2329.432144,False,0.993
59.953182,35,2331.143145,True,0.993
61.9817,31,2332.691494,True,0.993
57.458101,16,2333.491957,True,0.993
0.788934,136,2340.198727,False,0.993
61.471397,39,2342.138488,True,0.993
-22.630107,86,2356.115834,False,0.993
53.03481,8,2356.509475,True,0.993
63.126937,41,2358.593088,True,0.993
-9.026042,57,2361.430514,False,0.993
52.984631,6,2361.748671,True,0.993
-31.557143,73,2365.373194,False,0.993
57.985283,25,2366.619314,True,0.993
59.22884,48,2368.980383,True,0.993
57.036243,20,2369.977479,True,0.993
66.053415,99,2374.885153,True,0.993
64.398568,186,2384.007895,True,0.993
55.938594,16,2384.80917,True,0.993
60.740842,44,2387.008699,True,0.993
55.43884,77,2390.805107,True,0.993
57.584159,23,2391.938858,True,0.993
69.139833,72,2395.51634,True,0.993
62.163782,34,2397.196839,True,0.993
67.753386,130,2403.686319,True,0.993
62.088248,43,2405.804881,True,0.993
58.499821,21,2406.851597,True,0.993
-28.809456,65,2410.119432,False,0.993
55.237089,67,2413.400924,True,0.993
61.918184,33,2415.07252,True,0.993
61.760076,52,2417.632386,True,0.993
-14.689017,51,2420.161409,False,0.993
-18.701372,50,2422.643097,False,0.993
63.344796,33,2424.286803,True,0.993
-2.234743,70,2427.776641,False,0.993
61.761317,48,2430.157407,True,0.993
-13.6077,58,2433.023913,False,0.993
60.352468,32,2434.590403,True,0.993
59.418275,49,2437.026375,True,0.993
58.441675,26,2438.312316,True,0.993
60.360728,141,2445.211065,True,0.993
62.323594,42,2447.291676,True,0.993
-8.417236,96,2452.019497,False,0.993
55.895027,38,2461.437105,True,0.993
60.671826,31,2462.964516,True,0.993
53.302036,8,2463.362295,True,0.993
65.519048,96,2468.109249,True,0.993
52.261836,60,2471.06459,True,0.993
53.485488,7,2471.422349,True,0.993
-11.411236,121,2477.405757,False,0.993
52.538795,5,2477.661958,True,0.993
61.997285,46,2479.966962,True,0.993
56.268232,19,2480.914327,True,0.993
8.869901,145,2488.020799,False,0.993
61.791965,132,2494.42702,True,0.993
62.29777,58,2497.329816,True,0.993
58.988632,112,2502.833756,True,0.993
-12.734818,142,2509.856596,False,0.993
62.137854,41,2511.906236,True,0.993
-3.229888,136,2518.605298,False,0.993
66.999165,74,2522.275031,True,0.993
-8.851332,184,2531.223644,False,0.993
61.518587,100,2536.133179,True,0.993
63.203485,40,2538.119869,True,0.993
-3.397271,122,2544.182423,False,0.993
59.80327,39,2546.102974,True,0.993
7.083993,236,2557.605374,False,0.993
49.662182,1,2557.673661,True,0.993
57.871453,142,2574.682155,True,0.993
63.442706,37,2576.519361,True,0.993
55.033009,16,2577.319293,True,0.993
59.653806,30,2578.808033,True,0.993
58.434419,114,2584.387454,True,0.993
-2.344617,47,2586.724133,False,0.993
60.647374,100,2591.679741,True,0.993
61.688333,33,2593.334426,True,0.993
-1.421431,201,2603.225742,False,0.993
60.027454,83,2607.360673,True,0.993
0.008417,136,2614.086348,False,0.993
62.214066,129,2620.455311,True,0.993
57.951774,21,2621.510982,True,0.993
-30.594561,157,2629.267535,False,0.993
55.175752,12,2629.877128,True,0.993
53.704889,8,2630.282271,True,0.993
62.263757,29,2631.714221,True,0.993
54.787657,13,2632.361607,True,0.993
67.048929,50,2634.887951,True,0.993
-11.199486,292,2649.08785,False,0.993
-2.725996,150,2656.452387,False,0.993
-2.194886,153,2664.132994,False,0.993
59.643529,23,2665.290721,True,0.993
66.027007,49,2667.673891,True,0.993
70.526606,137,2684.894814,True,0.993
-7.141002,127,2691.159921,False,0.993
63.75355,116,2696.869228,True,0.993
62.51788,46,2699.094539,True,0.993
62.597553,112,2704.533584,True,0.993
58.327193,25,2705.80329,True,0.993
57.415172,184,2714.752804,True,0.993
58.995696,161,2722.680366,True,0.993
-10.660514,109,2727.99289,False,0.993
60.927447,95,2732.644621,True,0.993
65.302736,50,2735.106035,True,0.993
61.218876,144,2742.212338,True,0.993
64.634132,114,2747.828448,True,0.993
57.087029,38,2749.687116,True,0.993
63.947038,42,2751.754371,True,0.993
56.12795,14,2752.470896,True,0.993
54.09664,11,2753.011549,True,0.993
57.77857,89,2757.433844,True,0.993
61.794621,30,2758.924404,True,0.993
64.598693,73,2762.562011,True,0.993
59.570409,27,2763.912791,True,0.993
63.217131,175,2772.477678,True,0.993
55.525557,13,2773.168112,True,0.993
54.428602,81,2777.176919,True,0.993
66.60665,97,2781.918993,True,0.993
56.280128,36,2783.716486,True,0.993
-11.593055,68,2796.472017,False,0.993
61.487862,110,2801.986904,True,0.993
63.275567,163,2810.09,True,0.993
-10.881407,152,2817.561139,False,0.993
58.502644,41,2819.586151,True,0.993
64.717204,38,2821.484565,True,0.993
60.515715,44,2823.669089,True,0.993
-11.71066,62,2826.758681,False,0.993
65.626074,46,2828.99268,True,0.993
60.996682,38,2830.86574,True,0.993
-1.701597,87,2835.150477,False,0.993
-28.063869,201,2845.021716,False,0.993
-5.452219,59,2847.928609,False,0.993
68.905209,128,2854.202718,True,0.993
55.894399,66,2857.459322,True,0.993
63.906822,44,2859.641484,True,0.993
62.089525,45,2861.904846,True,0.993
-10.921948,74,2865.554903,False,0.993
60.78298,98,2870.370125,True,0.993
-30.041346,186,2879.494292,False,0.993
-21.616925,70,2882.959888,False,0.993
-5.662467,62,2885.950799,False,0.993
62.713054,119,2891.776792,True,0.993
-9.55206,150,2908.227648,False,0.993
67.783783,133,2914.696474,True,0.993
56.013979,16,2915.503078,True,0.993
62.244396,34,2917.182718,True,0.993
53.558579,7,2917.539196,True,0.993
57.49461,89,2921.877654,True,0.993
69.90193,75,2925.485261,True,0.993
66.369613,141,2932.280945,True,0.993
64.48146,46,2934.378494,True,0.993
69.189722,98,2939.139282,True,0.993
-14.788471,69,2942.519234,False,0.993
56.113484,68,2945.812287,True,0.993
65.92699,214,2956.278018,True,0.993
55.777356,21,2957.281709,True,0.993
59.925093,90,2961.619717,True,0.993
-11.911792,156,2969.208613,False,0.993
61.437999,34,2970.836848,True,0.993
61.437393,34,2972.50006,True,0.993
64.582506,45,2974.660124,True,0.993
60.006052,54,2977.598777,True,0.993
68.381747,148,2984.511133,True,0.993
0.758323,56,2987.205338,False,0.993
68.152057,79,2990.86176,True,0.993
60.479522,195,3000.39699,True,0.993
55.77673,15,3001.141275,True,0.993
69.742751,70,3014.542233,True,0.993
-14.186443,60,3017.424775,False,0.993
53.236129,7,3017.786482,True,0.993
-1.892452,66,3020.942687,False,0.993
52.230674,94,3025.564795,True,0.993
67.321442,65,3028.633815,True,0.993
55.445749,45,3030.829283,True,0.993
62.041122,70,3034.296497,True,0.993
-6.57125,60,3037.228655,False,0.993
65.231535,52,3039.580239,True,0.993
61.568172,69,3042.947609,True,0.993
67.489973,54,3045.628932,True,0.993
60.960767,40,3047.628353,True,0.993
61.373963,36,3049.392571,True,0.993
1.850212,165,3057.531107,False,0.993
2.857091,151,3065.060519,False,0.993
60.745073,48,3067.442448,True,0.993
55.284082,14,3068.130451,True,0.993
61.715633,102,3073.134037,True,0.993
63.799668,40,3075.123829,True,0.993
59.148174,49,3077.552612,True,0.993
59.908391,168,3085.8464,True,0.993
-0.205354,130,3092.193096,False,0.993
63.598884,39,3094.14187,True,0.993
57.731771,22,3095.21627,True,0.993
66.272577,243,3107.262322,True,0.993
-5.830126,70,3110.664089,False,0.993
63.522361,46,3112.853939,True,0.993
63.107957,65,3125.355006,True,0.993
63.335451,40,3127.30178,True,0.993
59.859536,29,3128.720632,True,0.993
55.787027,14,3129.397068,True,0.993
61.380679,91,3133.913575,True,0.993
64.767027,179,3142.767345,True,0.993
62.593709,37,3144.606402,True,0.993
61.935477,33,3146.242085,True,0.993
3.422399,188,3155.536719,False,0.993
65.043562,43,3157.632597,True,0.993
60.223567,30,3159.103893,True,0.993
-20.60078,57,3161.917958,False,0.993
62.803867,85,3166.103114,True,0.993
-6.392447,79,3169.944072,False,0.993
-2.67676,185,3179.05246,False,0.993
58.196786,28,3180.398005,True,0.993
53.859716,12,3181.008084,True,0.993
66.497638,68,3184.111416,True,0.993
-25.52653,122,3190.064805,False,0.993
61.00802,29,3191.489576,True,0.993
68.255286,60,3194.392792,True,0.993
53.660328,73,3197.97244,True,0.993
60.782661,39,3199.904222,True,0.993
3.170282,85,3204.079162,False,0.993
61.242203,97,3208.849215,True,0.993
61.015727,33,3210.456923,True,0.993
57.062505,24,3211.63214,True,0.993
56.815576,25,3212.90074,True,0.993
65.396114,50,3215.316916,True,0.993
61.271482,41,3217.30266,True,0.993
61.208797,32,3218.862251,True,0.993
58.226666,134,3234.371234,True,0.993
64.839656,43,3236.450098,True,0.993
63.894658,38,3238.375769,True,0.993
-1.272982,57,3241.135753,False,0.993
58.320738,48,3243.5022,True,0.993
-8.761729,81,3247.439348,False,0.993
-16.529989,157,3255.085196,False,0.993
65.357962,47,3257.379453,True,0.993
-4.843677,62,3260.395345,False,0.993
62.107837,48,3262.754347,True,0.993
53.172401,8,3263.159136,True,0.993
-3.854682,76,3266.889802,False,0.993
-10.59806,46,3269.07107,False,0.993
61.235566,65,3272.262391,True,0.993
56.358948,33,3273.869309,True,0.993
57.560503,24,3275.067407,True,0.993
66.225042,52,3277.614201,True,0.993
64.409783,47,3279.752599,True,0.993
61.663187,32,3281.307075,True,0.993
67.747156,105,3286.543446,True,0.993
-23.431932,238,3298.355508,False,0.993
-14.18313,55,3300.959285,False,0.993
62.949203,38,3302.809348,True,0.993
53.655571,10,3303.34308,True,0.993
-9.503024,203,3313.262332,False,0.993
58.84447,83,3317.35496,True,0.993
-2.320257,65,3320.488564,False,0.993
-28.225306,164,3328.563299,False,0.993
53.782241,32,3330.14734,True,0.993
67.447513,65,3342.386972,True,0.993
53.898446,11,3342.938092,True,0.993
62.831268,35,3344.657367,True,0.993
62.883694,106,3349.838957,True,0.993
56.652701,21,3350.924155,True,0.993
-9.581357,151,3358.351415,False,0.993
53.013766,7,3358.727414,True,0.993
2.11821,64,3361.829391,False,0.993
58.318444,31,3363.338485,True,0.993
64.901317,45,3365.494218,True,0.993
61.82088,30,3366.962135,True,0.993
64.54253,97,3371.735638,True,0.993
55.613255,90,3376.160565,True,0.993
-5.419301,66,3379.392266,False,0.993
58.650631,50,3381.868537,True,0.993
60.363101,32,3383.422242,True,0.993
-24.009482,199,3393.193031,False,0.993
68.003809,239,3404.942692,True,0.993
58.621845,24,3406.10601,True,0.993
63.902136,40,3408.081839,True,0.993
60.873408,33,3409.666872,True,0.993
63.322437,68,3413.089039,True,0.993
62.966031,54,3415.731265,True,0.993
60.79043,101,3420.724627,True,0.993
53.674228,8,3421.131757,True,0.993
57.071235,33,3422.774618,True,0.993
56.744095,16,3423.545794,True,0.993
66.108004,70,3426.809366,True,0.993
65.217725,47,3429.125259,True,0.993
58.167977,23,3430.276766,True,0.993
56.227221,15,3431.033201,True,0.993
-0.7851,114,3436.584085,False,0.993
67.844181,79,3440.465377,True,0.993
56.58428,24,3441.672619,True,0.993
61.103459,87,3454.901314,True,0.993
54.156613,9,3455.362177,True,0.993
61.493993,27,3456.687094,True,0.993
53.056692,6,3456.996472,True,0.993
64.091586,35,3458.671476,True,0.993
62.400794,35,3460.374759,True,0.993
-16.253782,159,3468.185655,False,0.993
-5.271399,166,3476.337424,False,0.993
65.772189,50,3478.786005,True,0.993
57.257625,19,3479.701956,True,0.993
60.733422,51,3482.25256,True,0.993
3.218137,91,3486.694444,False,0.993
59.335395,25,3487.91581,True,0.993
60.614023,28,3489.286666,True,0.993
65.679315,43,3491.374927,True,0.993
63.3123,38,3493.217168,True,0.993
-2.479431,61,3496.198198,False,0.993
57.26241,17,3497.055468,True,0.993
70.997551,187,3506.337775,True,0.993
-25.463793,82,3510.361901,False,0.993
53.636235,9,3510.832039,True,0.993
-4.930305,66,3514.072304,False,0.993
-6.249203,98,3518.893407,False,0.993
64.441445,51,3521.427583,True,0.993
63.780679,52,3523.98601,True,0.993
57.073579,25,3525.207756,True,0.993
58.921773,25,3526.424641,True,0.993
-9.478573,85,3530.655501,False,0.993
54.023053,12,3531.263003,True,0.993
55.491503,54,3533.921644,True,0.993
59.682964,53,3536.590283,True,0.993
-4.056337,96,3541.28842,False,0.993
59.654714,32,3542.864535,True,0.993
58.398981,41,3544.932739,True,0.993
62.619418,169,3562.497994,True,0.993
54.954632,19,3563.441677,True,0.993
56.89066,25,3564.679255,True,0.993
-19.321838,54,3567.357943,False,0.993
-4.074173,65,3570.550243,False,0.993
60.933658,31,3572.044618,True,0.993
-16.75458,69,3575.478749,False,0.993
59.799778,35,3577.181598,True,0.993
58.862341,29,3578.578215,True,0.993
58.160472,25,3579.802856,True,0.993
-29.011058,71,3583.334291,False,0.993
-14.394188,72,3586.876083,False,0.993
-19.558963,86,3591.039519,False,0.993
58.866592,98,3595.811316,True,0.993
55.530621,14,3596.512461,True,0.993
-11.072102,155,3604.018265,False,0.993
65.728843,47,3606.315652,True,0.993
55.243725,11,3606.85008,True,0.993
63.54069,47,3609.153096,True,0.993
2.035471,141,3616.097983,False,0.993
66.003743,160,3623.859796,True,0.993
-25.826392,184,3632.78861,False,0.993
53.143935,9,3633.246186,True,0.993
57.684592,69,3636.553241,True,0.993
-29.922019,71,3639.980168,False,0.993
-7.602845,73,3643.587114,False,0.993
54.249693,9,3644.052026,True,0.993
60.167256,46,3646.36817,True,0.993
66.184413,53,3648.923316,True,0.993
-13.379234,88,3653.328784,False,0.993
2.070536,84,3657.46559,False,0.993
3.008946,94,3670.222234,False,0.993
-21.700188,72,3673.715871,False,0.993
60.171147,38,3675.616516,True,0.993
-17.738661,274,3689.102877,False,0.993
56.206097,19,3690.04485,True,0.993
-34.152653,89,3694.412426,False,0.993
-4.484351,87,3698.727608,False,0.993
-19.06988,86,3703.004085,False,0.993
57.574756,52,3705.552832,True,0.993
62.421028,57,3708.340319,True,0.993
-31.895089,76,3712.06683,False,0.993
-3.85878,87,3716.2598,False,0.993
1.206403,63,3719.144271,False,0.993
62.564562,31,3720.66028,True,0.993
59.917333,34,3722.360191,True,0.993
-22.051354,77,3726.150191,False,0.993
-4.011989,54,3728.775033,False,0.993
62.43678,52,3731.256169,True,0.993
52.441421,5,3731.523762,True,0.993
-27.362875,86,3735.788081,False,0.993
-3.464286,63,3738.842926,False,0.993
60.346873,49,3741.258697,True,0.993
58.240579,22,3742.342085,True,0.993
53.06474,14,3743.034402,True,0.993
-19.495509,64,3746.138629,False,0.993
58.586703,35,3747.867113,True,0.993
58.478907,27,3749.17549,True,0.993
-0.743774,81,3753.186357,False,0.993
63.816205,63,3756.273003,True,0.993
57.916609,24,3757.473684,True,0.993
57.276864,24,3758.711729,True,0.993
67.015176,65,3761.873294,True,0.993
60.546397,32,3763.442993,True,0.993
59.855621,27,3764.7504,True,0.993
61.687444,96,3769.411739,True,0.993
58.558382,27,3778.548796,True,0.993
-15.809554,78,3782.36658,False,0.993
59.174295,34,3784.091059,True,0.993
61.512785,95,3788.641642,True,0.993
-15.051184,65,3791.84246,False,0.993
59.482585,43,3793.943914,True,0.993
-12.26982,167,3802.147079,False,0.993
67.787848,60,3805.037413,True,0.993
-3.910866,65,3808.199082,False,0.993
53.907173,8,3808.626192,True,0.993
60.900049,25,3809.849207,True,0.993
59.095891,37,3811.682132,True,0.993
-21.392453,93,3816.250849,False,0.993
-4.33196,100,3821.225282,False,0.993
54.452385,10,3821.727445,True,0.993
-5.880892,54,3824.382928,False,0.993
-15.275434,75,3828.038276,False,0.993
50.548495,2,3828.15121,True,0.993
8.864683,159,3836.017388,False,0.993
58.540865,21,3837.055089,True,0.993
-33.240347,104,3842.15255,False,0.993
64.037828,45,3844.37298,True,0.993
-4.720484,74,3847.965601,False,0.993
-11.151757,58,3850.864775,False,0.993
65.219514,47,3853.224377,True,0.993
53.288247,8,3853.626923,True,0.993
53.687993,10,3854.111715,True,0.993
-25.331896,182,3862.981153,False,0.993
-17.136209,117,3868.763709,False,0.993
54.131636,11,3869.355597,True,0.993
57.654519,27,3870.687129,True,0.993
55.144143,13,3871.332335,True,0.993
-18.002587,79,3875.159209,False,0.993
55.219277,13,3875.852869,True,0.993
-10.28357,145,3891.322051,False,0.993
66.120659,73,3894.703166,True,0.993
-7.078107,157,3902.4014,False,0.993
67.946941,129,3908.699103,True,0.993
1.213481,65,3911.826176,False,0.993
68.284651,89,3916.222066,True,0.993
58.35567,90,3920.629245,True,0.993
65.695633,40,3922.595147,True,0.993
-6.948698,87,3926.888564,False,0.993
-0.35126,51,3929.417825,False,0.993
57.674367,84,3933.558147,True,0.993
3.80288,126,3939.707918,False,0.993
-10.09704,222,3950.571285,False,0.993
58.117327,52,3953.098611,True,0.993
60.494339,48,3955.497685,True,0.993
-20.451638,138,3962.305331,False,0.993
60.159776,47,3964.637534,True,0.993
61.022356,55,3967.325506,True,0.993
-13.750721,72,3970.820634,False,0.993
62.148185,36,3972.582237,True,0.993
-29.188013,68,3975.947276,False,0.993
54.207961,14,3976.639578,True,0.993
53.205476,8,3977.054555,True,0.993
58.523393,67,3980.340644,True,0.993
60.530203,35,3982.033796,True,0.993
54.154232,11,3982.613194,True,0.993
68.000104,66,3985.852426,True,0.993
53.860244,9,3986.331174,True,0.993
64.897925,54,3997.434827,True,0.993
52.899369,8,3997.852438,True,0.993
4.579908,110,4003.299308,False,0.993
53.984719,9,4003.768699,True,0.993
63.431926,33,4005.374602,True,0.993
57.56363,33,4007.028069,True,0.993
55.435338,12,4007.630407,True,0.993
59.208464,21,4008.722893,True,0.993
58.847967,26,4009.980189,True,0.993
62.665714,88,4014.345372,True,0.993
52.472513,5,4014.61257,True,0.993
59.808209,33,4016.256087,True,0.993
59.024643,200,4026.000145,True,0.993
66.307212,103,4031.032823,True,0.993
55.377526,28,4032.378637,True,0.993
54.977391,10,4032.891088,True,0.993
49.969335,1,4032.961121,True,0.993
64.572609,52,4035.467003,True,0.993
-0.308573,55,4038.127269,False,0.993
-29.713265,65,4041.37993,False,0.993
-15.366595,198,4051.15287,False,0.993
58.336216,102,4056.152827,True,0.993
58.575303,25,4057.399217,True,0.993
57.168749,15,4058.160946,True,0.993
-7.878037,79,4062.07288,False,0.993
52.882201,7,4062.449177,True,0.993
58.848733,47,4064.757252,True,0.993
61.202665,33,4066.379148,True,0.993
-18.010317,57,4069.17025,False,0.993
55.651087,14,4069.861711,True,0.993
3.115692,101,4074.857707,False,0.993
53.427704,8,4075.255456,True,0.993
-13.143353,63,4078.384961,False,0.993
-8.832495,70,4081.750009,False,0.993
63.813083,45,4083.895574,True,0.993
56.404355,92,4088.390355,True,0.993
65.012089,50,4090.823956,True,0.993
60.034347,28,4092.200316,True,0.993
68.192751,69,4095.56452,True,0.993
54.29309,11,4096.118212,True,0.993
-12.07553,52,4107.427232,False,0.993
54.495203,12,4108.019735,True,0.993
-14.467583,62,4111.123161,False,0.993
58.388896,26,4112.404875,True,0.993
52.708333,7,4112.774153,True,0.993
-32.004895,120,4118.727999,False,0.993
-11.081947,130,4125.045612,False,0.993
-21.750464,59,4127.981847,False,0.993
-13.609489,45,4130.187838,False,0.993
60.730991,134,4136.834947,True,0.993
58.280125,35,4138.557501,True,0.993
-26.573895,69,4141.928154,False,0.993
-0.375069,47,4144.235947,False,0.993
55.206667,15,4145.017258,True,0.993
50.506858,1,4145.084519,True,0.993
-10.029587,77,4148.922518,False,0.993
59.156322,24,4150.095017,True,0.993
53.906436,9,4150.549023,True,0.993
62.882316,35,4152.248738,True,0.993
60.854194,27,4153.566674,True,0.993
62.647467,64,4156.760063,True,0.993
-32.872086,77,4160.582841,False,0.993
-32.382857,74,4164.216243,False,0.993
61.556238,29,4165.62432,True,0.993
-3.058702,59,4168.578671,False,0.993
56.702993,60,4171.566677,True,0.993
-20.04339,64,4174.719048,False,0.993
-26.154338,53,4177.360218,False,0.993
-6.454314,81,4181.380115,False,0.993
63.683807,90,4185.693523,True,0.993
-4.267203,59,4188.606072,False,0.993
-11.294399,160,4196.442594,False,0.993
70.059034,193,4206.012917,True,0.993
53.512256,86,4218.775283,True,0.993
65.455574,39,4220.687389,True,0.993
-3.198802,63,4223.74958,False,0.993
64.213265,42,4225.895875,True,0.993
59.684998,29,4227.336401,True,0.993
0.955893,129,4233.621369,False,0.993
55.278542,13,4234.261506,True,0.993
58.743167,22,4235.63427,True,0.993
56.459936,16,4236.423912,True,0.993
-10.402687,55,4239.148714,False,0.993
53.059941,6,4239.453127,True,0.993
3.693583,68,4242.774839,False,0.993
4.527028,56,4245.331773,False,0.993
-1.86491,145,4252.434841,False,0.993
-24.271226,165,4260.578144,False,0.993
-22.830704,49,4262.981061,False,0.993
53.959338,95,4267.650725,True,0.993
61.204379,28,4269.015421,True,0.993
63.087185,38,4270.910326,True,0.993
-2.306312,64,4274.102689,False,0.993
65.756438,107,4279.435178,True,0.993
0.278436,68,4282.76393,False,0.993
53.273865,12,4283.41823,True,0.993
58.644162,36,4285.190608,True,0.993
0.731726,59,4288.128575,False,0.993
64.552688,40,4290.101427,True,0.993
60.114288,28,4291.47547,True,0.993
62.404525,36,4293.2654,True,0.993
59.705398,27,4294.560911,True,0.993
56.519873,87,4298.838544,True,0.993
61.745983,63,4301.897885,True,0.993
-13.524152,66,4305.123157,False,0.993
-19.250312,146,4312.2242,False,0.993
-11.469062,62,4315.236633,False,0.993
63.257804,35,4324.928653,True,0.993
62.220861,45,4327.080827,True,0.993
66.190101,60,4329.96703,True,0.993
59.83199,27,4331.291795,True,0.993
-11.8449,70,4334.684891,False,0.993
58.473604,18,4335.576674,True,0.993
-2.102532,51,4338.030642,False,0.993
-20.360645,578,4366.315011,False,0.993
-5.072569,81,4370.231511,False,0.993
67.29375,67,4373.541098,True,0.993
52.376308,135,4380.137001,True,0.993
56.297917,17,4380.973202,True,0.993
56.945454,116,4386.651973,True,0.993
61.011943,28,4387.971159,True,0.993
55.039951,14,4388.677462,True,0.993
60.678337,104,4393.774113,True,0.993
64.408989,152,4401.187711,True,0.993
59.381682,56,4403.872905,True,0.993
63.019923,45,4405.945746,True,0.993
4.192037,61,4408.931625,False,0.993
-22.257128,56,4411.672956,False,0.993
-2.466733,96,4416.414489,False,0.993
60.828269,28,4417.774384,True,0.993
59.727481,35,4419.438509,True,0.993
61.124781,28,4420.807777,True,0.993
53.602687,8,4421.207826,True,0.993
59.250177,40,4423.131241,True,0.993
58.523057,34,4432.091356,True,0.993
-8.869994,48,4434.427711,False,0.993
-8.891854,120,4440.352455,False,0.993
-4.911125,55,4443.013542,False,0.993
-10.674917,58,4445.878125,False,0.993
60.813369,33,4447.549065,True,0.993
59.509918,20,4448.530402,True,0.993
58.642213,60,4451.425085,True,0.993
60.303876,28,4452.818977,True,0.993
59.138198,42,4454.849753,True,0.993
58.935709,19,4455.757354,True,0.993
-33.780794,95,4460.467671,False,0.993
67.533421,146,4467.613361,True,0.993
-7.371931,131,4474.000429,False,0.993
-13.672271,53,4476.55329,False,0.993
54.588302,9,4477.010384,True,0.993
55.76679,12,4477.611889,True,0.993
64.617588,43,4479.664804,True,0.993
60.993594,27,4480.962724,True,0.993
-20.540347,57,4483.783056,False,0.993
-2.677674,49,4486.138669,False,0.993
63.424148,38,4487.990276,True,0.993
58.424767,87,4492.229071,True,0.993
56.02722,136,4498.887791,True,0.993
68.199521,178,4507.650348,True,0.993
2.144133,129,4513.930388,False,0.993
65.169172,73,4517.520683,True,0.993
0.777656,41,4519.530198,False,0.993
61.837842,32,4521.090012,True,0.993
67.259355,52,4523.67288,True,0.993
62.242186,29,4525.108251,True,0.993
53.728742,8,4525.540391,True,0.993
56.433789,190,4543.450005,True,0.993
62.020589,39,4545.333565,True,0.993
57.304177,16,4546.144868,True,0.993
59.880315,35,4547.826437,True,0.993
62.250188,49,4550.305228,True,0.993
-9.038243,142,4557.152873,False,0.993
60.796134,122,4563.153918,True,0.993
63.062579,38,4564.957961,True,0.993
57.428097,68,4568.323592,True,0.993
60.735316,30,4569.768916,True,0.993
68.502865,137,4576.49248,True,0.993
55.905863,13,4577.163544,True,0.993
56.669215,98,4581.960913,True,0.993
60.510953,22,4583.066855,True,0.993
54.720131,10,4583.56595,True,0.993
57.996153,35,4585.254125,True,0.993
57.012105,16,4586.037774,True,0.993
56.562511,19,4586.975706,True,0.993
-0.984356,136,4593.627803,False,0.993
62.182408,30,4595.078692,True,0.993
60.979114,83,4599.205733,True,0.993
59.867643,95,4603.954874,True,0.993
52.452663,5,4604.21866,True,0.993
60.180389,28,4605.595828,True,0.993
58.00383,49,4607.992933,True,0.993
60.314517,116,4613.647539,True,0.993
59.717196,84,4617.819167,True,0.993
60.738369,48,4620.166604,True,0.993
-7.26974,133,4626.675833,False,0.993
59.20636,38,4628.567719,True,0.993
63.304903,31,4630.04761,True,0.993
53.602705,8,4630.453065,True,0.993
63.3885,40,4632.370603,True,0.993
57.353473,19,4633.306719,True,0.993
55.920819,13,4633.965333,True,0.993
54.661879,14,4634.685265,True,0.993
62.658302,41,4636.705577,True,0.993
60.469867,27,4638.064659,True,0.993
63.738205,41,4648.160668,True,0.993
60.395609,106,4653.295764,True,0.993
62.89218,53,4655.887769,True,0.993
57.726242,77,4659.664868,True,0.993
60.384911,29,4661.083401,True,0.993
56.102183,34,4662.740592,True,0.993
-19.233405,59,4665.667303,False,0.993
-7.838047,141,4672.545134,False,0.993
-6.145037,87,4676.749175,False,0.993
-0.153288,123,4682.76028,False,0.993
-16.911591,131,4689.150576,False,0.993
67.572792,89,4693.579592,True,0.993
64.98245,51,4695.980663,True,0.993
59.637697,25,4697.243735,True,0.993
56.20402,20,4698.233175,True,0.993
0.303707,60,4701.162159,False,0.993
55.113745,12,4701.767523,True,0.993
54.557504,11,4702.331667,True,0.993
56.684175,20,4703.316979,True,0.993
63.464533,44,4705.434598,True,0.993
58.943166,35,4707.198288,True,0.993
62.470796,106,4712.425319,True,0.993
50.002636,1,4712.500099,True,0.993
62.297543,111,4717.923812,True,0.993
55.174039,71,4721.427273,True,0.993
57.034044,72,4725.035181,True,0.993
59.101773,46,4727.319004,True,0.993
60.712246,34,4728.953522,True,0.993
-16.542967,205,4739.015074,False,0.993
59.238477,109,4744.369983,True,0.993
-9.386357,115,4758.680508,False,0.993
63.513104,37,4760.450766,True,0.993
62.312379,31,4762.015808,True,0.993
-3.112173,132,4768.49457,False,0.993
62.711858,36,4770.251507,True,0.993
-23.817527,170,4778.555301,False,0.993
64.490802,60,4781.370918,True,0.993
60.822941,30,4782.827906,True,0.993
-4.297104,184,4791.937035,False,0.993
63.989414,37,4793.752719,True,0.993
-6.124204,62,4796.641523,False,0.993
7.079692,246,4808.680952,False,0.993
59.153072,28,4810.025753,True,0.993
-9.19878,122,4815.944446,False,0.993
59.548774,27,4817.251323,True,0.993
60.517935,193,4826.789928,True,0.993
50.070895,1,4826.857555,True,0.993
58.520791,25,4828.06091,True,0.993
57.285061,20,4829.049986,True,0.993
-11.357226,63,4832.139925,False,0.993
69.898347,65,4835.377774,True,0.993
63.594883,65,4838.455831,True,0.993
61.970075,94,4842.998367,True,0.993
61.851796,128,4849.24477,True,0.993
56.145567,15,4849.990252,True,0.993
60.966447,38,4851.86534,True,0.993
60.12415,36,4853.631133,True,0.993
60.637397,179,4872.541182,True,0.993
58.599506,34,4874.209676,True,0.993
59.142723,74,4877.881472,True,0.993
60.784572,42,4879.973771,True,0.993
53.59397,8,4880.373488,True,0.993
-33.084643,75,4884.007077,False,0.993
64.505525,52,4886.427162,True,0.993
63.894644,45,4888.624142,True,0.993
-3.828243,128,4894.829425,False,0.993
56.657157,72,4898.380564,True,0.993
-15.673477,71,4901.809806,False,0.993
65.347539,46,4903.975702,True,0.993
63.705141,150,4911.411415,True,0.993
60.140058,45,4913.898228,True,0.993
-16.004009,65,4917.085263,False,0.993
-16.517379,53,4919.675302,False,0.993
59.931137,31,4921.240252,True,0.993
63.104853,35,4922.991235,True,0.993
-5.290151,49,4925.381608,False,0.993
-12.707222,91,4929.875996,False,0.993
57.033745,54,4932.558847,True,0.993
63.740813,47,4934.798311,True,0.993
51.82157,4,4935.005442,True,0.993
61.806349,79,4938.873204,True,0.993
-14.232019,160,4946.754046,False,0.993
-24.198514,127,4953.004726,False,0.993
55.324658,14,4953.69436,True,0.993
61.437914,29,4955.101746,True,0.993
58.32936,40,4957.085637,True,0.993
-3.035812,60,4960.045177,False,0.993
54.674455,14,4960.738249,True,0.993
49.59802,1,4960.809304,True,0.993
57.944497,18,4961.682311,True,0.993
66.278443,65,4964.858025,True,0.993
56.251958,19,4965.806958,True,0.993
59.949562,28,4967.169064,True,0.993
65.122532,117,4980.944192,True,0.993
57.813137,27,4982.311588,True,0.993
60.285573,150,4989.700451,True,0.993
-19.17478,344,5006.537218,False,0.993
-6.898784,67,5009.795852,False,0.993
62.71067,34,5011.438462,True,0.993
61.021761,46,5013.689848,True,0.993
64.629329,38,5015.542957,True,0.993
3.447543,127,5021.686428,False,0.993
59.316914,27,5022.981534,True,0.993
-7.994914,52,5025.49036,False,0.993
60.211784,31,5027.013926,True,0.993
-0.004265,55,5029.714474,False,0.993
57.500339,21,5030.776137,True,0.993
-16.038317,69,5034.20704,False,0.993
59.394472,29,5035.645763,True,0.993
64.375667,104,5040.837021,True,0.993
-6.568558,210,5051.102202,False,0.993
54.931003,12,5051.702676,True,0.993
67.792756,176,5060.220448,True,0.993
58.152541,56,5062.937215,True,0.993
64.449876,122,5068.902485,True,0.993
-4.600653,119,5074.605225,False,0.993
58.873141,26,5075.873596,True,0.993
-5.313637,161,5093.487408,False,0.993
57.068048,18,5094.369144,True,0.993
60.737357,26,5095.63256,True,0.993
49.777274,1,5095.700646,True,0.993
-6.852985,300,5110.424262,False,0.993
66.015664,46,5112.660589,True,0.993
58.067229,49,5115.081666,True,0.993
4.333166,76,5118.699033,False,0.993
67.58652,55,5121.411501,True,0.993
61.468883,42,5123.432567,True,0.993
66.773616,55,5126.090275,True,0.993
67.219999,120,5131.970951,True,0.993
-25.263846,179,5140.679322,False,0.993
62.50671,31,5142.178298,True,0.993
62.49216,44,5144.251476,True,0.993
60.564461,26,5145.514809,True,0.993
56.919373,45,5147.744627,True,0.993
-32.186071,84,5151.852207,False,0.993
65.396726,53,5154.331873,True,0.993
64.64707,53,5156.860201,True,0.993
60.985727,32,5158.418851,True,0.993
51.92643,109,5163.773889,True,0.993
55.648493,14,5164.457969,True,0.993
60.118836,65,5167.62194,True,0.993
61.191592,98,5172.392019,True,0.993
-10.584874,133,5178.947758,False,0.993
7.349117,117,5184.724782,False,0.993
61.663291,129,5200.494092,True,0.993
57.559809,44,5202.681419,True,0.993
53.991282,10,5203.200405,True,0.993
56.874195,24,5204.419546,True,0.993
60.262549,23,5205.568665,True,0.993
63.074727,48,5207.92162,True,0.993
-13.29775,146,5215.172643,False,0.993
55.638638,38,5217.04239,True,0.993
-17.811727,245,5229.06114,False,0.993
65.063195,44,5231.194997,True,0.993
61.156876,28,5232.548045,True,0.993
-23.29257,104,5237.593219,False,0.993
55.541413,96,5242.311755,True,0.993
57.784516,18,5243.174883,True,0.993
59.171786,22,5244.273957,True,0.993
58.589889,135,5250.917084,True,0.993
58.8566,98,5255.761697,True,0.993
64.859976,109,5261.12641,True,0.993
57.522233,19,5262.072597,True,0.993
59.357203,123,5268.053391,True,0.993
57.385004,21,5269.073893,True,0.993
3.942714,85,5273.323991,False,0.993
59.603105,110,5278.717127,True,0.993
56.724635,19,5279.636642,True,0.993
0.474773,47,5281.964339,False,0.993
-8.879218,57,5284.780475,False,0.993
53.562304,7,5285.150166,True,0.993
60.484871,93,5289.77319,True,0.993
61.199226,61,5292.75428,True,0.993
63.194716,30,5294.164965,True,0.993
-15.951721,88,5307.705265,False,0.993
-16.198318,77,5311.589699,False,0.993
59.164215,106,5316.7644,True,0.993
-5.41075,124,5322.855977,False,0.993
53.98986,13,5323.499603,True,0.993
62.20866,28,5324.881221,True,0.993
-21.802551,67,5328.217101,False,0.993
55.44182,14,5328.898918,True,0.993
-11.097341,125,5335.017281,False,0.993
63.696569,33,5336.632251,True,0.993
65.286259,115,5342.236023,True,0.993
58.96885,84,5346.341291,True,0.993
-13.234398,105,5351.516274,False,0.993
55.015349,264,5364.495395,True,0.993
61.293385,51,5366.991184,True,0.993
52.926146,6,5367.30982,True,0.993
63.262415,96,5371.968137,True,0.993
66.699223,59,5374.914366,True,0.993
-5.872986,117,5380.575912,False,0.993
60.236772,92,5385.144068,True,0.993
-0.818517,147,5392.280933,False,0.993
59.984376,108,5397.510653,True,0.993
-13.113323,141,5404.43232,False,0.993
-15.917722,64,5417.15683,False,0.993
64.169409,47,5419.362688,True,0.993
50.137034,1,5419.42923,True,0.993
61.186823,32,5420.972389,True,0.993
62.832492,90,5425.371995,True,0.993
-9.128641,135,5431.949694,False,0.993
62.046929,43,5434.051446,True,0.993
56.124311,18,5434.948745,True,0.993
52.90802,6,5435.240214,True,0.993
1.779786,143,5442.213587,False,0.993
55.526811,11,5442.742034,True,0.993
65.930074,93,5447.363453,True,0.993
58.792772,21,5448.386633,True,0.993
-10.501147,137,5455.070754,False,0.993
57.310242,86,5459.330166,True,0.993
58.395073,56,5462.109586,True,0.993
66.358934,107,5467.32686,True,0.993
53.519157,8,5467.733628,True,0.993
64.585626,153,5475.3215,True,0.993
59.762585,23,5476.453282,True,0.993
65.632905,64,5479.559695,True,0.993
58.624006,23,5480.675532,True,0.993
63.663022,35,5482.375131,True,0.993
62.942324,89,5486.694692,True,0.993
61.985964,40,5488.662996,True,0.993
63.37988,40,5490.542243,True,0.993
-11.141389,49,5492.937364,False,0.993
60.925063,37,5494.787078,True,0.993
59.98086,189,5504.168077,True,0.993
55.903265,16,5504.946752,True,0.993
58.359459,47,5507.26826,True,0.993
66.083074,78,5510.873847,True,0.993
61.109184,27,5512.180135,True,0.993
60.228162,87,5525.338994,True,0.993
61.67667,38,5527.183816,True,0.993
-9.365131,197,5536.849428,False,0.993
56.681921,28,5538.258759,True,0.993
1.400123,116,5543.854084,False,0.993
57.780178,21,5544.873805,True,0.993
57.714547,31,5546.405123,True,0.993
-11.407004,135,5553.040885,False,0.993
51.743765,5,5553.300067,True,0.993
58.122879,20,5554.335794,True,0.993
63.664277,39,5556.118988,True,0.993
66.072786,109,5561.403251,True,0.993
-21.621044,127,5567.585514,False,0.993
61.57174,96,5572.293034,True,0.993
61.566919,48,5574.662664,True,0.993
54.926211,29,5576.098138,True,0.993
62.326515,48,5578.406603,True,0.993
61.088275,107,5583.617091,True,0.993
55.472345,82,5587.61024,True,0.993
55.714981,14,5588.305713,True,0.993
53.346677,10,5588.790521,True,0.993
58.034339,53,5591.382902,True,0.993
57.485424,20,5592.362157,True,0.993
54.952796,14,5593.088785,True,0.993
61.644087,30,5594.573523,True,0.993
60.945011,87,5598.876973,True,0.993
59.711083,26,5600.11181,True,0.993
57.540602,18,5600.996957,True,0.993
61.076002,105,5606.119951,True,0.993
59.926185,56,5608.906192,True,0.993
50.509957,1,5608.977193,True,0.993
61.00648,44,5611.1785,True,0.993
-0.902628,108,5616.492063,False,0.993
58.497256,150,5623.994347,True,0.993
53.216707,7,5624.368851,True,0.993
62.658316,119,5639.507872,True,0.993
56.102988,35,5641.260454,True,0.993
49.634859,1,5641.327791,True,0.993
61.052629,78,5645.165594,True,0.993
50.304749,1,5645.230976,True,0.993
-15.750716,129,5651.592195,False,0.993
58.864414,100,5656.499228,True,0.993
62.27794,39,5658.419412,True,0.993
63.269207,103,5663.480288,True,0.993
59.578439,83,5667.536036,True,0.993
60.620459,169,5675.806588,True,0.993
60.142571,196,5685.398746,True,0.993
61.970358,26,5686.684425,True,0.993
-0.460325,116,5692.314898,False,0.993
61.169229,106,5697.547063,True,0.993
60.301985,107,5702.809841,True,0.993
60.714394,25,5704.015671,True,0.993
53.834214,9,5704.459701,True,0.993
56.093129,93,5709.133488,True,0.993
62.756156,37,5710.949135,True,0.993
63.634386,145,5718.244456,True,0.993
5.087654,52,5720.783442,False,0.993
-12.260577,65,5723.996173,False,0.993
-28.463757,148,5731.343476,False,0.993
51.086322,3,5731.507765,True,0.993
59.126922,27,5732.814922,True,0.993
-1.774208,221,5753.093937,False,0.993
55.8048,24,5754.28868,True,0.993
69.412628,164,5762.361746,True,0.993
-4.626845,161,5770.190939,False,0.993
57.869244,103,5775.215815,True,0.993
56.845027,23,5776.350353,True,0.993
65.488701,51,5778.874226,True,0.993
62.876893,110,5784.269864,True,0.993
58.885409,32,5785.817828,True,0.993
59.384666,36,5787.59253,True,0.993
63.435114,128,5793.900475,True,0.993
62.944168,44,5796.09503,True,0.993
63.654001,100,5800.990452,True,0.993
58.298906,29,5802.393234,True,0.993
-6.718221,181,5811.28209,False,0.993
68.659533,225,5822.18589,True,0.993
53.794434,10,5822.687738,True,0.993
3.373718,123,5828.646086,False,0.993
53.234009,7,5829.022215,True,0.993
64.041171,127,5835.074811,True,0.993
65.543919,97,5839.798575,True,0.993
60.717557,30,5841.188025,True,0.993
63.575406,69,5855.152,True,0.993
55.475351,13,5855.771317,True,0.993
-6.181355,48,5858.092698,False,0.993
59.505998,20,5859.065351,True,0.993
-29.389273,67,5862.337008,False,0.993
-17.189964,50,5864.698815,False,0.993
-21.623388,54,5867.299999,False,0.993
-26.714201,52,5869.846328,False,0.993
-26.826261,62,5872.894017,False,0.993
-13.883597,51,5875.339786,False,0.993
60.152012,30,5876.736676,True,0.993
63.431708,34,5878.383728,True,0.993
-27.757058,50,5880.791474,False,0.993
53.956245,10,5881.319031,True,0.993
-32.494381,65,5884.418388,False,0.993
-10.827316,48,5886.776436,False,0.993
1.093898,69,5890.103766,False,0.993
-27.066598,47,5892.36494,False,0.993
55.215438,11,5892.895358,True,0.993
-8.780515,46,5895.147349,False,0.993
61.929253,30,5896.601237,True,0.993
58.55135,19,5897.538113,True,0.993
-19.330536,48,5899.861432,False,0.993
-23.490448,76,5903.578189,False,0.993
53.569952,7,5903.938273,True,0.993
-0.816293,45,5906.081881,False,0.993
61.715141,24,5907.239852,True,0.993
60.69256,28,5908.692384,True,0.993
-12.065964,50,5911.142309,False,0.993
61.604732,25,5912.342864,True,0.993
-12.965865,63,5915.402008,False,0.993
54.014479,8,5915.800614,True,0.993
-15.787483,49,5918.189931,False,0.993
-16.355839,149,5925.414416,False,0.993
-21.461132,47,5927.696184,False,0.993
-27.852068,50,5930.141224,False,0.993
-2.18437,47,5932.388364,False,0.993
-11.88217,67,5935.652347,False,0.993
-27.478753,50,5938.138862,False,0.993
-15.242445,42,5940.218731,False,0.993
4.636782,46,5942.487139,False,0.993
-10.54877,56,5945.221809,False,0.993
-30.679172,68,5948.543844,False,0.993
-10.452387,54,5951.156084,False,0.993
-23.385594,56,5953.899781,False,0.993
56.26783,115,5965.750303,True,0.993
58.095343,21,5966.815114,True,0.993
-7.658805,61,5969.810767,False,0.993
61.357553,31,5971.314238,True,0.993
62.547894,35,5972.999376,True,0.993
56.350231,14,5973.740666,True,0.993
63.230017,31,5975.21479,True,0.993
-6.841765,49,5977.686508,False,0.993
-10.85002,51,5980.222707,False,0.993
-17.062282,63,5983.267667,False,0.993
57.05769,15,5984.002199,True,0.993
61.003701,26,5985.235619,True,0.993
-9.098818,190,5994.64336,False,0.993
67.901912,56,5997.379437,True,0.993
53.891337,8,5997.758098,True,0.993
59.86809,25,5998.956917,True,0.993
58.319675,17,5999.832783,True,0.993
61.797771,33,6001.484568,True,0.993
-10.13011,52,6004.027898,False,0.993
2.306688,50,6006.433981,False,0.993
1.516349,44,6008.483461,False,0.993
-9.709693,47,6010.764095,False,0.993
-11.520419,68,6014.071139,False,0.993
-29.698917,66,6017.340981,False,0.993
57.379648,23,6018.466231,True,0.993
-12.990469,57,6021.219434,False,0.993
59.268296,24,6022.449575,True,0.993
62.041183,25,6023.692375,True,0.993
59.22942,24,6024.94265,True,0.993
1.819861,51,6027.23778,False,0.993
56.668909,16,6028.033034,True,0.993
62.061411,25,6029.209502,True,0.993
55.169127,12,6029.782899,True,0.993
-21.405968,59,6032.721597,False,0.993
59.153227,20,6033.774572,True,0.993
61.891087,31,6035.223915,True,0.993
1.754229,47,6037.368828,False,0.993
62.149285,31,6038.892992,True,0.993
-6.93762,43,6041.01465,False,0.993
-10.809969,52,6043.540742,False,0.993
-27.314296,48,6045.899272,False,0.993
63.408467,37,6047.735192,True,0.993
61.801581,28,6049.110235,True,0.993
59.739855,22,6050.165056,True,0.993
62.319947,38,6051.96095,True,0.993
-12.061665,68,6055.320702,False,0.993
60.24081,25,6056.529914,True,0.993
55.420914,15,6057.255381,True,0.993
61.843966,28,6058.678643,True,0.993
61.025104,136,6071.607012,True,0.993
52.440949,5,6071.878421,True,0.993
60.226105,35,6073.594496,True,0.993
64.524865,48,6075.824134,True,0.993
59.415138,42,6077.87076,True,0.993
58.797974,21,6078.904911,True,0.993
58.140587,103,6083.9579,True,0.993
50.861967,2,6084.078453,True,0.993
62.66228,36,6085.836906,True,0.993
62.948032,205,6095.915032,True,0.993
61.650392,51,6098.421592,True,0.993
-23.196453,66,6101.58197,False,0.993
63.950612,156,6109.301255,True,0.993
65.106422,76,6113.028386,True,0.993
-0.291729,307,6128.2176,False,0.993
54.539872,9,6128.671486,True,0.993
-7.298622,55,6131.314703,False,0.993
-25.137851,149,6138.692911,False,0.993
63.346916,90,6143.177226,True,0.993
59.648514,100,6148.032641,True,0.993
61.573521,248,6160.305068,True,0.993
61.089035,155,6178.29699,True,0.993
63.158962,31,6179.838369,True,0.993
61.17951,107,6184.996925,True,0.993
-32.098821,68,6188.314043,False,0.993
-14.269284,138,6195.143734,False,0.993
58.023926,156,6202.870524,True,0.993
57.994646,93,6207.390075,True,0.993
57.980864,122,6213.645293,True,0.993
57.015258,93,6218.185848,True,0.993
51.622644,77,6221.93679,True,0.993
57.400679,19,6222.895911,True,0.993
56.568069,23,6223.987948,True,0.993
-5.835348,50,6226.499079,False,0.993
62.6253,36,6228.213077,True,0.993
62.750314,32,6229.749081,True,0.993
62.847191,38,6231.571988,True,0.993
0.194641,46,6233.79454,False,0.993
55.220177,14,6234.474779,True,0.993
60.591308,32,6236.017988,True,0.993
54.218728,9,6236.457189,True,0.993
60.094992,30,6237.915619,True,0.993
62.074489,111,6243.315047,True,0.993
56.854657,23,6244.448009,True,0.993
61.96139,29,6245.831039,True,0.993
61.259728,39,6247.771781,True,0.993
-2.615182,49,6250.190499,False,0.993
64.625264,42,6252.24129,True,0.993
61.011306,52,6254.774444,True,0.993
62.309312,34,6256.443081,True,0.993
67.040874,46,6258.728195,True,0.993
63.118513,42,6260.644307,True,0.993
63.600781,31,6262.149354,True,0.993
-11.52192,44,6264.280629,False,0.993
-4.200133,111,6269.710603,False,0.993
59.849922,23,6270.833534,True,0.993
64.025167,38,6272.641295,True,0.993
63.188946,126,6286.811106,True,0.993
66.214478,58,6289.708064,True,0.993
-0.876053,121,6295.643824,False,0.993
-9.981435,46,6297.932873,False,0.993
59.160095,20,6298.890618,True,0.993
-8.330257,52,6301.501219,False,0.993
-21.180836,154,6309.015554,False,0.993
0.120414,46,6311.194734,False,0.993
64.050601,48,6313.381303,True,0.993
63.597645,37,6315.232001,True,0.993
62.805395,36,6316.966981,True,0.993
63.316548,33,6318.582599,True,0.993
-12.842567,49,6320.989525,False,0.993
-1.020157,47,6323.157472,False,0.993
59.463716,28,6324.528513,True,0.993
-18.687457,148,6331.825672,False,0.993
61.15111,24,6332.998915,True,0.993
54.424011,118,6338.860205,True,0.993
0.58038,51,6341.204931,False,0.993
-21.190678,150,6348.501054,False,0.993
54.229227,11,6349.067268,True,0.993
56.970069,85,6353.228881,True,0.993
-6.460377,184,6362.248929,False,0.993
54.41056,27,6363.595981,True,0.993
61.962115,28,6364.95825,True,0.993
-4.807746,65,6368.145134,False,0.993
55.382184,14,6368.857873,True,0.993
-5.676069,70,6372.343734,False,0.993
59.01835,124,6378.479653,True,0.993
52.525297,5,6378.750034,True,0.993
57.528329,26,6380.076314,True,0.993
-22.584743,179,6398.152779,False,0.993
-26.742691,77,6401.92142,False,0.993
55.327803,12,6402.523075,True,0.993
57.872246,23,6403.665327,True,0.993
54.104342,11,6404.242049,True,0.993
-31.745143,63,6407.262353,False,0.993
-7.006616,51,6409.734694,False,0.993
58.089405,23,6410.869972,True,0.993
-3.491975,47,6413.146224,False,0.993
1.29127,45,6415.370745,False,0.993
-5.83707,47,6417.682417,False,0.993
61.413966,25,6418.913669,True,0.993
59.659542,75,6422.607785,True,0.993
-19.237532,61,6425.589672,False,0.993
-11.385926,67,6428.863875,False,0.993
62.447937,114,6434.458531,True,0.993
-0.473411,64,6437.480005,False,0.993
63.702823,32,6439.022125,True,0.993
-11.919168,66,6442.296238,False,0.993
-10.088047,47,6444.56574,False,0.993
-25.948913,67,6447.859788,False,0.993
-18.50616,59,6450.744753,False,0.993
57.259712,17,6451.604201,True,0.993
55.154482,13,6452.253535,True,0.993
61.710832,29,6453.631942,True,0.993
-15.719937,66,6456.85921,False,0.993
-9.906675,50,6459.308307,False,0.993
-28.275387,58,6462.210181,False,0.993
54.568617,12,6462.8149,True,0.993
3.089866,58,6465.585623,False,0.993
58.169805,17,6466.437553,True,0.993
-25.031003,62,6469.451161,False,0.993
-14.115832,65,6472.694555,False,0.993
-29.010907,54,6475.335859,False,0.993
-26.448293,66,6478.553468,False,0.993
-27.611148,52,6481.16743,False,0.993
-15.847944,56,6483.942931,False,0.993
-23.466334,63,6487.01547,False,0.993
1.660584,46,6489.319236,False,0.993
60.89981,26,6490.611259,True,0.993
1.240143,45,6492.825015,False,0.993
-14.934026,73,6502.268907,False,0.993
-27.617372,51,6504.770419,False,0.993
-8.45303,47,6507.081205,False,0.993
57.920102,29,6508.534359,True,0.993
64.334295,35,6510.222171,True,0.993
-28.829425,57,6513.007729,False,0.993
58.235723,25,6514.246278,True,0.993
59.279716,52,6516.836812,True,0.993
69.770746,114,6522.440915,True,0.993
-7.3479,57,6525.246448,False,0.993
-28.282992,53,6527.871516,False,0.993
52.422785,5,6528.149051,True,0.993
59.689677,22,6529.247726,True,0.993
56.279484,13,6529.886966,True,0.993
-18.267555,50,6532.411338,False,0.993
-25.154588,44,6534.671768,False,0.993
-30.387768,75,6538.368292,False,0.993
-13.76818,71,6541.878973,False,0.993
-29.150171,49,6544.312166,False,0.993
-14.90544,152,6551.78672,False,0.993
-4.11839,44,6553.984822,False,0.993
-7.822344,64,6557.161283,False,0.993
-20.219664,72,6560.707815,False,0.993
-4.744089,46,6562.923905,False,0.993
-15.113694,58,6565.772108,False,0.993
-1.369851,164,6573.719241,False,0.993
61.417995,28,6575.102842,True,0.993
59.845148,153,6582.560188,True,0.993
1.200315,47,6584.858687,False,0.993
62.408231,31,6586.338036,True,0.993
-27.852767,92,6590.804553,False,0.993
-10.479058,52,6593.315026,False,0.993
50.527929,2,6593.43195,True,0.993
60.592157,25,6594.617273,True,0.993
62.707089,30,6596.015663,True,0.993
59.741622,80,6599.907054,True,0.993
61.05,25,6601.145613,True,0.993
-26.856014,62,6611.911004,False,0.993
55.790859,13,6612.526102,True,0.993
-26.000039,62,6615.468868,False,0.993
62.584985,47,6617.702731,True,0.993
59.124362,24,6618.83706,True,0.993
-15.706307,67,6622.095057,False,0.993
-9.939183,78,6625.872877,False,0.993
-3.152366,58,6628.69713,False,0.993
49.797127,1,6628.762086,True,0.993
-6.420396,60,6631.641581,False,0.993
-13.003782,50,6634.055854,False,0.993
-31.003684,57,6636.793267,False,0.993
-2.65271,67,6640.042679,False,0.993
-9.574859,50,6642.441997,False,0.993
59.718689,35,6644.112981,True,0.993
56.748956,17,6644.987036,True,0.993
-9.818952,65,6648.197475,False,0.993
60.497168,25,6649.449712,True,0.993
58.367899,24,6650.606213,True,0.993
-22.97542,193,6660.161872,False,0.993
-11.3247,56,6662.983752,False,0.993
-10.48126,42,6665.054749,False,0.993
50.228348,1,6665.123305,True,0.993
-23.373883,53,6667.711283,False,0.993
-18.85616,74,6671.421585,False,0.993
57.100465,22,6672.516334,True,0.993
-6.469011,165,6680.657161,False,0.993
-15.566204,64,6683.810567,False,0.993
52.469956,5,6684.086401,True,0.993
60.091549,26,6685.377449,True,0.993
54.239775,9,6685.823107,True,0.993
66.109378,49,6688.206291,True,0.993
58.172147,24,6689.392304,True,0.993
-0.419495,91,6693.916961,False,0.993
55.708384,15,6694.658144,True,0.993
-33.792679,78,6698.512697,False,0.993
66.0831,52,6701.052736,True,0.993
-9.859384,44,6703.205019,False,0.993
54.360446,11,6703.762742,True,0.993
63.745244,73,6707.339161,True,0.993
-12.590529,54,6709.942365,False,0.993
63.751784,220,6728.094954,True,0.993
-11.841683,155,6735.689146,False,0.993
65.775854,47,6737.954232,True,0.993
55.76461,21,6739.008984,True,0.993
55.65529,14,6739.724201,True,0.993
62.281474,34,6741.375721,True,0.993
-4.199848,165,6749.372066,False,0.993
56.162209,35,6751.107286,True,0.993
-1.799354,72,6754.596838,False,0.993
-9.408276,58,6757.46879,False,0.993
-23.201437,74,6761.115572,False,0.993
-0.772634,137,6767.858581,False,0.993
0.561801,55,6770.545489,False,0.993
55.646021,19,6771.482327,True,0.993
-7.376218,48,6773.739877,False,0.993
49.826111,1,6773.805092,True,0.993
62.8197,32,6775.336981,True,0.993
56.199241,17,6776.167114,True,0.993
60.693122,33,6777.751262,True,0.993
69.123564,129,6784.109229,True,0.993
65.053843,44,6786.245398,True,0.993
60.738395,28,6787.57421,True,0.993
-15.669751,89,6791.866999,False,0.993
61.534921,27,6793.21565,True,0.993
-22.542769,126,6799.440458,False,0.993
-15.544954,54,6802.04519,False,0.993
57.785445,41,6804.089323,True,0.993
65.962113,63,6807.086822,True,0.993
-6.17082,58,6809.916747,False,0.993
60.455507,105,6815.06919,True,0.993
59.629537,32,6816.630958,True,0.993
59.272876,30,6818.097336,True,0.993
51.48974,6,6827.587581,True,0.993
57.043283,24,6828.77839,True,0.993
-12.641679,58,6831.657003,False,0.993
-11.393851,82,6835.681978,False,0.993
52.98718,7,6836.020852,True,0.993
60.449285,103,6841.0507,True,0.993
58.802837,25,6842.269482,True,0.993
5.103637,137,6849.085713,False,0.993
-34.223473,77,6852.881571,False,0.993
59.328077,49,6855.293036,True,0.993
2.854635,69,6858.63509,False,0.993
61.789858,34,6860.282602,True,0.993
-21.555337,138,6867.061719,False,0.993
-19.738532,56,6869.801347,False,0.993
-2.274234,51,6872.295943,False,0.993
-8.921881,80,6876.28018,False,0.993
56.767829,77,6880.169784,True,0.993
62.40961,94,6884.772275,True,0.993
60.166301,85,6888.916679,True,0.993
-11.27468,79,6892.888674,False,0.993
-6.117641,133,6898.927354,False,0.993
49.725527,1,6898.994334,True,0.993
57.0904,16,6899.787233,True,0.993
-12.966754,143,6906.79005,False,0.993
61.802714,30,6908.290084,True,0.993
57.819103,22,6909.425002,True,0.993
-26.270916,59,6912.323365,False,0.993
5.053177,61,6915.332676,False,0.993
57.26656,19,6916.29836,True,0.993
53.514304,8,6916.716958,True,0.993
54.732307,10,6917.223194,True,0.993
54.956471,12,6917.806129,True,0.993
-11.570203,90,6922.208488,False,0.993
60.304113,29,6923.652033,True,0.993
58.144468,88,6936.219193,True,0.993
62.294382,42,6938.228077,True,0.993
-26.406715,46,6940.467685,False,0.993
54.464139,14,6941.178293,True,0.993
-14.82793,63,6944.321039,False,0.993
58.878246,22,6945.394231,True,0.993
62.666179,29,6946.862517,True,0.993
-4.926291,48,6949.252464,False,0.993
60.450036,24,6950.407861,True,0.993
59.771237,28,6951.786672,True,0.993
-23.435207,61,6954.837365,False,0.993
56.973837,84,6958.918956,True,0.993
63.5496,41,6960.912024,True,0.993
57.968858,21,6961.956723,True,0.993
64.385142,38,6963.830414,True,0.993
-16.004392,62,6966.868957,False,0.993
2.848412,52,6969.503407,False,0.993
-7.255232,46,6971.744344,False,0.993
-5.059373,89,6976.081816,False,0.993
54.649895,18,6977.000163,True,0.993
57.019801,44,6979.188197,True,0.993
61.53998,117,6984.938867,True,0.993
-5.558179,66,6988.163979,False,0.993
60.605036,33,6989.781702,True,0.993
-23.655852,71,6993.289236,False,0.993
-25.757967,54,6995.961339,False,0.993
62.964107,33,6997.578521,True,0.993
59.21599,25,6998.81032,True,0.993
-24.626379,67,7002.09989,False,0.993
-6.330031,76,7005.877376,False,0.993
-18.95537,71,7009.389792,False,0.993
54.336474,11,7009.941058,True,0.993
-20.640525,67,7013.253148,False,0.993
62.402399,51,7015.756744,True,0.993
61.825519,29,7017.199492,True,0.993
62.693963,39,7019.009216,True,0.993
-26.981984,61,7022.032858,False,0.993
58.78173,22,7023.152241,True,0.993
-25.052216,50,7025.597581,False,0.993
59.462041,42,7027.67649,True,0.993
-23.65582,82,7031.692657,False,0.993
61.140723,107,7043.26909,True,0.993
60.883797,25,7044.50859,True,0.993
1.647106,44,7046.627231,False,0.993
53.071877,8,7047.035712,True,0.993
50.463906,1,7047.101871,True,0.993
59.566737,24,7048.26225,True,0.993
-5.173782,46,7050.542199,False,0.993
-0.828225,49,7052.924618,False,0.993
-15.78123,42,7054.951047,False,0.993
64.369279,44,7057.122547,True,0.993
-20.475359,76,7060.902676,False,0.993
-2.820828,47,7063.20365,False,0.993
56.130026,21,7064.286031,True,0.993
55.071589,12,7064.869067,True,0.993
62.23178,99,7069.744586,True,0.993
58.405329,20,7070.71468,True,0.993
64.546289,39,7072.620354,True,0.993
57.72351,23,7073.740657,True,0.993
-8.240901,52,7076.267889,False,0.993
-9.016621,61,7079.299813,False,0.993
-7.020549,55,7081.982107,False,0.993
-29.836587,51,7084.520096,False,0.993
57.61303,19,7085.458601,True,0.993
-3.79288,69,7088.865138,False,0.993
-20.335318,70,7092.304624,False,0.993
56.199966,136,7099.031768,True,0.993
0.591985,48,7101.355882,False,0.993
53.555456,8,7101.761419,True,0.993
-5.397117,58,7104.590818,False,0.993
-5.520694,66,7107.88158,False,0.993
62.559301,33,7109.56749,True,0.993
-30.730161,59,7112.452363,False,0.993
65.712235,111,7117.899977,True,0.993
62.227861,44,7120.067176,True,0.993
58.658982,29,7121.471913,True,0.993
-11.307369,45,7123.709184,False,0.993
59.329002,24,7124.875094,True,0.993
0.274841,63,7127.984228,False,0.993
-13.770754,60,7130.917453,False,0.993
61.302458,26,7132.212314,True,0.993
59.367052,65,7135.437628,True,0.993
61.232124,26,7136.726739,True,0.993
4.218915,100,7141.688566,False,0.993
65.494541,48,7144.063731,True,0.993
-12.717876,147,7157.772688,False,0.993
-14.611496,55,7160.503029,False,0.993
55.773307,12,7161.113567,True,0.993
60.022025,29,7162.548626,True,0.993
59.609691,21,7163.589495,True,0.993
64.114454,72,7167.165379,True,0.993
-25.528162,64,7170.349038,False,0.993
57.09197,18,7171.262909,True,0.993
-1.080984,69,7174.688879,False,0.993
63.260382,31,7176.218023,True,0.993
59.759324,26,7177.477528,True,0.993
-11.974193,52,7180.069585,False,0.993
60.077252,114,7185.646714,True,0.993
62.687015,33,7187.269071,True,0.993
63.279257,136,7193.939937,True,0.993
55.450473,20,7194.927649,True,0.993
-31.363271,67,7198.246181,False,0.993
-15.879637,46,7200.590966,False,0.993
50.190933,1,7200.659752,True,0.993
-7.493656,74,7204.310684,False,0.993
57.177634,17,7205.136647,True,0.993
4.828883,52,7207.731119,False,0.993
-30.519942,63,7210.867172,False,0.993
59.447912,36,7212.660346,True,0.993
59.08589,110,7218.025723,True,0.993
1.287343,55,7220.540532,False,0.993
63.276887,35,7222.313308,True,0.993
8.278303,145,7229.366341,False,0.993
-16.689943,67,7232.671401,False,0.993
54.230785,9,7233.137571,True,0.993
61.672581,29,7234.551203,True,0.993
-10.887366,54,7237.245116,False,0.993
64.086234,35,7238.973626,True,0.993
58.729284,89,7243.323733,True,0.993
-5.076726,59,7246.231642,False,0.993
57.958245,24,7247.419992,True,0.993
59.032006,25,7248.632329,True,0.993
52.648954,6,7248.93321,True,0.993
55.939021,21,7249.984749,True,0.993
-6.585315,82,7261.795356,False,0.993
55.89393,17,7262.694823,True,0.993
-8.974049,50,7265.185794,False,0.993
63.56901,35,7266.87908,True,0.993
-23.40904,59,7269.831156,False,0.993
-19.792744,71,7273.252413,False,0.993
-29.950782,51,7275.756046,False,0.993
54.675735,10,7276.242967,True,0.993
66.459197,113,7281.896386,True,0.993
61.078939,113,7287.555769,True,0.993
61.352771,27,7288.860879,True,0.993
-17.167155,64,7292.061383,False,0.993
-3.020266,46,7294.318647,False,0.993
-6.530082,40,7296.314957,False,0.993
-20.264664,47,7298.624981,False,0.993
-13.080995,56,7301.379556,False,0.993
-12.975275,74,7305.013099,False,0.993
63.331659,36,7306.790932,True,0.993
59.045002,24,7307.996042,True,0.993
-20.67964,52,7310.572361,False,0.993
61.182751,27,7311.896269,True,0.993
-12.575479,171,7320.276663,False,0.993
-7.785411,65,7323.480271,False,0.993
-3.373891,66,7326.687332,False,0.993
-13.564259,65,7329.814682,False,0.993
63.601769,34,7331.418967,True,0.993
66.314205,189,7340.412622,True,0.993
2.435164,49,7342.688037,False,0.993
64.88953,39,7344.56461,True,0.993
-18.599162,50,7346.977098,False,0.993
-3.22472,54,7349.572428,False,0.993
-4.005404,50,7351.829309,False,0.993
64.035883,37,7353.606099,True,0.993
-24.09088,52,7356.19548,False,0.993
-22.647274,79,7367.694997,False,0.993
56.561497,15,7368.446247,True,0.993
3.067721,52,7370.936041,False,0.993
60.639825,94,7375.492213,True,0.993
58.381118,37,7377.279542,True,0.993
-1.616362,51,7379.734716,False,0.993
65.160656,53,7382.192895,True,0.993
60.134469,96,7386.807063,True,0.993
-22.52719,78,7390.623179,False,0.993
55.265028,14,7391.325969,True,0.993
52.545104,5,7391.570922,True,0.993
53.581636,8,7391.991385,True,0.993
-15.513668,178,7400.59071,False,0.993
55.556724,15,7401.382288,True,0.993
-7.990022,58,7404.258392,False,0.993
57.08748,14,7404.975336,True,0.993
59.143457,121,7410.824737,True,0.993
-3.594353,63,7413.921595,False,0.993
58.091565,21,7414.953174,True,0.993
59.825333,39,7416.859559,True,0.993
64.393049,42,7418.949095,True,0.993
65.900043,114,7424.510958,True,0.993
60.000004,31,7426.03485,True,0.993
54.786789,12,7426.639621,True,0.993
-28.571663,68,7429.956549,False,0.993
-3.234426,62,7432.966176,False,0.993
63.664752,42,7434.893837,True,0.993
-13.780589,51,7437.412527,False,0.993
-10.856153,64,7440.530633,False,0.993
55.151181,15,7441.282287,True,0.993
59.073344,44,7443.470014,True,0.993
64.40226,36,7445.262965,True,0.993
58.160702,21,7446.328586,True,0.993
60.251056,27,7447.654903,True,0.993
55.876839,20,7448.643309,True,0.993
64.55466,56,7451.167709,True,0.993
-26.558839,56,7453.909104,False,0.993
-12.694786,49,7456.360591,False,0.993
-28.373394,55,7459.062643,False,0.993
60.656639,25,7460.294178,True,0.993
-14.480201,55,7462.990847,False,0.993
59.085531,71,7466.514941,True,0.993
-27.597598,77,7477.694135,False,0.993
59.508647,36,7479.467356,True,0.993
62.957479,82,7483.497804,True,0.993
53.055265,7,7483.850321,True,0.993
60.203108,24,7485.031523,True,0.993
61.345941,32,7486.596737,True,0.993
58.310551,42,7488.622234,True,0.993
61.485074,89,7492.930351,True,0.993
62.098526,42,7494.989912,True,0.993
64.469611,40,7496.911344,True,0.993
62.694399,32,7498.436644,True,0.993
-11.175498,240,7510.2131,False,0.993
-1.599702,61,7513.219225,False,0.993
-0.538511,120,7519.109291,False,0.993
-26.500439,145,7526.237516,False,0.993
63.842407,110,7531.667473,True,0.993
60.705832,29,7533.089136,True,0.993
63.472524,33,7534.736591,True,0.993
58.543468,57,7537.580285,True,0.993
54.116374,87,7541.908812,True,0.993
60.341726,49,7544.308736,True,0.993
62.538249,37,7546.11536,True,0.993
62.385736,35,7547.761348,True,0.993
2.204876,48,7550.091841,False,0.993
53.066373,9,7550.536376,True,0.993
58.608896,32,7552.116985,True,0.993
59.718574,183,7561.032404,True,0.993
-30.183749,149,7568.298412,False,0.993
64.081261,34,7569.990916,True,0.993
62.638885,34,7571.64552,True,0.993
57.976329,61,7583.797995,True,0.993
-30.825083,60,7586.7916,False,0.993
63.170295,32,7588.345434,True,0.993
61.240985,102,7593.332327,True,0.993
57.025414,16,7594.098457,True,0.993
54.55525,11,7594.64415,True,0.993
-23.238051,64,7597.745267,False,0.993
53.507122,9,7598.21756,True,0.993
0.208249,58,7600.838479,False,0.993
57.346252,18,7601.712527,True,0.993
57.095709,111,7607.138546,True,0.993
-27.487002,48,7609.530959,False,0.993
-24.518471,61,7612.582172,False,0.993
59.321538,31,7614.104144,True,0.993
-1.968567,52,7616.618443,False,0.993
60.743057,134,7623.228691,True,0.993
-10.920199,54,7625.82985,False,0.993
53.870973,11,7626.377457,True,0.993
64.095601,34,7628.054644,True,0.993
53.056317,8,7628.470364,True,0.993
-5.380793,53,7631.03603,False,0.993
-28.384405,54,7633.754697,False,0.993
-13.862099,57,7636.55823,False,0.993
-5.872442,74,7640.467758,False,0.993
-12.067784,51,7642.995256,False,0.993
-10.301443,64,7646.121257,False,0.993
66.082112,48,7648.457723,True,0.993
60.83876,27,7649.782979,True,0.993
56.545969,46,7652.055707,True,0.993
-15.030828,58,7654.894599,False,0.993
-7.60044,50,7657.33888,False,0.993
53.096387,7,7657.698563,True,0.993
-14.110782,59,7660.568216,False,0.993
-11.323999,63,7663.69733,False,0.993
-24.684671,71,7667.195847,False,0.993
-16.549465,75,7670.863452,False,0.993
-7.713728,51,7673.41867,False,0.993
-17.224963,85,7677.557782,False,0.993
-11.046307,49,7679.9709,False,0.993
-24.806257,50,7682.439139,False,0.993
57.775953,24,7683.613281,True,0.993
-27.617717,64,7693.470688,False,0.993
-2.049835,51,7695.956265,False,0.993
-7.71344,47,7698.202714,False,0.993
64.655988,48,7700.495943,True,0.993
57.301415,68,7703.909771,True,0.993
61.199516,24,7705.088857,True,0.993
-25.004978,52,7707.629395,False,0.993
55.347649,88,7712.015426,True,0.993
-10.587328,43,7714.147295,False,0.993
55.213378,15,7714.863085,True,0.993
54.515178,9,7715.29939,True,0.993
-7.490775,156,7723.002609,False,0.993
2.404473,117,7728.697962,False,0.993
62.741286,42,7730.690466,True,0.993
62.132869,28,7732.075196,True,0.993
62.594364,37,7733.925655,True,0.993
-18.811738,87,7738.234442,False,0.993
63.055302,54,7740.861188,True,0.993
63.669671,34,7742.527553,True,0.993
-32.815262,71,7746.022486,False,0.993
60.50503,25,7747.274745,True,0.993
-25.966882,51,7749.799613,False,0.993
64.389371,61,7752.694076,True,0.993
58.990916,135,7759.29173,True,0.993
61.312041,25,7760.576386,True,0.993
67.188628,120,7766.450718,True,0.993
61.366254,112,7771.929993,True,0.993
55.85234,14,7772.644428,True,0.993
63.644504,33,7774.262055,True,0.993
56.441224,82,7778.315736,True,0.993
61.929983,102,7783.349683,True,0.993
-5.700961,156,7790.961364,False,0.993
-25.298302,102,7804.346031,False,0.993
-4.599986,112,7809.831757,False,0.993
64.099411,46,7811.945672,True,0.993
59.540587,76,7815.72677,True,0.993
57.507876,17,7816.586946,True,0.993
-23.351983,64,7819.738027,False,0.993
56.220589,15,7820.505821,True,0.993
-17.928057,83,7824.611044,False,0.993
-30.3847,70,7828.042974,False,0.993
58.872149,22,7829.117922,True,0.993
59.598883,38,7831.002142,True,0.993
54.844001,18,7831.893387,True,0.993
-1.712626,128,7838.115645,False,0.993
55.957904,166,7846.207655,True,0.993
-32.856773,69,7849.550417,False,0.993
-29.321649,55,7852.251883,False,0.993
-19.724663,142,7859.150292,False,0.993
60.217266,30,7860.592917,True,0.993
54.820761,10,7861.095745,True,0.993
-25.998619,83,7865.269315,False,0.993
-1.350173,64,7868.40576,False,0.993
55.412351,15,7869.137422,True,0.993
54.707439,91,7873.574907,True,0.993
-34.292777,87,7877.951356,False,0.993
49.743313,1,7878.017683,True,0.993
61.32266,71,7881.501263,True,0.993
60.309043,22,7882.639055,True,0.993
-8.155878,111,7888.07954,False,0.993
53.90985,123,7894.185914,True,0.993
64.718879,44,7896.344756,True,0.993
-29.327237,122,7910.447055,False,0.993
60.21918,46,7912.747569,True,0.993
58.439677,96,7917.459059,True,0.993
59.330461,24,7918.636797,True,0.993
-21.806629,157,7926.377251,False,0.993
57.104963,44,7928.562823,True,0.993
63.228926,69,7931.995907,True,0.993
-15.718228,54,7934.688612,False,0.993
-1.394362,58,7937.469427,False,0.993
56.41157,14,7938.186793,True,0.993
59.905312,23,7939.316,True,0.993
62.944531,29,7940.728475,True,0.993
57.025242,16,7941.539555,True,0.993
58.844074,27,7942.893398,True,0.993
64.323867,122,7948.786445,True,0.993
-25.801761,148,7956.130759,False,0.993
57.077019,88,7960.466756,True,0.993
53.557692,8,7960.873797,True,0.993
54.413013,9,7961.355917,True,0.993
51.977412,4,7961.574671,True,0.993
62.782918,101,7966.554278,True,0.993
54.878254,12,7967.183908,True,0.993
55.390848,24,7968.367613,True,0.993
-5.227659,120,7974.283861,False,0.993
65.605247,101,7979.302136,True,0.993
-25.208527,115,7984.933343,False,0.993
55.867413,87,7989.280928,True,0.993
55.341085,12,7989.864437,True,0.993
63.80174,41,7991.868434,True,0.993
55.705455,24,7993.11368,True,0.993
56.799856,43,7995.224304,True,0.993
65.540002,121,8001.175574,True,0.993
61.781588,87,8005.461578,True,0.993
-9.267083,50,8007.946528,False,0.993
-10.167121,140,8023.370453,False,0.993
68.004996,64,8026.465022,True,0.993
-5.043479,129,8032.750539,False,0.993
60.859543,70,8036.214813,True,0.993
62.415398,34,8037.907342,True,0.993
58.249711,93,8042.410513,True,0.993
-10.027177,54,8045.060228,False,0.993
62.932025,125,8051.196802,True,0.993
65.391121,45,8053.496731,True,0.993
-28.117427,78,8057.31961,False,0.993
64.269793,48,8059.579729,True,0.993
61.329025,30,8061.066025,True,0.993
65.371456,96,8065.802414,True,0.993
53.336904,8,8066.233075,True,0.993
51.860654,4,8066.446265,True,0.993
60.443807,53,8069.055134,True,0.993
-0.713547,136,8075.679894,False,0.993
64.926603,42,8077.685148,True,0.993
63.649616,47,8079.981493,True,0.993
-9.067661,142,8086.830657,False,0.993
0.45636,43,8088.912292,False,0.993
63.539322,103,8093.847776,True,0.993
62.853228,107,8099.009338,True,0.993
56.35696,47,8101.314166,True,0.993
59.284938,87,8105.491002,True,0.993
61.885357,31,8106.982287,True,0.993
59.77546,92,8111.479327,True,0.993
61.815994,29,8112.907087,True,0.993
-3.506239,52,8115.409857,False,0.993
63.460025,43,8117.411689,True,0.993
61.953668,60,8128.578652,True,0.993
58.019429,20,8129.571875,True,0.993
53.741797,8,8129.978437,True,0.993
4.903121,134,8136.250667,False,0.993
65.689068,128,8142.527174,True,0.993
60.038894,166,8150.816466,True,0.993
-22.550622,227,8161.749968,False,0.993
67.243945,109,8167.033741,True,0.993
-0.460189,188,8176.110991,False,0.993
61.968258,59,8179.027071,True,0.993
55.927091,15,8179.789279,True,0.993
66.859235,59,8182.586511,True,0.993
-13.178827,589,8211.32724,False,0.993
64.055595,233,8222.867961,True,0.993
66.285104,101,8237.48483,True,0.993
58.471423,19,8238.396932,True,0.993
59.827587,26,8239.687526,True,0.993
62.306654,36,8241.45156,True,0.993
56.244984,16,8242.299129,True,0.993
70.054583,246,8254.372837,True,0.993
54.911219,11,8254.924904,True,0.993
62.122303,34,8256.582114,True,0.993
56.025452,18,8257.479362,True,0.993
65.619876,46,8259.672204,True,0.993
68.876862,244,8271.698386,True,0.993
66.389947,101,8276.6174,True,0.993
72.211362,84,8280.714612,True,0.993
59.508038,37,8282.593578,True,0.993
56.908079,16,8283.394509,True,0.993
-2.881035,101,8288.423258,False,0.993
-5.523642,123,8294.439788,False,0.993
57.790712,28,8295.848528,True,0.993
63.86773,90,8300.250608,True,0.993
53.231115,9,8300.700955,True,0.993
56.067744,14,8301.408598,True,0.993
65.506376,51,8303.918061,True,0.993
60.108102,41,8305.93437,True,0.993
65.817074,244,8318.068625,True,0.993
50.067459,1,8318.136226,True,0.993
-6.205477,117,8323.861849,False,0.993
64.248805,43,8325.923388,True,0.993
-4.306962,55,8328.637733,False,0.993
63.477039,36,8330.399737,True,0.993
67.481688,101,8335.420732,True,0.993
58.21585,29,8347.66232,True,0.993
57.949094,19,8348.604933,True,0.993
-3.991957,482,8372.163784,False,0.993
-10.450537,196,8381.726866,False,0.993
61.10344,33,8383.330439,True,0.993
54.917153,10,8383.824707,True,0.993
60.032795,106,8389.038186,True,0.993
61.409895,180,8397.986755,True,0.993
64.142562,112,8403.413356,True,0.993
58.708766,24,8404.5762,True,0.993
62.3303,80,8408.546821,True,0.993
-17.763096,62,8411.558303,False,0.993
62.004736,104,8416.622053,True,0.993
60.828207,26,8417.868926,True,0.993
69.910391,92,8422.329495,True,0.993
67.230625,116,8427.996619,True,0.993
58.489465,86,8432.316237,True,0.993
-18.429752,259,8444.934713,False,0.993
14.538179,600,8484.979745,False,0.993
72.134599,426,8506.021352,True,0.993
23.581489,600,8535.361291,False,0.993
69.241521,265,8548.313799,True,0.993
63.296322,149,8555.682946,True,0.993
16.222885,600,8593.43514,False,0.993
16.247343,600,8623.189063,False,0.993
11.876341,600,8653.045367,False,0.993
17.014193,600,8688.944776,False,0.993
10.05144,600,8718.858634,False,0.993
16.237491,600,8748.16638,False,0.993
12.874616,600,8783.865782,False,0.993
12.254496,600,8814.174926,False,0.993
15.054398,600,8844.156064,False,0.993
16.09705,600,8873.884161,False,0.993
17.172623,600,8911.183295,False,0.993
17.817259,600,8940.654012,False,0.993
17.619502,600,8970.147986,False,0.993
50.252247,1,8970.220224,True,0.993
12.238883,600,9006.169105,False,0.993
17.387774,600,9035.901403,False,0.993
8.989505,600,9065.910624,False,0.993
16.599427,600,9095.937747,False,0.993
17.925358,600,9132.651351,False,0.993
16.762106,600,9162.553384,False,0.993
17.421217,600,9192.023247,False,0.993
8.488384,600,9228.114754,False,0.993
8.939074,600,9258.115004,False,0.993
16.842863,600,9288.097656,False,0.993
16.978932,600,9318.036015,False,0.993
15.305723,600,9351.607678,False,0.993
16.056122,600,9381.210219,False,0.993
17.811137,600,9410.791959,False,0.993
16.203439,600,9448.212015,False,0.993
16.965354,600,9477.956642,False,0.993
16.328269,600,9508.175941,False,0.993
9.371112,600,9544.02338,False,0.993
16.522999,600,9573.29006,False,0.993
16.066646,600,9603.086691,False,0.993
16.053152,600,9633.011827,False,0.993
16.996235,600,9669.686248,False,0.993
15.327965,600,9699.448165,False,0.993
18.199874,600,9729.014582,False,0.993
52.71084,6,9729.334949,True,0.993
16.646737,600,9764.600229,False,0.993
21.307997,600,9794.332203,False,0.993
25.190017,600,9823.956632,False,0.993
21.943537,600,9851.894011,False,0.993
17.80715,600,9888.900861,False,0.993
23.20221,600,9918.541436,False,0.993
18.544689,600,9948.346529,False,0.993
15.669872,600,9984.039892,False,0.993
15.146431,600,10011.443408,False,0.993
22.694479,600,10041.100806,False,0.993
24.20255,600,10076.924609,False,0.993
15.240114,600,10106.644256,False,0.993
21.704059,600,10136.159622,False,0.993
21.077252,600,10164.327034,False,0.993
20.99422,600,10201.083403,False,0.993
75.51045,470,10224.165921,True,0.993
24.508522,600,10254.339667,False,0.993
12.989199,600,10290.784789,False,0.993
32.265801,600,10320.951255,False,0.993
16.868465,600,10351.336953,False,0.993
27.989391,600,10381.196585,False,0.993
39.859042,600,10418.389891,False,0.993
65.968839,410,10439.029367,True,0.993
-1.741563,600,10469.242042,False,0.993
80.29706,446,10491.487076,True,0.993
50.130374,1,10491.55486,True,0.993
85.520474,553,10526.151628,True,0.993
33.907358,600,10555.874516,False,0.993
82.012055,544,10581.299466,True,0.993
79.98516,289,10595.543086,True,0.993
92.769262,380,10622.618067,True,0.993
76.372557,185,10631.979944,True,0.993
62.791978,177,10640.802071,True,0.993
74.88279,384,10660.105278,True,0.993
73.261167,226,10671.223978,True,0.993
23.149891,600,10701.238636,False,0.993
69.688585,190,10710.59462,True,0.993
27.635591,600,10750.1508,False,0.993
59.541357,93,10754.716689,True,0.993
68.837062,187,10763.931226,True,0.993
71.319371,443,10786.042445,True,0.993
77.072891,291,10800.340111,True,0.993
80.15907,302,10815.092959,True,0.993
70.095609,418,10845.647807,True,0.993
69.588088,83,10849.782459,True,0.993
75.587314,267,10862.987319,True,0.993
83.384474,226,10874.117166,True,0.993
59.875514,114,10879.740846,True,0.993
83.883117,289,10893.854545,True,0.993
-0.401172,280,10906.66474,False,0.993
77.811571,194,10916.483037,True,0.993
69.263378,153,10924.059527,True,0.993
75.673618,388,10955.433575,True,0.993
70.052045,243,10967.77845,True,0.993
66.120184,143,10975.050092,True,0.993
60.959564,54,10977.777603,True,0.993
76.204225,107,10983.197822,True,0.993
81.735582,297,10998.209199,True,0.993
88.077228,398,11018.32385,True,0.993
82.59161,255,11031.191741,True,0.993
74.690745,176,11039.837255,True,0.993
70.282417,78,11043.738578,True,0.993
86.963257,296,11070.160822,True,0.993
70.516595,89,11074.88288,True,0.993
69.786643,83,11078.981216,True,0.993
64.460102,101,11084.015873,True,0.993
3.857494,124,11090.221008,False,0.993
77.831503,176,11099.028607,True,0.993
66.357825,174,11107.686654,True,0.993
60.917674,270,11121.283976,True,0.993
68.273704,120,11127.356779,True,0.993
51.887031,4,11127.574991,True,0.993
64.96475,65,11130.875713,True,0.993
79.141787,121,11136.909741,True,0.993
71.858745,162,11144.98223,True,0.993
59.061066,170,11153.596328,True,0.993
64.158341,129,11160.045715,True,0.993
74.125107,208,11181.309887,True,0.993
77.811487,202,11191.485699,True,0.993
66.289878,132,11198.108839,True,0.993
70.75669,220,11209.108102,True,0.993
65.151661,168,11217.491247,True,0.993
64.945373,138,11224.3672,True,0.993
57.176223,26,11225.686038,True,0.993
69.442518,79,11229.702135,True,0.993
60.330097,45,11231.974381,True,0.993
61.124625,48,11234.379719,True,0.993
-37.102975,323,11250.551989,False,0.993
1.823067,306,11265.837493,False,0.993
57.919267,25,11267.109847,True,0.993
72.389321,91,11271.600358,True,0.993
60.804974,34,11273.328283,True,0.993
66.014745,77,11277.1955,True,0.993
2.021098,151,11295.889729,False,0.993
73.751968,208,11306.461107,True,0.993
67.66676,68,11309.703933,True,0.993
68.600418,64,11312.886713,True,0.993
-7.406174,183,11321.953333,False,0.993
61.829805,128,11328.234697,True,0.993
2.108787,148,11335.640341,False,0.993
-9.167716,233,11347.315052,False,0.993
60.134736,110,11352.800282,True,0.993
53.569207,7,11353.140468,True,0.993
64.654673,92,11357.730869,True,0.993
-4.956306,197,11367.543304,False,0.993
63.265741,72,11371.083699,True,0.993
66.381274,66,11374.379487,True,0.993
63.723182,87,11378.730916,True,0.993
66.557338,125,11384.980414,True,0.993
70.028446,69,11388.425998,True,0.993
62.743674,118,11394.270329,True,0.993
61.337417,112,11410.545556,True,0.993
64.411943,110,11415.956615,True,0.993
67.636512,63,11418.982737,True,0.993
61.791339,154,11426.717548,True,0.993
62.95925,115,11432.428821,True,0.993
64.956786,105,11437.677902,True,0.993
70.629345,147,11444.961644,True,0.993
67.881012,137,11451.840848,True,0.993
58.558119,42,11453.967708,True,0.993
67.710364,77,11457.821384,True,0.993
70.288681,207,11468.134941,True,0.993
65.216517,150,11475.534995,True,0.993
57.862386,78,11479.459173,True,0.993
58.656114,39,11481.407904,True,0.993
57.54857,33,11483.048063,True,0.993
67.931963,68,11486.39804,True,0.993
63.489654,127,11492.777336,True,0.993
59.550515,43,11494.968693,True,0.993
67.951976,78,11498.830179,True,0.993
55.741605,22,11499.961871,True,0.9935
66.60441,137,11506.823846,True,0.9935
58.740152,35,11508.57679,True,0.9935
61.119285,101,11523.234249,True,0.9935
-9.226704,171,11531.741709,False,0.9935
60.701592,105,11537.040532,True,0.9935
49.594129,1,11537.101187,True,0.9935
71.014877,87,11541.444651,True,0.9935
63.262946,47,11543.808124,True,0.9935
71.620473,378,11562.559516,True,0.9935
63.407688,122,11568.64598,True,0.9935
71.27933,160,11576.610691,True,0.9935
53.796441,11,11577.18637,True,0.9935
65.72777,61,11580.21029,True,0.9935
56.369646,37,11582.076503,True,0.9935
50.978119,4,11582.297293,True,0.9935
65.531866,54,11584.981037,True,0.9935
68.499363,202,11594.910084,True,0.9935
69.628309,153,11602.516757,True,0.9935
72.051335,81,11606.53451,True,0.9935
67.15346,159,11614.374649,True,0.9935
52.521061,5,11614.631245,True,0.9935
64.074175,65,11617.87388,True,0.9935
55.326605,28,11619.264192,True,0.9935
61.404225,44,11631.937168,True,0.9935
56.266558,25,11633.163334,True,0.9935
67.702243,123,11639.38239,True,0.9935
56.956329,19,11640.35437,True,0.9935
67.992029,257,11653.463609,True,0.9935
55.684444,101,11658.64494,True,0.9935
71.28547,117,11664.614504,True,0.9935
-27.781998,184,11673.980646,False,0.9935
6.242538,291,11688.764346,False,0.9935
64.628174,113,11694.501896,True,0.9935
63.555533,59,11697.526904,True,0.9935
-29.985713,216,11708.532672,False,0.9935
62.123653,47,11710.956162,True,0.9935
52.541245,5,11711.231765,True,0.9935
71.939011,85,11715.491738,True,0.9935
63.55817,124,11721.799834,True,0.9935
67.025825,121,11727.926268,True,0.9935
69.095406,173,11747.504766,True,0.9935
72.558281,110,11753.09755,True,0.9935
-1.987561,127,11759.434237,False,0.9935
62.526778,205,11769.824386,True,0.9935
65.410132,183,11779.028556,True,0.9935
59.892923,35,11780.802459,True,0.9935
68.366345,119,11786.768447,True,0.9935
62.918198,51,11789.315991,True,0.9935
-0.059593,70,11792.845062,False,0.9935
64.648774,125,11799.180542,True,0.9935
1.982641,147,11806.645058,False,0.9935
60.705504,150,11814.237262,True,0.9935
66.450668,123,11820.461594,True,0.9935
54.599627,16,11821.271714,True,0.9935
62.582788,118,11827.339387,True,0.9935
60.095127,35,11829.112492,True,0.9935
64.426094,95,11833.882246,True,0.9935
63.213421,98,11838.818695,True,0.9935
-8.278561,183,11847.95205,False,0.9935
-2.888086,99,11863.514283,False,0.9935
-0.071599,224,11874.821637,False,0.9935
64.158976,210,11885.513412,True,0.9935
64.634463,42,11887.626915,True,0.9935
66.253903,56,11890.454557,True,0.9935
56.60402,31,11892.017783,True,0.9935
65.953011,100,11896.999457,True,0.9935
55.220596,85,11901.296237,True,0.9935
-5.897692,133,11907.988301,False,0.9935
55.204028,119,11913.941583,True,0.9935
55.33875,90,11918.493674,True,0.9935
65.604036,142,11925.539738,True,0.9935
54.062613,29,11927.03662,True,0.9935
60.912802,43,11929.165972,True,0.9935
53.340934,11,11929.731904,True,0.9935
63.692914,110,11935.295054,True,0.9935
-13.082485,358,11953.375999,False,0.9935
56.385715,82,11957.507828,True,0.9935
58.211442,88,11961.918844,True,0.9935
-18.171727,192,11981.749846,False,0.9935
61.992408,64,11984.945292,True,0.9935
3.586547,137,11991.861485,False,0.9935
62.237168,132,11998.482384,True,0.9935
64.61914,42,12000.613521,True,0.9935
-4.991119,354,12018.560554,False,0.9935
63.371182,114,12024.213644,True,0.9935
66.704439,202,12034.295018,True,0.9935
-9.489257,200,12044.430008,False,0.9935
64.141186,280,12058.482334,True,0.9935
70.381991,144,12065.731271,True,0.9935
60.248259,36,12067.538341,True,0.9935
60.681175,259,12092.169829,True,0.9935
63.408354,100,12097.097373,True,0.9935
62.682191,131,12103.621738,True,0.9935
-27.047823,135,12110.415169,False,0.9935
-36.400706,100,12115.406507,False,0.9935
54.510084,38,12117.337823,True,0.9935
-14.816325,291,12131.920032,False,0.9935
-8.115217,155,12139.630835,False,0.9935
68.526761,66,12142.856053,True,0.9935
68.871139,280,12156.774903,True,0.9935
63.595,72,12160.419027,True,0.9935
67.286184,157,12168.254261,True,0.9935
62.609405,80,12172.252296,True,0.9935
59.235158,38,12174.154247,True,0.9935
61.76176,122,12180.283444,True,0.9935
-29.688978,166,12188.667839,False,0.9935
62.519349,100,12204.638447,True,0.9935
67.521546,129,12211.007135,True,0.9935
61.334821,43,12213.093808,True,0.9935
65.611475,112,12218.670647,True,0.9935
58.36681,31,12220.230882,True,0.9935
59.970034,113,12225.926485,True,0.9935
59.668212,172,12234.558842,True,0.9935
67.750664,58,12237.382491,True,0.9935
67.532814,64,12240.607483,True,0.9935
-5.281918,143,12247.688981,False,0.9935
-4.424704,202,12257.718915,False,0.9935
64.223653,95,12262.477105,True,0.9935
66.541939,160,12270.527454,True,0.9935
67.507353,145,12277.803318,True,0.9935
67.86239,155,12285.481714,True,0.9935
68.342017,220,12296.621569,True,0.9935
61.180015,36,12298.45751,True,0.9935
62.851853,117,12315.198877,True,0.9935
65.489472,138,12322.24186,True,0.9935
56.399763,41,12324.312136,True,0.9935
65.052496,62,12327.456846,True,0.9935
59.430172,124,12333.765685,True,0.9935
-2.551653,156,12341.715925,False,0.9935
58.055429,92,12346.406204,True,0.9935
60.196694,37,12348.291274,True,0.9935
60.563319,41,12350.416069,True,0.9935
51.008362,2,12350.537653,True,0.9935
63.411247,113,12356.269662,True,0.9935
66.457959,50,12358.775768,True,0.9935
63.559956,51,12361.354808,True,0.9935
3.549149,165,12369.714834,False,0.9935
-12.031589,329,12386.390879,False,0.9935
61.028192,33,12388.082531,True,0.9935
54.529952,20,12389.092491,True,0.9935
63.551818,260,12402.182243,True,0.9935
59.259688,132,12408.902734,True,0.9935
67.842714,60,12411.938866,True,0.9935
55.863228,120,12418.007767,True,0.9935
4.585687,183,12437.400706,False,0.9935
63.656084,107,12442.852719,True,0.9935
61.045556,133,12449.573214,True,0.9935
64.160058,125,12455.893438,True,0.9935
65.81948,98,12460.874964,True,0.9935
-29.078551,149,12468.365742,False,0.9935
-24.631676,218,12479.364388,False,0.9935
58.409052,40,12481.407508,True,0.9935
10.122618,272,12494.990928,False,0.9935
-2.065355,65,12498.286746,False,0.9935
63.578961,166,12506.517421,True,0.9935
50.604399,2,12506.630991,True,0.9935
57.876436,29,12508.10448,True,0.9935
-25.921894,101,12513.146549,False,0.9935
61.322952,44,12515.34939,True,0.9935
66.452424,60,12518.370368,True,0.9935
-17.670328,213,12529.040733,False,0.9935
-20.108171,245,12552.848808,False,0.9935
53.043153,87,12557.225239,True,0.9935
61.101127,33,12558.898813,True,0.9935
62.070866,43,12561.064301,True,0.9935
53.90704,10,12561.588115,True,0.9935
58.88083,27,12562.976479,True,0.9935
-15.791654,249,12575.469725,False,0.9935
-13.61612,85,12579.682907,False,0.9935
61.58061,41,12581.754643,True,0.9935
58.792697,28,12583.184332,True,0.9935
60.47282,84,12587.464924,True,0.9935
-0.159213,87,12591.814989,False,0.9935
-21.680354,92,12596.361068,False,0.9935
-14.036036,102,12601.481542,False,0.9935
55.196723,22,12602.59388,True,0.9935
55.290503,25,12603.850841,True,0.9935
-30.138105,180,12612.932355,False,0.9935
60.755484,34,12614.643581,True,0.9935
67.745794,63,12617.787928,True,0.9935
60.777232,122,12623.831474,True,0.9935
0.481513,104,12628.981049,False,0.9935
59.022341,34,12630.682971,True,0.9935
58.022239,28,12632.070248,True,0.9935
-19.400739,149,12639.613313,False,0.9935
56.776116,29,12641.060832,True,0.9935
70.458726,70,12644.557701,True,0.9935
53.347714,8,12644.977681,True,0.9935
63.059361,39,12656.9995,True,0.9935
62.082703,40,12658.97961,True,0.9935
-6.450713,187,12668.202674,False,0.9935
64.247639,122,12674.239486,True,0.9935
69.410159,70,12677.669254,True,0.9935
66.657767,59,12680.486791,True,0.9935
-32.475785,81,12684.543233,False,0.9935
58.157807,96,12689.308199,True,0.9935
61.178825,32,12690.911485,True,0.9935
64.540629,215,12701.567614,True,0.9935
-1.724682,143,12708.682549,False,0.9935
68.171843,98,12713.604539,True,0.9935
61.392423,128,12720.013444,True,0.9935
8.521126,118,12726.180242,False,0.9935
61.250502,45,12728.430686,True,0.9935
63.489684,42,12730.520363,True,0.9935
61.744134,112,12736.075877,True,0.9935
64.835482,146,12743.312329,True,0.9935
6.961899,117,12749.18431,False,0.9935
60.97992,78,12753.050982,True,0.9935
-6.570145,189,12772.129362,False,0.9935
64.562836,46,12774.386865,True,0.9935
-20.730179,107,12779.70032,False,0.9935
66.531396,207,12789.870577,True,0.9935
63.763625,45,12792.068549,True,0.9935
56.171443,21,12793.089271,True,0.9935
58.861084,28,12794.510026,True,0.9935
-5.344808,156,12802.245101,False,0.9935
67.741039,58,12805.132672,True,0.9935
-15.640206,250,12817.65032,False,0.9935
61.969906,34,12819.325832,True,0.9935
5.417474,183,12828.48547,False,0.9935
67.229171,151,12835.918806,True,0.9935
-26.036015,159,12843.866004,False,0.9935
-3.567644,143,12850.873084,False,0.9935
10.904652,80,12854.775988,False,0.9935
61.466086,35,12856.522601,True,0.9935
56.106885,16,12857.352173,True,0.9935
64.38616,48,12859.707678,True,0.9935
57.487379,26,12860.996605,True,0.9935
52.128214,136,12867.752236,True,0.9935
62.098127,98,12883.596222,True,0.9935
60.652393,33,12885.246679,True,0.9935
68.467697,161,12893.210935,True,0.9935
68.596187,180,12902.206442,True,0.9935
65.426423,86,12906.526719,True,0.9935
50.46711,1,12906.595351,True,0.9935
57.640435,34,12908.308853,True,0.9935
3.565402,71,12911.787592,False,0.9935
67.265738,59,12914.751562,True,0.9935
66.853615,54,12917.447796,True,0.9935
59.932659,117,12923.221462,True,0.9935
54.849932,61,12926.266146,True,0.9935
63.242363,34,12927.977536,True,0.9935
59.145725,129,12934.369557,True,0.9935
56.917998,32,12935.936309,True,0.9935
66.291989,184,12945.013249,True,0.9935
-38.364669,152,12952.604673,False,0.9935
-12.418225,100,12957.562832,False,0.9935
63.509787,41,12959.596487,True,0.9935
64.68252,135,12966.321653,True,0.9935
6.990722,217,12977.18937,False,0.9935
65.834556,158,12995.624638,True,0.9935
-36.781155,100,13000.702336,False,0.9935
61.43304,29,13002.185556,True,0.9935
64.513782,45,13004.471197,True,0.9935
-20.388989,81,13008.579162,False,0.9935
-17.896235,129,13015.184516,False,0.9935
-10.75065,81,13019.293086,False,0.9935
-21.348168,80,13023.360272,False,0.9935
61.936648,160,13031.437015,True,0.9935
-33.552807,84,13035.64615,False,0.9935
60.277995,32,13037.293117,True,0.9935
-18.96445,87,13041.693288,False,0.9935
57.361286,33,13043.38116,True,0.9935
60.661734,41,13045.457451,True,0.9935
57.649346,25,13046.728473,True,0.9935
64.985095,104,13052.067188,True,0.9935
59.144477,30,13053.634874,True,0.9935
-3.028734,67,13057.006052,False,0.9935
-21.242399,108,13062.4808,False,0.9935
59.87228,196,13072.352571,True,0.9935
60.106711,36,13074.190687,True,0.9935
62.015797,39,13076.155262,True,0.9935
58.162073,29,13077.66776,True,0.9935
66.598241,58,13080.59847,True,0.9935
3.803455,82,13084.705875,False,0.9935
62.604153,44,13086.918505,True,0.9935
-24.480342,282,13110.121743,False,0.9935
-11.252442,97,13115.018475,False,0.9935
-5.398288,156,13122.902437,False,0.9935
4.877017,181,13132.098916,False,0.9935
58.731855,45,13134.388267,True,0.9935
63.907887,44,13136.625604,True,0.9935
-9.400718,75,13140.441311,False,0.9935
61.630404,36,13142.249836,True,0.9935
60.550707,37,13144.140844,True,0.9935
62.902503,44,13146.335911,True,0.9935
58.524394,38,13148.307003,True,0.9935
66.303739,56,13151.106175,True,0.9935
66.995454,150,13158.696281,True,0.9935
63.076032,93,13163.346298,True,0.9935
52.885668,7,13163.719391,True,0.9935
61.621046,38,13165.684926,True,0.9935
-7.370497,95,13170.543973,False,0.9935
63.609443,57,13173.446086,True,0.9935
-27.165667,112,13179.050695,False,0.9935
-26.171293,122,13185.215687,False,0.9935
62.441445,44,13187.43911,True,0.9935
54.052553,8,13187.867409,True,0.9935
-10.911583,104,13193.195084,False,0.9935
-26.411624,199,13203.240633,False,0.9935
57.789924,34,13204.966712,True,0.9935
69.702685,187,13223.852322,True,0.9935
-24.057709,95,13228.643545,False,0.9935
66.110117,129,13235.0515,True,0.9935
61.300192,40,13237.046635,True,0.9935
60.959707,59,13239.973007,True,0.9935
64.215221,115,13245.793273,True,0.9935
67.234647,142,13252.872764,True,0.9935
57.494469,121,13258.953168,True,0.9935
-33.193808,112,13264.619067,False,0.9935
66.497817,54,13267.33019,True,0.9935
7.105508,91,13271.516539,False,0.9935
64.633277,49,13273.993975,True,0.9935
60.356445,34,13275.731723,True,0.9935
63.502276,150,13283.195129,True,0.9935
56.8876,32,13284.855602,True,0.9935
-5.998483,112,13290.485936,False,0.9935
67.322419,72,13294.138621,True,0.9935
62.605585,38,13296.034814,True,0.9935
56.538275,27,13297.395714,True,0.9935
-1.801892,103,13302.555168,False,0.9935
57.502219,36,13304.390722,True,0.9935
63.525136,142,13311.481035,True,0.9935
3.816541,113,13317.098112,False,0.9935
-14.780957,215,13337.171606,False,0.9935
61.384241,38,13339.088897,True,0.9935
65.507469,151,13346.710438,True,0.9935
-7.251288,177,13355.6827,False,0.9935
58.987554,59,13358.662155,True,0.9935
67.396313,74,13362.385613,True,0.9935
66.406002,53,13364.812108,True,0.9935
6.22436,116,13370.680868,False,0.9935
61.136705,108,13376.105222,True,0.9935
62.99558,44,13378.299339,True,0.9935
66.717953,58,13381.160795,True,0.9935
59.399278,121,13387.19557,True,0.9935
63.175965,48,13389.605969,True,0.9935
52.545822,5,13389.88911,True,0.9935
65.229951,98,13394.865226,True,0.9935
66.232627,61,13397.938373,True,0.9935
-2.687458,114,13403.639109,False,0.9935
-3.161961,78,13407.507527,False,0.9935
56.963898,48,13409.926922,True,0.9935
-20.05944,207,13420.240517,False,0.9935
-0.735913,181,13429.168471,False,0.9935
59.880568,120,13445.312438,True,0.9935
-1.771419,154,13452.945806,False,0.9935
5.375345,282,13466.992845,False,0.9935
62.247316,115,13472.696914,True,0.9935
53.656917,8,13473.121718,True,0.9935
50.506571,1,13473.191678,True,0.9935
63.902477,52,13475.801725,True,0.9935
67.867997,158,13483.620854,True,0.9935
70.068152,141,13490.59142,True,0.9935
63.091899,61,13493.653769,True,0.9935
64.306329,122,13499.76481,True,0.9935
67.450537,57,13502.591772,True,0.9935
64.625708,119,13508.534996,True,0.9935
-2.327621,137,13515.347663,False,0.9935
0.361772,208,13525.920478,False,0.9935
69.555335,149,13533.348065,True,0.9935
58.8256,26,13534.661154,True,0.9935
59.466993,31,13536.208033,True,0.9935
4.155198,164,13544.401462,False,0.9935
63.46733,150,13563.211549,True,0.9935
-0.344475,335,13580.079959,False,0.9935
-1.294259,72,13583.652016,False,0.9935
-24.316937,136,13590.461845,False,0.9935
68.717429,68,13593.760241,True,0.9935
60.98713,66,13597.059715,True,0.9935
60.597017,39,13598.981876,True,0.9935
58.751854,129,13605.459064,True,0.9935
64.25145,135,13612.178341,True,0.9935
60.461455,133,13618.891663,True,0.9935
64.319338,224,13630.045639,True,0.9935
58.614708,31,13631.565885,True,0.9935
69.194987,198,13641.525132,True,0.9935
9.167853,137,13648.413543,False,0.9935
61.220671,44,13650.643763,True,0.9935
65.813861,66,13654.0476,True,0.9935
65.210761,45,13656.391375,True,0.9935
68.043844,201,13677.093959,True,0.9935
63.43233,63,13680.292076,True,0.9935
-8.151581,178,13689.329712,False,0.9935
61.839925,54,13692.07647,True,0.9935
68.743858,246,13704.472268,True,0.9935
63.251816,42,13706.581258,True,0.9935
61.610919,104,13711.883033,True,0.9935
60.041385,131,13718.497714,True,0.9935
56.370628,24,13719.727921,True,0.9935
61.194871,45,13721.971165,True,0.9935
55.511199,31,13723.576637,True,0.9935
68.62932,133,13730.262624,True,0.9935
62.086479,46,13732.55276,True,0.9935
64.372422,133,13739.212735,True,0.9935
66.342217,59,13742.164764,True,0.9935
59.494647,130,13748.695954,True,0.9935
58.011132,110,13754.274877,True,0.9935
58.640105,26,13755.574344,True,0.9935
62.92409,39,13757.524003,True,0.9935
7.880713,230,13769.048414,False,0.9935
64.844104,161,13788.190907,True,0.9935
57.78736,141,13795.240822,True,0.9935
-16.165844,119,13801.179997,False,0.9935
61.879971,126,13807.522422,True,0.9935
59.219618,42,13809.661258,True,0.9935
68.095257,119,13815.667687,True,0.9935
-4.758864,186,13824.945258,False,0.9935
64.931063,46,13827.215675,True,0.9935
-1.217092,115,13832.945668,False,0.9935
60.967528,40,13834.95439,True,0.9935
61.639284,36,13836.782248,True,0.9935
63.229977,68,13840.12532,True,0.9935
-3.717412,106,13845.488224,False,0.9935
56.756327,21,13846.549521,True,0.9935
65.827089,268,13860.058034,True,0.9935
-3.418296,75,13863.848756,False,0.9935
65.505504,50,13866.334137,True,0.9935
59.375268,30,13867.846138,True,0.9935
67.247543,58,13870.758242,True,0.9935
72.204242,184,13879.873931,True,0.9935
-13.274721,116,13885.570235,False,0.9935
-36.577445,98,13900.425726,False,0.9935
-12.611255,88,13904.75743,False,0.9935
-2.079208,192,13914.367194,False,0.9935
57.070764,150,13921.899787,True,0.9935
62.69838,41,13923.961103,True,0.9935
0.653229,110,13929.498838,False,0.9935
61.598683,41,13931.597653,True,0.9935
-7.778326,166,13939.91103,False,0.9935
61.116037,39,13941.842245,True,0.9935
-0.287064,73,13945.42129,False,0.9935
53.562446,7,13945.784794,True,0.9935
55.065421,19,13946.75327,True,0.9935
65.022085,46,13948.998028,True,0.9935
64.615237,51,13951.460463,True,0.9935
-10.483877,138,13958.421736,False,0.9935
60.740678,32,13959.998982,True,0.9935
-30.366884,191,13969.360654,False,0.9935
-23.701341,339,13986.208859,False,0.9935
63.286991,227,13997.486396,True,0.9935
65.069675,160,14015.894817,True,0.9935
7.799134,285,14030.135533,False,0.9935
-9.593708,105,14035.335502,False,0.9935
56.058646,28,14036.740289,True,0.9935
-12.273994,134,14043.356525,False,0.9935
59.609942,90,14047.842135,True,0.9935
67.579534,113,14053.454407,True,0.9935
58.167569,222,14064.591929,True,0.9935
70.252651,79,14068.538296,True,0.9935
70.603449,76,14072.311754,True,0.9935
58.949988,111,14077.802266,True,0.9935
-11.353231,209,14088.120768,False,0.9935
57.556551,44,14090.355212,True,0.9935
66.557635,64,14093.539579,True,0.9935
66.271988,51,14096.103385,True,0.9935
-7.782126,185,14105.192803,False,0.9935
65.452027,106,14110.489405,True,0.9935
56.994216,25,14122.328042,True,0.9935
55.384817,18,14123.263102,True,0.9935
59.87611,38,14125.170226,True,0.9935
-3.419001,284,14139.200096,False,0.9935
60.457212,118,14145.065678,True,0.9935
64.706618,48,14147.387166,True,0.9935
62.933682,41,14149.407126,True,0.9935
61.16665,37,14151.261779,True,0.9935
61.66494,45,14153.542166,True,0.9935
52.846391,7,14153.95359,True,0.9935
55.599629,35,14155.734318,True,0.9935
59.999603,38,14157.633073,True,0.9935
-16.455074,85,14161.875124,False,0.9935
61.967572,117,14167.670012,True,0.9935
61.008194,36,14169.478964,True,0.9935
57.170408,124,14175.599887,True,0.9935
-23.057787,180,14184.522546,False,0.9935
-0.924428,60,14187.520886,False,0.9935
62.180914,39,14189.466659,True,0.9935
64.123914,49,14191.803942,True,0.9935
60.237052,38,14193.699781,True,0.9935
61.793289,331,14210.315919,True,0.9935
55.049631,17,14211.172141,True,0.9935
66.396709,315,14237.876484,True,0.9935
59.700036,150,14245.274868,True,0.9935
61.402531,42,14247.376491,True,0.9935
62.29238,90,14251.86243,True,0.9935
8.408027,78,14255.648437,False,0.9935
62.109577,194,14265.177047,True,0.9935
57.677231,24,14266.403143,True,0.9935
65.123969,149,14273.949689,True,0.9935
67.620817,85,14278.142382,True,0.9935
56.184534,24,14279.335602,True,0.9935
-14.329524,90,14283.813491,False,0.9935
66.216777,217,14294.673251,True,0.9935
61.174868,54,14297.331461,True,0.9935
58.462074,116,14303.107575,True,0.9935
66.490986,135,14309.8503,True,0.9935
49.825723,1,14309.917264,True,0.9935
60.161527,34,14311.608288,True,0.9935
67.573305,209,14321.921634,True,0.9935
56.415282,21,14322.976498,True,0.9935
63.183384,129,14329.394939,True,0.9935
-19.704962,86,14333.762977,False,0.9935
66.233288,185,14353.754906,True,0.9935
63.844842,39,14355.749775,True,0.9935
55.268746,51,14358.328634,True,0.9935
67.097874,177,14367.388343,True,0.9935
-27.931793,107,14372.871499,False,0.9935
-27.639003,124,14379.145521,False,0.9935
58.984878,136,14386.056472,True,0.9935
-15.368866,89,14390.586288,False,0.9935
56.794158,154,14398.431509,True,0.9935
61.307709,57,14401.313415,True,0.9935
4.632107,87,14405.737508,False,0.9935
67.551123,62,14408.59864,True,0.9935
64.41928,45,14410.901327,True,0.9935
-5.732524,249,14423.408878,False,0.9935
-30.040272,133,14430.165776,False,0.9935
-33.672708,77,14434.050852,False,0.9935
-2.469007,87,14438.459376,False,0.9935
64.14849,126,14444.88781,True,0.9935
-16.12624,80,14448.982223,False,0.9935
-24.145403,194,14469.195307,False,0.9935
57.478919,20,14470.223424,True,0.9935
-30.383582,202,14480.425828,False,0.9935
67.828927,149,14487.98064,True,0.9935
-29.851861,179,14496.97457,False,0.9935
64.453035,56,14499.829715,True,0.9935
9.737251,175,14508.723444,False,0.9935
55.676256,39,14510.697646,True,0.9935
65.454632,46,14513.00731,True,0.9935
69.864162,219,14524.021182,True,0.9935
4.589206,196,14533.937466,False,0.9935
57.989183,153,14541.712419,True,0.9935
65.774652,53,14544.372095,True,0.9935
63.145972,45,14546.636389,True,0.9935
55.974126,27,14547.993301,True,0.9935
61.817222,42,14550.162664,True,0.9935
-7.011915,88,14554.584249,False,0.9935
-34.962701,97,14559.440742,False,0.9935
-25.327834,96,14564.333175,False,0.9935
64.547362,41,14577.655046,True,0.9935
62.237185,48,14580.099176,True,0.9935
-12.788478,196,14589.884072,False,0.9935
-29.731775,76,14593.675323,False,0.9935
-10.893921,105,14598.946054,False,0.9935
-1.609783,104,14604.151361,False,0.9935
-22.395886,92,14608.817888,False,0.9935
64.521312,45,14611.071547,True,0.9935
59.094759,111,14616.602228,True,0.9935
-4.125427,199,14626.700226,False,0.9935
-23.762614,312,14642.449596,False,0.9935
61.341867,42,14644.558302,True,0.9935
-16.526734,98,14649.447407,False,0.9935
59.515748,35,14651.178026,True,0.9935
-9.179908,78,14655.051447,False,0.9935
-8.784508,237,14666.765927,False,0.9935
67.822939,64,14669.746171,True,0.9935
-7.11543,81,14673.812173,False,0.9935
60.307221,59,14676.792847,True,0.9935
-2.171561,185,14696.879614,False,0.9935
-0.433576,180,14705.823469,False,0.9935
68.19495,184,14715.05228,True,0.9935
66.032998,121,14721.169036,True,0.9935
-9.357053,149,14728.64289,False,0.9935
54.465729,13,14729.308696,True,0.9935
62.193057,42,14731.436789,True,0.9935
57.11058,25,14732.684974,True,0.9935
54.842153,16,14733.483279,True,0.9935
60.849491,39,14735.460431,True,0.9935
2.261825,86,14739.780445,False,0.9935
-1.108935,104,14744.932348,False,0.9935
-20.081909,191,14754.542459,False,0.9935
56.977606,27,14755.910063,True,0.9935
56.428051,21,14756.955394,True,0.9935
57.364441,67,14760.282419,True,0.9935
-16.422558,123,14766.384484,False,0.9935
58.794673,28,14767.810261,True,0.9935
61.00026,219,14778.740489,True,0.9935
62.669356,39,14780.675026,True,0.9935
57.480886,28,14782.083784,True,0.9935
58.764561,47,14784.435149,True,0.9935
56.127692,79,14788.403527,True,0.9935
64.514637,46,14790.683076,True,0.9935
71.555853,253,14814.056913,True,0.9935
66.320333,71,14817.354689,True,0.9935
60.468018,126,14823.70489,True,0.9935
-21.944829,243,14835.805239,False,0.9935
60.684968,46,14838.109227,True,0.9935
59.304811,38,14840.029342,True,0.9935
62.811022,44,14842.178664,True,0.9935
67.166975,116,14848.020525,True,0.9935
65.936196,150,14855.566616,True,0.9935
64.498941,145,14862.834023,True,0.9935
-26.009332,263,14875.943031,False,0.9935
49.539067,1,14876.011729,True,0.9935
53.991916,177,14884.910658,True,0.9935
65.854751,54,14887.613853,True,0.9935
63.388566,165,14895.823815,True,0.9935
66.441737,59,14898.744574,True,0.9935
71.424609,146,14917.182363,True,0.9935
-23.84947,98,14922.10467,False,0.9935
57.798894,26,14923.399453,True,0.9935
61.450452,169,14931.831947,True,0.9935
65.509978,110,14937.321195,True,0.9935
56.562448,21,14938.363947,True,0.9935
-26.187947,98,14943.502534,False,0.9935
64.902783,291,14958.030797,True,0.9935
65.499076,123,14964.146106,True,0.9935
-31.204444,149,14971.677202,False,0.9935
64.567689,53,14974.309148,True,0.9935
59.048806,27,14975.65994,True,0.9935
71.245314,72,14979.227083,True,0.9935
63.562242,220,14990.218392,True,0.9935
56.120341,83,14994.393905,True,0.9935
63.360831,55,14997.117875,True,0.9935
67.225699,101,15002.159085,True,0.9935
55.553835,18,15003.054335,True,0.9935
-29.315855,183,15012.324656,False,0.9935
-14.779866,91,15016.962691,False,0.9935
61.861736,209,15038.403483,True,0.9935
62.727074,50,15040.9818,True,0.9935
63.004131,38,15042.909039,True,0.9935
-2.47446,87,15047.327253,False,0.9935
59.237051,35,15049.125613,True,0.9935
61.473573,32,15050.78479,True,0.9935
63.569239,36,15052.622027,True,0.9935
60.231988,48,15055.068583,True,0.9935
71.325212,74,15058.812773,True,0.9935
62.167826,38,15060.744271,True,0.9935
62.328561,52,15063.372702,True,0.9935
59.996722,117,15069.341166,True,0.9935
70.992339,207,15079.801574,True,0.9935
-28.049545,164,15088.17251,False,0.9935
-1.769585,112,15093.861888,False,0.9935
49.765123,1,15093.931759,True,0.9935
-21.222974,253,15106.666278,False,0.9935
58.30031,113,15112.32722,True,0.9935
64.10805,48,15114.747468,True,0.9935
64.831065,104,15120.019879,True,0.9935
67.932867,58,15122.921674,True,0.9935
-20.335868,101,15127.900271,False,0.9935
5.653938,262,15150.701965,False,0.9935
63.711419,165,15158.985166,True,0.9935
60.825168,37,15160.859966,True,0.9935
-13.995423,100,15165.887831,False,0.9935
61.515953,38,15167.857057,True,0.9935
56.6255,23,15169.020667,True,0.9935
-30.760928,190,15178.687089,False,0.9935
61.633764,40,15180.702939,True,0.9935
57.525772,32,15182.326628,True,0.9935
58.140264,31,15183.899754,True,0.9935
-8.768251,99,15188.919742,False,0.9935
69.515651,113,15194.603968,True,0.9935
67.939477,223,15205.79806,True,0.9935
56.994345,100,15210.85989,True,0.9935
-31.312648,233,15222.639987,False,0.9935
60.13043,240,15234.553069,True,0.9935
69.549608,140,15241.47565,True,0.9935
66.358132,142,15260.303493,True,0.9935
-3.44608,122,15266.506783,False,0.9935
61.659303,40,15268.492789,True,0.9935
-15.798892,75,15272.216106,False,0.9935
-5.329678,61,15275.25042,False,0.9935
-23.813626,103,15280.48939,False,0.9935
55.801,18,15281.390754,True,0.9935
5.58235,131,15287.943735,False,0.9935
-3.590705,103,15293.010868,False,0.9935
63.273923,47,15295.370071,True,0.9935
55.812934,23,15296.525283,True,0.9935
-9.198917,81,15300.579436,False,0.9935
3.973319,109,15306.076419,False,0.9935
57.0062,58,15309.038419,True,0.9935
-19.368332,109,15314.535769,False,0.9935
65.55251,54,15317.166767,True,0.9935
-0.962653,82,15321.293511,False,0.9935
55.777143,13,15321.944704,True,0.9935
-0.370902,101,15326.974114,False,0.9935
59.881606,38,15328.877297,True,0.9935
-22.581139,94,15333.570983,False,0.9935
56.815631,18,15334.477231,True,0.9935
60.02726,44,15336.709228,True,0.9935
68.296827,183,15345.774333,True,0.9935
61.802717,49,15348.226517,True,0.9935
60.155767,28,15349.627605,True,0.9935
66.020235,53,15352.30069,True,0.9935
-30.818681,105,15357.519706,False,0.9935
62.264926,42,15359.61062,True,0.9935
-13.381519,110,15373.531557,False,0.9935
65.804956,47,15375.807168,True,0.9935
62.387049,46,15378.12715,True,0.9935
-1.39169,94,15382.796228,False,0.9935
-36.878106,109,15388.20524,False,0.9935
58.668931,35,15390.029072,True,0.9935
-12.434148,105,15395.327325,False,0.9935
62.294827,41,15397.402823,True,0.9935
-5.287262,216,15408.090097,False,0.9935
66.400599,53,15410.747817,True,0.9935
-32.305301,137,15417.675723,False,0.9935
-1.859042,53,15420.280361,False,0.9935
-10.966499,116,15425.97273,False,0.9935
-23.141133,93,15430.588187,False,0.9935
-28.573877,87,15434.8969,False,0.9935
-12.338091,89,15439.361906,False,0.9935
65.08239,43,15441.490311,True,0.9935
-32.092726,79,15445.44435,False,0.9935
2.262751,253,15457.968215,False,0.9935
2.322619,89,15462.321202,False,0.9935
-18.967072,96,15466.912156,False,0.9935
52.864014,6,15467.222269,True,0.9935
62.561771,40,15469.235605,True,0.9935
-14.87767,223,15490.098776,False,0.9935
62.845359,41,15492.140093,True,0.9935
64.715497,43,15494.273242,True,0.9935
64.831996,44,15496.497863,True,0.9935
63.604326,49,15498.908519,True,0.9935
-22.329634,91,15503.467503,False,0.9935
78.970052,509,15529.155531,True,0.9935
60.805751,94,15533.845574,True,0.9935
12.350946,132,15540.393562,False,0.9935
58.452508,35,15542.134878,True,0.9935
-31.442942,116,15547.988081,False,0.9935
61.838768,42,15550.066201,True,0.9935
61.873171,44,15552.297921,True,0.9935
-15.121686,135,15559.078944,False,0.9935
-21.728231,225,15570.24172,False,0.9935
2.761262,117,15576.055521,False,0.9935
-3.305283,89,15580.44782,False,0.9935
59.350536,117,15595.456803,True,0.9935
5.507388,59,15598.359263,False,0.9935
-20.963474,181,15607.39336,False,0.9935
65.463407,209,15617.894671,True,0.9935
63.727117,41,15619.895803,True,0.9935
-12.335399,102,15624.904165,False,0.9935
-6.674125,96,15629.727481,False,0.9935
-13.982852,71,15633.282273,False,0.9935
-13.954871,79,15637.163332,False,0.9935
59.687995,37,15638.998327,True,0.9935
-21.895045,81,15643.0281,False,0.9935
59.6454,30,15644.548205,True,0.9935
-6.142257,76,15648.235507,False,0.9935
57.049086,22,15649.320427,True,0.9935
-25.56838,144,15656.549258,False,0.9935
55.303144,21,15657.600015,True,0.9935
-20.072931,109,15663.033576,False,0.9935
67.296529,56,15665.771275,True,0.9935
54.998102,19,15666.710352,True,0.9935
54.564112,19,15667.66696,True,0.9935
67.219059,61,15670.70938,True,0.9935
-0.624654,86,15674.962827,False,0.9935
-17.799366,111,15680.487079,False,0.9935
67.884747,63,15683.554709,True,0.9935
56.792012,48,15685.977939,True,0.9935
65.392062,50,15688.57579,True,0.9935
66.772094,53,15691.36093,True,0.9935
57.545658,29,15692.87919,True,0.9935
56.792186,30,15703.324292,True,0.9935
-27.64245,104,15708.537499,False,0.9935
66.631893,52,15711.216641,True,0.9935
66.189006,202,15721.482737,True,0.9935
-10.218786,79,15725.496445,False,0.9935
54.321432,10,15726.015926,True,0.9935
7.615419,71,15729.650737,False,0.9935
60.980892,36,15731.492131,True,0.9935
-31.670311,82,15735.675512,False,0.9935
54.528602,16,15736.516076,True,0.9935
-15.900989,112,15742.171598,False,0.9935
60.9614,35,15743.93275,True,0.9935
-19.832621,93,15748.681434,False,0.9935
57.481858,21,15749.759321,True,0.9935
57.872545,27,15751.110592,True,0.9935
62.249943,38,15753.051645,True,0.9935
-16.900587,85,15757.372963,False,0.9935
63.704575,38,15759.319258,True,0.9935
-19.398476,56,15762.178204,False,0.9935
65.182585,46,15764.524264,True,0.9935
64.582908,44,15766.749759,True,0.9935
4.648543,82,15770.85261,False,0.9935
61.050924,38,15772.78711,True,0.9935
1.823228,76,15776.612948,False,0.9935
-5.784371,91,15781.190618,False,0.9935
59.598903,35,15782.965909,True,0.9935
65.169386,163,15791.225238,True,0.9935
60.741748,32,15792.842639,True,0.9935
-34.525488,98,15797.788183,False,0.9935
56.725099,25,15799.074002,True,0.9935
60.139136,34,15800.779308,True,0.9935
57.621283,21,15801.861334,True,0.9935
-10.672917,99,15815.276139,False,0.9935
-26.525583,107,15820.64827,False,0.9935
-30.954887,79,15824.679325,False,0.9935
-7.495804,73,15828.378218,False,0.9935
64.323238,58,15831.298021,True,0.9935
-29.958481,133,15838.084239,False,0.9935
59.018783,30,15839.603016,True,0.9935
-14.264229,82,15843.838442,False,0.9935
60.676962,38,15845.771176,True,0.9935
-32.262384,94,15850.512977,False,0.9935
60.628597,37,15852.402893,True,0.9935
62.367515,45,15854.718275,True,0.9935
-20.425967,102,15859.836395,False,0.9935
58.043792,23,15861.003383,True,0.9935
61.330034,37,15862.909369,True,0.9935
64.99943,41,15865.000195,True,0.9935
-21.846349,104,15870.302571,False,0.9935
-19.806307,108,15875.731776,False,0.9935
-13.516119,75,15879.486428,False,0.9935
-3.241413,105,15884.788278,False,0.9935
-13.64963,75,15888.279815,False,0.9935
-16.518331,89,15892.640955,False,0.9935
-11.418262,90,15897.22191,False,0.9935
-12.991119,92,15901.793881,False,0.9935
-35.579823,110,15907.383001,False,0.9935
58.357106,27,15908.750802,True,0.9935
-15.509489,141,15915.836536,False,0.9935
-10.254905,73,15927.703359,False,0.9935
4.004746,80,15931.625135,False,0.9935
-26.864933,103,15936.768083,False,0.9935
-34.815539,86,15941.038817,False,0.9935
-12.205354,87,15945.334113,False,0.9935
-29.04657,101,15950.421326,False,0.9935
-3.886809,91,15955.064961,False,0.9935
-18.029811,56,15957.896659,False,0.9935
60.161344,32,15959.531616,True,0.9935
2.051007,64,15962.7074,False,0.9935
-28.345504,118,15968.665141,False,0.9935
-34.493347,95,15973.489575,False,0.9935
63.748557,41,15975.566673,True,0.9935
59.159467,28,15977.017291,True,0.9935
-31.691651,79,15981.031277,False,0.9935
-9.08772,95,15985.823912,False,0.9935
-22.288634,116,15991.641812,False,0.9935
-7.704333,92,15996.191669,False,0.9935
-18.782188,144,16003.553583,False,0.9935
64.915382,44,16005.98702,True,0.9935
-31.061829,84,16010.664577,False,0.9935
-18.303136,85,16015.37805,False,0.9935
-27.337106,98,16020.912848,False,0.9935
58.068163,49,16023.66468,True,0.9935
61.086884,40,16025.957251,True,0.9935
-20.971505,114,16040.618907,False,0.9935
-26.95501,113,16046.844856,False,0.9935
-5.022983,70,16050.752363,False,0.9935
-20.467117,123,16057.64189,False,0.9935
57.513124,22,16058.903161,True,0.9935
-25.827363,125,16065.869792,False,0.9935
-20.391162,102,16071.66225,False,0.9935
-32.956162,233,16084.556327,False,0.9935
-23.019354,229,16097.326675,False,0.9935
-34.830482,109,16103.44302,False,0.9935
55.173826,13,16104.181944,True,0.9935
-33.810644,101,16109.753466,False,0.9935
-7.082462,112,16115.997679,False,0.9935
-36.576675,96,16121.397268,False,0.9935
-32.620151,114,16127.712636,False,0.9935
53.793106,9,16128.212835,True,0.9935
-18.936616,109,16134.327004,False,0.9935
-8.919218,295,16150.821883,False,0.9935
-35.12132,121,16168.45842,False,0.9935
-16.763128,87,16173.34569,False,0.9935
-10.446188,100,16178.998798,False,0.9935
-13.725772,98,16184.500184,False,0.9935
-7.135696,84,16189.252158,False,0.9935
52.523356,5,16189.546202,True,0.9935
57.758335,22,16190.755644,True,0.9935
-30.579881,88,16195.668959,False,0.9935
-12.390313,128,16202.782377,False,0.9935
-30.506812,128,16209.898336,False,0.9935
-16.497265,81,16214.436183,False,0.9935
-34.822138,105,16220.29264,False,0.9935
54.604285,12,16220.975138,True,0.9935
-11.730989,119,16227.677682,False,0.9935
-20.375981,381,16248.76345,False,0.9935
60.274311,28,16250.358696,True,0.9935
-0.268317,252,16264.469787,False,0.9935
-33.894059,108,16270.465247,False,0.9935
-35.015129,151,16278.825219,False,0.9935
-24.148389,97,16294.666378,False,0.9935
56.372442,19,16295.750113,True,0.9935
64.96744,44,16298.238485,True,0.9935
-3.679379,72,16302.241332,False,0.9935
-34.455649,164,16310.995732,False,0.9935
-16.824893,75,16315.244071,False,0.9935
58.544807,24,16316.608497,True,0.9935
-11.680784,73,16320.692555,False,0.9935
-21.580249,471,16346.654874,False,0.9935
-19.504147,96,16352.094786,False,0.9935
-33.205715,80,16356.562411,False,0.9935
-18.066356,82,16361.178789,False,0.9935
-25.797523,125,16368.075517,False,0.9935
-15.36618,86,16372.90077,False,0.9935
56.644016,20,16374.045485,True,0.9935
-20.875242,87,16378.936182,False,0.9935
-19.604669,78,16383.331941,False,0.9935
-5.291895,66,16387.019133,False,0.9935
-14.854013,341,16414.312359,False,0.9935
56.586699,18,16415.304803,True,0.9935
53.595608,9,16415.807521,True,0.9935
-4.589122,62,16419.125105,False,0.9935
-5.951446,62,16422.498835,False,0.9935
-25.515185,83,16426.965653,False,0.9935
-6.071393,64,16430.515509,False,0.9935
-7.194288,79,16434.856706,False,0.9935
-8.721659,82,16439.317225,False,0.9935
-31.929779,92,16444.312289,False,0.9935
-12.378384,95,16449.554591,False,0.9935
-16.258532,68,16453.307485,False,0.9935
-25.289791,210,16464.805066,False,0.9935
-20.888279,83,16469.475893,False,0.9935
-4.276317,52,16472.444618,False,0.9935
-24.869799,116,16478.770923,False,0.9935
54.773727,15,16479.614233,True,0.9935
-7.85079,57,16482.898177,False,0.9935
50.372202,1,16482.966981,True,0.9935
-19.54525,96,16488.380619,False,0.9935
-19.853909,85,16493.19016,False,0.9935
55.013009,12,16493.884473,True,0.9935
57.131586,22,16495.132173,True,0.9935
56.903592,22,16496.355492,True,0.9935
-15.294563,84,16501.099961,False,0.9935
65.65565,47,16503.741112,True,0.9935
58.198663,27,16505.268459,True,0.9935
56.157008,23,16506.53978,True,0.9935
57.018974,20,16507.659371,True,0.9935
-21.904948,74,16511.762717,False,0.9935
-21.004401,58,16514.970702,False,0.9935
-17.988812,210,16535.18132,False,0.9935
-1.060656,456,16560.175005,False,0.9935
-21.767871,73,16564.187019,False,0.9935
55.495976,19,16565.228782,True,0.9935
-12.263455,84,16569.857545,False,0.9935
-19.54719,77,16574.170288,False,0.9935
-30.817228,155,16582.595366,False,0.9935
-29.948081,89,16587.42611,False,0.9935
49.851409,1,16587.49686,True,0.9935
-25.219706,56,16590.623995,False,0.9935
-13.493562,85,16595.385261,False,0.9935
-1.369274,372,16615.85649,False,0.9935
55.696136,18,16616.876639,True,0.9935
-21.673491,149,16625.046268,False,0.9935
55.223033,15,16625.870293,True,0.9935
60.155048,250,16639.526969,True,0.9935
-15.123509,94,16644.706163,False,0.9935
57.48281,26,16646.160619,True,0.9935
0.948402,189,16665.733797,False,0.9935
-27.185149,69,16669.546202,False,0.9935
59.188626,25,16670.956357,True,0.9935
-11.227212,600,16703.999847,False,0.9935
56.124224,17,16704.93765,True,0.9935
53.965591,9,16705.467704,True,0.9935
-23.590936,319,16723.816429,False,0.9935
-20.371966,98,16729.240683,False,0.9935
61.488089,34,16731.143199,True,0.9935
-6.21514,106,16737.030941,False,0.9935
-19.29509,82,16741.611457,False,0.9935
-3.457279,81,16746.081088,False,0.9935
-12.659492,67,16749.832035,False,0.9935
-24.503669,79,16754.22588,False,0.9935
-5.644613,256,16768.421358,False,0.9935
-5.631701,71,16782.218465,False,0.9935
-22.053187,84,16786.988537,False,0.9935
-31.005844,79,16791.33985,False,0.9935
-23.856825,218,16803.34071,False,0.9935
59.18547,39,16805.522995,True,0.9935
-14.546482,209,16816.990065,False,0.9935
-19.505036,87,16821.932347,False,0.9935
-11.440138,69,16825.775843,False,0.9935
-24.452351,64,16829.254375,False,0.9935
-8.748818,67,16833.023818,False,0.9935
-23.081481,70,16836.962661,False,0.9935
-28.361143,88,16841.78554,False,0.9935
63.997764,39,16843.994556,True,0.9935
-20.353556,83,16848.739633,False,0.9935
-24.207473,64,16852.275707,False,0.9935
-20.16223,78,16856.68803,False,0.9935
59.8503,256,16870.855731,True,0.9935
-32.097136,111,16877.009159,False,0.9935
61.21477,32,16878.820765,True,0.9935
-8.26372,64,16882.469127,False,0.9935
-6.935418,50,16885.346988,False,0.9935
-5.88091,118,16892.118267,False,0.9935
-19.485817,75,16905.734943,False,0.9935
-33.291948,65,16909.382516,False,0.9935
-24.654448,72,16913.37066,False,0.9935
-12.240103,60,16916.728292,False,0.9935
-2.766617,55,16919.845951,False,0.9935
55.245032,19,16920.937843,True,0.9935
-24.66751,65,16924.534346,False,0.9935
53.030098,14,16925.348545,True,0.9935
-5.56753,50,16928.189351,False,0.9935
-21.01843,41,16930.482608,False,0.9935
60.764608,35,16932.458161,True,0.9935
-8.722727,52,16935.391803,False,0.9935
-25.534863,79,16939.734182,False,0.9935
-30.403672,53,16942.685517,False,0.9935
-16.974802,58,16945.984812,False,0.9935
-13.310947,59,16949.374288,False,0.9935
-21.36257,62,16952.815846,False,0.9935
-22.941855,66,16956.597839,False,0.9935
-28.686568,65,16960.242718,False,0.9935
-31.288475,61,16963.667776,False,0.9935
-13.409702,60,16967.031534,False,0.9935
-7.938303,56,16970.153678,False,0.9935
-20.597748,61,16973.586974,False,0.9935
-29.052709,133,16981.001607,False,0.9935
-23.136102,73,16985.126715,False,0.9935
-12.671398,73,16989.234709,False,0.9935
58.535771,27,16990.780829,True,0.9935
-24.66203,50,16993.568099,False,0.9935
-8.07325,45,16996.110929,False,0.9935
-21.748215,67,16999.873287,False,0.9935
-4.949861,62,17003.344487,False,0.9935
60.152303,31,17005.102691,True,0.9935
-24.752286,72,17009.137006,False,0.9935
-11.205183,51,17012.054354,False,0.9935
-15.614086,49,17014.812961,False,0.9935
-11.66593,66,17018.522065,False,0.9935
-27.158098,63,17028.001619,False,0.9935
66.889598,52,17030.93085,True,0.9935
-21.827996,209,17042.622541,False,0.9935
-8.291225,54,17045.616132,False,0.9935
-10.863518,65,17049.262062,False,0.9935
-13.808686,55,17052.362216,False,0.9935
-28.055343,70,17056.270556,False,0.9935
-33.326237,86,17061.133132,False,0.9935
-8.287318,74,17065.302506,False,0.9935
65.161105,128,17072.467527,True,0.9935
-13.842083,69,17076.336733,False,0.9935
-24.994501,65,17079.996773,False,0.9935
60.184919,29,17081.618134,True,0.9935
-7.108718,52,17084.523591,False,0.9935
-11.831871,62,17088.033659,False,0.9935
-19.794087,64,17091.640181,False,0.9935
-27.852971,121,17098.453224,False,0.9935
59.63656,182,17108.546573,True,0.9935
60.521546,31,17110.300423,True,0.9935
62.273462,33,17112.185053,True,0.9935
-18.37827,76,17116.448376,False,0.9935
50.795334,3,17116.631904,True,0.9935
-26.96316,126,17123.692575,False,0.9935
-25.881717,243,17137.179868,False,0.9935
-16.992666,69,17150.258602,False,0.9935
58.580814,208,17161.758719,True,0.9935
57.559357,20,17162.918677,True,0.9935
57.07821,23,17164.227962,True,0.9935
59.241129,26,17165.672723,True,0.9935
-24.547232,77,17169.962658,False,0.9935
-5.426191,181,17180.024341,False,0.9935
-24.480849,81,17184.533938,False,0.9935
-7.148933,600,17218.458716,False,0.9935
-20.638508,63,17222.049606,False,0.9935
-32.198096,86,17226.886037,False,0.9935
-30.078379,71,17230.837254,False,0.9935
-25.783885,73,17234.82317,False,0.9935
-16.966244,60,17238.049128,False,0.9935
-2.421656,71,17241.8593,False,0.9935
-11.240443,85,17246.485049,False,0.9935
-26.57844,227,17258.670897,False,0.9935
-25.299706,78,17271.926651,False,0.9935
59.587483,25,17273.318918,True,0.9935
-13.256743,92,17278.316058,False,0.9935
59.953184,216,17290.033654,True,0.9935
-15.45246,217,17301.917239,False,0.9935
53.735713,8,17302.375793,True,0.9935
-12.767869,238,17315.421333,False,0.9935
-10.268387,67,17319.133127,False,0.9935
-8.089302,67,17322.830739,False,0.9935
52.24578,130,17329.880481,True,0.9935
-24.544278,276,17344.813205,False,0.9935
-3.148082,205,17355.919924,False,0.9935
-23.254763,206,17367.038776,False,0.9935
60.221942,29,17368.688206,True,0.9935
-20.932201,81,17373.083472,False,0.9935
-25.975062,322,17403.713238,False,0.9935
-10.352961,84,17408.362198,False,0.9935
59.730067,32,17410.147073,True,0.9935
-24.214073,57,17413.24952,False,0.9935
-19.963696,76,17417.408188,False,0.9935
-22.562194,76,17421.570797,False,0.9935
-18.431026,76,17425.670988,False,0.9935
-25.668382,69,17429.446846,False,0.9935
-22.480181,249,17442.959491,False,0.9935
-33.064982,67,17446.674936,False,0.9935
-25.636385,76,17450.805768,False,0.9935
-23.892283,76,17454.980949,False,0.9935
-17.092301,56,17458.081063,False,0.9935
-17.888685,63,17461.587038,False,0.9935
-9.840848,63,17465.125511,False,0.9935
-24.36787,213,17476.67688,False,0.9935
66.797793,77,17480.901985,True,0.9935
-19.022695,217,17492.865876,False,0.9935
53.797155,228,17505.103949,True,0.9935
-4.549549,60,17518.264241,False,0.9935
-23.969793,508,17547.67692,False,0.9935
-14.836512,182,17557.757872,False,0.9935
-19.746028,179,17567.558567,False,0.9935
-12.539415,182,17577.60361,False,0.9935
62.644327,35,17579.593928,True,0.9935
67.855006,356,17598.954975,True,0.9935
-21.763315,70,17602.785047,False,0.9935
-15.802635,192,17613.252182,False,0.9935
-17.370467,219,17625.495393,False,0.9935
1.793435,600,17668.495738,False,0.9935
-23.79232,292,17684.976268,False,0.9935
-29.096912,361,17704.451607,False,0.9935
55.001998,17,17705.422418,True,0.9935
-2.756333,178,17715.282012,False,0.9935
67.879722,558,17745.822228,True,0.9935
-26.329014,88,17750.630302,False,0.9935
-24.586582,336,17777.801368,False,0.9935
61.89375,280,17793.330898,True,0.9935
-19.839503,358,17813.020173,False,0.9935
8.151708,600,17846.054135,False,0.9935
-19.053217,452,17870.976856,False,0.9935
0.121334,600,17913.084366,False,0.9935
58.210571,136,17920.612823,True,0.9935
5.494482,600,17953.654713,False,0.9935
0.543557,600,17986.082642,False,0.9935
8.815048,600,18026.613822,False,0.9935
3.054257,600,18059.887836,False,0.9935
6.719884,600,18093.120013,False,0.9935
-11.577638,490,18126.237513,False,0.9935
9.504163,600,18159.254094,False,0.9935
-0.204252,600,18192.506983,False,0.9935
-7.214106,373,18213.368918,False,0.9935
-9.812758,383,18234.741531,False,0.9935
61.202344,428,18265.603502,True,0.9935
61.137021,116,18271.802205,True,0.9935
9.034709,600,18304.244602,False,0.9935
16.231549,600,18336.460711,False,0.9935
-17.13827,448,18366.889582,False,0.9935
54.357164,16,18367.773812,True,0.9935
4.769434,600,18400.125517,False,0.9935
69.563802,581,18431.412449,True,0.9935
64.989084,434,18454.924067,True,0.9935
56.069949,35,18456.841135,True,0.9935
1.44032,600,18496.489873,False,0.9935
68.291095,418,18519.206523,True,0.9935
13.871732,600,18551.582705,False,0.9935
-0.74625,600,18584.079848,False,0.9935
8.819201,600,18624.054978,False,0.9935
12.497987,600,18656.799695,False,0.9935
12.927646,600,18689.200287,False,0.9935
-3.533903,600,18727.319372,False,0.9935
6.249825,600,18760.793299,False,0.9935
14.501649,600,18793.368682,False,0.9935
6.597541,600,18825.634204,False,0.9935
15.633749,600,18865.7665,False,0.9935
7.005129,600,18897.986997,False,0.9935
9.402235,600,18930.104938,False,0.9935
66.966783,488,18963.580581,True,0.9935
14.137598,600,18996.024581,False,0.9935
6.668572,600,19028.302385,False,0.9935
12.284611,600,19061.004126,False,0.9935
16.154434,600,19101.2262,False,0.9935
11.972348,600,19134.768223,False,0.9935
54.515347,115,19141.00599,True,0.9935
59.076305,202,19152.008904,True,0.9935
52.072919,57,19155.054296,True,0.9935
14.000332,600,19196.000952,False,0.9935
13.796479,600,19228.444743,False,0.9935
9.002228,600,19260.916107,False,0.9935
14.842607,600,19293.828473,False,0.9935
8.04688,600,19334.642208,False,0.9935
55.759073,126,19341.550843,True,0.9935
49.808661,1,19341.620547,True,0.9935
12.235767,600,19374.465675,False,0.9935
15.516034,600,19407.129874,False,0.9935
17.832098,600,19446.184542,False,0.9935
8.165726,600,19478.757341,False,0.9935
10.707858,600,19511.536362,False,0.9935
74.500323,523,19545.645859,True,0.9935
12.121242,600,19578.079849,False,0.9935
11.882977,600,19610.364253,False,0.9935
13.756277,600,19642.789047,False,0.9935
8.538189,600,19682.96252,False,0.9935
16.529828,600,19715.261377,False,0.9935
11.242916,600,19747.842023,False,0.9935
12.978034,600,19786.256026,False,0.9935
8.091851,600,19818.401301,False,0.9935
9.672867,600,19850.797677,False,0.9935
13.373512,600,19883.588627,False,0.9935
14.512609,600,19923.099764,False,0.9935
9.833527,600,19955.158516,False,0.9935
14.265958,600,19987.389766,False,0.9935
15.937952,600,20025.819299,False,0.9935
13.080042,600,20058.281968,False,0.9935
10.713126,600,20090.396106,False,0.9935
16.237875,600,20122.858113,False,0.9935
14.145351,600,20162.80472,False,0.9935
11.566906,600,20195.147701,False,0.9935
15.115218,600,20227.679784,False,0.9935
15.41998,600,20265.915275,False,0.9935
14.64273,600,20298.441715,False,0.9935
11.127091,600,20331.132585,False,0.9935
13.90258,600,20369.409731,False,0.9935
65.838138,385,20390.14517,True,0.9935
15.340702,600,20423.001623,False,0.9935
13.402063,600,20455.254287,False,0.9935
13.833195,600,20494.882288,False,0.9935
12.772167,600,20527.155464,False,0.9935
13.656189,600,20559.469794,False,0.9935
13.352886,600,20592.100676,False,0.9935
10.88302,600,20631.61476,False,0.9935
13.42762,600,20665.462904,False,0.9935
12.171918,600,20697.896883,False,0.9935
13.19773,600,20737.819482,False,0.9935
13.11588,600,20770.111845,False,0.9935
14.736841,600,20802.478046,False,0.9935
12.383643,600,20840.805175,False,0.9935
14.90789,600,20872.898032,False,0.9935
14.279215,600,20905.258781,False,0.9935
12.565054,600,20937.493948,False,0.9935
15.761459,600,20977.314019,False,0.9935
13.985746,600,21009.567471,False,0.9935
15.754089,600,21042.068806,False,0.9935
12.059664,600,21080.56079,False,0.9935
16.837233,600,21113.039902,False,0.9935
13.69044,600,21145.794867,False,0.9935
13.625455,600,21177.903738,False,0.9935
15.14684,600,21217.607357,False,0.9935
14.02853,600,21249.928135,False,0.9935
15.354923,600,21282.235267,False,0.9935
15.65255,600,21320.39637,False,0.9935
16.314192,600,21352.666955,False,0.9935
11.734975,600,21384.635319,False,0.9935
15.45854,600,21422.928969,False,0.9935
13.625761,600,21455.057365,False,0.9935
11.958019,600,21487.358511,False,0.9935
11.665757,600,21519.567965,False,0.9935
12.256064,600,21559.441986,False,0.9935
12.999078,600,21591.695648,False,0.9935
14.527976,600,21624.1013,False,0.9935
59.211106,180,21633.798615,True,0.9935
12.09919,600,21672.152924,False,0.9935
16.341831,600,21704.461238,False,0.9935
11.996659,600,21736.497869,False,0.9935
13.873026,600,21775.057202,False,0.9935
15.253285,600,21807.540858,False,0.9935
12.673849,600,21839.870596,False,0.9935
12.411044,600,21872.551655,False,0.9935
10.534313,600,21911.984733,False,0.9935
10.987333,600,21944.258855,False,0.9935
15.235041,600,21976.472433,False,0.9935
