#{"t_start": 1776531677.3744638, "env_id": "None"}
r,l,t,is_success,fusion_alpha
53.534855,7,86.007741,True,0.95
-7.008508,31,89.561008,False,0.95
-1.256471,31,93.115506,False,0.95
-3.796084,31,96.649947,False,0.95
61.168032,22,99.235639,True,0.95
61.626002,23,102.006732,True,0.95
-13.099546,31,105.64378,False,0.95
-3.48351,31,109.244418,False,0.95
0.126262,31,112.874396,False,0.95
-23.706457,32,116.614354,False,0.95
-13.81652,32,120.381137,False,0.95
-9.169098,32,124.132981,False,0.95
-2.180164,31,127.82319,False,0.95
-12.868378,31,131.448347,False,0.95
-21.907733,31,135.039531,False,0.95
-5.206317,31,138.600064,False,0.95
-7.814345,31,142.171037,False,0.95
0.120393,31,145.628608,False,0.95
61.605276,22,148.070495,True,0.95
0.689911,31,151.518564,False,0.95
-0.083418,31,154.806224,False,0.95
-0.64022,31,158.106771,False,0.95
-4.430969,31,161.509074,False,0.95
-22.018774,32,164.989863,False,0.95
-14.637561,31,168.137651,False,0.95
58.358615,16,169.729307,True,0.95
60.105171,21,171.70825,True,0.95
50.255616,1,171.823786,True,0.95
-24.854335,32,174.992447,False,0.95
58.72293,17,176.677442,True,0.95
-6.828784,31,179.746272,False,0.95
55.967304,13,181.05016,True,0.95
-4.367967,31,184.090531,False,0.95
54.622053,12,185.30479,True,0.95
-10.471243,31,188.332122,False,0.95
-24.768031,31,191.401303,False,0.95
-25.391681,31,194.564702,False,0.95
-9.645598,31,197.623291,False,0.95
-6.462258,31,200.721093,False,0.95
-2.450306,31,203.771984,False,0.95
-14.242535,31,206.85485,False,0.95
-2.75632,32,210.073088,False,0.95
-3.222028,31,213.124853,False,0.95
-1.629432,32,216.342476,False,0.95
-23.48231,31,219.430415,False,0.95
-14.762248,31,222.424429,False,0.95
-21.957936,31,225.261378,False,0.95
58.548544,19,227.002481,True,0.95
55.740461,11,228.033981,True,0.95
-4.544964,31,230.869358,False,0.95
59.932088,19,232.599772,True,0.95
-12.024108,32,235.512138,False,0.95
-14.815787,32,238.449567,False,0.95
-11.99644,31,241.270799,False,0.95
-21.260968,31,244.090254,False,0.95
56.16664,12,245.213332,True,0.95
-3.399168,31,248.073275,False,0.95
-12.886839,31,250.965681,False,0.95
57.70108,15,252.354326,True,0.95
-5.876876,31,255.172742,False,0.95
-5.039777,31,258.042947,False,0.95
58.415449,16,259.53273,True,0.95
56.143339,13,260.738244,True,0.95
54.082411,8,261.508228,True,0.95
-3.440134,31,264.350482,False,0.95
-8.193287,31,267.228314,False,0.95
-22.97064,31,270.095724,False,0.95
61.469331,22,272.130526,True,0.95
-9.200933,31,275.042436,False,0.95
56.05583,13,276.419917,True,0.95
-9.455539,31,279.462545,False,0.95
53.646578,8,280.221144,True,0.95
-10.377887,31,283.053148,False,0.95
-0.685371,31,285.898474,False,0.95
-11.779947,31,288.73795,False,0.95
-6.838585,31,291.58922,False,0.95
-3.118268,31,300.248842,False,0.95
55.495264,11,301.270435,True,0.95
-11.117025,31,304.084779,False,0.95
-0.973169,31,306.96877,False,0.95
-10.397707,31,309.793657,False,0.95
-22.343005,31,312.629368,False,0.95
-4.639635,31,315.573851,False,0.95
54.739818,10,316.516093,True,0.95
57.40155,17,318.093189,True,0.95
-11.582252,31,320.923135,False,0.95
-5.52351,31,323.751272,False,0.95
-25.163071,32,326.695123,False,0.95
-14.207711,31,329.524885,False,0.95
-20.131899,31,332.354133,False,0.95
-4.925251,31,335.218506,False,0.95
61.337744,25,337.514375,True,0.95
-7.211072,31,340.343676,False,0.95
-11.40928,31,343.159772,False,0.95
52.785573,6,343.747165,True,0.95
-14.781048,31,346.604554,False,0.95
-2.049123,31,349.438496,False,0.95
57.163327,14,350.739504,True,0.95
-22.191197,31,353.557727,False,0.95
-10.967809,31,356.420791,False,0.95
-11.739225,31,359.261526,False,0.95
-8.689115,31,362.086159,False,0.95
61.372445,23,364.207599,True,0.95
-25.302475,31,367.074906,False,0.95
56.626338,14,368.391927,True,0.95
50.337742,1,368.506139,True,0.95
-16.187756,31,371.33227,False,0.95
50.372171,1,371.454399,True,0.95
-10.150735,31,374.297057,False,0.95
-13.133881,31,377.159158,False,0.95
-6.995955,31,379.986351,False,0.95
-10.559995,31,382.819304,False,0.95
62.187725,24,385.058757,True,0.95
58.73557,17,386.658911,True,0.95
53.202887,7,387.319814,True,0.95
59.493551,18,388.991239,True,0.95
-0.222101,31,391.827533,False,0.95
57.748112,15,393.219655,True,0.95
-22.625681,31,396.092656,False,0.95
-23.14824,31,398.934922,False,0.95
-13.816023,31,401.792093,False,0.95
-12.830945,31,404.64044,False,0.95
-25.729972,31,407.524795,False,0.95
54.579935,9,408.362945,True,0.95
54.972355,10,409.311266,True,0.95
-3.922874,31,412.163713,False,0.95
-5.62953,31,415.031258,False,0.95
-11.725608,31,417.901047,False,0.95
-8.215596,31,420.758714,False,0.95
-7.74805,31,423.621963,False,0.95
-25.461687,31,426.504049,False,0.95
-11.151322,31,429.369848,False,0.95
-2.036695,31,432.239462,False,0.95
58.018544,16,433.746098,True,0.95
50.477203,1,433.861021,True,0.95
-4.936121,31,436.714212,False,0.95
50.391172,1,436.831411,True,0.95
-22.190091,31,439.701359,False,0.95
-5.754947,32,442.670178,False,0.95
-1.335866,31,445.55601,False,0.95
-7.355976,31,448.404973,False,0.95
-18.525144,31,451.280948,False,0.95
-5.485958,31,454.153444,False,0.95
58.631296,17,455.750838,True,0.95
-1.931881,31,458.622229,False,0.95
-11.582049,31,461.477324,False,0.95
61.808355,23,463.631809,True,0.95
-5.953296,31,466.503466,False,0.95
-16.831991,31,469.363383,False,0.95
53.536431,7,470.029969,True,0.95
59.454721,18,471.714132,True,0.95
-9.219021,31,474.594008,False,0.95
62.330909,25,476.930502,True,0.95
-19.436157,31,479.795269,False,0.95
-1.134977,31,482.674877,False,0.95
58.774257,18,484.360402,True,0.95
60.60728,21,486.325629,True,0.95
-10.724652,31,495.205264,False,0.95
53.584899,9,496.072435,True,0.95
59.445355,18,497.753572,True,0.95
-1.640351,31,500.634882,False,0.95
-23.628114,31,503.549377,False,0.95
58.295158,18,505.268815,True,0.95
50.621062,3,505.572963,True,0.95
54.724023,9,506.436101,True,0.95
-10.523706,31,509.312683,False,0.95
60.922354,21,511.287157,True,0.95
-17.405373,31,514.191377,False,0.95
-3.7502,32,517.186426,False,0.95
-13.487998,31,520.068372,False,0.95
-11.003153,31,522.979542,False,0.95
-9.501507,31,526.041295,False,0.95
-16.548659,32,529.027669,False,0.95
-8.504151,32,532.100808,False,0.95
-24.65382,31,535.006917,False,0.95
54.526399,10,535.970526,True,0.95
0.185395,31,538.887318,False,0.95
-1.715544,31,541.817363,False,0.95
-7.24815,31,544.717086,False,0.95
57.066253,15,546.137316,True,0.95
58.450118,18,547.841896,True,0.95
-13.78018,31,550.754111,False,0.95
58.104633,16,552.279639,True,0.95
49.492292,1,552.404259,True,0.95
56.828753,13,553.660065,True,0.95
-13.338629,31,556.607183,False,0.95
-25.550649,31,559.504966,False,0.95
-6.63583,31,562.448694,False,0.95
-9.135464,31,565.361214,False,0.95
-3.374526,31,568.274838,False,0.95
54.698204,9,569.136546,True,0.95
56.828872,13,570.390162,True,0.95
-8.007262,31,573.342678,False,0.95
54.446135,12,574.509656,True,0.95
-5.765353,31,577.530484,False,0.95
-5.946872,32,580.587538,False,0.95
56.184255,13,581.821725,True,0.95
-8.279509,31,584.743774,False,0.95
-21.05781,31,587.668796,False,0.95
54.640801,9,588.538667,True,0.95
-16.253003,31,591.434217,False,0.95
59.959169,19,593.250983,True,0.95
-25.445129,33,596.362286,False,0.95
0.520795,31,599.269263,False,0.95
-4.941718,31,602.20538,False,0.95
-2.993545,31,605.133183,False,0.95
-11.853851,31,608.051982,False,0.95
-13.134249,31,610.970752,False,0.95
60.065004,21,612.951179,True,0.95
-2.32321,31,615.873361,False,0.95
-16.620695,31,618.806853,False,0.95
-2.609782,31,621.759312,False,0.95
58.972434,20,623.669115,True,0.95
54.829275,10,624.652726,True,0.95
60.184353,21,626.657489,True,0.95
-6.712018,31,629.601423,False,0.95
-14.372658,31,632.532845,False,0.95
-12.461609,31,635.456975,False,0.95
-12.177884,31,638.405951,False,0.95
-22.138776,31,641.356138,False,0.95
-14.613762,31,644.29251,False,0.95
-1.865415,31,647.231221,False,0.95
-9.891332,31,650.179224,False,0.95
58.424104,16,651.729146,True,0.95
-2.087485,31,654.682315,False,0.95
-11.979419,32,657.736371,False,0.95
1.009741,31,660.687385,False,0.95
-5.55377,31,663.621264,False,0.95
55.918783,12,664.78209,True,0.95
-25.291149,31,667.739061,False,0.95
-25.027381,31,670.687327,False,0.95
52.994188,6,671.297213,True,0.95
-22.910922,31,674.236754,False,0.95
-19.284641,31,677.180773,False,0.95
55.722185,11,678.25858,True,0.95
-4.199984,31,681.195325,False,0.95
-18.747123,31,684.150221,False,0.95
-0.828909,31,687.108087,False,0.95
-6.378965,31,696.063462,False,0.95
59.061841,18,697.816077,True,0.95
-24.685236,31,700.788672,False,0.95
-20.950259,31,703.746131,False,0.95
-0.329476,31,706.716191,False,0.95
-1.055196,31,709.697062,False,0.95
-13.671447,31,712.700399,False,0.95
-24.447355,31,715.659937,False,0.95
-11.949404,31,718.625256,False,0.95
-8.986294,31,721.606712,False,0.95
0.134738,31,724.592185,False,0.95
-2.572107,31,727.571485,False,0.95
-22.228874,31,730.544489,False,0.95
-8.969667,31,733.540041,False,0.95
-13.488926,31,736.512277,False,0.95
-20.438701,32,739.604033,False,0.95
-25.311582,31,742.59745,False,0.95
-20.685049,31,745.561795,False,0.95
-10.471055,31,748.548424,False,0.95
-9.522705,31,751.558441,False,0.95
54.305233,9,752.448539,True,0.95
-1.494209,31,755.628507,False,0.95
53.698692,9,756.545877,True,0.95
-17.338076,31,759.542642,False,0.95
56.8218,14,760.925806,True,0.95
-20.726452,31,763.926298,False,0.95
-9.668209,31,766.897025,False,0.95
-2.578574,31,769.900745,False,0.95
62.129986,23,772.1027,True,0.95
-8.243471,31,775.073486,False,0.95
-6.228419,31,778.094325,False,0.95
61.852309,25,780.536321,True,0.95
59.086973,19,782.379451,True,0.95
-10.107225,32,785.483519,False,0.95
-13.573986,32,788.637493,False,0.95
-9.525926,31,791.644383,False,0.95
-23.125777,31,794.631195,False,0.95
-3.281885,31,797.67567,False,0.95
-2.635532,31,800.671647,False,0.95
-22.084131,31,803.666744,False,0.95
-13.366271,31,806.674004,False,0.95
-11.819918,31,809.702034,False,0.95
-11.271644,31,812.688035,False,0.95
57.348762,14,814.06031,True,0.95
58.989005,17,815.740079,True,0.95
58.206696,17,817.425708,True,0.95
-0.07539,31,820.456724,False,0.95
-4.178577,31,823.467348,False,0.95
-2.404189,31,826.488976,False,0.95
-1.52495,31,829.521883,False,0.95
-13.07693,31,832.511772,False,0.95
-21.399515,31,835.538363,False,0.95
-12.004986,31,838.562891,False,0.95
60.513579,22,840.724844,True,0.95
-12.940659,31,843.726853,False,0.95
60.831019,21,845.786363,True,0.95
-25.64166,31,848.834514,False,0.95
55.612998,14,850.208574,True,0.95
-4.752021,32,853.342189,False,0.95
-13.614286,31,856.379332,False,0.95
-2.730197,31,859.407306,False,0.95
55.930718,12,860.607117,True,0.95
-6.913812,31,863.627747,False,0.95
-13.256402,31,866.682456,False,0.95
58.615227,17,868.387743,True,0.95
54.662238,9,869.288332,True,0.95
-11.517507,31,872.304878,False,0.95
-9.176947,31,875.339255,False,0.95
-4.862776,31,878.387717,False,0.95
-24.173446,33,881.625651,False,0.95
56.329377,13,882.900644,True,0.95
-11.138715,31,885.969299,False,0.95
-24.639998,31,889.018207,False,0.95
-25.444179,31,892.052691,False,0.95
-13.406881,31,900.907324,False,0.95
52.908016,6,901.526585,True,0.95
-0.989894,31,904.577066,False,0.95
61.683404,25,907.066713,True,0.95
-7.537794,31,910.136209,False,0.95
-22.127701,31,913.186322,False,0.95
-11.851682,31,916.275465,False,0.95
-13.878855,31,919.349065,False,0.95
60.509607,22,921.514105,True,0.95
53.154114,6,922.127224,True,0.95
61.782701,23,924.398135,True,0.95
57.928948,15,925.878862,True,0.95
56.117345,12,927.098252,True,0.95
0.17585,31,930.135684,False,0.95
50.179659,1,930.257667,True,0.95
58.670284,19,932.161384,True,0.95
-3.57255,31,935.232311,False,0.95
-0.656602,31,938.304585,False,0.95
-9.282587,31,941.356564,False,0.95
-10.778655,31,944.419921,False,0.95
52.078837,4,944.84127,True,0.95
-20.027722,31,947.899735,False,0.95
58.393868,19,949.804327,True,0.95
62.021375,23,952.064215,True,0.95
-6.789972,31,955.119949,False,0.95
-9.83445,31,958.207742,False,0.95
-5.513821,31,961.273633,False,0.95
-10.325341,31,964.365582,False,0.95
-9.6142,31,967.463663,False,0.95
60.628959,21,969.560705,True,0.95
53.974166,8,970.37658,True,0.95
60.009979,19,972.28774,True,0.95
-8.056215,31,975.387201,False,0.95
-11.132911,31,978.457562,False,0.95
53.095133,6,979.081244,True,0.95
-14.305759,31,982.181898,False,0.95
-11.773919,31,985.586482,False,0.95
53.139965,6,986.21084,True,0.95
54.678471,9,987.1246,True,0.95
-22.776112,31,990.225617,False,0.95
-0.16038,31,993.325449,False,0.95
-13.277293,31,996.408177,False,0.95
62.574416,25,998.914026,True,0.95
53.023752,6,999.538816,True,0.95
56.694028,14,1000.94976,True,0.95
-4.233643,31,1004.047403,False,0.95
55.065774,10,1005.095265,True,0.95
-12.29381,31,1008.205755,False,0.95
-24.848105,31,1011.279645,False,0.95
-4.131333,31,1014.404786,False,0.95
-25.472116,31,1017.56257,False,0.95
57.817289,16,1019.194949,True,0.95
2.082004,31,1022.28459,False,0.95
-12.804065,31,1025.397605,False,0.95
-5.43878,31,1028.507431,False,0.95
-21.291379,31,1031.623765,False,0.95
-8.874544,31,1034.793719,False,0.95
-16.633779,32,1038.00968,False,0.95
60.591763,22,1040.24551,True,0.95
-6.319628,31,1043.368396,False,0.95
61.508301,23,1045.706379,True,0.95
-6.390948,31,1048.82126,False,0.95
-7.689737,31,1051.959653,False,0.95
52.525899,5,1052.485512,True,0.95
-3.694963,31,1055.609276,False,0.95
-2.661169,31,1058.746773,False,0.95
-3.387551,31,1061.884515,False,0.95
-11.259254,31,1065.027832,False,0.95
-7.622699,31,1068.193395,False,0.95
-24.810102,31,1071.330752,False,0.95
-0.763402,31,1074.480405,False,0.95
-1.96662,31,1077.590691,False,0.95
-13.632188,31,1080.722782,False,0.95
53.132649,6,1081.360613,True,0.95
-18.212733,31,1084.520542,False,0.95
-3.538069,31,1087.658061,False,0.95
53.833071,9,1088.588657,True,0.95
-25.339796,32,1091.866374,False,0.95
-4.396474,31,1095.03664,False,0.95
-17.734145,31,1098.182691,False,0.95
62.306409,25,1100.746871,True,0.95
-0.673142,31,1103.911032,False,0.95
60.999916,21,1111.692683,True,0.95
-24.231855,31,1114.848452,False,0.95
-25.231382,31,1117.992188,False,0.95
1.938282,31,1121.163573,False,0.95
-25.58453,31,1124.41477,False,0.95
-4.712223,31,1127.676972,False,0.95
50.126059,1,1127.805965,True,0.95
-1.903356,31,1131.050676,False,0.95
-13.65659,31,1134.244947,False,0.95
-6.744167,31,1137.398473,False,0.95
-25.008919,31,1140.585758,False,0.95
-8.336074,31,1143.775122,False,0.95
-2.500718,31,1146.95353,False,0.95
-24.408192,31,1150.180582,False,0.95
54.701552,11,1151.331551,True,0.95
-8.285634,31,1154.499556,False,0.95
-9.869315,31,1157.675499,False,0.95
-6.07893,31,1160.885654,False,0.95
60.384116,20,1162.969384,True,0.95
-6.613312,31,1166.14589,False,0.95
-3.252646,31,1169.348595,False,0.95
59.055244,18,1171.204146,True,0.95
0.093785,31,1174.405845,False,0.95
-0.79185,31,1177.585185,False,0.95
-9.431204,31,1180.751925,False,0.95
55.76793,13,1182.138723,True,0.95
-0.250299,31,1185.350477,False,0.95
60.461585,20,1187.422337,True,0.95
-0.568319,32,1190.768868,False,0.95
-16.707981,31,1193.982309,False,0.95
-9.05027,31,1197.171223,False,0.95
-1.204857,31,1200.370636,False,0.95
-12.892597,31,1203.566308,False,0.95
0.969839,31,1206.741804,False,0.95
58.759727,17,1208.512981,True,0.95
56.784011,13,1209.888962,True,0.95
57.823865,15,1211.473096,True,0.95
56.05615,12,1212.732324,True,0.95
-10.57286,31,1215.926786,False,0.95
-7.508801,31,1219.127643,False,0.95
-1.13973,31,1222.342314,False,0.95
-2.298632,31,1225.54,False,0.95
-24.694312,32,1228.844327,False,0.95
-13.542362,31,1232.098033,False,0.95
57.850143,15,1233.656282,True,0.95
60.879655,24,1236.158819,True,0.95
-24.53948,32,1239.48882,False,0.95
-13.772273,31,1242.731624,False,0.95
-12.50539,31,1245.955936,False,0.95
61.899491,23,1248.345694,True,0.95
-11.776586,31,1251.57023,False,0.95
52.345468,6,1252.226473,True,0.95
-1.592619,31,1255.448695,False,0.95
-13.795623,31,1258.648642,False,0.95
-10.999262,31,1261.895369,False,0.95
53.863072,9,1262.845823,True,0.95
-3.31142,31,1266.065522,False,0.95
-3.080187,31,1269.300737,False,0.95
-1.433228,31,1272.556793,False,0.95
-20.322088,31,1275.789489,False,0.95
52.512076,5,1276.32756,True,0.95
-8.455534,31,1279.541115,False,0.95
-3.028082,31,1282.772448,False,0.95
62.076491,23,1285.168846,True,0.95
60.945333,22,1287.483539,True,0.95
56.128913,12,1288.763653,True,0.95
-14.648307,31,1292.027527,False,0.95
-21.980735,31,1295.242313,False,0.95
-8.610117,31,1298.515193,False,0.95
56.300584,12,1299.799552,True,0.95
-3.173703,31,1303.046572,False,0.95
-7.866243,31,1306.302347,False,0.95
-25.201885,32,1309.664437,False,0.95
-0.13647,31,1312.919444,False,0.95
54.61665,9,1313.88169,True,0.95
-8.345676,31,1317.136729,False,0.95
59.123748,19,1319.132139,True,0.95
-7.94886,31,1322.427197,False,0.95
55.533128,12,1323.708389,True,0.95
60.840049,21,1331.712535,True,0.95
0.010367,31,1334.96734,False,0.95
-0.688193,31,1338.246708,False,0.95
-0.950542,31,1341.510765,False,0.95
-19.894949,32,1344.862203,False,0.95
53.688747,7,1345.618514,True,0.95
-10.83185,31,1348.889525,False,0.95
-7.985753,31,1352.133516,False,0.95
0.760876,31,1355.377917,False,0.95
-23.458047,31,1358.63216,False,0.95
-19.736829,31,1361.909765,False,0.95
-9.322081,31,1365.183631,False,0.95
57.221587,16,1366.914847,True,0.95
-11.957931,31,1370.193287,False,0.95
56.256199,15,1371.788044,True,0.95
53.382437,8,1372.657727,True,0.95
54.833258,10,1373.729813,True,0.95
55.224619,10,1374.815511,True,0.95
-25.031579,31,1378.072569,False,0.95
-4.541178,31,1381.35341,False,0.95
53.688864,7,1382.112806,True,0.95
51.321448,3,1382.455819,True,0.95
54.109678,11,1383.633354,True,0.95
-1.882393,31,1386.912635,False,0.95
-9.527604,31,1390.192642,False,0.95
-25.326261,31,1393.482316,False,0.95
-10.939702,31,1396.771152,False,0.95
56.465537,13,1398.180907,True,0.95
54.112715,10,1399.267816,True,0.95
53.661325,7,1400.029022,True,0.95
-6.357207,31,1403.338371,False,0.95
-7.022025,31,1406.614204,False,0.95
50.440981,1,1406.74751,True,0.95
-3.60889,31,1410.049418,False,0.95
60.153948,20,1412.205934,True,0.95
-22.598569,31,1415.511882,False,0.95
-4.12446,31,1418.833324,False,0.95
-7.699099,31,1422.131878,False,0.95
-15.137098,31,1425.426764,False,0.95
-11.617803,31,1428.745383,False,0.95
-12.543181,32,1432.155468,False,0.95
-1.617872,31,1435.43956,False,0.95
-24.753098,31,1438.772273,False,0.95
53.573248,7,1439.535593,True,0.95
58.355471,16,1441.263715,True,0.95
-4.813393,31,1444.573353,False,0.95
61.069986,21,1446.853009,True,0.95
-7.221704,31,1450.165138,False,0.95
58.583845,18,1452.111851,True,0.95
58.0023,16,1453.846307,True,0.95
52.852093,6,1454.512935,True,0.95
56.310207,12,1455.812183,True,0.95
-6.82991,31,1459.115572,False,0.95
-22.000184,31,1462.441518,False,0.95
-12.227887,31,1465.76922,False,0.95
-6.823442,31,1469.093897,False,0.95
0.235937,31,1472.415785,False,0.95
54.261873,11,1473.617359,True,0.95
-7.532274,31,1476.954741,False,0.95
-22.028592,31,1480.288067,False,0.95
61.080016,21,1482.5569,True,0.95
-7.017001,31,1485.871471,False,0.95
-5.463244,31,1489.206414,False,0.95
-0.345874,31,1492.520407,False,0.95
62.038293,23,1495.005513,True,0.95
-2.123863,31,1498.334532,False,0.95
-6.785345,31,1501.660682,False,0.95
-6.732595,31,1505.012539,False,0.95
-8.22725,31,1508.360473,False,0.95
0.627762,31,1511.69241,False,0.95
-16.494235,31,1515.036144,False,0.95
-4.781062,31,1518.354414,False,0.95
-4.362769,31,1521.686621,False,0.95
54.092652,8,1522.578228,True,0.95
-9.980006,31,1525.918588,False,0.95
1.606554,31,1529.25621,False,0.95
-7.838769,31,1532.599884,False,0.95
53.138786,7,1533.383503,True,0.95
-12.167858,31,1536.735806,False,0.95
-25.43616,31,1540.083557,False,0.95
54.242984,9,1541.076569,True,0.95
-25.501725,31,1544.46371,False,0.95
-18.360697,31,1547.83381,False,0.95
-5.312301,31,1557.035556,False,0.95
-15.927531,31,1560.389615,False,0.95
-9.599526,31,1563.774329,False,0.95
-13.010735,31,1567.134737,False,0.95
-0.882984,31,1570.487236,False,0.95
59.982893,19,1572.549799,True,0.95
-10.492741,31,1575.953375,False,0.95
-15.516291,31,1579.305565,False,0.95
-2.200115,31,1582.674754,False,0.95
-13.706671,31,1586.061332,False,0.95
-2.643149,31,1589.41063,False,0.95
-8.111895,31,1592.792861,False,0.95
-14.071946,31,1596.167505,False,0.95
-5.304196,31,1599.529422,False,0.95
-6.644438,31,1602.905914,False,0.95
-4.258264,31,1606.301254,False,0.95
-12.350764,31,1609.681795,False,0.95
-25.760245,31,1613.067875,False,0.95
52.870444,6,1613.753228,True,0.95
53.595507,8,1614.643246,True,0.95
-7.309292,31,1618.015091,False,0.95
59.462155,18,1619.991549,True,0.95
58.254867,16,1621.761593,True,0.95
-9.646855,31,1625.126703,False,0.95
55.767715,11,1626.337821,True,0.95
-2.319937,31,1629.702945,False,0.95
-2.796421,31,1633.088485,False,0.95
-23.730399,32,1636.597925,False,0.95
-10.635576,31,1640.018141,False,0.95
0.083616,31,1643.411391,False,0.95
-12.865929,31,1646.822636,False,0.95
-7.77733,31,1650.203956,False,0.95
-3.12157,31,1653.6166,False,0.95
-22.628362,31,1657.033053,False,0.95
-14.196019,31,1660.43707,False,0.95
-2.283891,31,1663.895808,False,0.95
-1.982477,31,1667.302037,False,0.95
-3.67532,31,1670.708752,False,0.95
-7.413582,31,1674.115299,False,0.95
57.508823,18,1676.115138,True,0.95
-13.367177,31,1679.534148,False,0.95
-21.620637,31,1682.962893,False,0.95
49.515875,1,1683.107839,True,0.95
-12.502792,31,1686.513428,False,0.95
-4.798237,31,1689.960306,False,0.95
-0.958531,31,1693.40748,False,0.95
-23.039905,31,1696.821177,False,0.95
57.377833,14,1698.388019,True,0.95
-3.566645,31,1701.815049,False,0.95
57.424679,15,1703.495397,True,0.95
-23.679948,31,1706.933967,False,0.95
0.180858,31,1710.386826,False,0.95
-6.393112,32,1713.949588,False,0.95
-3.998652,31,1717.359012,False,0.95
-22.79596,32,1720.936955,False,0.95
60.954831,21,1723.368025,True,0.95
-1.21927,31,1726.838338,False,0.95
-6.12439,31,1730.349936,False,0.95
53.895092,8,1731.301523,True,0.95
-19.953398,31,1734.75552,False,0.95
-5.216801,31,1738.20665,False,0.95
-16.420508,31,1741.687378,False,0.95
-0.974346,31,1745.123015,False,0.95
-12.863623,31,1748.564866,False,0.95
-5.646972,31,1752.036021,False,0.95
54.199161,8,1752.973005,True,0.95
-15.439658,31,1756.394659,False,0.95
-0.480863,31,1759.867766,False,0.95
57.398388,15,1761.578566,True,0.95
-25.308381,31,1765.044998,False,0.95
53.545947,11,1766.281915,True,0.95
-8.476559,31,1769.755435,False,0.95
53.64984,7,1770.562965,True,0.95
56.926832,14,1772.14623,True,0.95
59.197937,18,1774.161863,True,0.95
-11.099129,31,1777.602574,False,0.95
-22.276993,31,1781.104054,False,0.95
-5.029134,31,1790.43085,False,0.95
-8.633097,32,1794.04941,False,0.95
-11.338544,31,1797.505758,False,0.95
-4.834721,31,1800.99581,False,0.95
-12.779688,31,1804.447941,False,0.95
53.249574,10,1805.601701,True,0.95
54.780584,10,1806.755155,True,0.95
-20.764493,31,1810.240731,False,0.95
-11.505436,31,1813.701755,False,0.95
-25.264241,31,1817.191824,False,0.95
-6.418714,31,1820.665394,False,0.95
61.827447,24,1823.353968,True,0.95
-6.718024,31,1826.826446,False,0.95
-6.110744,31,1830.317799,False,0.95
-25.304329,31,1833.796967,False,0.95
-8.064859,31,1837.2914,False,0.95
57.701845,16,1839.124441,True,0.95
-23.590369,31,1842.606286,False,0.95
53.927525,10,1843.750473,True,0.95
55.236276,10,1844.900348,True,0.95
-0.930378,31,1848.411096,False,0.95
-10.08813,31,1851.901175,False,0.95
-20.843347,31,1855.391968,False,0.95
-8.024912,31,1858.897103,False,0.95
-11.168796,31,1862.383466,False,0.95
-24.411351,32,1866.016157,False,0.95
56.315902,12,1867.39845,True,0.95
-12.698993,31,1870.901109,False,0.95
-19.241712,31,1874.365947,False,0.95
55.733259,11,1875.638637,True,0.95
-4.700567,31,1879.140134,False,0.95
-25.286192,31,1882.641901,False,0.95
60.957524,22,1885.159801,True,0.95
-7.040302,31,1888.682912,False,0.95
-11.193164,31,1892.189857,False,0.95
56.985144,14,1893.799001,True,0.95
-11.211436,31,1897.331873,False,0.95
-4.633071,31,1900.84435,False,0.95
-11.257944,31,1904.379885,False,0.95
55.931874,14,1905.996877,True,0.95
-6.369576,31,1909.526373,False,0.95
-12.871355,31,1913.039879,False,0.95
-4.527189,31,1916.563303,False,0.95
53.518793,9,1917.612011,True,0.95
1.438014,31,1921.12748,False,0.95
52.08403,6,1921.830903,True,0.95
-5.375288,31,1925.387856,False,0.95
-8.937866,31,1928.910844,False,0.95
59.992883,19,1931.0679,True,0.95
-13.421036,31,1934.654735,False,0.95
55.97644,12,1936.05624,True,0.95
-3.386478,31,1939.606989,False,0.95
53.842794,9,1940.649008,True,0.95
-13.85349,31,1944.177379,False,0.95
60.255008,20,1946.471332,True,0.95
-7.434345,31,1950.005826,False,0.95
-23.984364,32,1953.665199,False,0.95
53.454801,8,1954.59985,True,0.95
-6.523775,31,1958.158465,False,0.95
-18.150112,31,1961.693146,False,0.95
59.989932,19,1963.8883,True,0.95
-23.230644,32,1967.608069,False,0.95
62.127658,23,1970.221208,True,0.95
-8.880839,31,1973.777636,False,0.95
-3.7087,31,1977.336663,False,0.95
-2.904574,31,1980.852968,False,0.95
-9.829195,31,1984.423663,False,0.95
-15.895675,31,1987.991846,False,0.95
-4.599167,31,1991.535552,False,0.95
-4.792884,32,1995.248038,False,0.95
56.711717,13,1996.751739,True,0.95
-6.020644,31,2000.320255,False,0.95
-7.6786,31,2003.895481,False,0.95
-8.847053,31,2007.471077,False,0.95
-7.626315,31,2011.024555,False,0.95
61.515438,22,2013.587067,True,0.95
-25.390365,31,2017.153319,False,0.95
-3.457225,31,2027.297894,False,0.95
-6.411748,31,2030.881024,False,0.95
-5.47361,31,2034.608151,False,0.95
-6.759997,32,2038.33494,False,0.95
-7.025364,31,2041.918341,False,0.95
0.083361,31,2045.5116,False,0.95
0.452449,31,2049.094337,False,0.95
-8.775302,31,2052.692172,False,0.95
-4.204583,31,2056.283818,False,0.95
-12.935385,31,2059.8427,False,0.95
-7.537573,31,2063.435829,False,0.95
-11.654505,31,2067.041493,False,0.95
-25.170877,31,2070.613324,False,0.95
53.860222,8,2071.564261,True,0.95
-12.743762,31,2075.177892,False,0.95
-2.521989,31,2078.833278,False,0.95
-21.144524,32,2082.581704,False,0.95
-4.78288,31,2086.230602,False,0.95
60.669245,24,2089.050702,True,0.95
1.693714,31,2092.645468,False,0.95
-2.625069,31,2096.2576,False,0.95
-10.942536,31,2099.866777,False,0.95
56.785505,13,2101.392523,True,0.95
56.315099,12,2102.82754,True,0.95
-6.827542,31,2106.427979,False,0.95
-10.799997,31,2110.032063,False,0.95
-4.584937,31,2113.662637,False,0.95
-20.338076,32,2117.415447,False,0.95
-2.114763,31,2121.043401,False,0.95
56.573071,13,2122.58918,True,0.95
-11.26895,31,2126.200692,False,0.95
58.112602,16,2128.102031,True,0.95
58.930047,17,2130.104772,True,0.95
-7.255295,31,2133.724,False,0.95
53.649917,7,2134.570708,True,0.95
61.519704,22,2137.148057,True,0.95
-1.960186,31,2140.783323,False,0.95
54.593878,11,2142.097443,True,0.95
-7.175125,31,2145.755709,False,0.95
-11.625382,31,2149.376865,False,0.95
-12.538857,31,2152.989286,False,0.95
-13.82859,31,2156.621734,False,0.95
58.547335,18,2158.780172,True,0.95
-9.219367,31,2162.450521,False,0.95
53.566017,7,2163.303719,True,0.95
56.123984,12,2164.748323,True,0.95
-12.86803,32,2168.494072,False,0.95
56.137298,12,2169.945258,True,0.95
53.286781,8,2170.916472,True,0.95
57.510968,15,2172.704532,True,0.95
53.515087,9,2173.790954,True,0.95
57.189256,16,2175.684693,True,0.95
57.052049,16,2177.576608,True,0.95
-21.100999,32,2181.358007,False,0.95
-17.058166,31,2185.011554,False,0.95
-3.088097,32,2188.786129,False,0.95
-12.40566,31,2192.459154,False,0.95
-14.506871,31,2196.105715,False,0.95
-5.651894,31,2199.778068,False,0.95
-12.014486,31,2203.443194,False,0.95
-10.187262,31,2207.077153,False,0.95
-9.613295,31,2210.738787,False,0.95
-8.756397,31,2214.423654,False,0.95
50.251666,1,2214.579474,True,0.95
-12.057776,31,2218.208909,False,0.95
-22.75092,31,2221.889681,False,0.95
53.920861,9,2222.974915,True,0.95
-7.920463,31,2226.620067,False,0.95
-5.331932,32,2230.404443,False,0.95
-9.879116,31,2234.087835,False,0.95
-14.133591,31,2237.747104,False,0.95
53.053378,6,2238.488113,True,0.95
-22.193719,31,2242.174553,False,0.95
-22.789809,31,2245.842801,False,0.95
-1.870974,31,2249.516148,False,0.95
-6.526759,31,2253.183995,False,0.95
62.129577,23,2255.914245,True,0.95
-11.783792,31,2259.630377,False,0.95
-10.284918,31,2263.310272,False,0.95
56.827773,13,2264.889927,True,0.95
-1.112685,31,2274.269891,False,0.95
-7.972236,31,2277.964712,False,0.95
61.053138,21,2280.492941,True,0.95
0.405328,31,2284.162658,False,0.95
-25.013283,31,2287.844521,False,0.95
-17.587486,31,2291.545323,False,0.95
-22.418544,31,2295.295954,False,0.95
-8.642133,32,2299.14445,False,0.95
-3.789782,31,2302.819417,False,0.95
-18.970132,32,2306.648387,False,0.95
-10.094079,31,2310.354194,False,0.95
58.966339,19,2312.640395,True,0.95
-5.158024,31,2316.350366,False,0.95
-13.406343,31,2320.077714,False,0.95
-22.442273,32,2324.032864,False,0.95
62.038981,23,2326.86047,True,0.95
-8.143634,31,2330.65151,False,0.95
-3.257114,31,2334.551373,False,0.95
-13.625948,31,2338.703321,False,0.95
54.199984,8,2339.806238,True,0.95
-8.436567,31,2343.927246,False,0.95
-10.337884,31,2348.070398,False,0.95
-0.589867,31,2352.200786,False,0.95
-6.15442,31,2356.32916,False,0.95
-22.810342,31,2360.513103,False,0.95
54.389533,10,2361.872844,True,0.95
55.6345,12,2363.5043,True,0.95
-2.796298,31,2367.632552,False,0.95
-25.117356,32,2371.894987,False,0.95
1.537234,31,2376.03513,False,0.95
-6.090376,31,2380.172781,False,0.95
-11.320862,31,2384.299064,False,0.95
-13.613938,32,2388.601851,False,0.95
61.042197,21,2391.402419,True,0.95
-0.494543,31,2395.549449,False,0.95
60.438722,20,2398.239921,True,0.95
-11.903125,31,2402.381836,False,0.95
52.868018,6,2403.221756,True,0.95
57.320449,14,2405.11154,True,0.95
53.274876,7,2406.084517,True,0.95
-19.625977,32,2410.404994,False,0.95
-7.311637,31,2414.543334,False,0.95
-2.150813,31,2418.702411,False,0.95
-6.206594,31,2422.859969,False,0.95
53.585678,7,2423.813786,True,0.95
56.988645,15,2425.844021,True,0.95
-4.633925,31,2429.982717,False,0.95
-6.230213,31,2434.139019,False,0.95
-17.352631,31,2438.289509,False,0.95
0.254125,31,2442.447017,False,0.95
-7.053303,31,2446.606347,False,0.95
-5.447975,31,2450.774641,False,0.95
-0.653995,31,2454.905294,False,0.95
-20.761597,31,2459.170565,False,0.95
-5.339584,31,2463.333972,False,0.95
60.540256,20,2466.024253,True,0.95
59.253395,18,2468.455837,True,0.95
-23.158302,31,2472.600102,False,0.95
52.079842,4,2473.165718,True,0.95
-5.114096,31,2477.360444,False,0.95
-1.220614,31,2481.501955,False,0.95
-18.061562,32,2485.804711,False,0.95
-10.426985,31,2490.010884,False,0.95
54.845086,10,2491.384206,True,0.95
-8.342748,31,2495.547945,False,0.95
-25.325354,31,2499.765708,False,0.95
-25.178363,31,2503.960307,False,0.95
-4.431944,31,2508.135767,False,0.95
-24.106039,31,2512.33045,False,0.95
-7.507216,31,2516.524974,False,0.95
0.48585,31,2520.7262,False,0.95
-24.729029,31,2524.890027,False,0.95
61.599182,22,2527.87817,True,0.95
60.618216,22,2530.886282,True,0.95
-2.072748,31,2535.067375,False,0.95
-3.134931,31,2539.267552,False,0.95
54.137534,9,2540.50499,True,0.95
59.483446,19,2548.790651,True,0.95
-5.829406,31,2552.98251,False,0.95
-25.189926,32,2557.4308,False,0.95
61.859684,24,2560.799127,True,0.95
54.495851,9,2562.111695,True,0.95
-9.408548,31,2566.565901,False,0.95
-3.903896,31,2570.994866,False,0.95
-25.240743,31,2575.357295,False,0.95
60.487113,20,2578.128492,True,0.95
-3.038925,31,2582.382886,False,0.95
-1.539074,31,2586.585898,False,0.95
57.845863,16,2588.807186,True,0.95
54.69412,10,2590.197294,True,0.95
62.5436,26,2593.766305,True,0.95
59.157426,18,2596.251516,True,0.95
-8.37915,31,2600.519774,False,0.95
-13.724667,31,2604.950474,False,0.95
-22.885794,31,2609.540476,False,0.95
-2.338754,31,2614.074372,False,0.95
56.271979,13,2615.972828,True,0.95
-11.482228,31,2620.431685,False,0.95
-6.419301,31,2624.678085,False,0.95
-22.290812,31,2628.901001,False,0.95
54.197758,12,2630.574937,True,0.95
-7.02464,31,2634.799677,False,0.95
-7.20214,31,2639.037749,False,0.95
-22.132147,31,2643.27637,False,0.95
-16.419945,31,2647.514823,False,0.95
-10.12831,31,2651.766165,False,0.95
-7.810067,31,2655.996291,False,0.95
-3.071628,31,2660.242739,False,0.95
-5.426775,31,2664.48807,False,0.95
-6.380772,31,2668.725273,False,0.95
1.183271,32,2673.117274,False,0.95
-13.799897,31,2677.353963,False,0.95
-24.460712,31,2681.608586,False,0.95
-3.756656,31,2685.858369,False,0.95
-3.764075,31,2690.150426,False,0.95
-3.27151,31,2694.406075,False,0.95
61.021828,22,2697.446331,True,0.95
-21.483487,31,2701.712317,False,0.95
-9.791277,32,2706.117061,False,0.95
-0.061051,31,2710.363837,False,0.95
0.372313,31,2714.608167,False,0.95
-6.635306,31,2718.871432,False,0.95
-7.104743,31,2723.131438,False,0.95
-10.759222,31,2727.395557,False,0.95
61.161788,25,2730.825574,True,0.95
-23.33833,31,2735.097879,False,0.95
-1.308635,31,2739.368274,False,0.95
55.69216,11,2740.920188,True,0.95
53.988797,8,2742.048214,True,0.95
57.516104,15,2744.125059,True,0.95
-5.153561,31,2748.387255,False,0.95
50.185947,1,2748.557558,True,0.95
60.579843,20,2751.33415,True,0.95
-22.16353,32,2755.728666,False,0.95
-11.347823,31,2760.022738,False,0.95
59.546367,19,2762.665659,True,0.95
-10.637619,31,2766.937605,False,0.95
57.440919,15,2769.038203,True,0.95
-9.902206,31,2773.320885,False,0.95
-4.482114,31,2777.603931,False,0.95
-9.003678,31,2781.864103,False,0.95
50.389791,1,2782.037205,True,0.95
-7.973261,32,2786.463965,False,0.95
-12.018065,31,2790.762694,False,0.95
-1.887133,31,2795.042263,False,0.95
-10.61728,31,2799.32883,False,0.95
53.553774,8,2800.464131,True,0.95
54.772186,10,2801.885833,True,0.95
-20.960017,31,2806.168445,False,0.95
-23.535204,31,2810.496096,False,0.95
-2.340729,31,2814.788594,False,0.95
62.117058,23,2817.972172,True,0.95
-19.279605,31,2822.264225,False,0.95
-11.478141,31,2826.559649,False,0.95
-4.60762,32,2831.046284,False,0.95
-14.79426,31,2841.036447,False,0.95
-23.521005,32,2845.544298,False,0.95
-4.620183,31,2849.870804,False,0.95
-15.174202,31,2854.198564,False,0.95
-23.464492,31,2858.523859,False,0.95
62.12507,23,2861.835271,True,0.95
57.916433,16,2864.079242,True,0.95
-1.427774,31,2868.4139,False,0.95
61.053639,24,2871.760621,True,0.95
0.429119,32,2876.219601,False,0.95
-3.501084,31,2880.558178,False,0.95
55.920746,12,2882.258972,True,0.95
-0.835219,31,2886.576614,False,0.95
-4.462215,31,2890.894173,False,0.95
-23.541656,31,2895.234045,False,0.95
-9.770826,31,2899.564073,False,0.95
-13.674533,31,2903.889641,False,0.95
61.817925,23,2907.09982,True,0.95
-12.772817,31,2911.423674,False,0.95
-8.216051,31,2915.750037,False,0.95
61.09965,23,2919.007005,True,0.95
-3.733059,31,2923.436134,False,0.95
-7.533399,31,2927.820285,False,0.95
60.276247,20,2930.741345,True,0.95
56.634607,13,2932.579546,True,0.95
-3.958929,31,2936.89731,False,0.95
-9.542013,31,2941.248133,False,0.95
-0.09174,31,2945.565313,False,0.95
-1.303561,31,2949.916366,False,0.95
60.375171,20,2952.729484,True,0.95
-8.441655,31,2957.07298,False,0.95
-11.349497,31,2961.446909,False,0.95
-23.362384,31,2965.799025,False,0.95
-24.408241,31,2970.155496,False,0.95
52.063764,4,2970.772636,True,0.95
-8.834933,32,2975.281083,False,0.95
-10.599897,31,2979.633452,False,0.95
-22.524514,31,2984.001257,False,0.95
-9.1153,31,2988.33022,False,0.95
60.556777,20,2991.185767,True,0.95
-5.397941,31,2995.536533,False,0.95
-4.680244,31,2999.896044,False,0.95
54.641168,12,3001.616568,True,0.95
-12.198264,31,3005.991378,False,0.95
59.100306,20,3008.83467,True,0.95
58.439105,16,3011.128949,True,0.95
-12.217184,31,3015.495971,False,0.95
-22.942795,31,3019.890035,False,0.95
55.225361,10,3021.345184,True,0.95
-8.721366,31,3025.712904,False,0.95
60.57649,21,3028.682081,True,0.95
52.821735,6,3029.563149,True,0.95
-20.153041,31,3033.923822,False,0.95
-7.852153,32,3038.457351,False,0.95
54.006339,8,3039.625524,True,0.95
-23.315703,31,3044.025062,False,0.95
52.954103,6,3044.902807,True,0.95
-6.870972,31,3049.282475,False,0.95
55.242742,10,3050.727536,True,0.95
56.069935,13,3052.58443,True,0.95
-10.782579,31,3056.961062,False,0.95
-8.377092,31,3061.352172,False,0.95
-8.022366,31,3065.729524,False,0.95
61.532197,22,3068.840974,True,0.95
58.163989,19,3071.55717,True,0.95
50.999202,2,3071.872078,True,0.95
-13.83398,31,3076.251856,False,0.95
57.643169,19,3078.943076,True,0.95
-1.273056,31,3083.338672,False,0.95
53.476663,8,3084.497752,True,0.95
-24.493132,31,3088.895151,False,0.95
-5.863831,31,3093.284374,False,0.95
-2.558199,31,3097.683079,False,0.95
-2.514971,31,3102.08198,False,0.95
58.630173,21,3105.079597,True,0.95
-0.062719,31,3109.485357,False,0.95
57.777206,15,3111.632534,True,0.95
-2.634178,31,3116.045542,False,0.95
-7.694953,31,3120.4624,False,0.95
54.693036,9,3121.767694,True,0.95
-15.418098,31,3131.78611,False,0.95
-16.485547,31,3136.211181,False,0.95
-9.597632,31,3140.641372,False,0.95
-2.814246,31,3145.030456,False,0.95
-22.607916,31,3149.425282,False,0.95
-23.862033,31,3153.837304,False,0.95
54.58925,12,3155.587405,True,0.95
59.564752,20,3158.445167,True,0.95
-10.551794,31,3162.832873,False,0.95
-9.552339,31,3167.246479,False,0.95
-20.215564,31,3171.708302,False,0.95
-11.787403,31,3176.129448,False,0.95
0.052376,31,3180.550925,False,0.95
-3.264369,31,3184.989681,False,0.95
62.084759,23,3188.290192,True,0.95
-20.861348,31,3192.771951,False,0.95
55.00939,10,3194.246303,True,0.95
-9.590234,31,3198.63603,False,0.95
-9.680162,31,3203.071119,False,0.95
-19.352713,31,3207.512797,False,0.95
-8.954507,31,3211.95748,False,0.95
-1.394401,31,3216.391373,False,0.95
-21.493504,31,3220.841049,False,0.95
-13.157491,32,3225.465064,False,0.95
54.361203,9,3226.773451,True,0.95
1.514062,31,3231.206398,False,0.95
60.888712,21,3234.24878,True,0.95
-0.628759,31,3238.687473,False,0.95
57.924187,17,3241.160619,True,0.95
59.79054,19,3243.879351,True,0.95
-5.173662,31,3248.321026,False,0.95
-3.250075,31,3252.791045,False,0.95
-7.944979,31,3257.225191,False,0.95
-7.728091,31,3261.667808,False,0.95
-13.093226,32,3266.273415,False,0.95
53.089866,6,3267.169962,True,0.95
-7.103476,31,3271.621695,False,0.95
60.835244,22,3274.78665,True,0.95
-9.940032,31,3279.240773,False,0.95
61.202045,22,3282.412243,True,0.95
-16.217134,31,3286.872296,False,0.95
-6.84605,31,3291.349588,False,0.95
59.970635,19,3294.135946,True,0.95
-13.945248,31,3298.572878,False,0.95
-8.659748,31,3303.075686,False,0.95
-10.584478,31,3307.547058,False,0.95
-6.004119,31,3312.025153,False,0.95
-9.576353,31,3316.480559,False,0.95
54.952408,10,3317.955838,True,0.95
60.420654,20,3320.873928,True,0.95
50.220059,1,3321.046287,True,0.95
-13.413979,31,3325.529459,False,0.95
55.854933,12,3327.275443,True,0.95
-0.799354,31,3331.732556,False,0.95
-9.310388,31,3336.216529,False,0.95
-0.60183,31,3340.701359,False,0.95
52.520127,5,3341.45838,True,0.95
56.862701,14,3343.500502,True,0.95
-6.418924,32,3348.150568,False,0.95
-11.296645,31,3352.642243,False,0.95
-6.780336,31,3357.115963,False,0.95
-8.887102,31,3361.60325,False,0.95
-1.322762,31,3366.088945,False,0.95
-12.905361,31,3370.592507,False,0.95
56.205432,12,3372.359738,True,0.95
-3.420282,31,3376.854556,False,0.95
54.526568,9,3378.18284,True,0.95
49.434019,1,3378.361131,True,0.95
-12.427163,32,3383.013315,False,0.95
0.425804,31,3387.487273,False,0.95
-15.449241,32,3392.136873,False,0.95
-6.879674,31,3396.629889,False,0.95
58.346246,19,3399.41423,True,0.95
57.853685,15,3401.600898,True,0.95
-11.903395,31,3406.084213,False,0.95
60.300372,20,3409.051731,True,0.95
54.531908,10,3410.600272,True,0.95
-10.414854,31,3415.103906,False,0.95
0.926574,31,3419.578996,False,0.95
-12.679931,31,3424.108695,False,0.95
57.88569,17,3426.588594,True,0.95
-5.276515,31,3436.708551,False,0.95
54.442307,11,3438.321276,True,0.95
56.207163,12,3440.094899,True,0.95
56.703574,15,3442.316767,True,0.95
57.356269,14,3444.383516,True,0.95
-8.539319,31,3448.879768,False,0.95
57.845983,15,3451.090029,True,0.95
-19.91576,31,3455.606791,False,0.95
62.249695,24,3459.137881,True,0.95
-25.23213,31,3463.69291,False,0.95
-12.370696,31,3468.177055,False,0.95
-25.003963,32,3472.883044,False,0.95
53.730585,8,3474.08376,True,0.95
-4.075043,31,3478.60089,False,0.95
-22.249747,32,3483.284457,False,0.95
58.439446,16,3485.629542,True,0.95
60.562608,21,3488.70804,True,0.95
54.038549,9,3490.041667,True,0.95
56.238869,12,3491.849388,True,0.95
53.454856,7,3492.906976,True,0.95
-1.78445,31,3497.417857,False,0.95
59.229216,18,3500.069408,True,0.95
-0.004373,31,3504.603548,False,0.95
-1.190315,31,3509.425239,False,0.95
-4.19891,31,3513.963826,False,0.95
-13.382411,31,3518.506314,False,0.95
58.18842,17,3521.024778,True,0.95
58.773712,21,3524.209974,True,0.95
-3.615536,31,3528.834605,False,0.95
-24.798269,31,3533.41907,False,0.95
-15.283318,32,3538.101572,False,0.95
-25.462812,31,3542.6622,False,0.95
58.422346,16,3545.038072,True,0.95
-22.145509,31,3549.562369,False,0.95
56.805606,13,3551.496244,True,0.95
-5.669636,31,3556.054655,False,0.95
61.342588,23,3559.459032,True,0.95
50.47851,1,3559.63533,True,0.95
53.071603,7,3560.687476,True,0.95
56.394107,13,3562.632226,True,0.95
-4.113079,31,3567.209638,False,0.95
-5.527963,31,3571.75677,False,0.95
-6.346746,31,3576.322328,False,0.95
-10.92405,31,3580.889297,False,0.95
-25.750261,31,3585.45757,False,0.95
-11.356221,31,3589.998018,False,0.95
-23.570048,31,3594.582932,False,0.95
-1.082131,31,3599.120336,False,0.95
-12.360135,31,3603.684833,False,0.95
58.433218,17,3606.194309,True,0.95
-6.596137,31,3610.745601,False,0.95
60.513566,20,3613.721996,True,0.95
-22.538958,32,3618.430972,False,0.95
-4.454398,31,3623.01338,False,0.95
-7.189181,31,3627.569223,False,0.95
-20.074167,31,3632.137625,False,0.95
52.862416,6,3633.059857,True,0.95
55.009206,11,3634.70549,True,0.95
-4.834948,31,3639.272554,False,0.95
54.206699,9,3640.63113,True,0.95
-2.124213,31,3645.215263,False,0.95
-9.306891,31,3649.776006,False,0.95
-3.939247,31,3654.377593,False,0.95
-6.239377,31,3658.946896,False,0.95
-25.263051,32,3663.707058,False,0.95
51.031749,3,3664.182954,True,0.95
-11.116218,31,3668.764197,False,0.95
-13.439904,31,3673.342379,False,0.95
-10.189405,31,3677.927022,False,0.95
-9.438874,31,3682.520327,False,0.95
-5.961088,31,3687.086797,False,0.95
0.110984,31,3691.695783,False,0.95
56.43956,13,3693.660633,True,0.95
53.851585,9,3695.020723,True,0.95
-25.275237,31,3699.605439,False,0.95
-22.895349,31,3704.211344,False,0.95
-5.980157,31,3708.804664,False,0.95
-6.744423,31,3713.446751,False,0.95
-7.303462,31,3718.034056,False,0.95
-7.294647,31,3722.628746,False,0.95
-13.70242,31,3727.229699,False,0.95
60.685935,21,3730.346829,True,0.95
-7.03155,31,3734.961303,False,0.95
55.133208,10,3742.163401,True,0.95
60.555582,20,3745.160056,True,0.95
-8.434281,31,3749.772161,False,0.95
61.905813,23,3753.236665,True,0.95
-4.976023,31,3757.860653,False,0.95
-22.018136,31,3762.464243,False,0.95
-2.195593,31,3767.092283,False,0.95
-13.136905,31,3771.72946,False,0.95
-6.302471,31,3776.369724,False,0.95
-19.773569,31,3780.983068,False,0.95
-2.725091,31,3785.619012,False,0.95
-5.083199,31,3790.243313,False,0.95
-8.927783,31,3794.889376,False,0.95
54.136082,9,3796.245765,True,0.95
-25.263345,31,3800.859815,False,0.95
-22.742763,31,3805.477359,False,0.95
-3.665718,31,3810.121231,False,0.95
-16.248405,31,3814.781648,False,0.95
58.245416,17,3817.32461,True,0.95
-25.26045,32,3822.117277,False,0.95
-12.564516,31,3826.770893,False,0.95
-10.644642,32,3831.561239,False,0.95
-5.683406,31,3836.229942,False,0.95
61.990024,23,3839.684321,True,0.95
-18.227962,31,3844.33648,False,0.95
-23.159585,31,3848.975946,False,0.95
60.452738,20,3852.034928,True,0.95
-12.54446,31,3856.696894,False,0.95
-7.907648,31,3861.346047,False,0.95
-20.878346,31,3865.995555,False,0.95
-6.593577,31,3870.629622,False,0.95
49.643555,1,3870.815049,True,0.95
-11.364058,31,3875.473202,False,0.95
-14.422752,31,3880.108638,False,0.95
58.343683,17,3882.689813,True,0.95
60.470358,20,3885.735668,True,0.95
55.135979,10,3887.268084,True,0.95
53.88505,9,3888.653261,True,0.95
-12.397823,31,3893.302524,False,0.95
57.935693,16,3895.729108,True,0.95
-0.052321,31,3900.36318,False,0.95
-2.356451,31,3905.01983,False,0.95
-16.288441,31,3909.675037,False,0.95
54.649685,9,3911.055269,True,0.95
-5.329284,31,3915.703324,False,0.95
-25.061366,31,3920.346903,False,0.95
53.495858,7,3921.435112,True,0.95
-3.316058,31,3926.105186,False,0.95
-3.706946,31,3930.754659,False,0.95
-4.986798,31,3935.450398,False,0.95
57.09485,15,3937.719404,True,0.95
-25.230064,31,3942.410003,False,0.95
54.632902,9,3943.795261,True,0.95
60.008527,19,3946.683384,True,0.95
-13.983919,31,3951.360581,False,0.95
55.777096,12,3953.186769,True,0.95
-11.839315,31,3957.851719,False,0.95
61.04116,21,3961.048257,True,0.95
-14.268021,31,3965.70856,False,0.95
-11.457754,31,3970.370152,False,0.95
-24.514617,31,3975.080028,False,0.95
-8.71331,31,3979.732095,False,0.95
-10.018216,31,3984.413425,False,0.95
0.83603,31,3989.103447,False,0.95
-5.548997,31,3993.793301,False,0.95
-3.574707,31,3998.464329,False,0.95
-14.251638,31,4003.163151,False,0.95
-0.720785,31,4007.856663,False,0.95
62.472596,25,4011.664732,True,0.95
-16.941858,31,4016.336552,False,0.95
-20.459323,31,4021.029899,False,0.95
-12.321999,31,4025.73001,False,0.95
-14.006163,31,4030.416382,False,0.95
50.447851,1,4030.603568,True,0.95
58.379042,17,4033.202427,True,0.95
-0.768529,31,4037.90914,False,0.95
-3.961385,31,4042.613941,False,0.95
-14.048532,31,4047.303456,False,0.95
-13.050048,31,4057.509421,False,0.95
-9.878291,32,4062.376641,False,0.95
-13.320975,31,4067.098477,False,0.95
61.918004,24,4070.744768,True,0.95
-0.234821,31,4075.455788,False,0.95
-24.750189,31,4080.164371,False,0.95
50.493943,1,4080.351138,True,0.95
-5.948182,32,4085.242475,False,0.95
54.845215,10,4086.78896,True,0.95
-0.962622,31,4091.509665,False,0.95
54.312929,9,4092.924513,True,0.95
-3.520106,31,4097.69661,False,0.95
-13.196945,31,4102.401636,False,0.95
-3.659234,31,4107.122555,False,0.95
-4.317392,31,4111.847096,False,0.95
-0.117626,31,4116.563148,False,0.95
57.150812,14,4118.720198,True,0.95
-25.064442,31,4123.541329,False,0.95
-2.007457,31,4128.350874,False,0.95
-13.322559,31,4133.121053,False,0.95
54.077368,8,4134.388218,True,0.95
-23.162451,31,4139.122086,False,0.95
-13.416859,32,4144.012754,False,0.95
-9.18249,31,4148.743492,False,0.95
-8.048603,31,4153.489745,False,0.95
-25.050038,31,4158.228757,False,0.95
-3.187809,31,4162.951715,False,0.95
-14.407727,31,4167.681464,False,0.95
-10.78976,31,4172.413829,False,0.95
58.536886,17,4175.025516,True,0.95
-0.666216,31,4179.770172,False,0.95
-7.367242,31,4184.525636,False,0.95
-4.294268,31,4189.259352,False,0.95
-23.295521,31,4194.025147,False,0.95
58.070473,16,4196.497538,True,0.95
62.138565,23,4200.027455,True,0.95
-8.220383,31,4204.788676,False,0.95
-8.937486,31,4209.533813,False,0.95
-18.377724,31,4214.287623,False,0.95
53.503699,7,4215.395366,True,0.95
-3.010612,31,4220.13185,False,0.95
-12.007206,31,4224.909589,False,0.95
-9.396575,31,4229.647097,False,0.95
55.769823,11,4231.360018,True,0.95
-24.38482,31,4236.133571,False,0.95
51.63206,4,4236.795499,True,0.95
-7.363644,31,4241.55461,False,0.95
-24.833648,31,4246.322891,False,0.95
-13.12654,31,4251.083578,False,0.95
-3.631169,31,4255.848706,False,0.95
-12.879881,31,4260.612656,False,0.95
-7.164996,31,4265.358683,False,0.95
56.667896,13,4267.371049,True,0.95
-8.812258,31,4272.136024,False,0.95
-12.806096,31,4276.913475,False,0.95
56.319532,12,4278.801774,True,0.95
53.634002,7,4279.914752,True,0.95
-18.401112,31,4284.685126,False,0.95
-20.356682,31,4289.44808,False,0.95
-21.923728,32,4294.371709,False,0.95
-3.210927,31,4299.149526,False,0.95
-3.325477,31,4303.921926,False,0.95
61.619957,22,4307.328366,True,0.95
-6.935769,31,4312.090365,False,0.95
-7.603781,31,4316.86915,False,0.95
-23.422592,31,4321.658026,False,0.95
57.188738,14,4323.841004,True,0.95
54.199979,8,4325.114063,True,0.95
0.182459,31,4329.896868,False,0.95
0.667247,31,4334.683194,False,0.95
-4.376461,31,4339.460719,False,0.95
-8.102414,31,4344.329804,False,0.95
61.705578,26,4348.342169,True,0.95
58.949135,17,4350.994049,True,0.95
-3.442762,31,4355.811387,False,0.95
50.331021,1,4356.002427,True,0.95
-12.618523,31,4360.817739,False,0.95
-10.31807,31,4365.619304,False,0.95
-10.560168,31,4375.973391,False,0.95
-7.063538,31,4380.753471,False,0.95
58.366149,17,4383.42451,True,0.95
-14.105373,31,4388.216832,False,0.95
-23.266908,31,4393.021325,False,0.95
-11.967188,31,4397.82382,False,0.95
-15.846362,31,4402.627081,False,0.95
-9.947952,31,4407.459432,False,0.95
0.737043,31,4412.267086,False,0.95
-10.302176,31,4417.099787,False,0.95
-3.518282,31,4421.903527,False,0.95
-20.854842,31,4426.751517,False,0.95
53.345236,7,4427.869673,True,0.95
54.426013,9,4429.290847,True,0.95
-10.401835,31,4434.089541,False,0.95
-9.649046,31,4438.914192,False,0.95
-23.241436,31,4443.755466,False,0.95
60.431155,21,4447.041954,True,0.95
-1.21475,31,4451.870589,False,0.95
59.369865,19,4454.848498,True,0.95
55.246276,10,4456.441112,True,0.95
-7.58487,31,4461.256841,False,0.95
-22.308635,31,4466.079956,False,0.95
57.378467,14,4468.308906,True,0.95
55.732987,11,4470.054713,True,0.95
59.495828,19,4473.036283,True,0.95
58.895176,19,4476.009606,True,0.95
61.528181,23,4479.609414,True,0.95
57.862668,16,4482.129818,True,0.95
-13.660141,31,4486.957924,False,0.95
-18.454312,31,4491.799034,False,0.95
60.297975,20,4494.932441,True,0.95
-4.354919,31,4499.756004,False,0.95
-1.787896,31,4504.587616,False,0.95
-8.485405,31,4509.417974,False,0.95
-23.805201,31,4514.264521,False,0.95
-2.112812,31,4519.100399,False,0.95
-4.491676,31,4523.933036,False,0.95
56.41413,14,4526.137384,True,0.95
-7.580765,31,4531.003388,False,0.95
-20.0787,32,4536.004441,False,0.95
55.241339,10,4537.657132,True,0.95
53.028608,8,4538.951703,True,0.95
55.17959,12,4540.892877,True,0.95
-9.325537,31,4545.72291,False,0.95
-5.881666,31,4550.587259,False,0.95
-5.17616,31,4555.441318,False,0.95
-13.216045,31,4560.295274,False,0.95
-7.434257,31,4565.158031,False,0.95
58.957845,17,4567.840724,True,0.95
-14.385354,31,4572.700375,False,0.95
55.045794,12,4574.612283,True,0.95
55.717918,11,4576.350619,True,0.95
54.167059,8,4577.632564,True,0.95
-13.329547,31,4582.493774,False,0.95
-7.079256,31,4587.310271,False,0.95
-24.946839,31,4592.204886,False,0.95
-2.941917,31,4597.038178,False,0.95
-10.099852,31,4601.921349,False,0.95
55.010457,10,4603.533134,True,0.95
60.882022,22,4606.991558,True,0.95
-11.911426,32,4612.027342,False,0.95
-25.32121,31,4616.892168,False,0.95
55.61525,11,4618.643089,True,0.95
-24.106522,31,4623.511327,False,0.95
-24.99463,31,4628.385849,False,0.95
-21.226179,31,4633.266075,False,0.95
59.938264,20,4636.428949,True,0.95
-12.297588,31,4641.305293,False,0.95
-12.948039,31,4646.183532,False,0.95
-9.457703,31,4651.051154,False,0.95
49.608654,1,4651.242698,True,0.95
-24.407745,31,4656.124334,False,0.95
57.109861,15,4658.509134,True,0.95
-1.752091,31,4663.389347,False,0.95
58.413209,16,4665.915017,True,0.95
-3.719971,31,4670.801806,False,0.95
-16.879849,31,4675.704925,False,0.95
1.221151,31,4680.574051,False,0.95
54.689631,10,4682.181519,True,0.95
-8.608734,31,4687.060916,False,0.95
-12.313894,31,4691.971793,False,0.95
-2.569655,31,4702.448084,False,0.95
-20.652503,31,4707.333047,False,0.95
-24.947832,31,4712.232951,False,0.95
-3.485562,31,4717.088307,False,0.95
-7.879681,31,4721.996939,False,0.95
-9.401068,31,4727.002581,False,0.95
-1.964265,31,4731.954942,False,0.95
54.930428,10,4733.570554,True,0.95
-24.731775,31,4738.468192,False,0.95
60.858602,21,4741.827259,True,0.95
53.259592,8,4743.123065,True,0.95
62.466442,26,4747.226629,True,0.95
-0.880037,31,4752.121575,False,0.95
-4.601139,31,4757.026375,False,0.95
55.258782,10,4758.65634,True,0.95
-14.535193,31,4763.554602,False,0.95
59.254209,19,4766.590156,True,0.95
-6.465768,31,4771.497341,False,0.95
59.137008,19,4774.526446,True,0.95
56.559025,13,4776.612901,True,0.95
56.155554,12,4778.561554,True,0.95
0.521721,31,4783.489542,False,0.95
-3.08018,31,4788.405804,False,0.95
55.142936,10,4790.032736,True,0.95
-2.342314,31,4794.958703,False,0.95
-1.917817,31,4799.879271,False,0.95
57.949236,17,4802.611782,True,0.95
56.496708,15,4805.014332,True,0.95
60.476782,20,4808.219762,True,0.95
-25.072905,31,4813.186427,False,0.95
-10.04037,31,4818.106678,False,0.95
0.432151,31,4823.049457,False,0.95
57.888481,15,4825.437042,True,0.95
-11.503225,31,4830.362078,False,0.95
-21.927378,31,4835.287983,False,0.95
-14.635073,31,4840.235289,False,0.95
-7.18169,31,4845.185288,False,0.95
-18.930998,31,4850.090695,False,0.95
51.518003,3,4850.604179,True,0.95
-10.966595,32,4855.699632,False,0.95
-24.067944,31,4860.631607,False,0.95
-7.446631,31,4865.55004,False,0.95
2.088805,31,4870.504255,False,0.95
59.177765,19,4873.542048,True,0.95
-10.557731,31,4878.463543,False,0.95
-8.197851,31,4883.403937,False,0.95
-24.247141,31,4888.352445,False,0.95
-14.263607,31,4893.282425,False,0.95
60.002106,19,4896.315798,True,0.95
56.829455,13,4898.411356,True,0.95
-20.96445,31,4903.381508,False,0.95
-13.59846,31,4908.321215,False,0.95
57.989989,17,4911.071553,True,0.95
-1.71135,31,4916.031786,False,0.95
-3.642222,31,4921.026174,False,0.95
-12.277767,32,4926.12947,False,0.95
-4.846487,31,4931.07697,False,0.95
-15.057927,31,4936.0427,False,0.95
-24.268333,32,4941.176097,False,0.95
57.43942,17,4943.898188,True,0.95
-22.651324,32,4949.01323,False,0.95
54.29762,11,4950.811811,True,0.95
0.11167,31,4955.775057,False,0.95
-4.959931,31,4960.736384,False,0.95
54.194297,8,4962.044871,True,0.95
54.234145,11,4963.822505,True,0.95
-4.647175,31,4968.790231,False,0.95
49.647064,1,4968.989946,True,0.95
-24.729277,32,4974.121849,False,0.95
-13.290879,31,4979.086275,False,0.95
56.778613,13,4981.191456,True,0.95
-14.533981,31,4986.177715,False,0.95
-22.599932,31,4991.161167,False,0.95
-1.23653,31,4996.13293,False,0.95
56.38567,14,4998.393506,True,0.95
-3.910954,31,5003.375346,False,0.95
-13.861673,31,5008.331852,False,0.95
-5.194259,31,5013.315366,False,0.95
-1.803019,31,5018.294799,False,0.95
56.886948,17,5021.051941,True,0.95
-8.480401,31,5026.049458,False,0.95
-12.329873,31,5036.686437,False,0.95
-25.806986,31,5041.706475,False,0.95
53.972288,8,5043.027255,True,0.95
-24.751044,31,5048.026629,False,0.95
-1.461532,31,5053.026748,False,0.95
54.446092,10,5054.663738,True,0.95
-5.324923,31,5059.655384,False,0.95
-3.018816,32,5064.829891,False,0.95
54.126831,8,5066.166259,True,0.95
-9.102015,31,5071.1961,False,0.95
-15.434011,31,5076.182689,False,0.95
-5.603512,31,5081.187463,False,0.95
61.60617,22,5084.75649,True,0.95
-4.736719,31,5089.747689,False,0.95
-11.192129,32,5094.908068,False,0.95
60.986719,21,5098.315396,True,0.95
-19.629066,31,5103.337999,False,0.95
52.587138,5,5104.174356,True,0.95
-3.904481,31,5109.181273,False,0.95
-25.32819,31,5114.186639,False,0.95
-25.197836,32,5119.346606,False,0.95
53.139992,6,5120.363034,True,0.95
61.111821,22,5123.923094,True,0.95
-1.32734,31,5128.925341,False,0.95
56.66051,14,5131.232755,True,0.95
61.454954,25,5135.286938,True,0.95
-12.807248,31,5140.290195,False,0.95
-5.051387,31,5145.328245,False,0.95
-10.36412,31,5150.371664,False,0.95
-1.592633,31,5155.372862,False,0.95
-1.977345,32,5160.557247,False,0.95
58.429115,16,5163.166031,True,0.95
-24.874162,31,5168.192511,False,0.95
-3.312342,31,5173.222741,False,0.95
-8.165556,31,5178.229964,False,0.95
60.400727,21,5181.638064,True,0.95
51.025852,2,5182.003081,True,0.95
1.984737,31,5187.02318,False,0.95
54.645192,10,5188.66788,True,0.95
58.521785,17,5191.472207,True,0.95
-18.957286,31,5196.473917,False,0.95
-7.873763,31,5201.534181,False,0.95
-0.901171,31,5206.552377,False,0.95
62.011743,24,5210.472457,True,0.95
-1.967922,31,5215.513493,False,0.95
-24.566558,31,5220.53866,False,0.95
1.078143,31,5225.576471,False,0.95
-22.165325,31,5230.591192,False,0.95
55.714369,11,5232.416779,True,0.95
52.944053,6,5233.430285,True,0.95
57.163499,14,5235.718045,True,0.95
-5.442436,31,5240.738104,False,0.95
55.445617,11,5242.553321,True,0.95
-6.293866,31,5247.553248,False,0.95
-25.298498,31,5252.605354,False,0.95
53.907834,10,5254.256787,True,0.95
58.450256,17,5257.029904,True,0.95
-5.879041,31,5262.06509,False,0.95
-25.286852,32,5267.281043,False,0.95
54.872353,10,5268.944224,True,0.95
-22.331323,32,5274.165643,False,0.95
-24.005294,32,5279.386008,False,0.95
-3.467363,31,5284.450446,False,0.95
-18.187543,31,5289.503477,False,0.95
57.134001,14,5291.818439,True,0.95
49.710172,1,5292.025486,True,0.95
57.907915,15,5294.480126,True,0.95
-23.220616,31,5299.515733,False,0.95
-12.433978,31,5304.54702,False,0.95
-18.641101,31,5309.580269,False,0.95
58.424472,16,5312.212764,True,0.95
54.84035,12,5314.190206,True,0.95
59.756441,19,5317.309838,True,0.95
-6.054259,31,5322.362778,False,0.95
-7.449807,31,5327.528843,False,0.95
59.580337,19,5330.687247,True,0.95
1.128018,31,5335.743988,False,0.95
-10.677404,31,5340.798572,False,0.95
-2.527696,31,5345.843903,False,0.95
-1.450873,31,5350.90891,False,0.95
-16.699203,31,5355.95894,False,0.95
-4.547004,31,5361.050813,False,0.95
-0.703695,31,5366.119623,False,0.95
56.293273,12,5373.754967,True,0.95
-0.494384,31,5378.82673,False,0.95
0.737958,31,5383.908083,False,0.95
-2.459834,31,5389.062086,False,0.95
-13.238655,31,5394.138096,False,0.95
-6.376691,31,5399.217335,False,0.95
56.091071,15,5401.679339,True,0.95
60.011103,19,5404.805277,True,0.95
-5.524233,31,5409.89481,False,0.95
58.428976,16,5412.534394,True,0.95
-8.833797,31,5417.607636,False,0.95
57.232288,14,5419.932153,True,0.95
-5.183475,31,5425.004031,False,0.95
-3.698591,31,5430.090466,False,0.95
-6.877313,31,5435.160782,False,0.95
-13.067543,31,5440.242669,False,0.95
-22.171655,31,5445.323479,False,0.95
-2.065213,31,5450.417796,False,0.95
-11.96106,32,5455.668362,False,0.95
-22.267335,31,5460.733495,False,0.95
-10.036289,31,5465.822363,False,0.95
-25.241517,31,5470.931098,False,0.95
-6.434822,31,5476.015302,False,0.95
-3.144996,31,5481.110245,False,0.95
-15.654326,31,5486.194457,False,0.95
-2.625018,31,5491.305279,False,0.95
-24.611931,31,5496.405091,False,0.95
53.803412,9,5497.91431,True,0.95
58.609388,21,5501.404505,True,0.95
60.024994,19,5504.556555,True,0.95
-5.926634,31,5509.665314,False,0.95
55.801038,14,5511.979764,True,0.95
-11.692312,31,5517.091253,False,0.95
-6.170832,31,5522.186576,False,0.95
-8.665984,31,5527.296306,False,0.95
-9.808938,31,5532.364607,False,0.95
-8.762092,31,5537.484032,False,0.95
54.189021,9,5538.994011,True,0.95
-7.482408,31,5544.091785,False,0.95
-12.56998,31,5549.204795,False,0.95
61.912116,24,5553.193851,True,0.95
-5.607518,31,5558.302022,False,0.95
-11.140439,31,5563.397534,False,0.95
-2.432151,31,5568.51501,False,0.95
-4.309157,31,5573.610752,False,0.95
-12.842831,31,5578.728476,False,0.95
-7.047585,32,5584.015697,False,0.95
-1.884032,32,5589.336203,False,0.95
59.248209,18,5592.347795,True,0.95
-11.819694,32,5597.730927,False,0.95
59.249453,20,5601.05908,True,0.95
-6.077916,31,5606.181069,False,0.95
55.268898,13,5608.352144,True,0.95
-11.254731,31,5613.473176,False,0.95
58.90062,17,5616.300783,True,0.95
-13.891673,31,5621.43621,False,0.95
60.104077,20,5624.77859,True,0.95
-14.177632,31,5629.902809,False,0.95
49.724039,1,5630.104921,True,0.95
-18.109364,31,5635.341121,False,0.95
-12.886751,31,5640.460622,False,0.95
-6.302262,31,5645.566234,False,0.95
-14.745557,31,5650.697295,False,0.95
-25.353986,31,5655.867575,False,0.95
-14.824792,32,5661.187191,False,0.95
-15.4525,31,5666.324686,False,0.95
54.140638,8,5667.681756,True,0.95
-23.464311,31,5672.818868,False,0.95
-8.00687,31,5677.977207,False,0.95
49.767262,1,5678.179272,True,0.95
54.176215,8,5679.531589,True,0.95
-0.949472,31,5684.6876,False,0.95
-1.024356,31,5689.911001,False,0.95
-2.456576,31,5695.056709,False,0.95
56.577071,13,5697.2386,True,0.95
57.681163,16,5699.925269,True,0.95
-6.320667,32,5705.277776,False,0.95
57.27769,18,5708.304205,True,0.95
-14.126031,31,5719.079465,False,0.95
49.508544,1,5719.277193,True,0.95
-8.169661,31,5724.42854,False,0.95
54.8568,10,5726.125476,True,0.95
-0.21173,31,5731.28519,False,0.95
57.706644,17,5734.131864,True,0.95
-12.202967,31,5739.27216,False,0.95
-10.28593,31,5744.426554,False,0.95
60.300883,21,5747.918993,True,0.95
-21.649917,31,5753.048652,False,0.95
-13.587057,31,5758.185468,False,0.95
-25.284326,31,5763.307389,False,0.95
-10.843529,31,5768.482384,False,0.95
-13.85758,31,5773.627717,False,0.95
55.000828,10,5775.340983,True,0.95
-5.194943,31,5780.496357,False,0.95
-12.23922,31,5785.666685,False,0.95
-5.292921,31,5790.821969,False,0.95
1.289984,31,5795.993491,False,0.95
-19.270174,32,5801.32828,False,0.95
53.591401,8,5802.690133,True,0.95
-5.327526,31,5807.848812,False,0.95
-4.103431,31,5812.99129,False,0.95
54.046042,8,5814.362179,True,0.95
-25.325813,31,5819.526517,False,0.95
-21.925943,31,5824.708258,False,0.95
-18.834904,31,5829.869542,False,0.95
61.466807,25,5834.061416,True,0.95
-13.139787,31,5839.25276,False,0.95
-10.877569,31,5844.421391,False,0.95
-24.658898,31,5849.592968,False,0.95
0.472226,31,5854.774983,False,0.95
-2.029504,32,5860.143592,False,0.95
-12.020642,32,5865.503549,False,0.95
-3.413725,31,5870.694151,False,0.95
60.185611,21,5874.218513,True,0.95
-3.786418,31,5879.385725,False,0.95
-1.524471,31,5884.587538,False,0.95
49.690226,1,5884.788345,True,0.95
56.513789,13,5886.979537,True,0.95
1.304707,31,5892.168595,False,0.95
-18.482353,31,5897.410762,False,0.95
54.60031,9,5898.938079,True,0.95
-10.921154,31,5904.124338,False,0.95
-1.97297,31,5909.300747,False,0.95
-7.204638,31,5914.48085,False,0.95
57.243643,17,5917.35091,True,0.95
-12.882717,31,5922.54287,False,0.95
61.460079,22,5926.393578,True,0.95
-3.918374,31,5931.636869,False,0.95
56.300804,14,5934.021082,True,0.95
57.201923,14,5936.392821,True,0.95
-11.809156,31,5941.558174,False,0.95
-13.094078,31,5946.766427,False,0.95
-4.509266,31,5951.946456,False,0.95
59.486964,18,5955.006561,True,0.95
-4.396851,31,5960.212204,False,0.95
61.045636,21,5963.779469,True,0.95
-13.010941,31,5969.007462,False,0.95
-11.131551,31,5974.233254,False,0.95
-11.430242,31,5979.474293,False,0.95
-9.70868,31,5984.715343,False,0.95
-6.996998,31,5989.912914,False,0.95
-0.750334,31,5995.115712,False,0.95
-7.344453,31,6000.307552,False,0.95
-5.706545,31,6005.504129,False,0.95
59.998498,19,6008.715702,True,0.95
-7.293607,31,6013.92529,False,0.95
60.823372,22,6017.661027,True,0.95
-19.004752,31,6022.853487,False,0.95
-25.266503,31,6028.087629,False,0.95
59.099487,21,6031.636317,True,0.95
-2.754724,31,6036.851909,False,0.95
-1.152396,31,6042.062103,False,0.95
-24.337582,31,6047.303653,False,0.95
57.379651,14,6049.690045,True,0.95
-14.181648,31,6054.937873,False,0.95
-3.910761,31,6060.221174,False,0.95
61.05135,21,6069.435645,True,0.95
54.305269,10,6071.162258,True,0.95
-6.43151,31,6076.405327,False,0.95
58.87354,17,6079.300829,True,0.95
-8.252529,31,6084.571396,False,0.95
53.610979,7,6085.797913,True,0.95
-6.27352,31,6091.043014,False,0.95
57.180234,14,6093.449524,True,0.95
-1.005697,31,6098.666737,False,0.95
-1.488505,31,6103.899177,False,0.95
-13.987278,31,6109.134683,False,0.95
58.848124,19,6112.358182,True,0.95
-9.15406,31,6117.614643,False,0.95
-25.229053,31,6122.876639,False,0.95
-1.302372,31,6128.130936,False,0.95
-11.467859,32,6133.57196,False,0.95
-2.720577,31,6138.80265,False,0.95
-20.354019,31,6144.062317,False,0.95
-12.666642,32,6149.509583,False,0.95
-0.480817,31,6154.801979,False,0.95
-1.936588,31,6160.078734,False,0.95
0.291696,31,6165.355774,False,0.95
-11.391809,31,6170.623238,False,0.95
-17.426061,32,6176.087874,False,0.95
-8.556232,31,6181.342253,False,0.95
-3.256007,31,6186.606163,False,0.95
55.450033,15,6189.171314,True,0.95
-3.968849,31,6194.469825,False,0.95
-16.305994,31,6199.770925,False,0.95
-12.067834,31,6205.057184,False,0.95
57.41018,16,6207.824134,True,0.95
53.007164,6,6208.916182,True,0.95
52.02817,4,6209.636713,True,0.95
-13.41929,32,6215.087545,False,0.95
-10.560562,31,6220.376015,False,0.95
-6.090041,31,6225.678498,False,0.95
-8.616314,31,6230.984117,False,0.95
1.099895,31,6236.265996,False,0.95
-19.457575,31,6241.552416,False,0.95
-25.769827,31,6246.837816,False,0.95
-12.951532,31,6252.156839,False,0.95
61.584216,22,6255.923988,True,0.95
59.579479,21,6259.526408,True,0.95
-25.176434,32,6264.989919,False,0.95
-22.087169,31,6270.280411,False,0.95
-8.974609,31,6275.545426,False,0.95
60.181774,21,6279.145297,True,0.95
54.901471,12,6281.233677,True,0.95
-0.550142,31,6286.543924,False,0.95
59.4704,18,6289.652356,True,0.95
-11.663506,31,6294.934979,False,0.95
-24.038312,31,6300.210363,False,0.95
-0.682481,31,6305.506875,False,0.95
-0.474382,31,6310.823933,False,0.95
-24.004953,31,6316.101715,False,0.95
-6.083773,31,6321.407744,False,0.95
57.090217,15,6323.999946,True,0.95
-23.265795,31,6329.293661,False,0.95
-6.131015,31,6334.593853,False,0.95
0.510966,31,6339.895476,False,0.95
-14.28437,31,6345.197273,False,0.95
-3.653891,31,6350.515965,False,0.95
-25.326358,31,6355.817075,False,0.95
-0.997359,31,6361.12612,False,0.95
-9.282775,31,6366.438009,False,0.95
-23.187276,31,6371.774376,False,0.95
-3.730183,31,6377.080934,False,0.95
-8.42918,31,6382.390957,False,0.95
-20.176113,31,6387.71209,False,0.95
-21.656,31,6393.026824,False,0.95
-7.737105,31,6398.355515,False,0.95
-11.864273,31,6403.689206,False,0.95
-25.608909,31,6409.009768,False,0.95
56.180446,13,6411.253302,True,0.95
-6.871129,31,6422.204254,False,0.95
-7.245243,31,6427.529177,False,0.95
58.425896,16,6430.342603,True,0.95
-12.674261,31,6435.671375,False,0.95
-5.098568,31,6441.0134,False,0.95
-22.373503,33,6446.691221,False,0.95
-21.720159,31,6452.039066,False,0.95
-24.153819,31,6457.367758,False,0.95
-1.004374,31,6462.720901,False,0.95
-10.540882,31,6468.065948,False,0.95
56.717673,14,6470.51881,True,0.95
-2.901279,31,6475.848743,False,0.95
-23.109065,32,6481.390871,False,0.95
56.795173,13,6483.64625,True,0.95
-9.975627,31,6489.009509,False,0.95
-6.146524,31,6494.361245,False,0.95
-12.478762,31,6500.036311,False,0.95
-6.246188,31,6505.373384,False,0.95
54.142577,8,6506.780465,True,0.95
-15.993958,31,6512.159892,False,0.95
56.643967,13,6514.41654,True,0.95
-10.89159,31,6519.767448,False,0.95
-22.574805,31,6525.202808,False,0.95
-12.386429,31,6530.655581,False,0.95
53.621292,8,6532.095428,True,0.95
-10.817061,31,6537.421115,False,0.95
58.059715,18,6540.578376,True,0.95
-12.193153,31,6545.919136,False,0.95
-9.69411,32,6551.490834,False,0.95
56.502065,15,6554.094479,True,0.95
-8.214978,31,6559.466528,False,0.95
-6.458445,31,6564.838747,False,0.95
-22.872975,32,6570.404508,False,0.95
-21.056004,31,6575.786755,False,0.95
61.026274,21,6579.445591,True,0.95
-20.190024,31,6584.814881,False,0.95
53.965219,8,6586.235896,True,0.95
-10.856142,31,6591.623354,False,0.95
-10.399111,31,6596.984258,False,0.95
-12.83846,32,6602.540058,False,0.95
61.804532,23,6606.548277,True,0.95
60.689307,22,6610.381818,True,0.95
-1.532154,31,6615.758328,False,0.95
-7.779534,31,6621.174121,False,0.95
-8.150382,31,6626.554123,False,0.95
-8.815648,31,6631.951956,False,0.95
1.519397,31,6637.318026,False,0.95
-12.665059,31,6642.73912,False,0.95
-14.310107,31,6648.124235,False,0.95
-2.070457,31,6653.484499,False,0.95
53.993554,11,6655.42744,True,0.95
-23.273697,31,6660.832564,False,0.95
-25.19845,31,6666.21749,False,0.95
-11.064908,31,6671.586999,False,0.95
-4.458581,31,6676.983082,False,0.95
60.481889,21,6680.668944,True,0.95
-5.759137,31,6686.044564,False,0.95
-12.905807,31,6691.459164,False,0.95
-2.027118,31,6696.853711,False,0.95
52.381797,5,6697.755571,True,0.95
-25.471787,33,6703.512065,False,0.95
-23.663972,31,6708.928458,False,0.95
-5.163666,31,6714.325876,False,0.95
-0.673793,31,6719.734589,False,0.95
-1.185498,31,6725.124841,False,0.95
0.326945,31,6730.55275,False,0.95
-4.234555,31,6735.945781,False,0.95
-15.026153,31,6741.370428,False,0.95
56.34985,13,6743.661879,True,0.95
-6.825505,31,6749.089799,False,0.95
-13.572304,31,6754.511719,False,0.95
-2.833514,31,6759.955734,False,0.95
-10.628476,31,6765.375045,False,0.95
-25.309399,31,6770.775662,False,0.95
58.265265,16,6773.583136,True,0.95
-6.521596,31,6784.695708,False,0.95
54.187989,8,6786.144357,True,0.95
-3.727617,31,6791.612445,False,0.95
61.109968,21,6795.312461,True,0.95
59.449076,18,6798.480529,True,0.95
-5.168885,31,6803.870287,False,0.95
-11.410708,32,6809.50709,False,0.95
61.501336,23,6813.553381,True,0.95
-4.156547,31,6818.981119,False,0.95
-25.326908,31,6824.425394,False,0.95
-4.083356,31,6829.862055,False,0.95
57.357653,14,6832.34505,True,0.95
-11.885351,31,6837.798904,False,0.95
0.266477,31,6843.232663,False,0.95
61.565928,24,6847.464496,True,0.95
-8.650563,31,6852.910888,False,0.95
-3.235444,31,6858.345269,False,0.95
-13.293574,32,6863.966441,False,0.95
-7.129476,31,6869.400434,False,0.95
-13.873743,31,6874.849099,False,0.95
-11.129741,31,6880.313504,False,0.95
-25.349696,31,6885.746811,False,0.95
56.628405,13,6888.055462,True,0.95
57.171497,14,6890.549092,True,0.95
-20.286446,31,6895.995637,False,0.95
-4.526451,32,6901.608069,False,0.95
-8.871034,31,6907.027034,False,0.95
58.854469,17,6910.034094,True,0.95
-22.657398,31,6915.493458,False,0.95
58.483327,18,6918.671543,True,0.95
-24.01561,31,6924.119358,False,0.95
-9.999915,31,6929.595685,False,0.95
-2.841365,31,6935.125247,False,0.95
-8.817397,31,6940.597073,False,0.95
-8.353621,31,6946.064294,False,0.95
-3.203428,31,6951.546648,False,0.95
-0.357752,31,6957.028847,False,0.95
-25.268952,32,6962.696927,False,0.95
-7.985955,31,6968.16209,False,0.95
-2.588544,31,6973.63675,False,0.95
58.324104,16,6976.500591,True,0.95
-10.855296,32,6982.171511,False,0.95
-21.141265,32,6987.838129,False,0.95
-11.8991,31,6993.311012,False,0.95
-13.477362,31,6998.793355,False,0.95
-12.261045,31,7004.278312,False,0.95
-6.330757,31,7009.768204,False,0.95
-5.425287,31,7015.256886,False,0.95
57.682209,17,7018.295967,True,0.95
-14.177552,32,7023.957414,False,0.95
-3.14405,31,7029.424435,False,0.95
60.442461,21,7033.160431,True,0.95
-1.464169,31,7038.633818,False,0.95
-15.305843,31,7044.136988,False,0.95
-25.077875,31,7049.599798,False,0.95
-1.636984,31,7055.082684,False,0.95
-13.742762,31,7060.588105,False,0.95
-5.315974,31,7066.08248,False,0.95
-23.683405,31,7071.573241,False,0.95
-12.83777,31,7077.08425,False,0.95
55.567434,12,7079.237074,True,0.95
-23.917644,31,7084.756826,False,0.95
-11.494816,31,7090.23926,False,0.95
-25.239007,31,7095.769927,False,0.95
-7.21604,31,7101.281362,False,0.95
-11.621201,31,7106.801868,False,0.95
62.212622,24,7111.065488,True,0.95
-13.103633,31,7116.566601,False,0.95
-24.231734,31,7122.087296,False,0.95
-1.879478,31,7127.71594,False,0.95
-1.070965,31,7133.263916,False,0.95
-9.948292,31,7138.774028,False,0.95
-9.411974,31,7144.2836,False,0.95
1.225187,31,7155.33499,False,0.95
-0.255204,31,7160.877357,False,0.95
-24.981692,31,7166.447748,False,0.95
-14.068245,31,7171.953191,False,0.95
-1.350932,31,7177.465804,False,0.95
-17.432916,31,7182.974824,False,0.95
54.108917,9,7184.599356,True,0.95
-21.639824,31,7190.105227,False,0.95
50.987292,3,7190.675051,True,0.95
-13.930447,32,7196.419119,False,0.95
-13.237328,31,7201.938466,False,0.95
-6.704521,31,7207.486568,False,0.95
-7.479611,31,7213.037721,False,0.95
-4.487382,31,7218.57322,False,0.95
-3.69648,31,7224.103154,False,0.95
-9.584974,31,7229.617663,False,0.95
-24.967601,31,7235.159376,False,0.95
-7.342513,31,7240.69352,False,0.95
-24.479309,32,7246.422238,False,0.95
57.059153,14,7248.939416,True,0.95
58.663805,18,7252.187667,True,0.95
-2.83198,31,7257.697384,False,0.95
-7.05349,31,7263.245218,False,0.95
-6.255453,31,7268.775476,False,0.95
-25.189294,31,7274.331395,False,0.95
-13.66292,31,7279.869388,False,0.95
61.099279,21,7283.672999,True,0.95
-22.578485,31,7289.2041,False,0.95
-7.814465,31,7294.757821,False,0.95
-21.035906,32,7300.489197,False,0.95
62.129952,23,7304.615172,True,0.95
-3.696506,31,7310.155957,False,0.95
-1.502872,31,7315.73732,False,0.95
-7.926535,31,7321.300339,False,0.95
-7.920441,31,7326.858713,False,0.95
55.675554,11,7328.848067,True,0.95
-2.804707,31,7334.425078,False,0.95
-2.004255,31,7339.990609,False,0.95
-1.957341,31,7345.561614,False,0.95
-12.349534,31,7351.120436,False,0.95
53.74492,8,7352.594948,True,0.95
-13.393995,31,7358.166593,False,0.95
61.504837,23,7362.317661,True,0.95
-4.464536,31,7367.886616,False,0.95
-24.274172,31,7373.484862,False,0.95
-0.632486,31,7379.044225,False,0.95
-2.945522,31,7384.619257,False,0.95
60.552678,20,7388.220091,True,0.95
-6.591504,31,7393.827818,False,0.95
60.918604,23,7397.985441,True,0.95
-5.087786,31,7403.586969,False,0.95
-19.218372,31,7409.148276,False,0.95
-14.075337,32,7414.945611,False,0.95
-1.624149,31,7420.522724,False,0.95
56.170584,12,7422.727894,True,0.95
55.155654,10,7424.559831,True,0.95
54.199373,8,7426.033663,True,0.95
-24.946382,31,7431.641159,False,0.95
52.801687,6,7432.786489,True,0.95
-9.396572,31,7438.373308,False,0.95
-21.455838,31,7443.969728,False,0.95
-20.919648,33,7449.986415,False,0.95
-0.33013,31,7455.619059,False,0.95
-6.746153,31,7461.218454,False,0.95
-10.349974,31,7466.828593,False,0.95
54.709659,9,7468.476743,True,0.95
-10.536874,31,7474.082653,False,0.95
-6.372228,31,7479.696562,False,0.95
61.069244,21,7483.555845,True,0.95
-14.730086,31,7489.150922,False,0.95
-0.311389,31,7494.750021,False,0.95
49.978748,1,7494.969744,True,0.95
-7.22457,31,7500.571076,False,0.95
-22.793667,31,7506.156456,False,0.95
0.89654,31,7511.772929,False,0.95
-24.010028,31,7517.375721,False,0.95
-7.321888,31,7528.637032,False,0.95
-16.783948,31,7534.273164,False,0.95
50.013946,1,7534.498421,True,0.95
-10.64213,31,7540.500289,False,0.95
49.420505,1,7540.730047,True,0.95
57.947993,15,7543.659834,True,0.95
57.874347,16,7546.804041,True,0.95
-7.538489,31,7552.760776,False,0.95
-21.141446,31,7558.74728,False,0.95
-7.23814,31,7564.416509,False,0.95
60.333696,22,7568.442192,True,0.95
-7.587195,31,7574.078605,False,0.95
-25.386459,31,7579.730226,False,0.95
58.167538,18,7583.020308,True,0.95
60.118007,22,7587.022855,True,0.95
-13.67145,31,7592.642594,False,0.95
-23.652724,31,7598.27993,False,0.95
-21.87299,31,7603.919835,False,0.95
-5.311173,31,7609.54112,False,0.95
56.546379,13,7611.946946,True,0.95
-12.303202,31,7617.59449,False,0.95
-7.418708,31,7623.230314,False,0.95
-13.270056,31,7628.88794,False,0.95
55.132424,10,7630.755693,True,0.95
58.430628,16,7633.677636,True,0.95
61.548975,22,7637.726733,True,0.95
-22.211575,31,7643.350922,False,0.95
57.3785,14,7645.931587,True,0.95
-21.07407,31,7651.571113,False,0.95
-12.841812,31,7657.223155,False,0.95
-11.616787,31,7662.902876,False,0.95
-7.752002,31,7668.562883,False,0.95
-23.855941,31,7674.189104,False,0.95
-15.871295,31,7679.86133,False,0.95
-5.473705,31,7685.494754,False,0.95
-0.704207,31,7691.161614,False,0.95
55.743129,11,7693.201223,True,0.95
-7.42806,31,7698.875777,False,0.95
-12.250445,31,7704.538058,False,0.95
-3.845883,31,7710.190537,False,0.95
-14.445828,31,7715.863396,False,0.95
-19.633131,31,7721.533807,False,0.95
-0.314713,31,7727.302387,False,0.95
-12.382999,32,7733.242155,False,0.95
-2.006026,31,7738.903759,False,0.95
59.493456,18,7742.210323,True,0.95
-16.200085,31,7747.880795,False,0.95
-7.687899,31,7753.553059,False,0.95
-0.477718,31,7759.25184,False,0.95
-10.753044,31,7764.921389,False,0.95
-8.313478,31,7770.59799,False,0.95
-23.571211,31,7776.277401,False,0.95
61.036802,21,7780.146371,True,0.95
59.68693,19,7783.635725,True,0.95
61.490577,25,7788.22576,True,0.95
-8.775833,31,7793.896438,False,0.95
58.490199,19,7797.418806,True,0.95
-3.998655,31,7803.075459,False,0.95
54.634479,9,7804.751786,True,0.95
60.305232,20,7808.466191,True,0.95
-3.12801,31,7814.153427,False,0.95
-5.594913,31,7819.842834,False,0.95
-5.574226,31,7825.525523,False,0.95
-21.797399,31,7831.227409,False,0.95
-11.790649,31,7836.935744,False,0.95
-6.640639,31,7842.614265,False,0.95
-9.308835,31,7848.317617,False,0.95
-2.767077,31,7854.011821,False,0.95
-6.161983,31,7859.72146,False,0.95
-21.677442,31,7865.424629,False,0.95
-22.986874,31,7871.149781,False,0.95
49.990686,1,7871.37142,True,0.95
0.073876,31,7877.084848,False,0.95
0.222228,31,7882.786868,False,0.95
-2.085733,31,7888.499554,False,0.95
-12.221422,32,7894.38339,False,0.95
59.367032,18,7897.737727,True,0.95
-18.95501,31,7908.868398,False,0.95
61.049188,21,7912.744351,True,0.95
-25.489323,31,7918.464175,False,0.95
58.84529,17,7921.598967,True,0.95
57.386934,15,7924.373164,True,0.95
-6.384317,32,7930.307848,False,0.95
-1.699017,31,7936.061638,False,0.95
-6.140864,31,7941.752569,False,0.95
-13.70172,31,7947.493161,False,0.95
54.679097,9,7949.177107,True,0.95
-4.303644,32,7955.096229,False,0.95
58.972264,17,7958.275564,True,0.95
-11.912871,31,7964.005175,False,0.95
-13.131316,31,7969.737322,False,0.95
-6.116326,31,7975.481906,False,0.95
-7.960418,32,7981.393541,False,0.95
55.769732,11,7983.44223,True,0.95
-17.319462,32,7989.362064,False,0.95
58.755988,18,7992.712406,True,0.95
-1.895639,31,7998.484978,False,0.95
-12.85645,31,8004.20539,False,0.95
61.577349,22,8008.288113,True,0.95
53.66035,7,8009.610342,True,0.95
-25.318112,31,8015.341327,False,0.95
-3.780087,31,8021.077318,False,0.95
-19.116747,31,8026.831376,False,0.95
-3.963824,31,8032.566012,False,0.95
-25.271823,31,8038.297886,False,0.95
59.779984,19,8041.82241,True,0.95
-12.897468,32,8047.766658,False,0.95
-1.069647,31,8053.531026,False,0.95
52.455267,7,8054.864085,True,0.95
-6.293326,31,8060.619325,False,0.95
-11.63198,31,8066.374622,False,0.95
-11.60048,31,8072.095786,False,0.95
-14.073487,31,8077.838224,False,0.95
-1.600898,31,8083.588339,False,0.95
54.50507,9,8085.288765,True,0.95
-13.523325,31,8091.037683,False,0.95
60.278714,20,8094.76879,True,0.95
62.083984,23,8099.061039,True,0.95
-21.898779,31,8104.802488,False,0.95
-21.152687,31,8110.55745,False,0.95
-3.477322,32,8116.520771,False,0.95
-9.143804,31,8122.280624,False,0.95
-19.468625,31,8128.039729,False,0.95
56.820177,13,8130.468522,True,0.95
-24.414177,31,8136.245687,False,0.95
-3.893352,31,8142.009003,False,0.95
-5.612147,31,8147.777474,False,0.95
-9.276992,31,8153.565144,False,0.95
-24.751229,31,8159.326383,False,0.95
61.046053,21,8163.246261,True,0.95
-21.450589,31,8169.016447,False,0.95
-0.908112,31,8174.791894,False,0.95
54.406699,11,8176.857478,True,0.95
-10.544407,31,8182.622136,False,0.95
57.235577,14,8185.267577,True,0.95
-13.855337,31,8191.038622,False,0.95
58.807554,17,8194.229172,True,0.95
60.479111,20,8197.974522,True,0.95
-1.203521,31,8203.766595,False,0.95
54.725538,10,8205.666793,True,0.95
1.516347,31,8211.448576,False,0.95
-3.442989,31,8217.250441,False,0.95
53.935731,11,8219.322814,True,0.95
-10.768697,32,8225.290112,False,0.95
-13.724665,31,8231.049665,False,0.95
-4.050252,31,8236.835622,False,0.95
-9.732596,32,8242.825401,False,0.95
62.591341,24,8247.311143,True,0.95
-12.715893,31,8253.109346,False,0.95
-3.565834,31,8258.887579,False,0.95
-13.667477,31,8264.682599,False,0.95
-6.357162,31,8270.456741,False,0.95
-11.414713,31,8276.236662,False,0.95
55.530233,13,8278.683956,True,0.95
-0.061383,31,8284.455357,False,0.95
-4.083928,31,8295.712408,False,0.95
-9.152943,31,8301.527628,False,0.95
55.001136,10,8303.420545,True,0.95
50.47614,1,8303.652031,True,0.95
-23.759692,31,8309.438781,False,0.95
-8.489813,31,8315.247036,False,0.95
-11.959627,31,8321.038637,False,0.95
53.469608,7,8322.40008,True,0.95
-2.076676,31,8328.295398,False,0.95
-0.728692,31,8334.146459,False,0.95
-8.143033,31,8339.957147,False,0.95
-13.336288,31,8345.758176,False,0.95
-3.576541,31,8351.566685,False,0.95
-1.505967,31,8357.38279,False,0.95
-5.31703,31,8363.21958,False,0.95
-7.626235,31,8369.036487,False,0.95
-6.10312,31,8374.843646,False,0.95
-5.722764,31,8380.663136,False,0.95
-9.350672,31,8386.489046,False,0.95
-19.804393,31,8392.306656,False,0.95
59.544575,22,8396.451448,True,0.95
-18.122948,31,8402.290097,False,0.95
-12.963111,31,8408.093122,False,0.95
-9.728398,31,8413.916691,False,0.95
-4.398384,31,8419.780938,False,0.95
-5.738309,31,8425.636993,False,0.95
-0.988793,31,8431.460187,False,0.95
-11.37687,31,8437.277591,False,0.95
-13.573996,31,8443.106225,False,0.95
-7.423304,31,8448.999321,False,0.95
-22.259605,31,8454.824144,False,0.95
-2.01577,31,8460.660026,False,0.95
0.090076,31,8466.482554,False,0.95
-22.832157,31,8472.319409,False,0.95
-25.25458,31,8478.149853,False,0.95
-12.758654,31,8484.004229,False,0.95
-12.860679,31,8489.8658,False,0.95
-24.677184,31,8495.683161,False,0.95
-12.39054,31,8501.527538,False,0.95
1.615935,31,8507.377931,False,0.95
-5.906687,31,8513.230193,False,0.95
-5.361581,31,8519.083581,False,0.95
60.559139,20,8522.895253,True,0.95
-8.026929,31,8528.743162,False,0.95
-7.901904,31,8534.587766,False,0.95
-25.369271,31,8540.477858,False,0.95
-12.667479,31,8546.314358,False,0.95
-10.030014,31,8552.179053,False,0.95
60.500711,20,8555.966382,True,0.95
-8.360079,31,8561.878496,False,0.95
62.410951,25,8566.606423,True,0.95
-14.595999,32,8572.659834,False,0.95
-17.470549,32,8578.721447,False,0.95
57.282405,14,8581.402262,True,0.95
-3.887284,31,8587.276869,False,0.95
-5.408208,31,8593.159085,False,0.95
-23.176575,31,8599.048121,False,0.95
-10.435754,31,8604.926425,False,0.95
58.749563,17,8608.185482,True,0.95
62.066325,27,8613.294343,True,0.95
-22.883588,31,8619.172169,False,0.95
61.986703,25,8623.934059,True,0.95
-5.734852,31,8629.801358,False,0.95
-17.379363,31,8635.669275,False,0.95
-24.463422,31,8641.545963,False,0.95
-11.502251,31,8647.429791,False,0.95
-5.00699,31,8653.296591,False,0.95
-13.74891,31,8659.253597,False,0.95
-23.307227,31,8665.133085,False,0.95
-12.188729,31,8671.017519,False,0.95
-4.751153,31,8676.916848,False,0.95
59.499821,18,8680.374629,True,0.95
62.54487,24,8690.328411,True,0.95
53.668404,7,8691.693212,True,0.95
-8.235947,31,8697.570446,False,0.95
56.223822,15,8700.451413,True,0.95
61.080564,22,8704.651055,True,0.95
-11.365768,31,8710.550275,False,0.95
56.991097,15,8713.42756,True,0.95
-10.053276,31,8719.324597,False,0.95
-9.852494,31,8725.228155,False,0.95
55.58682,11,8727.356045,True,0.95
56.31592,12,8729.661988,True,0.95
54.937241,10,8731.605425,True,0.95
-8.23098,31,8737.506168,False,0.95
0.068733,31,8743.408891,False,0.95
0.471475,31,8749.323291,False,0.95
-3.241776,31,8755.320914,False,0.95
-19.754262,31,8761.224931,False,0.95
-3.522756,31,8767.152191,False,0.95
-14.359084,31,8773.043787,False,0.95
56.239703,14,8775.75508,True,0.95
54.729045,9,8777.500423,True,0.95
54.679497,10,8779.434271,True,0.95
61.210939,23,8783.854781,True,0.95
56.579658,16,8786.924946,True,0.95
55.963537,12,8789.238071,True,0.95
-22.00217,31,8795.164791,False,0.95
-17.196524,31,8801.089416,False,0.95
53.619803,8,8802.655846,True,0.95
56.341053,15,8805.558395,True,0.95
-9.6131,31,8811.47412,False,0.95
-5.469324,31,8817.415264,False,0.95
53.499597,7,8818.788328,True,0.95
-7.743783,31,8824.725142,False,0.95
-0.871671,31,8830.64673,False,0.95
-2.27093,31,8836.579816,False,0.95
-11.262486,31,8842.500174,False,0.95
-9.872074,31,8848.449337,False,0.95
-9.710623,31,8854.408772,False,0.95
-8.971239,31,8860.34335,False,0.95
-5.645685,31,8866.299649,False,0.95
59.287106,19,8869.936398,True,0.95
-6.750575,31,8875.886956,False,0.95
0.531341,31,8881.832731,False,0.95
50.016896,1,8882.062782,True,0.95
-3.643561,31,8888.002152,False,0.95
-23.568951,31,8894.014987,False,0.95
-5.731018,31,8899.966635,False,0.95
-22.400019,31,8905.919008,False,0.95
-21.454283,31,8911.872018,False,0.95
-10.867667,31,8917.823698,False,0.95
-23.830621,31,8923.866354,False,0.95
54.67636,9,8925.666981,True,0.95
-13.582713,31,8931.684576,False,0.95
60.713409,21,8935.740479,True,0.95
-3.518213,31,8941.743722,False,0.95
-10.313775,31,8947.697442,False,0.95
-8.371138,31,8953.676975,False,0.95
-24.925435,31,8959.64123,False,0.95
-3.763805,31,8965.652345,False,0.95
58.318411,17,8968.937682,True,0.95
-5.365124,31,8974.908098,False,0.95
-25.329018,31,8980.868725,False,0.95
-4.761959,31,8986.829188,False,0.95
-0.345195,32,8993.038095,False,0.95
-13.374285,31,8999.015529,False,0.95
-7.381074,31,9004.987579,False,0.95
53.254913,7,9006.362992,True,0.95
-25.157095,31,9012.330365,False,0.95
-11.368416,32,9018.538403,False,0.95
-4.173549,31,9024.520895,False,0.95
-6.398591,31,9030.514573,False,0.95
55.051548,10,9032.504375,True,0.95
59.249694,20,9036.362062,True,0.95
-12.528707,31,9042.331002,False,0.95
55.778927,11,9044.476609,True,0.95
60.009938,19,9048.147215,True,0.95
-21.367624,31,9054.138453,False,0.95
-5.11209,31,9060.111202,False,0.95
-8.524558,31,9066.101198,False,0.95
-9.921711,31,9072.092869,False,0.95
54.708817,9,9073.852216,True,0.95
-12.33753,31,9085.239028,False,0.95
-22.76024,31,9091.242261,False,0.95
-14.552045,31,9097.227358,False,0.95
-20.638917,31,9103.234558,False,0.95
-2.991579,31,9109.244963,False,0.95
57.513128,17,9112.566658,True,0.95
-9.312642,31,9118.586599,False,0.95
-1.808878,31,9124.602858,False,0.95
-20.017028,31,9130.619961,False,0.95
-8.056902,31,9136.628799,False,0.95
-10.917815,31,9142.662292,False,0.95
-8.908554,31,9148.672605,False,0.95
-3.205505,31,9154.683398,False,0.95
58.922146,17,9158.007837,True,0.95
-17.473187,32,9164.227065,False,0.95
62.568324,24,9168.915027,True,0.95
54.143395,9,9170.686957,True,0.95
55.774975,11,9172.854279,True,0.95
-2.946382,31,9178.870043,False,0.95
-13.717613,32,9185.084277,False,0.95
-4.795168,31,9191.105423,False,0.95
-8.970936,31,9197.225939,False,0.95
57.676696,18,9200.975849,True,0.95
-19.532633,31,9207.195703,False,0.95
58.287074,16,9210.343162,True,0.95
-9.559108,31,9216.371587,False,0.95
54.697227,9,9218.17908,True,0.95
54.665115,12,9220.558418,True,0.95
-1.994546,31,9226.619308,False,0.95
62.035096,23,9231.138326,True,0.95
-4.163947,31,9237.218839,False,0.95
-2.980488,31,9243.242387,False,0.95
52.777825,7,9244.636968,True,0.95
-1.83948,31,9250.711551,False,0.95
-24.265,31,9256.750239,False,0.95
-7.300666,31,9262.771329,False,0.95
61.025232,21,9266.867391,True,0.95
53.457555,7,9268.265268,True,0.95
49.698584,1,9268.500648,True,0.95
-2.549845,31,9274.532023,False,0.95
60.312832,20,9278.452747,True,0.95
-2.228703,31,9284.511609,False,0.95
55.83909,13,9287.09547,True,0.95
61.623568,24,9291.794459,True,0.95
-22.914902,31,9297.922345,False,0.95
53.644414,7,9299.344515,True,0.95
-23.532975,31,9305.395798,False,0.95
-20.241225,31,9311.44637,False,0.95
61.490359,24,9316.136028,True,0.95
52.459311,5,9317.143392,True,0.95
-3.49301,31,9323.175572,False,0.95
59.336079,19,9326.897156,True,0.95
-21.529625,31,9332.927254,False,0.95
-12.331232,31,9339.002146,False,0.95
-11.336275,31,9345.076221,False,0.95
59.832882,19,9348.814178,True,0.95
-1.458446,31,9354.889775,False,0.95
-2.969453,31,9360.926059,False,0.95
-4.853958,31,9366.983644,False,0.95
-7.753711,31,9373.037268,False,0.95
-24.86633,31,9379.104168,False,0.95
57.533525,15,9382.049644,True,0.95
54.470535,9,9383.847122,True,0.95
-7.071339,31,9389.918097,False,0.95
-2.537758,31,9395.963467,False,0.95
61.003741,21,9400.087898,True,0.95
-1.865621,31,9406.198747,False,0.95
-4.654362,31,9412.261881,False,0.95
-19.638173,31,9418.328584,False,0.95
-7.687245,31,9424.399396,False,0.95
-1.359696,31,9430.461974,False,0.95
61.323776,23,9434.971169,True,0.95
57.542155,15,9437.943665,True,0.95
-12.865538,31,9444.022453,False,0.95
58.917643,17,9447.378401,True,0.95
55.914537,13,9449.955429,True,0.95
0.107736,31,9456.04655,False,0.95
-11.602899,31,9462.106658,False,0.95
-1.16482,31,9468.206017,False,0.95
-25.304114,31,9474.298439,False,0.95
-2.414421,31,9480.367435,False,0.95
-3.662151,31,9491.965621,False,0.95
-2.669715,31,9498.072488,False,0.95
-10.075567,31,9504.197514,False,0.95
61.44341,23,9508.724983,True,0.95
62.093555,25,9513.644438,True,0.95
57.705346,15,9516.598316,True,0.95
-22.547057,31,9522.712816,False,0.95
0.805574,31,9528.957717,False,0.95
-19.938497,31,9535.103222,False,0.95
-2.752324,31,9541.199747,False,0.95
59.519134,21,9545.355208,True,0.95
49.708937,1,9545.591233,True,0.95
-10.072028,31,9551.691726,False,0.95
-23.209583,31,9557.833053,False,0.95
60.632509,22,9562.202033,True,0.95
-9.62161,31,9568.316224,False,0.95
-2.139266,31,9574.428416,False,0.95
-21.580184,31,9580.524735,False,0.95
58.16547,16,9583.733469,True,0.95
-12.340252,31,9589.87929,False,0.95
53.888475,8,9591.49396,True,0.95
-10.619108,31,9597.612649,False,0.95
-14.27566,31,9603.739236,False,0.95
-8.31554,31,9609.870931,False,0.95
58.551408,18,9613.457997,True,0.95
-8.365373,31,9619.592958,False,0.95
57.491469,16,9622.795897,True,0.95
-10.174244,31,9628.910252,False,0.95
0.052944,31,9635.039375,False,0.95
57.463921,17,9638.394889,True,0.95
-4.427191,32,9644.776371,False,0.95
53.353028,7,9646.193602,True,0.95
54.145615,8,9647.805732,True,0.95
54.613148,11,9650.009661,True,0.95
57.909996,15,9652.992564,True,0.95
-0.950494,31,9659.215722,False,0.95
56.62003,13,9661.806237,True,0.95
58.433776,19,9665.591798,True,0.95
-9.382129,31,9671.721087,False,0.95
55.664381,12,9674.12211,True,0.95
-4.306477,31,9680.273987,False,0.95
-21.287128,31,9686.423327,False,0.95
60.877705,21,9690.604943,True,0.95
52.91767,6,9691.839274,True,0.95
-3.344704,31,9697.978385,False,0.95
-4.507849,31,9704.138751,False,0.95
59.053039,18,9707.725761,True,0.95
56.5683,14,9710.571396,True,0.95
-2.505513,31,9716.699096,False,0.95
-21.070435,31,9722.845172,False,0.95
-8.552047,31,9728.990454,False,0.95
-11.116268,31,9735.123158,False,0.95
59.562368,20,9739.117827,True,0.95
-2.059162,31,9745.271522,False,0.95
0.633034,31,9751.42976,False,0.95
-5.617236,31,9757.606556,False,0.95
51.40263,3,9758.249125,True,0.95
-5.924498,31,9764.778459,False,0.95
-13.078654,31,9770.950367,False,0.95
61.612739,22,9775.322813,True,0.95
61.064901,21,9779.555512,True,0.95
1.355166,31,9785.718991,False,0.95
59.320228,18,9789.331887,True,0.95
-15.382,31,9795.572922,False,0.95
-17.632616,32,9802.024954,False,0.95
62.33187,24,9806.842116,True,0.95
0.658039,31,9813.095132,False,0.95
59.523601,19,9816.904788,True,0.95
-2.226984,31,9823.113614,False,0.95
61.492993,27,9828.522597,True,0.95
-22.825397,31,9834.701671,False,0.95
-12.537121,31,9840.900499,False,0.95
56.585979,13,9843.505795,True,0.95
-6.378578,31,9849.699813,False,0.95
54.095795,8,9851.342798,True,0.95
-14.391934,31,9857.546704,False,0.95
-14.937044,31,9863.74376,False,0.95
55.941349,14,9866.585032,True,0.95
-5.959769,31,9872.771592,False,0.95
61.564464,22,9877.187511,True,0.95
53.841683,9,9879.041557,True,0.95
-7.837102,31,9885.243882,False,0.95
-12.139105,31,9891.432853,False,0.95
-24.96114,31,9897.639118,False,0.95
-8.858262,31,9909.234191,False,0.95
-5.740552,31,9915.419795,False,0.95
-23.487305,31,9921.632863,False,0.95
-22.461787,31,9927.848482,False,0.95
-4.706624,31,9934.08589,False,0.95
56.316878,12,9936.53145,True,0.95
55.857086,13,9939.178667,True,0.95
-14.31639,32,9945.581513,False,0.95
-0.870271,31,9951.777122,False,0.95
-0.591635,31,9957.997008,False,0.95
-9.197038,31,9964.205457,False,0.95
-7.557176,31,9970.434596,False,0.95
-2.647523,31,9976.647174,False,0.95
-0.665816,31,9982.889661,False,0.95
55.06941,13,9985.51487,True,0.95
-6.128062,31,9991.71077,False,0.95
-9.327057,31,9997.943171,False,0.95
56.327002,16,10001.163662,True,0.95
-4.261531,31,10007.388258,False,0.95
56.301731,13,10010.004464,True,0.95
-22.055235,31,10016.251897,False,0.95
-20.104884,31,10022.469432,False,0.95
-23.865881,31,10028.707015,False,0.95
-25.354716,32,10035.144402,False,0.95
0.352095,31,10041.371817,False,0.95
-2.635845,31,10047.592696,False,0.95
54.38131,9,10049.438861,True,0.95
56.312009,12,10051.874993,True,0.95
61.350385,23,10056.520673,True,0.95
-4.899534,31,10062.778689,False,0.95
-10.487521,31,10069.026,False,0.95
-2.499803,31,10075.277138,False,0.95
49.536046,1,10075.5225,True,0.95
-24.794405,31,10081.768377,False,0.95
-5.977501,31,10088.014385,False,0.95
0.403053,31,10094.248014,False,0.95
-22.940211,32,10100.708307,False,0.95
-6.126687,31,10106.954685,False,0.95
0.67958,31,10113.196599,False,0.95
-14.507831,31,10119.461941,False,0.95
60.897958,21,10123.754906,True,0.95
-23.31352,31,10130.057819,False,0.95
59.491262,18,10133.749034,True,0.95
-3.802336,31,10140.017966,False,0.95
-4.064814,31,10146.263284,False,0.95
-2.31125,31,10152.670719,False,0.95
-0.691937,31,10158.955906,False,0.95
-10.032072,31,10165.22886,False,0.95
-24.814454,31,10171.481612,False,0.95
-9.657278,31,10177.756106,False,0.95
61.708294,23,10182.429354,True,0.95
-1.456587,31,10188.699031,False,0.95
-20.913269,31,10194.973569,False,0.95
-8.342094,31,10201.282699,False,0.95
-7.534153,31,10207.558487,False,0.95
-1.811673,31,10213.839222,False,0.95
-23.459537,31,10220.128486,False,0.95
-1.06197,31,10226.396278,False,0.95
-24.980255,31,10232.673973,False,0.95
53.985419,8,10234.349094,True,0.95
58.394912,16,10237.714211,True,0.95
-6.011983,31,10243.994297,False,0.95
-22.206395,31,10250.261938,False,0.95
59.908459,23,10254.966785,True,0.95
-11.135022,31,10261.235722,False,0.95
-4.48262,31,10267.498891,False,0.95
60.447917,21,10271.799377,True,0.95
54.647363,9,10273.669604,True,0.95
55.70558,11,10275.93044,True,0.95
60.393465,20,10280.007438,True,0.95
53.477295,7,10281.458817,True,0.95
57.86555,15,10284.496424,True,0.95
61.55418,22,10288.979726,True,0.95
57.633779,15,10292.038475,True,0.95
-5.479601,31,10298.302275,False,0.95
-10.322708,31,10304.599591,False,0.95
-3.87882,31,10310.932691,False,0.95
57.81652,15,10313.99865,True,0.95
56.240569,12,10316.468221,True,0.95
-25.148674,31,10328.206999,False,0.95
-21.151653,31,10334.538341,False,0.95
-24.032131,31,10340.854085,False,0.95
58.551685,17,10344.2954,True,0.95
58.872674,17,10347.753925,True,0.95
-25.763724,31,10354.076132,False,0.95
-2.026426,31,10360.397761,False,0.95
55.439033,13,10363.072123,True,0.95
-13.730876,31,10369.380312,False,0.95
-9.934306,31,10375.710107,False,0.95
-10.986841,31,10382.015004,False,0.95
57.319776,17,10385.469036,True,0.95
-6.593032,31,10391.79368,False,0.95
-1.315435,31,10398.117125,False,0.95
-1.396125,31,10404.414136,False,0.95
-13.511033,31,10410.742955,False,0.95
-3.976764,31,10417.047742,False,0.95
-6.82011,31,10423.370193,False,0.95
53.047573,6,10424.61896,True,0.95
-12.591216,31,10430.98264,False,0.95
-10.422826,31,10437.292757,False,0.95
-24.801035,31,10443.609873,False,0.95
0.582111,31,10449.951445,False,0.95
-4.882223,31,10456.260668,False,0.95
60.806941,21,10460.569167,True,0.95
57.093119,15,10463.620142,True,0.95
50.395567,1,10463.862069,True,0.95
54.61599,9,10465.711824,True,0.95
-13.992097,31,10472.064813,False,0.95
-24.491266,31,10478.402553,False,0.95
-3.337069,31,10484.719143,False,0.95
-25.21338,31,10491.062547,False,0.95
0.01717,31,10497.388781,False,0.95
-7.212561,31,10503.719906,False,0.95
-3.649934,31,10510.088524,False,0.95
-10.169947,31,10516.413765,False,0.95
-17.900019,31,10522.730646,False,0.95
53.080038,6,10523.985766,True,0.95
-6.657749,31,10530.370146,False,0.95
-12.484955,32,10536.91795,False,0.95
-19.19196,31,10543.238479,False,0.95
-24.562188,31,10549.613352,False,0.95
-3.882149,31,10555.971413,False,0.95
-24.712566,32,10562.518519,False,0.95
-4.810923,31,10568.852582,False,0.95
-0.685525,31,10575.177944,False,0.95
-10.470031,31,10581.513156,False,0.95
-23.058263,32,10588.089815,False,0.95
-15.111853,31,10594.462055,False,0.95
-6.122211,31,10600.810484,False,0.95
-22.150374,32,10607.420775,False,0.95
-15.277546,31,10613.778917,False,0.95
-13.323724,31,10620.137509,False,0.95
-1.202315,31,10626.519847,False,0.95
-22.011581,31,10632.905241,False,0.95
-20.871928,31,10639.257678,False,0.95
55.798194,13,10641.943715,True,0.95
59.103898,18,10645.672709,True,0.95
-8.58968,31,10652.077717,False,0.95
60.500985,20,10656.18611,True,0.95
53.929143,8,10657.857686,True,0.95
53.645895,7,10659.316372,True,0.95
-6.060267,31,10665.713307,False,0.95
-21.760427,31,10672.099419,False,0.95
-13.282319,31,10678.439392,False,0.95
58.382725,16,10681.728798,True,0.95
56.829597,13,10684.421056,True,0.95
-12.294369,32,10690.99451,False,0.95
60.12499,23,10695.747048,True,0.95
-22.995035,31,10702.129104,False,0.95
-8.173142,31,10708.518801,False,0.95
62.023573,24,10713.520789,True,0.95
-1.603709,31,10719.897563,False,0.95
-6.186472,31,10726.461394,False,0.95
-9.558848,31,10732.897017,False,0.95
61.844584,23,10737.63239,True,0.95
62.059487,23,10742.38359,True,0.95
-11.607925,31,10754.150701,False,0.95
-4.972325,31,10760.520607,False,0.95
-21.552845,31,10767.046106,False,0.95
-1.211797,31,10773.422626,False,0.95
-7.139327,32,10780.025446,False,0.95
-11.634021,31,10786.476744,False,0.95
-13.632052,31,10792.865963,False,0.95
0.978736,31,10799.259879,False,0.95
-8.159089,31,10805.723608,False,0.95
55.50903,12,10808.232485,True,0.95
-20.916688,31,10814.64389,False,0.95
51.52949,3,10815.294112,True,0.95
-12.447472,31,10821.72549,False,0.95
-12.680533,32,10828.380358,False,0.95
-22.342752,31,10834.778518,False,0.95
-1.648795,31,10841.193498,False,0.95
-15.95373,31,10847.630085,False,0.95
-19.707205,31,10854.038983,False,0.95
-3.265585,31,10860.418394,False,0.95
58.961945,18,10864.247024,True,0.95
-4.257365,32,10870.857044,False,0.95
59.993838,19,10874.818062,True,0.95
-21.04647,31,10881.214735,False,0.95
-1.379724,31,10887.651538,False,0.95
55.659436,12,10890.178967,True,0.95
-9.36014,31,10896.601717,False,0.95
-17.083898,31,10903.109984,False,0.95
-14.377578,31,10909.541757,False,0.95
58.079893,16,10912.867689,True,0.95
-10.059681,31,10919.341316,False,0.95
-2.46099,31,10925.815993,False,0.95
-6.869556,31,10932.255227,False,0.95
-13.25303,31,10938.711257,False,0.95
61.32863,23,10943.547189,True,0.95
59.2316,18,10947.308751,True,0.95
56.894636,15,10950.434709,True,0.95
57.804185,17,10953.998689,True,0.95
-3.50544,31,10960.456323,False,0.95
54.663183,9,10962.36591,True,0.95
-21.872253,31,10968.812701,False,0.95
-8.371086,31,10975.292726,False,0.95
55.162468,10,10977.419259,True,0.95
-22.129586,31,10983.911416,False,0.95
-10.298158,31,10990.35407,False,0.95
-10.113844,31,10996.837327,False,0.95
-16.026754,31,11003.338169,False,0.95
52.076636,4,11004.213891,True,0.95
52.982916,6,11005.501989,True,0.95
-24.50449,31,11011.97644,False,0.95
-9.720062,31,11018.45642,False,0.95
0.978402,31,11025.007093,False,0.95
-12.024052,31,11031.442529,False,0.95
57.193434,14,11034.397222,True,0.95
60.419672,22,11039.046788,True,0.95
-22.821743,32,11045.75099,False,0.95
-23.481651,31,11052.256726,False,0.95
-2.269606,31,11058.761187,False,0.95
-5.75361,31,11065.22893,False,0.95
-3.587292,31,11071.70784,False,0.95
-5.591392,31,11078.179917,False,0.95
-10.648575,31,11084.692618,False,0.95
-24.651503,31,11091.165144,False,0.95
58.053303,18,11094.94489,True,0.95
58.227966,17,11098.543555,True,0.95
-10.152334,31,11105.076706,False,0.95
-6.119716,31,11111.539217,False,0.95
-16.377566,31,11118.067477,False,0.95
-22.884143,31,11124.583426,False,0.95
-11.051545,31,11131.063547,False,0.95
-2.479996,31,11137.568009,False,0.95
54.708244,9,11139.501076,True,0.95
58.302504,16,11142.876328,True,0.95
53.60291,8,11144.602996,True,0.95
-10.396631,31,11151.106447,False,0.95
-20.707155,31,11157.65143,False,0.95
-11.013949,31,11164.169933,False,0.95
54.657052,9,11166.080064,True,0.95
-13.487425,31,11172.580508,False,0.95
-2.562892,31,11184.658169,False,0.95
-5.133677,31,11191.157316,False,0.95
53.548342,7,11192.660306,True,0.95
53.560951,8,11194.383096,True,0.95
-22.748271,32,11201.149661,False,0.95
-18.227496,32,11207.90892,False,0.95
-10.171012,31,11214.406952,False,0.95
62.344967,24,11219.505591,True,0.95
-17.746769,31,11226.004218,False,0.95
54.199638,8,11227.73456,True,0.95
-0.749465,31,11234.235136,False,0.95
56.264953,13,11237.036665,True,0.95
56.565594,16,11240.452267,True,0.95
1.234425,31,11246.969039,False,0.95
0.322421,31,11253.490536,False,0.95
-9.792925,31,11260.058733,False,0.95
-2.890805,31,11266.613532,False,0.95
-11.493234,31,11273.148465,False,0.95
-24.888088,31,11279.723288,False,0.95
-11.508739,31,11286.269735,False,0.95
62.488135,24,11291.328054,True,0.95
-0.645553,31,11297.923537,False,0.95
62.500946,24,11303.01088,True,0.95
60.523834,20,11307.234735,True,0.95
-3.596149,31,11313.779531,False,0.95
59.401708,19,11317.8528,True,0.95
59.625494,19,11321.882341,True,0.95
-1.746949,31,11328.546915,False,0.95
-6.729013,31,11335.142791,False,0.95
-18.0762,31,11341.718302,False,0.95
-5.833215,31,11348.246816,False,0.95
0.727774,31,11354.816029,False,0.95
-5.865304,31,11361.371331,False,0.95
-3.837556,32,11368.15348,False,0.95
59.74922,19,11372.182477,True,0.95
-21.904072,31,11378.76103,False,0.95
-6.703401,31,11385.330712,False,0.95
-1.916956,31,11391.859929,False,0.95
0.315341,31,11398.450068,False,0.95
-13.390958,31,11404.98987,False,0.95
-12.478444,31,11411.530489,False,0.95
-11.327321,31,11418.116444,False,0.95
-8.330597,31,11424.669038,False,0.95
-9.960648,31,11431.225772,False,0.95
-7.750991,31,11437.807449,False,0.95
54.590786,12,11440.391412,True,0.95
-1.683961,31,11446.939575,False,0.95
-2.321809,31,11453.520446,False,0.95
-2.774357,31,11460.113618,False,0.95
53.58477,7,11461.633549,True,0.95
-12.536735,31,11468.199304,False,0.95
-3.503121,31,11474.79124,False,0.95
49.760308,1,11475.053537,True,0.95
57.379386,15,11478.253181,True,0.95
53.556524,7,11479.766023,True,0.95
53.345484,8,11481.509497,True,0.95
-21.215449,31,11488.097218,False,0.95
-6.537613,31,11494.706495,False,0.95
-2.456141,31,11501.276026,False,0.95
60.981145,21,11505.746567,True,0.95
-22.920333,31,11512.347284,False,0.95
-5.852174,31,11519.003937,False,0.95
57.547799,18,11522.886866,True,0.95
-19.849267,31,11529.454796,False,0.95
-12.67652,31,11536.110579,False,0.95
57.378497,14,11539.114642,True,0.95
-9.381358,31,11545.713892,False,0.95
1.415374,31,11552.340135,False,0.95
-21.213942,32,11559.198051,False,0.95
-2.350289,31,11565.800502,False,0.95
-14.508824,31,11572.420747,False,0.95
-18.016285,31,11579.032476,False,0.95
58.657732,19,11583.083348,True,0.95
56.972234,15,11586.289265,True,0.95
1.105556,31,11592.923861,False,0.95
-3.211663,31,11599.571702,False,0.95
-20.115689,31,11606.164891,False,0.95
-7.20237,31,11612.813657,False,0.95
-6.212418,31,11624.879023,False,0.95
-11.747559,31,11631.49724,False,0.95
61.800879,23,11636.435931,True,0.95
61.231272,23,11641.348173,True,0.95
-2.068189,31,11647.96223,False,0.95
57.097899,14,11650.997516,True,0.95
61.560254,24,11656.160998,True,0.95
53.461792,7,11657.710569,True,0.95
-8.734716,31,11664.31896,False,0.95
-7.876616,31,11670.95624,False,0.95
58.277774,18,11674.865902,True,0.95
1.499528,31,11681.504832,False,0.95
-12.58414,31,11688.117173,False,0.95
-8.524806,31,11694.764879,False,0.95
62.625542,24,11699.911502,True,0.95
-3.431199,31,11706.516905,False,0.95
-6.384596,31,11713.177825,False,0.95
-0.796996,32,11720.037584,False,0.95
57.142744,15,11723.267934,True,0.95
58.822465,18,11727.153125,True,0.95
-3.607425,31,11733.80822,False,0.95
-2.427685,31,11740.439649,False,0.95
0.087996,31,11747.098601,False,0.95
58.803793,17,11750.775385,True,0.95
-10.131656,31,11757.425399,False,0.95
54.208225,9,11759.382821,True,0.95
-9.064568,31,11765.999501,False,0.95
-25.171035,31,11772.685856,False,0.95
-2.880622,31,11779.339583,False,0.95
-12.000091,31,11785.961455,False,0.95
58.912781,18,11789.887389,True,0.95
-11.243535,31,11796.532846,False,0.95
58.257224,16,11799.99414,True,0.95
-19.927156,31,11806.630186,False,0.95
-22.849866,31,11813.310899,False,0.95
58.439715,16,11816.767423,True,0.95
-4.653612,31,11823.4165,False,0.95
60.515553,22,11828.165564,True,0.95
-13.341156,31,11834.854378,False,0.95
-3.983925,31,11841.494397,False,0.95
-0.618057,31,11848.173406,False,0.95
-2.814804,31,11854.824145,False,0.95
-7.598784,31,11861.501814,False,0.95
-19.097833,31,11868.179897,False,0.95
-25.134046,31,11874.848458,False,0.95
-1.432099,31,11881.517214,False,0.95
-7.536027,31,11888.171159,False,0.95
-2.21025,31,11894.847216,False,0.95
-21.698086,31,11901.505428,False,0.95
-2.084287,31,11908.18905,False,0.95
-6.525475,31,11914.872686,False,0.95
-8.371503,31,11921.524779,False,0.95
-20.483495,31,11928.341008,False,0.95
61.488506,23,11933.34796,True,0.95
-2.715659,31,11940.035418,False,0.95
-10.2106,31,11946.719568,False,0.95
-18.539287,31,11953.403506,False,0.95
-7.259299,31,11960.082872,False,0.95
-23.99299,32,11966.999514,False,0.95
-25.575977,31,11973.705168,False,0.95
-4.143552,31,11980.398287,False,0.95
-2.377112,31,11987.09841,False,0.95
-12.263009,31,11993.786149,False,0.95
-22.255139,31,12000.445947,False,0.95
-0.567816,31,12007.125489,False,0.95
55.218703,10,12009.337593,True,0.95
-23.007351,31,12016.037289,False,0.95
52.584535,5,12017.153367,True,0.95
59.084776,19,12021.253875,True,0.95
-24.273242,31,12027.961443,False,0.95
-0.080685,31,12034.663087,False,0.95
62.618673,27,12040.489426,True,0.95
53.709875,7,12042.033162,True,0.95
-21.632816,31,12048.782784,False,0.95
-5.269998,31,12055.468253,False,0.95
-1.050717,31,12062.154039,False,0.95
-4.380521,32,12074.395968,False,0.95
53.928183,10,12076.599069,True,0.95
-1.974451,33,12083.747673,False,0.95
-1.289184,32,12090.678465,False,0.95
-13.085747,31,12097.369451,False,0.95
58.433986,16,12100.84979,True,0.95
2.002757,31,12107.579571,False,0.95
-5.21995,31,12114.285955,False,0.95
-13.334539,32,12121.196593,False,0.95
-24.665316,31,12127.945885,False,0.95
-8.756534,31,12134.669287,False,0.95
53.999568,8,12136.445348,True,0.95
62.122188,23,12141.441769,True,0.95
-16.533747,31,12148.17962,False,0.95
-10.029723,31,12154.877327,False,0.95
60.670897,21,12159.441596,True,0.95
-2.587255,31,12166.194116,False,0.95
-14.233663,31,12172.905917,False,0.95
57.054548,15,12176.175372,True,0.95
-13.785956,31,12182.938422,False,0.95
-3.622862,31,12189.672197,False,0.95
-8.321814,31,12196.388834,False,0.95
-3.191729,31,12203.115735,False,0.95
53.308965,8,12204.894815,True,0.95
54.20908,8,12206.667434,True,0.95
-2.981886,31,12213.393743,False,0.95
-10.515708,31,12220.116261,False,0.95
56.800772,14,12223.227951,True,0.95
-11.42954,31,12229.963722,False,0.95
1.022295,31,12236.688475,False,0.95
59.915197,19,12240.822115,True,0.95
59.387613,18,12244.76835,True,0.95
-6.478467,32,12251.745813,False,0.95
59.902222,19,12255.877409,True,0.95
-1.22481,31,12262.60844,False,0.95
-24.778555,32,12269.609696,False,0.95
-5.40644,31,12276.333588,False,0.95
57.297726,14,12279.404577,True,0.95
-14.044282,31,12286.204062,False,0.95
-7.805215,31,12292.936948,False,0.95
54.684553,10,12295.13361,True,0.95
54.823971,10,12297.334348,True,0.95
59.81631,19,12301.54496,True,0.95
49.745826,1,12301.802194,True,0.95
59.352912,18,12305.779519,True,0.95
55.60243,14,12308.850866,True,0.95
-14.333545,31,12315.588183,False,0.95
53.374285,7,12317.138338,True,0.95
-12.815356,31,12323.924646,False,0.95
-24.847943,31,12330.693288,False,0.95
55.582709,11,12333.123129,True,0.95
-1.048209,31,12339.876837,False,0.95
53.838538,9,12341.880436,True,0.95
-7.380349,31,12348.622065,False,0.95
1.532588,31,12355.385705,False,0.95
-3.660529,32,12362.434934,False,0.95
57.631931,15,12365.723525,True,0.95
-25.037207,31,12372.500174,False,0.95
-1.555643,31,12379.250753,False,0.95
-3.463825,32,12386.236624,False,0.95
-8.136333,31,12392.977232,False,0.95
-9.803894,31,12399.729954,False,0.95
-25.273034,31,12406.507859,False,0.95
-4.354524,31,12413.248239,False,0.95
57.467787,15,12416.543048,True,0.95
-6.089571,31,12423.348396,False,0.95
50.262428,1,12423.604735,True,0.95
-25.387114,33,12430.816238,False,0.95
-13.538108,31,12437.576073,False,0.95
55.111017,10,12439.811486,True,0.95
-24.295595,31,12446.590643,False,0.95
-10.106704,31,12453.382976,False,0.95
-14.433065,31,12460.171449,False,0.95
61.898985,26,12465.891794,True,0.95
57.764727,16,12469.438847,True,0.95
-4.726691,31,12476.193399,False,0.95
-2.88608,31,12483.045064,False,0.95
61.572695,23,12488.092285,True,0.95
-1.613035,31,12494.85612,False,0.95
-22.194175,31,12501.65587,False,0.95
55.878882,12,12504.305321,True,0.95
54.608821,10,12506.550111,True,0.95
-24.939869,32,12513.552323,False,0.95
60.95705,21,12523.78759,True,0.95
-1.149283,31,12530.656166,False,0.95
-3.94076,31,12537.501314,False,0.95
-5.91815,31,12544.309946,False,0.95
62.051801,24,12549.578468,True,0.95
-8.448171,31,12556.395709,False,0.95
53.718985,8,12558.20606,True,0.95
-12.817022,31,12565.042771,False,0.95
-0.517781,31,12571.830468,False,0.95
-11.51879,31,12578.658543,False,0.95
54.2224,9,12580.663325,True,0.95
-6.137505,31,12587.479684,False,0.95
-8.529623,31,12594.277517,False,0.95
61.048725,22,12599.14324,True,0.95
-3.12527,31,12605.945679,False,0.95
60.549257,20,12610.357204,True,0.95
-21.569082,31,12617.216053,False,0.95
57.286122,16,12620.76408,True,0.95
61.254817,24,12626.144865,True,0.95
61.129312,26,12631.855541,True,0.95
-1.15284,31,12638.718023,False,0.95
-16.349388,31,12645.535188,False,0.95
53.511928,7,12647.111374,True,0.95
-11.475636,31,12653.932567,False,0.95
-4.116446,31,12660.796143,False,0.95
57.853679,15,12664.124458,True,0.95
-3.495266,31,12670.915372,False,0.95
58.854832,19,12675.135521,True,0.95
-16.763494,31,12681.947915,False,0.95
53.935574,8,12683.760201,True,0.95
-8.507919,32,12690.807975,False,0.95
55.030063,10,12693.059794,True,0.95
61.537901,23,12698.14624,True,0.95
-9.489869,31,12705.010767,False,0.95
61.109122,21,12709.650669,True,0.95
0.823189,31,12716.538595,False,0.95
-8.711558,31,12723.386543,False,0.95
61.651577,24,12728.692813,True,0.95
-18.366908,33,12736.017193,False,0.95
-12.005513,31,12742.851262,False,0.95
57.683295,15,12746.169731,True,0.95
-9.65873,33,12753.450287,False,0.95
-3.146597,31,12760.307976,False,0.95
-12.044392,31,12767.161432,False,0.95
-25.182376,34,12774.72985,False,0.95
54.65182,9,12776.75664,True,0.95
-24.130985,31,12783.585547,False,0.95
-10.65612,31,12790.416536,False,0.95
53.769625,9,12792.453739,True,0.95
-22.863342,32,12799.588722,False,0.95
58.21304,16,12803.145164,True,0.95
-6.442231,33,12810.442409,False,0.95
-2.615568,32,12817.5539,False,0.95
-5.655733,31,12824.40316,False,0.95
52.997006,6,12825.76993,True,0.95
-7.103377,31,12832.683481,False,0.95
-8.725503,31,12839.564816,False,0.95
-13.382787,31,12846.436377,False,0.95
-4.66111,31,12853.310706,False,0.95
-19.702711,32,12860.401765,False,0.95
49.92556,1,12860.657774,True,0.95
-0.770233,31,12867.51415,False,0.95
-2.916772,31,12874.418004,False,0.95
-8.835274,31,12881.268782,False,0.95
58.107898,20,12885.718833,True,0.95
61.424513,22,12890.634383,True,0.95
-10.443785,33,12897.970381,False,0.95
-24.585755,31,12904.837916,False,0.95
-14.258327,31,12911.828869,False,0.95
-3.856871,31,12918.707409,False,0.95
60.008935,19,12922.936012,True,0.95
55.955621,15,12926.271284,True,0.95
0.930429,31,12933.166469,False,0.95
-11.841025,31,12940.028825,False,0.95
-23.089401,31,12946.911024,False,0.95
-8.659989,32,12954.054371,False,0.95
-25.285249,31,12961.039823,False,0.95
-11.26848,31,12967.922081,False,0.95
53.139981,6,12969.325649,True,0.95
-21.939839,31,12981.852827,False,0.95
-22.431615,31,12988.769193,False,0.95
-9.528346,31,12995.715367,False,0.95
-12.433504,33,13003.030233,False,0.95
-8.529812,31,13009.931826,False,0.95
-1.173964,31,13016.821256,False,0.95
-4.328212,31,13023.721627,False,0.95
-21.879724,33,13031.106829,False,0.95
-11.584396,31,13037.981077,False,0.95
61.842534,25,13043.542297,True,0.95
-1.525346,31,13050.491152,False,0.95
-9.370606,34,13058.09035,False,0.95
-25.169639,31,13064.997955,False,0.95
-13.945744,31,13071.93367,False,0.95
-0.124577,31,13078.843603,False,0.95
57.576552,18,13082.860602,True,0.95
-10.168838,31,13089.7932,False,0.95
-11.690717,31,13096.713422,False,0.95
-1.110497,31,13103.583039,False,0.95
0.057504,31,13110.539646,False,0.95
-5.555016,31,13117.43803,False,0.95
-2.743457,31,13124.446233,False,0.95
-24.924558,31,13131.494328,False,0.95
62.23505,24,13136.917311,True,0.95
-11.775505,31,13143.831738,False,0.95
-4.944299,31,13150.790974,False,0.95
-0.491024,31,13157.739784,False,0.95
-19.27316,34,13165.36299,False,0.95
-10.288577,31,13172.297969,False,0.95
-4.717629,33,13179.6503,False,0.95
-18.786082,32,13186.836453,False,0.95
-2.48822,32,13194.015372,False,0.95
-13.844762,31,13200.934274,False,0.95
-24.511549,32,13208.119206,False,0.95
56.319894,13,13211.067868,True,0.95
-9.14202,31,13217.972851,False,0.95
0.10393,31,13224.894308,False,0.95
-7.823373,31,13231.822911,False,0.95
-6.872265,31,13238.72766,False,0.95
56.80708,13,13241.648802,True,0.95
62.643805,24,13247.075161,True,0.95
-11.992783,32,13254.25716,False,0.95
-3.415292,31,13261.257829,False,0.95
-5.200918,31,13268.255685,False,0.95
-11.014337,31,13275.172758,False,0.95
-4.23575,31,13282.088926,False,0.95
-8.702822,32,13289.319946,False,0.95
-14.810703,33,13296.719329,False,0.95
-11.749422,32,13303.898072,False,0.95
53.757709,8,13305.742562,True,0.95
-23.740906,31,13312.699097,False,0.95
-17.957566,33,13320.093576,False,0.95
-6.007393,32,13327.599315,False,0.95
-13.274142,31,13334.538374,False,0.95
59.42018,18,13338.622465,True,0.95
-11.413323,31,13345.632779,False,0.95
-9.268866,31,13352.574855,False,0.95
49.770653,1,13352.843142,True,0.95
61.507446,22,13357.838866,True,0.95
-3.668615,31,13364.873345,False,0.95
-10.056847,31,13371.83012,False,0.95
-14.806352,31,13378.783942,False,0.95
-4.452453,31,13385.810475,False,0.95
-15.492941,31,13392.793665,False,0.95
53.586483,7,13394.460274,True,0.95
-25.768288,31,13401.43682,False,0.95
53.139942,6,13402.868187,True,0.95
-0.494557,31,13409.874483,False,0.95
-7.274939,31,13416.88996,False,0.95
-16.179596,31,13423.943372,False,0.95
-4.241389,31,13430.964501,False,0.95
-0.409829,32,13438.180207,False,0.95
-9.261386,31,13450.653299,False,0.95
-13.207281,31,13457.619448,False,0.95
59.43724,18,13461.751373,True,0.95
55.255189,12,13464.525044,True,0.95
-0.954088,31,13471.513328,False,0.95
-18.068487,31,13478.483036,False,0.95
61.405914,23,13483.71949,True,0.95
-12.173084,32,13490.951465,False,0.95
-22.316789,31,13497.919126,False,0.95
-12.406423,31,13504.91669,False,0.95
-17.691847,31,13511.89128,False,0.95
57.940035,17,13515.744665,True,0.95
-4.134314,31,13522.765779,False,0.95
57.809864,16,13526.422356,True,0.95
61.080783,21,13531.181412,True,0.95
-18.01372,31,13538.179331,False,0.95
-25.728474,31,13545.19166,False,0.95
-24.447392,31,13552.226159,False,0.95
-3.291282,31,13559.23114,False,0.95
-5.295192,31,13566.26051,False,0.95
-1.635978,31,13573.262794,False,0.95
-10.930996,31,13580.262542,False,0.95
-4.774688,31,13587.280769,False,0.95
-1.769283,31,13594.290727,False,0.95
-2.959692,31,13601.368633,False,0.95
-0.745178,31,13608.378543,False,0.95
-11.246385,31,13615.369407,False,0.95
-9.218807,31,13622.4435,False,0.95
61.062524,21,13627.205246,True,0.95
-24.653551,31,13634.199126,False,0.95
-24.106265,31,13641.253824,False,0.95
-18.751326,31,13648.264691,False,0.95
-10.473831,31,13655.280312,False,0.95
-7.591344,31,13662.358323,False,0.95
60.99511,21,13667.155425,True,0.95
-9.159988,31,13674.184925,False,0.95
-25.194231,31,13681.263713,False,0.95
-1.447323,31,13688.298345,False,0.95
56.343087,14,13691.493773,True,0.95
-2.679333,31,13698.592561,False,0.95
60.479367,20,13703.162244,True,0.95
-2.257798,31,13710.182572,False,0.95
-7.910433,31,13717.198971,False,0.95
53.199361,7,13718.846864,True,0.95
-22.850555,31,13725.984338,False,0.95
-15.151163,31,13733.051934,False,0.95
-5.148453,31,13740.131309,False,0.95
-8.48956,31,13747.157275,False,0.95
62.440637,25,13752.839272,True,0.95
60.935271,21,13757.640093,True,0.95
-2.220418,31,13764.700627,False,0.95
55.845281,12,13767.476923,True,0.95
-6.148161,32,13774.789556,False,0.95
57.938072,16,13778.485482,True,0.95
-13.117158,31,13785.562457,False,0.95
52.940488,7,13787.206902,True,0.95
56.304837,12,13789.968142,True,0.95
55.474894,12,13792.724885,True,0.95
-1.872038,31,13799.816303,False,0.95
-6.567745,32,13807.128221,False,0.95
-8.146741,31,13814.188444,False,0.95
59.549241,20,13818.828372,True,0.95
-9.358922,31,13825.907414,False,0.95
0.397606,31,13832.959015,False,0.95
-2.974326,31,13840.04084,False,0.95
61.830747,24,13845.532324,True,0.95
-12.920355,31,13852.6109,False,0.95
52.514003,5,13853.810664,True,0.95
-5.526771,31,13860.898333,False,0.95
-7.849988,31,13867.951912,False,0.95
-4.672996,31,13875.058968,False,0.95
0.933652,31,13882.124883,False,0.95
-13.597191,32,13889.420346,False,0.95
60.544711,20,13894.027651,True,0.95
-11.309925,31,13901.114054,False,0.95
58.608087,17,13905.022832,True,0.95
62.429884,25,13910.714899,True,0.95
-7.438719,31,13923.192818,False,0.95
55.765287,11,13925.74249,True,0.95
-9.010667,32,13933.058233,False,0.95
-12.788479,31,13940.162138,False,0.95
-9.731663,31,13947.243393,False,0.95
-3.519128,31,13954.342418,False,0.95
54.336196,10,13956.677658,True,0.95
54.534732,10,13959.007852,True,0.95
-3.971702,31,13966.079786,False,0.95
-0.47018,31,13973.134863,False,0.95
56.419826,13,13976.137267,True,0.95
-1.591211,31,13983.22388,False,0.95
-1.454591,31,13990.318519,False,0.95
-7.46898,32,13997.73087,False,0.95
57.510622,18,14001.887496,True,0.95
59.448846,18,14006.028511,True,0.95
-13.046402,31,14013.159391,False,0.95
-7.990678,32,14020.513053,False,0.95
60.875655,22,14025.594721,True,0.95
-4.863778,31,14032.734267,False,0.95
52.99317,7,14034.38847,True,0.95
-7.438614,32,14041.725316,False,0.95
-1.395394,31,14048.799609,False,0.95
-13.692032,31,14055.931887,False,0.95
-9.561407,31,14063.059368,False,0.95
59.466007,18,14067.207889,True,0.95
-5.968982,31,14074.360159,False,0.95
-5.013984,31,14081.492393,False,0.95
-2.577207,31,14088.595104,False,0.95
-9.312883,31,14095.752903,False,0.95
0.250907,31,14102.873965,False,0.95
61.632545,24,14108.384345,True,0.95
-2.642754,31,14115.54712,False,0.95
-12.394603,32,14122.897588,False,0.95
-8.817603,31,14130.063886,False,0.95
56.756953,13,14133.114788,True,0.95
53.942737,8,14134.9899,True,0.95
-24.765286,31,14142.108839,False,0.95
50.372302,1,14142.378684,True,0.95
-11.33833,31,14149.510077,False,0.95
-17.909918,31,14156.646308,False,0.95
57.395701,17,14160.571875,True,0.95
-25.725929,31,14167.686295,False,0.95
-13.295313,31,14174.848669,False,0.95
-17.005238,31,14182.00779,False,0.95
-3.084579,32,14189.402688,False,0.95
-4.388633,32,14196.787726,False,0.95
-2.954988,31,14203.898463,False,0.95
54.198117,8,14205.774714,True,0.95
-25.31648,31,14212.975528,False,0.95
-8.118004,34,14220.824581,False,0.95
-19.277929,31,14227.941151,False,0.95
-10.755795,31,14235.082703,False,0.95
-4.293621,31,14242.195833,False,0.95
-25.333961,31,14249.347394,False,0.95
52.362878,5,14250.547255,True,0.95
-23.850296,32,14257.947597,False,0.95
-3.76775,31,14265.111739,False,0.95
-5.288257,31,14272.288728,False,0.95
54.199674,8,14274.170564,True,0.95
-24.660775,33,14281.790065,False,0.95
1.049264,31,14288.94207,False,0.95
-8.567606,33,14296.576198,False,0.95
59.753612,21,14301.44668,True,0.95
-14.398164,31,14308.602587,False,0.95
-11.422771,31,14315.772155,False,0.95
-8.889505,31,14322.929501,False,0.95
53.576547,7,14324.640327,True,0.95
-24.383978,31,14331.957216,False,0.95
-12.152081,31,14339.13026,False,0.95
-23.287935,32,14346.564478,False,0.95
-8.458521,31,14353.749274,False,0.95
-14.85732,31,14360.951099,False,0.95
-5.66897,31,14368.18213,False,0.95
61.340967,24,14373.738543,True,0.95
52.693486,6,14375.165672,True,0.95
-2.353082,31,14382.318416,False,0.95
56.385832,17,14386.324243,True,0.95
-12.623352,33,14399.44436,False,0.95
50.014538,1,14399.717207,True,0.95
-3.976082,31,14406.918657,False,0.95
-24.392685,32,14414.349559,False,0.95
-0.065361,31,14421.530408,False,0.95
-1.890183,31,14428.742736,False,0.95
-10.060719,31,14435.918583,False,0.95
-12.061883,31,14443.122363,False,0.95
54.560066,11,14445.717581,True,0.95
-13.654205,32,14453.153368,False,0.95
-10.955424,31,14460.302353,False,0.95
0.179966,31,14467.530636,False,0.95
57.613572,15,14471.020354,True,0.95
-2.314136,31,14478.20457,False,0.95
56.268931,12,14480.998939,True,0.95
-3.108716,31,14488.213057,False,0.95
-6.873606,31,14495.405488,False,0.95
49.997439,1,14495.685151,True,0.95
-4.105827,31,14502.887182,False,0.95
-24.979765,33,14510.56463,False,0.95
-21.576045,31,14517.759836,False,0.95
-25.311058,32,14525.249691,False,0.95
-3.615534,31,14532.469416,False,0.95
-5.82149,31,14539.651965,False,0.95
-22.634871,31,14546.912206,False,0.95
2.040718,31,14554.124211,False,0.95
-11.538529,31,14561.324342,False,0.95
58.516964,17,14565.317751,True,0.95
-1.862433,31,14572.517473,False,0.95
0.754981,31,14579.726848,False,0.95
-10.125998,31,14586.975895,False,0.95
-20.840624,32,14594.476203,False,0.95
-4.263053,31,14601.689185,False,0.95
-23.741897,31,14608.915168,False,0.95
-0.368132,31,14616.126974,False,0.95
-1.979774,31,14623.394025,False,0.95
59.348345,20,14628.080857,True,0.95
-3.889524,32,14635.53697,False,0.95
55.119907,10,14637.89011,True,0.95
-23.136622,31,14645.174224,False,0.95
-6.541162,31,14652.449358,False,0.95
57.340309,16,14656.194739,True,0.95
-0.322678,31,14663.419772,False,0.95
-13.906864,32,14670.917628,False,0.95
-7.105617,32,14678.376778,False,0.95
61.049767,21,14683.31898,True,0.95
-8.990609,31,14690.55372,False,0.95
-2.542836,31,14697.776193,False,0.95
-2.098048,31,14705.070138,False,0.95
-12.108476,32,14712.559186,False,0.95
-10.181631,32,14720.053789,False,0.95
-9.038016,31,14727.295563,False,0.95
-10.891715,31,14734.517461,False,0.95
-20.198752,32,14742.041045,False,0.95
61.935689,23,14747.441199,True,0.95
-9.48173,32,14754.911888,False,0.95
-22.30985,32,14762.429426,False,0.95
-5.859326,31,14769.673366,False,0.95
-11.97695,32,14777.146565,False,0.95
-24.033394,31,14784.457973,False,0.95
-7.119294,31,14791.707921,False,0.95
-13.470459,32,14799.242891,False,0.95
-13.517022,32,14806.761032,False,0.95
-0.100901,31,14814.013754,False,0.95
-2.707444,32,14821.536014,False,0.95
53.525396,7,14823.205576,True,0.95
-3.7633,31,14830.440721,False,0.95
-0.002374,31,14837.719501,False,0.95
-8.281673,31,14844.992146,False,0.95
61.587762,22,14850.194261,True,0.95
53.374968,7,14851.860914,True,0.95
54.424537,9,14853.992314,True,0.95
-6.927228,31,14861.29715,False,0.95
-9.036738,32,14868.828811,False,0.95
-2.210584,32,14881.811265,False,0.95
-24.521167,31,14889.093909,False,0.95
62.441563,29,14895.895553,True,0.95
53.115411,6,14897.373466,True,0.95
-11.65552,31,14904.658596,False,0.95
-8.076454,31,14911.912278,False,0.95
-25.645176,31,14919.237005,False,0.95
-22.590494,31,14926.615794,False,0.95
57.337625,16,14930.425992,True,0.95
-24.040544,31,14937.748183,False,0.95
-4.144539,31,14945.030632,False,0.95
-5.762857,31,14952.306708,False,0.95
-0.108565,31,14959.636226,False,0.95
-3.167723,31,14966.9062,False,0.95
58.787989,18,14971.145981,True,0.95
-3.111983,31,14978.472106,False,0.95
-19.825095,32,14986.021232,False,0.95
59.907485,19,14990.495167,True,0.95
-9.300294,31,14997.808752,False,0.95
-12.023934,31,15005.123085,False,0.95
-13.771346,31,15012.391521,False,0.95
-21.304476,31,15019.733158,False,0.95
60.958274,21,15024.694583,True,0.95
61.285407,22,15029.891163,True,0.95
55.705262,11,15032.512067,True,0.95
-17.505173,31,15039.843499,False,0.95
54.442914,10,15042.236911,True,0.95
-3.842601,31,15049.500192,False,0.95
-7.334414,31,15056.808626,False,0.95
50.018539,1,15057.087056,True,0.95
-4.116126,32,15064.619152,False,0.95
-11.792381,31,15071.89574,False,0.95
53.478147,9,15074.057487,True,0.95
-10.517624,31,15081.35945,False,0.95
-2.265626,31,15088.6484,False,0.95
-10.847453,32,15096.23034,False,0.95
58.246643,16,15100.02626,True,0.95
57.14304,15,15103.588653,True,0.95
-22.177484,31,15110.902114,False,0.95
-25.021568,31,15118.271747,False,0.95
0.4076,31,15125.59563,False,0.95
-21.373915,31,15132.916669,False,0.95
-5.452427,31,15140.237185,False,0.95
-13.473826,31,15147.568022,False,0.95
-7.340389,31,15154.951876,False,0.95
56.867749,14,15158.294764,True,0.95
-5.876178,31,15165.616436,False,0.95
0.794839,31,15172.951149,False,0.95
-2.9459,31,15180.299289,False,0.95
-24.785233,31,15187.692337,False,0.95
0.428385,31,15195.083192,False,0.95
58.647952,18,15199.359231,True,0.95
-11.362583,31,15206.687354,False,0.95
-8.495788,31,15214.03651,False,0.95
-2.336753,31,15221.400142,False,0.95
-3.875613,31,15228.742472,False,0.95
-2.925954,31,15236.107169,False,0.95
-6.50719,31,15243.438265,False,0.95
-8.950543,31,15250.781856,False,0.95
56.415117,13,15253.913557,True,0.95
-1.484797,31,15261.26356,False,0.95
-22.926835,32,15268.859992,False,0.95
-7.785327,33,15276.683127,False,0.95
58.901977,17,15280.735479,True,0.95
-6.2374,31,15288.07074,False,0.95
-6.773969,31,15295.445789,False,0.95
60.55998,20,15300.205889,True,0.95
54.663892,9,15302.358902,True,0.95
-18.266491,31,15309.722526,False,0.95
-4.364103,31,15317.075989,False,0.95
57.522049,15,15320.673895,True,0.95
-7.813808,31,15328.022859,False,0.95
-22.03696,33,15335.904573,False,0.95
-12.399627,31,15343.266618,False,0.95
-4.785226,32,15350.935257,False,0.95
-14.469328,33,15358.758652,False,0.95
-22.822321,31,15371.578154,False,0.95
61.50708,26,15377.771806,True,0.95
61.901581,24,15383.485374,True,0.95
-5.283541,31,15390.885777,False,0.95
-18.144763,31,15398.259315,False,0.95
-24.620912,31,15405.603703,False,0.95
-13.528299,32,15413.280508,False,0.95
-8.138677,31,15420.653583,False,0.95
53.819684,10,15423.058268,True,0.95
-13.433791,31,15430.469053,False,0.95
-25.018501,32,15438.106763,False,0.95
-2.887131,31,15445.476146,False,0.95
-12.649751,31,15452.897866,False,0.95
-20.045877,32,15460.536593,False,0.95
61.883141,23,15466.023093,True,0.95
-3.037583,32,15473.702705,False,0.95
-7.691152,32,15481.352503,False,0.95
-0.314824,32,15489.03663,False,0.95
-6.28711,32,15496.668083,False,0.95
-10.489564,31,15504.062837,False,0.95
-5.603406,31,15511.467909,False,0.95
1.784919,31,15518.870446,False,0.95
-9.740618,31,15526.385163,False,0.95
-0.374098,31,15533.82405,False,0.95
-25.185114,31,15541.225158,False,0.95
50.163925,1,15541.511708,True,0.95
-24.836025,32,15549.194629,False,0.95
55.189355,11,15551.845139,True,0.95
-12.813637,31,15559.272734,False,0.95
-23.191061,31,15566.687822,False,0.95
-0.909148,31,15574.085761,False,0.95
-25.347081,32,15581.722038,False,0.95
55.272634,11,15584.431656,True,0.95
-8.649718,31,15591.855871,False,0.95
56.529265,13,15594.982603,True,0.95
49.742338,1,15595.277245,True,0.95
61.741867,23,15600.784662,True,0.95
60.038244,20,15605.618445,True,0.95
58.44024,17,15609.715961,True,0.95
-10.365564,32,15617.374956,False,0.95
-23.365721,31,15624.796781,False,0.95
-0.866833,31,15632.226788,False,0.95
-8.677715,31,15639.639495,False,0.95
59.81839,19,15644.255531,True,0.95
-21.421638,31,15651.69952,False,0.95
50.497347,1,15651.98016,True,0.95
-0.775258,31,15659.406379,False,0.95
61.577012,22,15664.7005,True,0.95
59.736302,19,15669.273614,True,0.95
53.381705,9,15671.45071,True,0.95
-13.190825,31,15678.882304,False,0.95
-6.623902,31,15686.311549,False,0.95
-23.947589,31,15693.743199,False,0.95
53.120797,6,15695.213278,True,0.95
1.543305,31,15702.617424,False,0.95
-13.894951,31,15710.094408,False,0.95
-20.542882,31,15717.513936,False,0.95
53.632622,7,15719.232202,True,0.95
59.810075,20,15724.073789,True,0.95
-7.86562,31,15731.507061,False,0.95
-5.535058,31,15738.913733,False,0.95
-13.162171,32,15746.662405,False,0.95
56.632479,16,15750.535567,True,0.95
-3.449814,31,15757.976061,False,0.95
-9.244096,31,15765.479505,False,0.95
-15.042845,31,15772.938862,False,0.95
-14.528444,32,15780.649212,False,0.95
-8.149814,31,15788.093481,False,0.95
60.276768,22,15793.422903,True,0.95
60.563907,20,15798.265121,True,0.95
-25.728218,31,15805.720477,False,0.95
-9.665357,31,15813.160046,False,0.95
-14.173674,32,15820.866294,False,0.95
57.808274,16,15824.77577,True,0.95
-12.082333,32,15832.485465,False,0.95
-8.579002,31,15839.946021,False,0.95
-10.738217,32,15847.673625,False,0.95
0.692532,32,15855.389755,False,0.95
-4.853567,31,15868.365834,False,0.95
-24.560569,31,15875.816542,False,0.95
-10.657808,32,15883.562294,False,0.95
-13.197368,31,15891.043867,False,0.95
0.044284,31,15898.604252,False,0.95
59.79048,20,15903.470593,True,0.95
57.011066,16,15907.341816,True,0.95
-3.124016,31,15914.788293,False,0.95
-1.901036,31,15922.321336,False,0.95
53.135445,6,15923.821818,True,0.95
53.122386,6,15925.311597,True,0.95
-12.866094,31,15932.804905,False,0.95
-18.731232,31,15940.307569,False,0.95
-22.846422,31,15947.783495,False,0.95
-4.107472,31,15955.237943,False,0.95
-0.353693,31,15962.767901,False,0.95
53.686837,8,15964.755157,True,0.95
-11.745098,31,15972.231785,False,0.95
-20.668235,31,15979.773004,False,0.95
-8.46262,31,15987.253298,False,0.95
0.223378,31,15994.714818,False,0.95
51.944986,5,15995.973463,True,0.95
-20.435898,32,16003.759333,False,0.95
55.007048,12,16006.70183,True,0.95
-2.952784,31,16014.17531,False,0.95
-13.913116,31,16021.739911,False,0.95
54.420293,9,16023.932966,True,0.95
58.306901,18,16028.317958,True,0.95
53.605507,7,16030.034593,True,0.95
-5.724347,31,16037.52824,False,0.95
62.147688,24,16043.35274,True,0.95
57.358206,14,16046.779722,True,0.95
-19.290424,31,16054.29797,False,0.95
-13.917023,32,16062.105919,False,0.95
53.203949,9,16064.315269,True,0.95
-0.490908,31,16071.823097,False,0.95
-4.593325,31,16079.363046,False,0.95
-4.501555,31,16086.864113,False,0.95
58.428004,16,16090.758922,True,0.95
-7.905887,31,16098.283842,False,0.95
-25.449969,31,16105.800189,False,0.95
53.050558,8,16107.780617,True,0.95
58.454191,16,16111.666377,True,0.95
54.652159,10,16114.157804,True,0.95
-5.233131,31,16121.738058,False,0.95
59.097104,18,16126.25478,True,0.95
-13.196394,31,16133.833107,False,0.95
-1.987968,31,16141.368588,False,0.95
-22.950847,31,16148.886563,False,0.95
-6.631932,31,16156.440485,False,0.95
61.936161,23,16162.049878,True,0.95
-10.671097,31,16169.609375,False,0.95
-23.339484,31,16177.19479,False,0.95
56.466906,13,16180.366647,True,0.95
-16.154658,32,16188.140177,False,0.95
-11.481051,31,16195.711186,False,0.95
58.117466,16,16199.633493,True,0.95
-0.355323,31,16207.158189,False,0.95
-22.187473,31,16214.714232,False,0.95
-17.11243,31,16222.272815,False,0.95
61.787732,23,16227.862346,True,0.95
-13.688677,31,16235.419282,False,0.95
-1.026099,31,16242.937809,False,0.95
-9.990067,31,16250.455102,False,0.95
-20.192377,31,16258.045568,False,0.95
-3.755805,31,16265.573949,False,0.95
-6.337551,31,16273.13357,False,0.95
-12.885928,31,16280.680094,False,0.95
55.229879,10,16283.154354,True,0.95
53.48088,10,16285.622928,True,0.95
0.017067,31,16293.180183,False,0.95
-16.830107,32,16300.994092,False,0.95
-11.889126,32,16308.808255,False,0.95
-9.152665,31,16316.415131,False,0.95
-3.859325,31,16323.973745,False,0.95
-4.167161,31,16331.532976,False,0.95
-8.47193,31,16339.107787,False,0.95
-9.350387,31,16346.640236,False,0.95
-3.090045,32,16354.497308,False,0.95
54.578331,9,16356.727114,True,0.95
-12.759268,31,16364.294213,False,0.95
-0.16465,31,16377.300593,False,0.95
-1.876814,31,16384.852115,False,0.95
-9.01263,31,16392.4474,False,0.95
-11.427826,31,16400.024718,False,0.95
-9.470413,31,16407.576618,False,0.95
-10.068492,31,16415.180229,False,0.95
54.599912,11,16417.896107,True,0.95
54.007706,10,16420.390928,True,0.95
-19.493205,31,16427.975434,False,0.95
-8.68123,31,16435.68732,False,0.95
53.648904,7,16437.442451,True,0.95
-14.203289,32,16445.285474,False,0.95
-8.526167,31,16452.878856,False,0.95
-14.139183,31,16460.472668,False,0.95
-6.832773,31,16468.055338,False,0.95
-1.663437,31,16475.65635,False,0.95
-3.351419,31,16483.244354,False,0.95
-0.639915,31,16490.880718,False,0.95
-25.540552,31,16498.491491,False,0.95
-14.203929,32,16506.318114,False,0.95
-3.764858,31,16513.943064,False,0.95
-4.581381,31,16521.601377,False,0.95
-2.187102,31,16529.255092,False,0.95
-16.630746,32,16537.146574,False,0.95
-19.730001,31,16544.738912,False,0.95
-12.205257,32,16552.645139,False,0.95
-6.520776,31,16560.271924,False,0.95
55.240441,12,16563.24455,True,0.95
-5.403522,31,16570.872176,False,0.95
1.808788,32,16578.786444,False,0.95
-22.307045,31,16586.403526,False,0.95
54.311298,9,16588.675882,True,0.95
-4.652375,31,16596.299182,False,0.95
-23.296109,31,16603.930315,False,0.95
55.394876,12,16606.960014,True,0.95
49.544823,1,16607.255763,True,0.95
55.264919,10,16609.76465,True,0.95
52.786046,6,16611.293726,True,0.95
0.005495,31,16618.932463,False,0.95
60.045285,19,16623.60647,True,0.95
53.155528,7,16625.387648,True,0.95
-0.652267,31,16632.997868,False,0.95
-8.097023,32,16640.888458,False,0.95
61.888218,23,16646.600721,True,0.95
-10.876367,31,16654.245285,False,0.95
55.20134,10,16656.742743,True,0.95
61.018385,21,16661.935025,True,0.95
-1.612286,31,16669.604759,False,0.95
-24.742126,31,16677.224996,False,0.95
-11.261676,31,16684.880356,False,0.95
57.388541,15,16688.629434,True,0.95
-0.318064,31,16696.292578,False,0.95
-7.553562,32,16704.224907,False,0.95
56.277969,12,16707.247814,True,0.95
-9.380662,31,16714.890378,False,0.95
61.490821,24,16720.79228,True,0.95
-24.231877,31,16728.561702,False,0.95
57.091122,15,16732.318696,True,0.95
-3.061311,31,16739.950721,False,0.95
-4.992277,31,16747.657373,False,0.95
-8.689909,31,16755.357159,False,0.95
57.280937,15,16759.07495,True,0.95
-7.050548,31,16766.764157,False,0.95
60.821575,22,16772.224053,True,0.95
-22.55483,32,16780.140291,False,0.95
-10.44541,32,16788.116707,False,0.95
-5.211935,31,16795.764708,False,0.95
-8.388275,32,16803.67497,False,0.95
58.555944,17,16807.924314,True,0.95
-1.396045,31,16815.604656,False,0.95
-14.185765,32,16823.512394,False,0.95
59.463593,20,16828.484376,True,0.95
-1.842358,31,16836.100564,False,0.95
-24.634088,31,16843.770382,False,0.95
-7.889478,31,16851.433104,False,0.95
-6.415969,31,16859.130388,False,0.95
-21.501387,31,16866.843318,False,0.95
-21.067269,31,16874.473833,False,0.95
53.705737,8,16876.487017,True,0.95
62.20423,25,16888.151993,True,0.95
60.921952,23,16893.864129,True,0.95
-13.089434,31,16901.506708,False,0.95
50.175553,1,16901.805137,True,0.95
0.013502,31,16909.499936,False,0.95
-10.14836,31,16917.163082,False,0.95
56.951185,14,16920.686851,True,0.95
-1.766595,31,16928.412813,False,0.95
-20.633508,31,16936.089149,False,0.95
-2.392898,31,16943.802903,False,0.95
58.35909,17,16948.075933,True,0.95
-10.964597,31,16955.785179,False,0.95
-5.189745,31,16963.540157,False,0.95
-24.626436,31,16971.22233,False,0.95
-0.211442,31,16978.906188,False,0.95
54.127854,9,16981.209248,True,0.95
-0.29337,31,16988.894382,False,0.95
56.540998,13,16992.151536,True,0.95
-2.114447,32,17000.188884,False,0.95
-11.932688,31,17007.922015,False,0.95
58.429461,16,17011.938777,True,0.95
-24.249547,31,17019.651526,False,0.95
59.135612,18,17024.166931,True,0.95
56.955741,14,17027.70883,True,0.95
-25.294056,31,17035.386535,False,0.95
59.327303,19,17040.143176,True,0.95
57.657681,16,17044.147307,True,0.95
-1.895765,31,17051.892923,False,0.95
0.080817,32,17059.870112,False,0.95
-7.615421,31,17067.600623,False,0.95
61.3902,23,17073.336227,True,0.95
53.129424,6,17074.86149,True,0.95
58.833879,17,17079.145229,True,0.95
-9.519054,31,17086.859978,False,0.95
61.386,22,17092.327904,True,0.95
-23.342224,31,17100.091082,False,0.95
-13.159044,31,17107.779903,False,0.95
-9.768913,31,17115.488742,False,0.95
-10.260389,31,17123.564143,False,0.95
-18.338364,32,17131.56841,False,0.95
-2.41997,31,17139.309325,False,0.95
-8.268361,31,17147.036232,False,0.95
59.932209,19,17151.78143,True,0.95
-4.386031,32,17159.758862,False,0.95
-10.981952,31,17167.450646,False,0.95
-10.342209,31,17175.192315,False,0.95
60.48488,23,17180.979921,True,0.95
58.299676,17,17185.234805,True,0.95
-14.925149,31,17192.979406,False,0.95
53.637463,8,17195.015996,True,0.95
-13.019617,31,17202.757022,False,0.95
-22.991169,31,17210.47845,False,0.95
58.370355,16,17214.492656,True,0.95
-20.364582,31,17222.268723,False,0.95
-1.628119,31,17229.99143,False,0.95
-11.691101,31,17237.748683,False,0.95
-11.51415,31,17245.493266,False,0.95
-4.622322,31,17253.210659,False,0.95
-24.427976,31,17261.025008,False,0.95
55.518241,11,17263.800287,True,0.95
55.125233,11,17266.583522,True,0.95
60.502275,20,17271.569331,True,0.95
59.938478,19,17276.379096,True,0.95
-19.841186,31,17284.135607,False,0.95
56.315435,13,17287.42495,True,0.95
-13.963862,31,17295.197541,False,0.95
58.814156,17,17299.496975,True,0.95
-12.683964,31,17307.25351,False,0.95
-3.582609,31,17314.997125,False,0.95
-7.508546,31,17322.749312,False,0.95
-3.784645,31,17330.612962,False,0.95
0.107634,31,17338.418905,False,0.95
53.423012,8,17340.458498,True,0.95
-6.417025,31,17348.231771,False,0.95
62.214178,26,17354.770557,True,0.95
-16.20647,31,17362.550981,False,0.95
-4.962843,31,17370.289214,False,0.95
-21.977624,31,17378.098128,False,0.95
-25.689743,31,17385.864918,False,0.95
53.139955,6,17387.413679,True,0.95
-20.030032,31,17400.721361,False,0.95
-6.204698,31,17408.506037,False,0.95
-0.866681,32,17416.599852,False,0.95
-20.723534,31,17424.391845,False,0.95
0.382034,32,17432.4276,False,0.95
-0.389134,31,17440.211484,False,0.95
0.433991,31,17447.989152,False,0.95
-1.03585,31,17455.79478,False,0.95
49.72815,1,17456.09182,True,0.95
57.244333,14,17459.659553,True,0.95
54.694159,13,17462.973922,True,0.95
-3.872787,31,17470.726554,False,0.95
58.974749,17,17475.047732,True,0.95
-7.634023,31,17482.840079,False,0.95
-22.869398,31,17490.602093,False,0.95
56.024111,12,17493.689062,True,0.95
-11.372826,31,17501.471302,False,0.95
60.042935,21,17506.749866,True,0.95
-2.255475,32,17514.828218,False,0.95
56.307998,12,17517.880488,True,0.95
-0.429167,31,17525.66764,False,0.95
-3.376467,31,17533.497776,False,0.95
57.912647,17,17537.785038,True,0.95
-13.839226,31,17545.566133,False,0.95
-11.1218,31,17553.374845,False,0.95
50.752453,2,17553.929929,True,0.95
58.641005,17,17558.226508,True,0.95
55.404442,11,17561.035039,True,0.95
-9.451712,32,17569.078523,False,0.95
-9.296959,31,17576.888342,False,0.95
55.213245,10,17579.458529,True,0.95
-13.160548,32,17587.494906,False,0.95
56.845309,15,17591.330884,True,0.95
-16.612505,31,17599.149647,False,0.95
-21.259067,31,17606.953645,False,0.95
-1.308266,31,17614.784247,False,0.95
61.999087,25,17621.113747,True,0.95
61.526941,22,17626.655436,True,0.95
-1.761146,31,17634.524805,False,0.95
-10.674365,31,17642.314716,False,0.95
0.778784,32,17650.408223,False,0.95
-11.41346,31,17658.211366,False,0.95
-12.894682,31,17666.006029,False,0.95
61.034879,21,17671.347318,True,0.95
57.185689,14,17674.89997,True,0.95
53.8516,8,17676.967192,True,0.95
0.056384,32,17685.027234,False,0.95
55.259945,10,17687.592023,True,0.95
-4.64182,31,17695.418712,False,0.95
-3.222708,31,17703.230885,False,0.95
58.413059,16,17707.330474,True,0.95
-0.406406,32,17715.450182,False,0.95
-20.998605,31,17723.263395,False,0.95
-22.399615,31,17731.116278,False,0.95
-0.367001,31,17738.968337,False,0.95
-12.703482,31,17746.795265,False,0.95
55.655985,11,17749.635866,True,0.95
-2.570191,31,17757.45453,False,0.95
53.188784,7,17759.255431,True,0.95
60.00133,20,17764.315287,True,0.95
53.483154,9,17766.647327,True,0.95
58.083749,16,17770.749277,True,0.95
-25.178123,31,17778.573648,False,0.95
-9.730329,31,17786.404339,False,0.95
-5.937115,31,17794.242661,False,0.95
53.944295,9,17796.555432,True,0.95
-14.442518,31,17804.395216,False,0.95
53.019346,7,17806.232637,True,0.95
62.03336,23,17812.071617,True,0.95
-12.611223,31,17819.936034,False,0.95
-24.486877,31,17827.811985,False,0.95
-9.881271,31,17835.731533,False,0.95
-13.215877,31,17843.561263,False,0.95
-1.612232,32,17851.697107,False,0.95
-13.695798,32,17859.822826,False,0.95
-3.460506,31,17867.700166,False,0.95
57.157658,15,17871.527377,True,0.95
-24.63247,32,17879.595291,False,0.95
53.071946,6,17881.162779,True,0.95
55.533409,11,17884.013536,True,0.95
-2.67873,31,17891.892463,False,0.95
-10.251994,31,17899.736997,False,0.95
-23.277793,31,17907.642124,False,0.95
57.313935,14,17911.219716,True,0.95
-16.402875,31,17924.677679,False,0.95
-21.572788,31,17932.633976,False,0.95
-21.421856,31,17940.474457,False,0.95
-9.166148,31,17948.384202,False,0.95
-13.410498,31,17956.253172,False,0.95
61.596162,22,17961.887753,True,0.95
0.826936,31,17969.739716,False,0.95
55.701588,13,17973.07827,True,0.95
-22.47491,31,17980.959371,False,0.95
-18.116864,31,17988.865598,False,0.95
-3.145399,31,17996.71692,False,0.95
-25.268534,31,18004.629522,False,0.95
-22.839008,31,18012.515912,False,0.95
60.15713,21,18017.864932,True,0.95
53.152009,6,18019.417402,True,0.95
58.066692,18,18024.062592,True,0.95
-4.885951,31,18031.952279,False,0.95
-9.794182,31,18039.79894,False,0.95
-25.24717,31,18047.720757,False,0.95
-10.287608,31,18055.582022,False,0.95
0.081321,31,18063.516664,False,0.95
-1.968305,31,18071.422745,False,0.95
-24.959985,31,18079.289314,False,0.95
-13.14579,31,18087.216315,False,0.95
55.001121,10,18089.804874,True,0.95
-6.774046,31,18097.682066,False,0.95
-12.259642,31,18105.642943,False,0.95
-21.098288,32,18113.808609,False,0.95
-13.336903,31,18121.726575,False,0.95
59.950274,19,18126.577789,True,0.95
-7.954303,31,18134.451961,False,0.95
-7.104488,31,18142.349633,False,0.95
-13.284883,31,18150.234079,False,0.95
-10.426647,31,18158.122377,False,0.95
-9.764386,31,18166.03852,False,0.95
-24.731329,31,18173.950872,False,0.95
-0.146181,31,18181.880073,False,0.95
-2.201154,31,18189.809891,False,0.95
-2.551362,31,18197.740191,False,0.95
-12.990868,31,18205.703403,False,0.95
1.506049,32,18213.878496,False,0.95
60.471682,20,18219.040569,True,0.95
-9.300749,31,18226.967803,False,0.95
0.420676,31,18234.850075,False,0.95
-23.173779,31,18242.825927,False,0.95
-4.148993,31,18250.799227,False,0.95
-8.504162,31,18258.705031,False,0.95
-7.36919,31,18266.59204,False,0.95
-8.779311,31,18274.509287,False,0.95
-9.76647,32,18282.729132,False,0.95
-5.788468,31,18290.628115,False,0.95
52.56952,5,18291.940545,True,0.95
-2.426006,31,18299.894365,False,0.95
-9.123873,31,18307.804369,False,0.95
-5.094713,31,18315.689049,False,0.95
-9.440145,31,18323.630142,False,0.95
59.328677,20,18328.743439,True,0.95
-7.211348,31,18336.679214,False,0.95
-2.46784,31,18344.624972,False,0.95
-19.467142,31,18352.529027,False,0.95
-11.059511,31,18360.512145,False,0.95
-5.712858,31,18368.438672,False,0.95
-3.972671,31,18376.384263,False,0.95
-8.636629,31,18384.334702,False,0.95
-25.791424,31,18392.28034,False,0.95
-4.306746,31,18400.249287,False,0.95
59.276666,18,18404.915616,True,0.95
-6.819126,32,18413.125904,False,0.95
-3.2081,31,18421.100674,False,0.95
0.86659,31,18429.084854,False,0.95
-4.262771,31,18437.057764,False,0.95
-14.0947,31,18445.012908,False,0.95
-8.948952,31,18458.3311,False,0.95
57.694495,16,18462.488402,True,0.95
-12.927898,31,18470.429171,False,0.95
-0.486313,31,18478.41223,False,0.95
-9.795296,31,18486.367539,False,0.95
62.272757,24,18492.556378,True,0.95
-17.720736,31,18500.547455,False,0.95
-3.751499,31,18508.502896,False,0.95
-0.497484,31,18516.476512,False,0.95
59.205088,19,18521.362757,True,0.95
0.334408,31,18529.414351,False,0.95
57.768835,15,18533.324354,True,0.95
-13.431082,31,18541.293105,False,0.95
-6.004905,31,18549.241285,False,0.95
-6.572471,31,18557.250628,False,0.95
-23.259649,31,18565.20897,False,0.95
59.384568,21,18570.62483,True,0.95
57.628738,15,18574.530252,True,0.95
55.786147,12,18577.656866,True,0.95
-5.132621,32,18585.875458,False,0.95
-11.649822,31,18593.880432,False,0.95
53.448565,7,18595.706212,True,0.95
60.846703,22,18601.383155,True,0.95
-25.35018,31,18609.336036,False,0.95
-6.978642,31,18617.33035,False,0.95
-11.224243,31,18625.294443,False,0.95
-2.905388,31,18633.282658,False,0.95
0.54169,31,18641.248485,False,0.95
-5.766733,31,18649.235463,False,0.95
-24.735703,31,18657.195939,False,0.95
-10.997203,31,18665.163589,False,0.95
58.383317,16,18669.302304,True,0.95
-7.425296,31,18677.279133,False,0.95
-13.574411,32,18685.519192,False,0.95
-1.47421,31,18693.530917,False,0.95
-8.199493,31,18701.508682,False,0.95
-5.925559,31,18709.503172,False,0.95
-5.333974,31,18717.515322,False,0.95
-22.966003,31,18725.488525,False,0.95
58.430228,16,18729.673458,True,0.95
-5.08549,31,18737.699184,False,0.95
-2.994697,31,18745.685276,False,0.95
-23.192437,31,18753.707936,False,0.95
-2.059107,31,18761.693449,False,0.95
59.621496,20,18766.898768,True,0.95
-2.382528,31,18774.875082,False,0.95
-1.109369,31,18782.893835,False,0.95
-4.478564,31,18790.884938,False,0.95
55.766655,11,18793.78026,True,0.95
61.661743,24,18800.000479,True,0.95
-8.269157,31,18808.012936,False,0.95
-25.217018,31,18816.015692,False,0.95
-4.644078,31,18823.990199,False,0.95
-5.62506,31,18832.018755,False,0.95
-2.784024,31,18840.035577,False,0.95
-23.174501,31,18848.054002,False,0.95
-11.73691,31,18856.057689,False,0.95
-5.035465,31,18864.081545,False,0.95
-24.913023,31,18872.113965,False,0.95
-14.9902,31,18880.135605,False,0.95
-6.42114,31,18888.186002,False,0.95
49.948501,1,18888.494287,True,0.95
-19.094584,31,18896.472056,False,0.95
-8.175126,31,18904.494457,False,0.95
-12.609966,32,18912.782432,False,0.95
-11.494938,32,18921.074381,False,0.95
55.155313,10,18923.720663,True,0.95
-1.911497,31,18931.741854,False,0.95
51.549504,5,18933.087671,True,0.95
-11.236823,31,18941.083203,False,0.95
-9.221365,31,18949.136229,False,0.95
0.752183,32,18957.45433,False,0.95
-8.961568,31,18965.532207,False,0.95
-14.456457,31,18973.565002,False,0.95
-12.004998,31,18987.041487,False,0.95
58.887618,19,18991.974653,True,0.95
54.870522,10,18994.613906,True,0.95
-9.721755,32,19002.912921,False,0.95
61.187027,22,19008.654741,True,0.95
53.496675,7,19010.496412,True,0.95
62.349782,25,19017.051286,True,0.95
-12.589398,31,19025.124932,False,0.95
-0.134996,33,19033.703013,False,0.95
55.291822,14,19037.356682,True,0.95
-4.818394,31,19045.426727,False,0.95
49.737067,1,19045.735734,True,0.95
-2.000625,31,19053.776556,False,0.95
-7.153807,32,19062.07397,False,0.95
-12.553103,31,19070.165186,False,0.95
56.958748,17,19074.585298,True,0.95
-2.972891,31,19082.625584,False,0.95
62.258912,25,19089.108809,True,0.95
56.118896,12,19092.259464,True,0.95
62.11956,23,19098.237811,True,0.95
-7.35386,31,19106.309815,False,0.95
-3.224824,31,19114.361424,False,0.95
-13.93289,33,19122.991667,False,0.95
61.737021,27,19130.135881,True,0.95
-23.833504,31,19138.213975,False,0.95
-8.042442,31,19146.248086,False,0.95
-21.848534,31,19154.314205,False,0.95
-12.25583,31,19162.412062,False,0.95
61.364117,23,19168.405765,True,0.95
58.956817,17,19172.845682,True,0.95
-7.541884,32,19181.234853,False,0.95
-6.943823,33,19189.82319,False,0.95
62.18849,26,19196.610173,True,0.95
-6.319376,32,19204.993459,False,0.95
-17.646894,31,19213.062374,False,0.95
60.160445,20,19218.332988,True,0.95
-18.799978,32,19226.687073,False,0.95
-4.780758,31,19234.734229,False,0.95
-13.784287,31,19242.803894,False,0.95
-12.100425,31,19250.924366,False,0.95
-9.944366,31,19259.011635,False,0.95
54.465843,9,19261.402727,True,0.95
55.803422,11,19264.311223,True,0.95
65.924702,38,19274.219915,True,0.95
-4.324395,31,19282.330115,False,0.95
-12.560395,31,19290.418162,False,0.95
-9.531801,31,19298.543355,False,0.95
-3.555966,31,19306.618848,False,0.95
54.199652,8,19308.756133,True,0.95
-1.107409,31,19316.834984,False,0.95
-25.720532,32,19325.211898,False,0.95
-22.357954,31,19333.279634,False,0.95
53.71272,8,19335.439567,True,0.95
-23.566536,32,19343.791831,False,0.95
-11.118084,31,19351.857286,False,0.95
-14.191587,31,19359.981866,False,0.95
-1.926987,31,19368.080357,False,0.95
-12.687219,31,19376.186612,False,0.95
-11.376309,31,19384.297193,False,0.95
-20.288654,31,19392.384993,False,0.95
-2.043889,32,19400.810059,False,0.95
0.997443,32,19409.177696,False,0.95
-1.783036,32,19417.539396,False,0.95
-22.832102,31,19425.647153,False,0.95
-5.86373,31,19433.752859,False,0.95
-20.983771,32,19442.141735,False,0.95
-2.207825,35,19451.286055,False,0.95
-2.837933,32,19459.692857,False,0.95
-25.331247,31,19467.786756,False,0.95
-4.571582,31,19475.911332,False,0.95
-24.322092,31,19484.010515,False,0.95
51.875154,4,19485.112566,True,0.95
-12.235769,31,19493.25765,False,0.95
-8.684046,31,19501.40349,False,0.95
-13.14031,34,19510.282823,False,0.95
-9.176244,31,19518.416897,False,0.95
58.946851,17,19528.685887,True,0.95
-24.40226,31,19536.836803,False,0.95
-25.115834,32,19545.257876,False,0.95
-6.283003,33,19553.951589,False,0.95
-9.783417,31,19562.075547,False,0.95
61.389449,24,19568.330901,True,0.95
-0.154848,31,19576.467799,False,0.95
-23.504453,31,19584.582448,False,0.95
55.215831,10,19587.235029,True,0.95
-14.674955,33,19595.958115,False,0.95
-1.450058,32,19604.373552,False,0.95
58.391929,16,19608.596158,True,0.95
54.465567,9,19611.017014,True,0.95
-2.177372,31,19619.154683,False,0.95
53.132196,6,19620.782678,True,0.95
54.111767,8,19622.906199,True,0.95
-10.746463,31,19631.060806,False,0.95
-5.127405,31,19639.21095,False,0.95
-9.187555,35,19648.404475,False,0.95
58.557646,18,19653.194364,True,0.95
-2.468773,31,19661.369925,False,0.95
-24.876651,32,19669.806903,False,0.95
55.165092,10,19672.467652,True,0.95
53.102352,6,19674.0865,True,0.95
-6.671049,31,19682.221393,False,0.95
55.061071,10,19684.879892,True,0.95
-5.124688,33,19693.572224,False,0.95
-0.952549,31,19701.732775,False,0.95
56.824215,16,19705.967396,True,0.95
59.219974,18,19710.749499,True,0.95
64.793458,33,19719.416462,True,0.95
-19.542384,31,19727.707064,False,0.95
-10.765951,31,19735.937928,False,0.95
61.552799,22,19741.753579,True,0.95
-4.601013,31,19749.940088,False,0.95
-24.428098,31,19758.087692,False,0.95
61.316908,23,19764.16864,True,0.95
-2.17033,31,19772.347512,False,0.95
61.172466,24,19778.687851,True,0.95
-22.670833,31,19786.869142,False,0.95
-25.242373,31,19795.0604,False,0.95
59.446543,19,19800.097971,True,0.95
-24.728293,32,19808.549344,False,0.95
-8.394934,32,19817.01245,False,0.95
1.276057,31,19825.189015,False,0.95
-12.66516,31,19833.357783,False,0.95
55.766407,11,19836.289849,True,0.95
62.154715,25,19842.913688,True,0.95
-20.998147,31,19851.187628,False,0.95
-11.433502,32,19859.608552,False,0.95
-16.981858,31,19867.814569,False,0.95
-9.645031,31,19875.982805,False,0.95
55.697074,11,19878.92398,True,0.95
-9.91205,31,19887.123044,False,0.95
-6.146323,31,19895.311746,False,0.95
-7.799058,32,19903.762338,False,0.95
61.60388,22,19909.584678,True,0.95
-11.540561,31,19917.762444,False,0.95
-3.167439,31,19925.95995,False,0.95
56.26824,12,19929.146792,True,0.95
54.795985,10,19931.858389,True,0.95
-23.81351,33,19940.559522,False,0.95
61.21255,24,19946.960407,True,0.95
0.41946,35,19956.196927,False,0.95
58.911391,18,19960.991951,True,0.95
-15.405263,31,19969.189709,False,0.95
-25.305648,31,19977.337815,False,0.95
60.661019,22,19983.187923,True,0.95
-5.353922,31,19991.368271,False,0.95
-18.739765,32,19999.833733,False,0.95
58.344585,18,20004.652082,True,0.95
-0.150199,31,20012.855163,False,0.95
-23.366328,32,20021.335556,False,0.95
-15.317183,32,20029.811501,False,0.95
-9.412868,31,20038.052073,False,0.95
-7.443204,31,20046.286307,False,0.95
-17.910229,32,20054.761832,False,0.95
-25.235272,32,20063.270346,False,0.95
62.307616,27,20076.172106,True,0.95
62.167448,26,20083.125131,True,0.95
-15.50282,32,20091.626522,False,0.95
53.743173,10,20094.303702,True,0.95
-5.794313,32,20102.804927,False,0.95
-24.292711,32,20111.269956,False,0.95
-18.720978,31,20119.500656,False,0.95
53.649723,7,20121.391087,True,0.95
55.556315,11,20124.33559,True,0.95
52.571183,5,20125.697686,True,0.95
53.051232,6,20127.340724,True,0.95
55.82247,13,20130.886441,True,0.95
61.49971,22,20136.734636,True,0.95
56.281229,13,20140.223982,True,0.95
59.42291,21,20145.785639,True,0.95
-2.526251,31,20154.06162,False,0.95
-23.006035,31,20162.324236,False,0.95
60.151135,20,20167.663651,True,0.95
-14.891009,31,20175.904028,False,0.95
-21.938577,33,20184.677399,False,0.95
62.318668,25,20191.309399,True,0.95
53.541369,7,20193.192671,True,0.95
-25.201633,31,20201.447688,False,0.95
-8.183386,32,20209.940255,False,0.95
-0.906055,31,20218.234655,False,0.95
-23.906959,32,20226.712857,False,0.95
61.982221,28,20234.171222,True,0.95
-4.264219,32,20242.7277,False,0.95
-8.479644,32,20251.20191,False,0.95
-9.919229,31,20259.468521,False,0.95
-7.130281,31,20267.691104,False,0.95
61.83424,23,20273.848778,True,0.95
61.631926,26,20280.785081,True,0.95
-13.402923,33,20289.531885,False,0.95
-13.928837,32,20298.090458,False,0.95
-1.777312,31,20306.30459,False,0.95
59.10352,20,20311.660699,True,0.95
50.511815,1,20311.983128,True,0.95
-12.882848,33,20320.758003,False,0.95
-3.938669,33,20329.651707,False,0.95
-2.86591,32,20338.25965,False,0.95
-3.732747,31,20346.495381,False,0.95
-6.549915,32,20355.039909,False,0.95
-2.993868,32,20363.596735,False,0.95
58.356809,16,20367.878038,True,0.95
-6.762439,32,20376.42842,False,0.95
-2.468965,32,20384.961384,False,0.95
-21.172711,31,20393.256347,False,0.95
-1.608796,32,20401.765266,False,0.95
53.362183,8,20403.939581,True,0.95
60.719478,22,20409.825811,True,0.95
49.56062,1,20410.15123,True,0.95
-10.431797,32,20418.707959,False,0.95
58.646356,17,20423.255113,True,0.95
60.515894,22,20429.148242,True,0.95
60.707716,25,20435.816453,True,0.95
53.094475,6,20437.453131,True,0.95
-25.238893,33,20446.213045,False,0.95
-8.624584,31,20454.494524,False,0.95
57.821377,15,20458.573206,True,0.95
-0.979485,31,20466.883831,False,0.95
-2.414813,31,20475.163973,False,0.95
53.387373,8,20477.347628,True,0.95
-12.553466,32,20485.899553,False,0.95
-8.945022,32,20494.454937,False,0.95
59.859121,19,20499.547329,True,0.95
-23.21255,32,20508.077692,False,0.95
-21.950381,33,20516.899767,False,0.95
-2.503433,31,20525.152222,False,0.95
-9.715845,31,20533.477669,False,0.95
-10.416269,31,20541.761127,False,0.95
-1.331424,32,20550.359623,False,0.95
-2.817109,31,20558.656995,False,0.95
-22.945905,32,20567.247837,False,0.95
-6.182649,31,20575.531018,False,0.95
56.820438,14,20579.300172,True,0.95
53.279813,7,20581.206881,True,0.95
-22.423551,31,20589.498888,False,0.95
54.281901,9,20591.941929,True,0.95
-16.954544,31,20600.262031,False,0.95
-6.426733,31,20608.591164,False,0.95
-19.981536,31,20616.906475,False,0.95
-6.236221,32,20631.348354,False,0.95
56.670426,13,20634.898959,True,0.95
-1.813038,31,20643.176277,False,0.95
58.145621,16,20647.533113,True,0.95
59.837303,21,20653.153102,True,0.95
60.612068,21,20658.781475,True,0.95
-16.319499,31,20667.130784,False,0.95
57.345898,14,20670.912199,True,0.95
56.304647,12,20674.173275,True,0.95
61.224811,22,20680.077185,True,0.95
61.526764,23,20686.339151,True,0.95
-13.391057,31,20694.6271,False,0.95
-7.872744,31,20702.928156,False,0.95
-13.558119,31,20711.213701,False,0.95
-11.286666,31,20719.520782,False,0.95
54.760432,10,20722.258563,True,0.95
56.455192,13,20725.818164,True,0.95
-12.650581,31,20734.120175,False,0.95
-9.050833,31,20742.402011,False,0.95
-12.359596,31,20750.737392,False,0.95
57.670279,19,20755.838449,True,0.95
61.830896,24,20762.276556,True,0.95
-22.066992,32,20770.891206,False,0.95
61.694803,23,20777.070697,True,0.95
61.313555,23,20783.28666,True,0.95
59.937228,20,20788.675509,True,0.95
-4.292845,31,20796.952502,False,0.95
-18.655123,32,20805.618978,False,0.95
-24.202918,31,20813.920842,False,0.95
-14.849834,31,20822.266244,False,0.95
55.727164,12,20825.541088,True,0.95
-9.874101,32,20834.436475,False,0.95
-12.299816,31,20842.81332,False,0.95
-5.66486,31,20851.158165,False,0.95
-12.655745,31,20859.493301,False,0.95
-19.979403,31,20867.827942,False,0.95
-4.791871,31,20876.140674,False,0.95
-20.87955,32,20884.772556,False,0.95
-7.033392,31,20893.118207,False,0.95
63.339846,31,20901.564463,True,0.95
-19.214465,32,20910.192875,False,0.95
56.081434,12,20913.436844,True,0.95
-14.550809,32,20922.067508,False,0.95
-3.123396,32,20930.796944,False,0.95
53.61953,7,20932.730265,True,0.95
-2.012255,31,20941.117637,False,0.95
-6.165174,32,20949.736878,False,0.95
52.767256,6,20951.396783,True,0.95
-11.534263,33,20960.316151,False,0.95
-2.98178,31,20968.656219,False,0.95
-9.127847,31,20977.05376,False,0.95
-1.600696,33,20986.004458,False,0.95
-23.716888,33,20994.92648,False,0.95
-11.988523,31,21003.358794,False,0.95
61.533707,26,21010.397456,True,0.95
-14.247537,34,21019.632135,False,0.95
54.318067,10,21022.376285,True,0.95
-24.559787,31,21030.72051,False,0.95
-13.194369,31,21039.102706,False,0.95
57.188473,16,21043.453801,True,0.95
-4.459397,31,21051.819729,False,0.95
-3.118734,31,21060.195059,False,0.95
-23.893916,31,21068.518577,False,0.95
58.021186,16,21072.837804,True,0.95
-5.008537,31,21081.223324,False,0.95
-4.916934,31,21089.56037,False,0.95
56.706035,13,21093.103393,True,0.95
-18.734848,31,21101.488794,False,0.95
-6.82601,33,21110.40863,False,0.95
-25.13628,31,21118.835397,False,0.95
-9.760457,31,21127.224833,False,0.95
60.886687,22,21133.198424,True,0.95
-1.111719,33,21142.135763,False,0.95
63.255926,29,21149.973505,True,0.95
52.892367,6,21151.659617,True,0.95
54.4928,10,21154.411889,True,0.95
-22.61871,31,21162.804737,False,0.95
-13.957196,31,21171.215251,False,0.95
61.974003,25,21178.00938,True,0.95
59.928925,19,21188.799484,True,0.95
52.904052,6,21190.482138,True,0.95
-11.818118,31,21198.91131,False,0.95
-2.473207,31,21207.29794,False,0.95
-0.415521,31,21215.703524,False,0.95
-9.13759,32,21224.384346,False,0.95
-6.730972,38,21234.717192,False,0.95
-12.767457,31,21243.083867,False,0.95
-19.668186,31,21251.499533,False,0.95
-8.456677,31,21259.895117,False,0.95
61.686182,26,21266.915842,True,0.95
-0.314495,32,21275.614893,False,0.95
-3.263035,32,21284.294023,False,0.95
60.495557,24,21290.856962,True,0.95
-9.014404,31,21299.282677,False,0.95
-12.092162,32,21307.936192,False,0.95
54.1952,8,21310.174152,True,0.95
60.352163,21,21315.878521,True,0.95
59.918844,19,21321.064105,True,0.95
-14.537085,31,21329.455205,False,0.95
-25.335132,32,21338.151056,False,0.95
61.036562,21,21343.846104,True,0.95
-10.849903,31,21352.287132,False,0.95
0.316042,31,21360.708153,False,0.95
60.004244,20,21366.147391,True,0.95
55.978094,12,21369.470966,True,0.95
-3.760789,31,21377.906221,False,0.95
54.274489,9,21380.405175,True,0.95
-18.838805,31,21388.846977,False,0.95
60.243198,22,21394.833737,True,0.95
62.139287,23,21401.114831,True,0.95
-4.426821,31,21409.582126,False,0.95
-4.714878,31,21417.998394,False,0.95
58.428365,16,21422.39291,True,0.95
-8.356579,32,21431.11452,False,0.95
-0.424888,31,21439.544523,False,0.95
-14.381231,32,21448.295323,False,0.95
-7.756189,32,21457.020454,False,0.95
-12.47083,34,21466.28005,False,0.95
60.72365,21,21472.02144,True,0.95
-23.048552,31,21480.440714,False,0.95
58.919313,17,21485.131399,True,0.95
-4.711163,32,21493.854041,False,0.95
-2.509986,33,21502.857933,False,0.95
-13.450871,31,21511.340524,False,0.95
-3.413742,32,21520.08506,False,0.95
62.532973,26,21527.332113,True,0.95
-1.841059,31,21535.854596,False,0.95
-12.713322,32,21544.606258,False,0.95
58.197006,16,21549.010641,True,0.95
59.125126,20,21554.524648,True,0.95
-24.002471,32,21563.270987,False,0.95
-1.687856,33,21572.258048,False,0.95
61.526067,23,21578.526246,True,0.95
53.66323,9,21581.014111,True,0.95
-21.802194,31,21589.498004,False,0.95
60.015138,21,21595.267849,True,0.95
-4.743775,31,21603.763307,False,0.95
-0.469538,31,21612.249077,False,0.95
-25.131871,32,21621.015818,False,0.95
-10.076692,31,21629.50813,False,0.95
54.097364,8,21631.73981,True,0.95
62.406677,27,21639.155381,True,0.95
-21.664765,32,21647.960314,False,0.95
-24.222237,32,21656.732415,False,0.95
57.332436,14,21660.615331,True,0.95
60.009973,19,21665.854778,True,0.95
50.34834,1,21666.175915,True,0.95
-24.379048,32,21674.940843,False,0.95
62.379053,27,21682.367147,True,0.95
-18.029297,31,21690.847159,False,0.95
53.857645,8,21693.083199,True,0.95
-22.741535,31,21701.560624,False,0.95
-11.520487,31,21710.037444,False,0.95
-5.840957,31,21718.531693,False,0.95
-12.639248,32,21727.299502,False,0.95
60.441804,24,21733.898493,True,0.95
56.267036,12,21737.212368,True,0.95
60.5739,21,21743.040879,True,0.95
53.963282,10,21745.806893,True,0.95
55.064028,14,21755.547844,True,0.95
-23.916251,31,21764.119231,False,0.95
54.581726,12,21767.438721,True,0.95
-25.370746,32,21776.219252,False,0.95
53.070595,6,21777.939509,True,0.95
61.612765,24,21784.558597,True,0.95
64.323248,34,21793.864172,True,0.95
-7.116572,32,21802.665253,False,0.95
-25.285143,31,21811.191981,False,0.95
-0.16171,31,21819.70888,False,0.95
-12.404828,31,21828.250819,False,0.95
-17.334734,31,21836.764435,False,0.95
-13.832392,31,21845.281536,False,0.95
58.14725,17,21850.011825,True,0.95
-1.58671,31,21858.562207,False,0.95
59.187396,19,21863.81009,True,0.95
60.672557,21,21869.581757,True,0.95
-3.947142,31,21878.130229,False,0.95
-5.139851,31,21886.659004,False,0.95
-3.458413,32,21895.450019,False,0.95
61.474805,23,21901.818573,True,0.95
-2.429332,31,21910.334781,False,0.95
-12.530263,33,21919.421789,False,0.95
-12.759447,31,21927.952555,False,0.95
-9.472376,31,21936.463057,False,0.95
54.050281,8,21938.716553,True,0.95
-2.788325,31,21947.252552,False,0.95
-17.368015,31,21955.7693,False,0.95
56.850154,14,21959.658519,True,0.95
-9.015798,31,21968.193177,False,0.95
56.488899,15,21972.344461,True,0.95
-13.446572,32,21981.198582,False,0.95
-10.542882,31,21989.691787,False,0.95
-15.668581,31,21998.2587,False,0.95
58.320883,19,22003.509157,True,0.95
-11.074744,31,22012.027123,False,0.95
-5.627619,31,22020.612171,False,0.95
-4.766709,31,22029.132086,False,0.95
1.883751,32,22037.984769,False,0.95
56.457555,16,22042.43768,True,0.95
58.94025,21,22048.209487,True,0.95
-3.140187,32,22057.109496,False,0.95
59.871595,19,22062.369434,True,0.95
0.964547,31,22070.933533,False,0.95
-23.234794,31,22079.501311,False,0.95
-24.453348,31,22088.058881,False,0.95
54.048358,8,22090.323255,True,0.95
-3.56758,31,22098.920502,False,0.95
-11.572545,32,22107.762735,False,0.95
57.808762,15,22111.939612,True,0.95
-7.79077,31,22120.505238,False,0.95
-23.737118,31,22129.176638,False,0.95
56.855414,14,22133.145343,True,0.95
-4.898888,32,22141.963552,False,0.95
-2.34233,31,22150.531022,False,0.95
-23.127163,31,22159.094052,False,0.95
-24.380112,31,22167.63884,False,0.95
56.99278,14,22171.589423,True,0.95
-4.781487,33,22180.686482,False,0.95
59.610956,19,22185.948053,True,0.95
-13.667307,31,22194.509998,False,0.95
58.923105,22,22200.612108,True,0.95
-23.72544,31,22209.172324,False,0.95
-5.717788,31,22217.725554,False,0.95
-24.735239,31,22226.259243,False,0.95
-1.009922,31,22234.822508,False,0.95
61.327476,23,22241.200764,True,0.95
-25.156587,31,22249.786474,False,0.95
-10.900195,31,22258.33086,False,0.95
-13.018372,31,22266.890844,False,0.95
-13.900582,31,22275.483751,False,0.95
-4.916798,31,22284.056357,False,0.95
-11.087346,32,22292.952499,False,0.95
-20.987321,32,22301.796519,False,0.95
54.078524,8,22304.074792,True,0.95
63.129135,29,22312.135044,True,0.95
59.865086,22,22324.002303,True,0.95
-5.603537,31,22332.597574,False,0.95
49.715107,1,22332.931301,True,0.95
-3.116628,35,22342.605924,False,0.95
57.379929,14,22346.556332,True,0.95
-24.25847,31,22355.16218,False,0.95
62.126255,23,22361.536671,True,0.95
-10.751809,33,22370.679983,False,0.95
-8.774952,35,22380.389914,False,0.95
55.036606,11,22383.476342,True,0.95
-1.628637,35,22393.213322,False,0.95
57.353088,15,22397.449785,True,0.95
-11.393527,31,22406.074687,False,0.95
-12.883367,32,22414.950336,False,0.95
-23.866726,32,22423.836871,False,0.95
-8.756944,31,22432.480023,False,0.95
54.714845,10,22435.303772,True,0.95
-21.52642,32,22444.215385,False,0.95
-11.62013,32,22453.100575,False,0.95
61.5433,22,22459.233193,True,0.95
-16.843768,32,22468.157901,False,0.95
57.376977,14,22472.08145,True,0.95
-3.095751,31,22480.650156,False,0.95
58.195603,18,22485.736461,True,0.95
57.398147,14,22489.663826,True,0.95
-4.383643,31,22498.293181,False,0.95
54.173753,8,22500.566054,True,0.95
-4.965833,33,22509.757929,False,0.95
60.288213,27,22517.278646,True,0.95
53.416984,7,22519.271168,True,0.95
62.274907,24,22525.95343,True,0.95
56.730068,15,22530.165495,True,0.95
-12.051102,34,22539.588133,False,0.95
-22.897447,32,22548.517422,False,0.95
-7.456043,31,22557.112947,False,0.95
-17.145357,31,22565.760438,False,0.95
-16.954226,31,22574.39306,False,0.95
62.373443,25,22581.4107,True,0.95
-9.491641,32,22590.35185,False,0.95
59.309951,19,22595.666456,True,0.95
49.710472,1,22595.995474,True,0.95
-7.829841,31,22604.684104,False,0.95
62.10457,27,22612.194316,True,0.95
-23.567647,31,22620.844895,False,0.95
-7.564576,31,22629.471948,False,0.95
-21.415904,31,22638.108979,False,0.95
-13.460239,31,22646.737113,False,0.95
-13.645932,32,22655.662842,False,0.95
-14.576461,32,22664.626813,False,0.95
-11.425402,31,22673.295239,False,0.95
-0.215384,31,22681.961671,False,0.95
60.813172,22,22688.136758,True,0.95
-5.684295,33,22697.344202,False,0.95
59.31176,21,22703.232037,True,0.95
-12.389293,33,22712.427728,False,0.95
-0.750057,35,22722.201422,False,0.95
2.446658,32,22731.285663,False,0.95
54.229282,9,22733.846046,True,0.95
58.472438,18,22738.946641,True,0.95
-11.458861,32,22747.888105,False,0.95
-17.420756,32,22756.897028,False,0.95
54.513085,9,22759.464463,True,0.95
-1.436349,31,22768.122465,False,0.95
-13.246601,32,22777.126407,False,0.95
-12.749219,32,22786.101815,False,0.95
62.234637,25,22793.077728,True,0.95
-10.788225,32,22802.046818,False,0.95
54.709216,9,22804.602318,True,0.95
-15.486066,33,22813.800476,False,0.95
-5.161846,31,22822.499386,False,0.95
-14.421846,31,22831.186173,False,0.95
60.932808,21,22837.115498,True,0.95
55.196581,10,22839.956269,True,0.95
-1.812732,31,22848.619232,False,0.95
53.282884,8,22850.889688,True,0.95
60.622557,23,22857.344384,True,0.95
59.630348,22,22863.53068,True,0.95
57.399817,14,22867.487875,True,0.95
-12.037865,32,22876.497049,False,0.95
-22.936033,31,22885.169656,False,0.95
53.572362,10,22888.007115,True,0.95
57.889486,16,22892.54833,True,0.95
59.599149,22,22904.651799,True,0.95
61.6026,27,22912.235477,True,0.95
-5.308199,31,22920.907688,False,0.95
61.618891,22,22927.110478,True,0.95
-23.985192,31,22935.879042,False,0.95
50.838808,2,22936.497104,True,0.95
-20.4458,32,22945.464246,False,0.95
-10.736406,31,22954.178192,False,0.95
-7.771854,34,22963.719728,False,0.95
59.361146,20,22969.359073,True,0.95
-1.275012,36,22979.482375,False,0.95
-1.417096,31,22988.173517,False,0.95
52.560661,5,22989.644938,True,0.95
60.471762,21,22995.632385,True,0.95
-7.415319,31,23004.321189,False,0.95
56.095325,13,23008.006367,True,0.95
55.933573,13,23011.723051,True,0.95
-15.075645,32,23020.696882,False,0.95
53.782788,8,23022.979237,True,0.95
61.548169,22,23029.197781,True,0.95
-14.845793,31,23037.902593,False,0.95
-6.285044,31,23046.602297,False,0.95
-9.245941,31,23055.317312,False,0.95
56.759102,13,23059.009068,True,0.95
-7.377259,31,23067.737518,False,0.95
-4.527417,31,23076.469619,False,0.95
53.470663,7,23078.485755,True,0.95
58.363328,16,23083.014616,True,0.95
-13.579347,31,23091.732752,False,0.95
-23.389442,31,23100.437239,False,0.95
-4.385012,31,23109.176592,False,0.95
-13.141472,32,23118.194726,False,0.95
-0.568262,31,23126.914271,False,0.95
-2.922955,31,23135.64485,False,0.95
-19.329801,32,23144.656783,False,0.95
55.658922,11,23147.831211,True,0.95
-6.599067,31,23156.53475,False,0.95
59.094957,18,23161.635539,True,0.95
-5.345647,31,23170.408473,False,0.95
62.326692,25,23177.478669,True,0.95
-5.121989,32,23186.532801,False,0.95
-1.997231,33,23195.853087,False,0.95
57.318486,14,23199.809942,True,0.95
-22.804915,31,23208.563796,False,0.95
56.296521,13,23212.254832,True,0.95
-4.514671,31,23220.978711,False,0.95
-25.264764,31,23229.747143,False,0.95
58.504393,17,23234.561754,True,0.95
-1.837076,31,23243.318627,False,0.95
-4.285681,32,23252.396542,False,0.95
55.304116,12,23255.818642,True,0.95
57.938281,20,23261.482521,True,0.95
-13.035947,31,23270.264783,False,0.95
63.616396,31,23279.022022,True,0.95
-7.552569,32,23288.082937,False,0.95
-22.456848,31,23296.873453,False,0.95
57.379546,14,23300.862051,True,0.95
-8.969995,33,23310.225066,False,0.95
-16.836042,31,23318.985225,False,0.95
62.932782,27,23326.750424,True,0.95
62.177959,24,23333.600099,True,0.95
-1.821971,31,23342.403151,False,0.95
-10.243721,31,23351.210568,False,0.95
58.551615,17,23356.036431,True,0.95
-1.762609,31,23364.819583,False,0.95
63.741161,31,23373.596835,True,0.95
62.329366,30,23382.110088,True,0.95
0.166451,31,23390.900117,False,0.95
53.107106,6,23392.644004,True,0.95
-13.499427,33,23402.004503,False,0.95
-24.115586,32,23411.079687,False,0.95
56.650125,13,23414.776745,True,0.95
-10.890875,32,23423.891182,False,0.95
-7.52326,32,23432.955538,False,0.95
58.325425,16,23437.506456,True,0.95
62.072318,23,23444.069427,True,0.95
57.21025,16,23448.631307,True,0.95
-5.441917,33,23457.994391,False,0.95
-12.638509,32,23467.08897,False,0.95
53.125543,6,23468.840793,True,0.95
-13.410207,32,23477.91315,False,0.95
54.664727,9,23480.525419,True,0.95
62.263938,24,23493.130673,True,0.95
-9.795202,33,23502.492873,False,0.95
56.185736,12,23505.934367,True,0.95
56.590947,15,23510.232661,True,0.95
-25.235917,31,23519.02593,False,0.95
0.212788,36,23529.255556,False,0.95
61.853031,27,23536.923973,True,0.95
59.425829,18,23542.065695,True,0.95
56.188177,15,23546.357678,True,0.95
60.568121,23,23552.875132,True,0.95
56.996342,17,23557.753734,True,0.95
-10.988142,31,23566.563856,False,0.95
-14.953198,32,23575.649647,False,0.95
-23.08208,32,23584.775285,False,0.95
62.19517,24,23591.585649,True,0.95
54.351842,9,23594.194129,True,0.95
61.715266,23,23600.793006,True,0.95
-1.636368,33,23610.1386,False,0.95
-14.394967,33,23619.549269,False,0.95
-4.466735,31,23628.364852,False,0.95
-12.036177,32,23637.544628,False,0.95
56.931086,15,23641.833215,True,0.95
-13.43197,32,23650.933717,False,0.95
59.275891,19,23656.409675,True,0.95
-10.387494,32,23665.527728,False,0.95
-13.148803,32,23674.660992,False,0.95
53.533906,7,23676.720563,True,0.95
59.408968,20,23682.421216,True,0.95
-1.637292,36,23692.639955,False,0.95
57.777375,15,23696.960343,True,0.95
-21.931961,32,23706.072885,False,0.95
-6.649917,32,23715.233112,False,0.95
-3.922783,31,23724.105376,False,0.95
-13.108204,33,23733.489671,False,0.95
53.995001,8,23735.83582,True,0.95
-3.256695,33,23745.315752,False,0.95
-23.964856,32,23754.458059,False,0.95
-5.495951,32,23763.547656,False,0.95
-8.33172,32,23772.709725,False,0.95
-4.758454,32,23781.861238,False,0.95
-13.842155,31,23790.675704,False,0.95
54.871781,10,23793.597839,True,0.95
53.138195,6,23795.352408,True,0.95
-24.762828,33,23804.773921,False,0.95
-24.252819,32,23813.921735,False,0.95
-10.429399,32,23823.098982,False,0.95
-12.384609,31,23831.961702,False,0.95
53.589177,7,23833.996597,True,0.95
-12.14425,34,23843.672256,False,0.95
-0.161391,31,23852.533053,False,0.95
56.288074,12,23855.991125,True,0.95
-3.804369,31,23864.82794,False,0.95
57.36937,14,23868.892935,True,0.95
-24.3107,33,23878.315583,False,0.95
57.991985,16,23882.931002,True,0.95
54.132245,8,23885.256166,True,0.95
-7.398011,32,23894.454787,False,0.95
-22.22196,31,23903.299683,False,0.95
-5.216203,33,23912.750134,False,0.95
-10.360267,32,23921.896539,False,0.95
-5.855199,33,23931.510781,False,0.95
56.972725,14,23935.555567,True,0.95
57.220302,16,23940.13265,True,0.95
62.412214,26,23947.590172,True,0.95
-9.467928,31,23956.448663,False,0.95
60.322913,20,23962.211048,True,0.95
-9.730556,33,23971.691363,False,0.95
-4.139631,36,23981.978309,False,0.95
-13.818202,34,23991.736593,False,0.95
-6.275383,36,24002.024147,False,0.95
63.857777,33,24011.500696,True,0.95
-6.375856,32,24020.632053,False,0.95
60.000946,19,24026.115287,True,0.95
54.198481,8,24028.465598,True,0.95
62.995982,27,24036.191351,True,0.95
58.362714,17,24041.060916,True,0.95
61.405506,27,24048.861407,True,0.95
62.439209,24,24055.746216,True,0.95
53.89737,8,24058.120711,True,0.95
-18.513157,32,24067.311402,False,0.95
-24.740575,31,24082.308285,False,0.95
53.124125,6,24084.097813,True,0.95
-26.062065,35,24094.144718,False,0.95
52.950155,7,24096.194233,True,0.95
-2.340414,32,24105.356572,False,0.95
-12.191577,31,24114.238611,False,0.95
62.757193,34,24124.006301,True,0.95
60.518283,26,24131.455225,True,0.95
54.898351,10,24134.362164,True,0.95
-12.88454,32,24143.54635,False,0.95
53.118689,6,24145.323358,True,0.95
-2.032268,31,24154.226148,False,0.95
61.327194,23,24160.838542,True,0.95
64.775614,34,24170.641328,True,0.95
-23.841835,32,24179.797079,False,0.95
-16.881119,31,24188.717269,False,0.95
-21.915234,32,24197.931237,False,0.95
60.127079,24,24204.893495,True,0.95
-5.737086,31,24213.807791,False,0.95
60.158672,21,24219.831672,True,0.95
-25.201455,31,24228.828479,False,0.95
-6.384413,32,24238.052657,False,0.95
-13.585701,32,24247.262602,False,0.95
62.345182,25,24254.463057,True,0.95
55.093445,10,24257.371768,True,0.95
-24.533317,32,24266.598221,False,0.95
-13.813492,33,24276.056333,False,0.95
53.106426,8,24278.398085,True,0.95
62.870151,27,24286.219405,True,0.95
-23.774975,31,24295.106969,False,0.95
-13.533781,32,24304.333636,False,0.95
62.978752,28,24312.385345,True,0.95
-23.460784,32,24321.612991,False,0.95
-25.977134,34,24331.414874,False,0.95
-24.864587,31,24340.377533,False,0.95
-25.351049,33,24349.885772,False,0.95
61.738271,23,24356.505964,True,0.95
-23.657394,32,24365.746066,False,0.95
-11.216982,32,24374.949309,False,0.95
-1.358178,31,24383.851524,False,0.95
-9.326628,31,24392.772422,False,0.95
-3.633832,32,24401.979302,False,0.95
58.079899,20,24407.768367,True,0.95
-22.831159,32,24417.024934,False,0.95
-25.575568,32,24426.261897,False,0.95
-1.628837,31,24435.194493,False,0.95
-2.296588,33,24444.698467,False,0.95
-13.864138,31,24453.585682,False,0.95
-13.996222,31,24462.577925,False,0.95
-10.601348,36,24472.956761,False,0.95
58.04877,16,24477.649765,True,0.95
-10.893694,32,24486.870213,False,0.95
-11.078866,32,24496.141425,False,0.95
58.715864,20,24501.932023,True,0.95
-8.246003,31,24510.889499,False,0.95
-6.686125,31,24519.854505,False,0.95
62.056407,25,24527.173217,True,0.95
57.010253,18,24532.45583,True,0.95
-12.7649,31,24541.435816,False,0.95
56.440435,13,24545.237676,True,0.95
63.56814,30,24553.909652,True,0.95
-22.931483,33,24563.469656,False,0.95
-5.601092,35,24573.552897,False,0.95
54.292903,9,24576.197643,True,0.95
61.015992,21,24582.244531,True,0.95
-11.02825,32,24591.497218,False,0.95
-14.986808,33,24601.019035,False,0.95
-25.317012,33,24610.565812,False,0.95
62.656351,30,24619.267899,True,0.95
64.11889,31,24628.183102,True,0.95
-12.703611,32,24637.505845,False,0.95
61.302866,26,24645.060524,True,0.95
-13.364914,32,24654.312511,False,0.95
63.77076,31,24663.28661,True,0.95
-24.207296,32,24678.524152,False,0.95
57.868457,15,24682.901361,True,0.95
57.088455,17,24687.829615,True,0.95
-0.868792,31,24696.831693,False,0.95
60.95412,24,24703.823685,True,0.95
61.161665,27,24711.700547,True,0.95
57.543318,22,24718.09899,True,0.95
63.851952,31,24727.054322,True,0.95
60.876682,27,24734.92056,True,0.95
-7.01066,31,24743.861982,False,0.95
-6.634381,33,24753.390966,False,0.95
55.591923,11,24756.625589,True,0.95
57.428021,20,24762.453865,True,0.95
62.769317,29,24770.888931,True,0.95
62.419668,25,24778.150467,True,0.95
58.671301,20,24783.95539,True,0.95
-21.302225,33,24793.541298,False,0.95
-20.694344,33,24803.103688,False,0.95
-11.960585,32,24812.422276,False,0.95
60.544825,20,24818.249487,True,0.95
54.142213,9,24820.895867,True,0.95
-14.499013,32,24830.217909,False,0.95
62.625031,28,24838.331239,True,0.95
-25.46037,32,24847.641808,False,0.95
-7.350412,33,24857.248211,False,0.95
-18.327314,31,24866.258522,False,0.95
-11.81226,38,24877.289438,False,0.95
-25.470498,32,24886.595111,False,0.95
-10.847018,32,24895.892857,False,0.95
-8.006668,36,24906.390354,False,0.95
-10.576935,36,24916.850075,False,0.95
54.623211,13,24920.639659,True,0.95
61.430879,22,24927.117223,True,0.95
-24.228509,33,24936.726703,False,0.95
58.719549,19,24942.285999,True,0.95
-12.247445,35,24952.490546,False,0.95
-15.563768,33,24962.067456,False,0.95
61.682464,23,24968.780456,True,0.95
-3.645931,32,24978.054469,False,0.95
55.368586,12,24981.597034,True,0.95
56.785316,15,24985.965713,True,0.95
61.934183,23,24992.661209,True,0.95
-21.380254,31,25001.682101,False,0.95
0.610845,31,25010.73041,False,0.95
-12.122199,32,25020.018004,False,0.95
-21.326606,33,25029.61058,False,0.95
-4.229451,33,25039.217192,False,0.95
57.365611,14,25043.340464,True,0.95
-2.438399,33,25053.004021,False,0.95
61.326108,23,25059.759727,True,0.95
-7.968441,32,25069.129644,False,0.95
-14.430739,34,25079.024933,False,0.95
-25.635562,31,25088.102819,False,0.95
-5.457869,32,25097.438436,False,0.95
-14.766025,32,25106.783924,False,0.95
0.979435,32,25116.113581,False,0.95
-12.304421,33,25125.822772,False,0.95
56.800796,13,25129.720957,True,0.95
-9.113726,32,25139.122767,False,0.95
-9.897247,33,25148.780343,False,0.95
-11.574411,32,25158.483257,False,0.95
60.932388,26,25166.107767,True,0.95
63.044053,31,25175.144129,True,0.95
-24.11954,31,25184.230047,False,0.95
-7.27093,32,25193.53843,False,0.95
60.649822,27,25201.47067,True,0.95
-6.185641,31,25210.513812,False,0.95
56.946237,14,25214.625594,True,0.95
59.32972,18,25219.965607,True,0.95
-4.84266,31,25229.0056,False,0.95
57.601091,16,25233.706604,True,0.95
-19.39565,34,25243.66396,False,0.95
62.525278,25,25250.973231,True,0.95
-0.717288,31,25260.034765,False,0.95
-21.3903,32,25269.388515,False,0.95
59.620609,21,25281.619465,True,0.95
0.069274,38,25292.729389,False,0.95
-14.71352,32,25302.124921,False,0.95
61.343246,25,25309.441823,True,0.95
-11.993194,33,25319.11158,False,0.95
-24.594116,32,25328.449468,False,0.95
-8.013341,32,25337.817818,False,0.95
59.355617,20,25343.695736,True,0.95
-24.693549,35,25353.928707,False,0.95
-5.094013,32,25363.307856,False,0.95
60.960957,25,25370.651194,True,0.95
59.968892,22,25377.14068,True,0.95
-0.912803,31,25386.225806,False,0.95
-13.528784,33,25395.949554,False,0.95
-7.296162,35,25406.163289,False,0.95
60.411776,24,25413.229449,True,0.95
-9.685797,32,25422.613077,False,0.95
-5.559981,32,25432.015003,False,0.95
53.653055,8,25434.406231,True,0.95
-10.050321,31,25443.491019,False,0.95
-14.481331,32,25452.957443,False,0.95
57.316266,15,25457.377286,True,0.95
-24.863775,33,25467.044793,False,0.95
-23.340043,32,25476.498487,False,0.95
-12.845949,32,25485.874545,False,0.95
49.725594,1,25486.220588,True,0.95
61.089177,26,25493.904504,True,0.95
-2.176442,32,25503.271339,False,0.95
-23.480416,31,25512.398124,False,0.95
-1.065488,33,25522.071332,False,0.95
63.18369,29,25530.600897,True,0.95
53.986018,10,25533.582453,True,0.95
-18.049916,32,25542.967329,False,0.95
-4.434714,31,25552.112756,False,0.95
-10.222149,31,25561.191372,False,0.95
-21.34981,33,25570.919295,False,0.95
-25.734126,33,25580.64023,False,0.95
-13.502254,33,25590.356204,False,0.95
56.576982,20,25596.267336,True,0.95
-0.077383,32,25605.675701,False,0.95
61.104091,29,25614.219506,True,0.95
-13.805039,36,25624.819998,False,0.95
61.98454,29,25633.409227,True,0.95
62.667622,28,25641.636723,True,0.95
-20.206019,32,25651.086964,False,0.95
-14.593555,38,25662.2494,False,0.95
-6.206187,33,25671.992656,False,0.95
-22.878516,33,25681.691523,False,0.95
60.63964,29,25690.275635,True,0.95
-22.149645,34,25700.304042,False,0.95
-9.836119,32,25709.745751,False,0.95
-9.746749,39,25721.205734,False,0.95
-12.660306,32,25730.800765,False,0.95
58.913178,21,25737.029289,True,0.95
57.430659,17,25742.083757,True,0.95
-22.866005,31,25751.225482,False,0.95
-11.515503,31,25760.350857,False,0.95
54.163301,10,25763.362502,True,0.95
-7.718356,39,25774.842624,False,0.95
53.120765,6,25776.651934,True,0.95
60.782785,26,25784.398892,True,0.95
54.070239,10,25787.385275,True,0.95
-25.119133,31,25796.5117,False,0.95
61.321859,29,25805.106815,True,0.95
53.43237,8,25807.499385,True,0.95
60.517298,25,25814.891681,True,0.95
58.794881,25,25822.299051,True,0.95
-8.910099,35,25832.63348,False,0.95
56.93614,18,25837.97914,True,0.95
58.224288,17,25843.053268,True,0.95
-3.207735,32,25852.480071,False,0.95
57.886753,18,25857.806948,True,0.95
60.809456,23,25864.614499,True,0.95
-3.130467,31,25873.745472,False,0.95
-3.922779,32,25889.599287,False,0.95
-9.795942,31,25898.75648,False,0.95
62.138825,25,25906.163908,True,0.95
-17.348108,31,25915.357837,False,0.95
61.612931,23,25922.215405,True,0.95
-5.527718,36,25932.844972,False,0.95
56.021301,15,25937.314849,True,0.95
57.687442,17,25942.386244,True,0.95
-23.21546,31,25951.541652,False,0.95
-25.259113,32,25961.025897,False,0.95
-17.89392,35,25971.356298,False,0.95
56.357095,13,25975.220015,True,0.95
-6.261065,34,25985.27878,False,0.95
-3.143112,31,25994.456174,False,0.95
58.943801,17,25999.56517,True,0.95
-22.73138,34,26009.613145,False,0.95
-22.476444,33,26019.381765,False,0.95
-12.135123,32,26028.871365,False,0.95
-25.675964,33,26038.67783,False,0.95
50.498739,1,26039.035622,True,0.95
57.711029,17,26044.078912,True,0.95
-25.649551,35,26054.444645,False,0.95
-8.222379,34,26064.512429,False,0.95
-21.337848,35,26074.884749,False,0.95
-11.820908,32,26084.414197,False,0.95
1.6126,31,26093.603538,False,0.95
58.789257,20,26099.563887,True,0.95
60.628032,21,26105.805392,True,0.95
55.040429,11,26109.079383,True,0.95
60.474588,22,26115.651111,True,0.95
-11.246102,33,26125.417749,False,0.95
-8.435078,34,26135.50189,False,0.95
58.858305,17,26140.548912,True,0.95
52.742892,7,26142.661246,True,0.95
-23.336538,38,26153.9134,False,0.95
-24.830763,31,26163.122659,False,0.95
-10.624586,33,26172.9274,False,0.95
59.826806,21,26179.177893,True,0.95
-23.988676,33,26188.948875,False,0.95
-13.798141,32,26198.493109,False,0.95
-4.872609,31,26207.679939,False,0.95
-5.091825,32,26217.242271,False,0.95
-5.231627,33,26227.016263,False,0.95
60.24754,23,26233.902543,True,0.95
-1.993506,32,26243.407891,False,0.95
55.445218,13,26247.304014,True,0.95
-3.631645,31,26256.557115,False,0.95
61.786766,24,26263.710138,True,0.95
56.530153,14,26267.925592,True,0.95
-17.608516,32,26277.480696,False,0.95
57.398827,15,26281.968064,True,0.95
60.04799,23,26288.841658,True,0.95
58.648789,18,26294.264556,True,0.95
-9.069149,36,26304.965733,False,0.95
-9.288749,34,26315.123613,False,0.95
-3.906777,33,26324.980693,False,0.95
-1.548474,32,26334.59322,False,0.95
56.824782,17,26339.670318,True,0.95
-24.380278,34,26349.816317,False,0.95
60.619294,21,26356.061515,True,0.95
59.612787,24,26363.22795,True,0.95
57.243658,14,26367.45161,True,0.95
-13.634191,31,26376.692681,False,0.95
-5.269394,33,26386.52077,False,0.95
58.305479,17,26391.601666,True,0.95
62.691241,29,26400.241464,True,0.95
-8.754285,32,26409.794626,False,0.95
-10.765496,38,26421.116961,False,0.95
-15.546033,33,26430.963129,False,0.95
59.674605,20,26436.961442,True,0.95
53.706568,7,26439.090113,True,0.95
56.454908,14,26443.315027,True,0.95
-3.114304,33,26453.152926,False,0.95
53.287529,8,26455.587792,True,0.95
-20.688992,32,26465.115021,False,0.95
55.962034,17,26470.210034,True,0.95
59.691302,21,26476.516255,True,0.95
-4.58803,33,26486.377416,False,0.95
62.524096,27,26494.438468,True,0.95
-11.826377,33,26510.450719,False,0.95
60.345219,26,26518.201516,True,0.95
59.813443,20,26524.202988,True,0.95
-25.672291,31,26533.458556,False,0.95
-7.964235,31,26542.73292,False,0.95
62.521453,28,26551.089576,True,0.95
-4.368246,32,26560.63434,False,0.95
-12.092627,31,26569.931896,False,0.95
-14.302435,35,26580.383748,False,0.95
55.862366,12,26584.045548,True,0.95
62.369423,25,26591.514074,True,0.95
-5.178485,33,26601.43018,False,0.95
-15.834697,35,26611.931692,False,0.95
-21.08797,33,26621.804111,False,0.95
-9.851503,33,26631.677285,False,0.95
-9.720058,35,26642.140387,False,0.95
-22.179121,31,26651.395246,False,0.95
62.199489,27,26659.463444,True,0.95
61.222266,22,26666.082844,True,0.95
-8.67144,33,26675.913381,False,0.95
60.437244,20,26681.965426,True,0.95
60.221615,23,26688.850784,True,0.95
-12.160008,32,26698.435702,False,0.95
-4.053534,34,26708.640939,False,0.95
59.694656,21,26714.961174,True,0.95
56.784496,14,26719.224263,True,0.95
-6.20629,32,26728.82515,False,0.95
-8.493313,35,26739.328874,False,0.95
-0.713143,33,26749.214794,False,0.95
-24.448048,33,26759.117619,False,0.95
-21.767122,37,26770.19987,False,0.95
63.244258,31,26779.508371,True,0.95
64.095526,31,26788.813865,True,0.95
56.439207,15,26793.33267,True,0.95
55.761621,12,26796.999865,True,0.95
55.70444,15,26801.516201,True,0.95
62.779199,28,26809.926596,True,0.95
62.639612,24,26817.167733,True,0.95
-10.894789,35,26827.641918,False,0.95
59.376272,23,26834.546153,True,0.95
54.187466,8,26837.001977,True,0.95
59.887268,22,26843.619795,True,0.95
57.710702,17,26848.740551,True,0.95
56.179818,15,26853.284923,True,0.95
-9.954302,31,26862.616193,False,0.95
-0.933792,33,26872.516487,False,0.95
58.702647,18,26877.964443,True,0.95
-7.018463,35,26888.433001,False,0.95
52.825875,6,26890.287534,True,0.95
57.864039,17,26895.496552,True,0.95
58.607623,26,26903.344388,True,0.95
-8.443427,36,26914.156242,False,0.95
61.588955,29,26922.898959,True,0.95
57.351045,14,26927.231766,True,0.95
61.347052,26,26935.179221,True,0.95
-22.191205,33,26945.081603,False,0.95
-11.193627,33,26955.048895,False,0.95
-15.276581,34,26965.312835,False,0.95
59.622876,19,26971.091261,True,0.95
-11.69303,32,26980.742531,False,0.95
-12.804843,34,26991.01171,False,0.95
-2.716189,40,27003.045511,False,0.95
54.004721,10,27006.065346,True,0.95
-9.226527,38,27017.51498,False,0.95
-9.64588,35,27028.049974,False,0.95
-25.673561,36,27038.893701,False,0.95
-0.51566,32,27048.520719,False,0.95
-19.322448,34,27058.783497,False,0.95
61.503455,27,27066.932153,True,0.95
-23.912138,34,27077.205693,False,0.95
59.456098,22,27083.841567,True,0.95
53.217728,7,27086.001056,True,0.95
-21.767054,35,27096.586192,False,0.95
58.390456,17,27101.752117,True,0.95
-2.293523,31,27111.103629,False,0.95
-24.347794,32,27120.734491,False,0.95
60.078448,23,27134.096701,True,0.95
60.142458,27,27142.239848,True,0.95
-12.833528,32,27151.911609,False,0.95
-20.627582,34,27162.156054,False,0.95
63.185286,28,27170.649097,True,0.95
-25.807861,31,27180.007197,False,0.95
-21.975277,35,27190.592092,False,0.95
58.290885,22,27197.277158,True,0.95
-4.906341,37,27208.528793,False,0.95
1.303936,31,27218.096408,False,0.95
59.621397,20,27224.178756,True,0.95
62.153381,27,27232.426146,True,0.95
-5.239798,38,27243.896915,False,0.95
1.265529,31,27253.250203,False,0.95
-8.336159,35,27263.814612,False,0.95
61.643926,26,27271.719553,True,0.95
59.755529,20,27277.794399,True,0.95
-12.198822,34,27288.10397,False,0.95
-5.647748,36,27298.939269,False,0.95
-7.83909,33,27308.903234,False,0.95
-1.180452,32,27318.555749,False,0.95
-20.260814,35,27329.164154,False,0.95
58.228399,25,27336.735953,True,0.95
54.92469,14,27341.007915,True,0.95
53.358924,7,27343.176589,True,0.95
57.243976,16,27348.043276,True,0.95
62.990523,30,27357.214462,True,0.95
-8.105475,33,27367.22693,False,0.95
-1.006485,31,27376.595999,False,0.95
61.726016,24,27383.93582,True,0.95
49.548269,1,27384.295223,True,0.95
58.785646,19,27390.084477,True,0.95
-19.141821,32,27399.794427,False,0.95
60.171318,25,27407.365197,True,0.95
58.779998,19,27413.143195,True,0.95
-7.465699,32,27422.851186,False,0.95
63.407213,30,27431.91889,True,0.95
56.230987,12,27435.584812,True,0.95
60.700167,24,27442.910955,True,0.95
56.837508,13,27446.876327,True,0.95
-14.138766,35,27457.513565,False,0.95
60.424516,24,27464.825973,True,0.95
-9.447103,43,27477.858011,False,0.95
-24.003203,32,27487.5787,False,0.95
61.146345,27,27495.774322,True,0.95
-4.518792,32,27505.50431,False,0.95
60.652233,21,27511.875312,True,0.95
62.040326,29,27520.721353,True,0.95
-9.989177,33,27530.862289,False,0.95
-25.767702,35,27541.520366,False,0.95
53.379677,7,27543.681221,True,0.95
-8.047439,32,27553.413219,False,0.95
-13.009355,32,27563.167365,False,0.95
-5.892978,33,27573.191204,False,0.95
56.59902,16,27578.107435,True,0.95
-11.962569,33,27588.104743,False,0.95
54.270883,10,27591.176414,True,0.95
-1.844514,35,27601.810222,False,0.95
55.870452,12,27605.511439,True,0.95
-8.773781,34,27615.846441,False,0.95
62.119644,29,27624.654408,True,0.95
64.061666,32,27634.384945,True,0.95
60.888475,26,27642.297502,True,0.95
-15.486995,36,27653.261198,False,0.95
67.391078,42,27666.059851,True,0.95
-20.940603,32,27675.832591,False,0.95
57.158459,16,27680.729405,True,0.95
-9.918979,37,27691.988606,False,0.95
61.054458,24,27699.303194,True,0.95
-4.192741,37,27710.551879,False,0.95
-17.568718,41,27723.04807,False,0.95
-5.656566,33,27733.099137,False,0.95
57.198852,16,27737.990377,True,0.95
-11.546556,36,27748.927366,False,0.95
57.231783,18,27761.103791,True,0.95
-7.437653,34,27771.468906,False,0.95
54.761782,17,27776.682734,True,0.95
-22.482667,45,27790.385872,False,0.95
-6.294453,32,27800.171486,False,0.95
-11.954206,34,27810.543376,False,0.95
-22.980811,33,27820.598826,False,0.95
61.529818,26,27828.601747,True,0.95
54.870702,10,27831.715058,True,0.95
58.308888,17,27836.94039,True,0.95
-7.94299,37,27848.226241,False,0.95
-5.404701,34,27858.626632,False,0.95
-15.370357,35,27869.309013,False,0.95
-14.345913,37,27880.570334,False,0.95
-7.435469,33,27890.679639,False,0.95
-11.618681,34,27901.027462,False,0.95
-24.211249,33,27911.096559,False,0.95
57.715587,17,27916.31331,True,0.95
-19.725094,35,27927.012178,False,0.95
-10.509255,35,27937.683707,False,0.95
-6.258914,34,27948.049764,False,0.95
-3.5269,34,27958.454536,False,0.95
-11.678858,32,27968.265264,False,0.95
-6.138043,32,27978.062434,False,0.95
62.052476,28,27986.675521,True,0.95
-24.723271,37,27997.949419,False,0.95
-17.705993,35,28008.653295,False,0.95
-16.350342,43,28021.816348,False,0.95
-17.462387,36,28032.939644,False,0.95
-1.58383,34,28043.376071,False,0.95
-7.034363,32,28053.145684,False,0.95
57.40253,21,28059.565206,True,0.95
-25.559763,33,28069.673642,False,0.95
57.347745,18,28075.204617,True,0.95
63.019841,30,28084.403939,True,0.95
-13.229769,36,28095.425739,False,0.95
-14.501132,34,28105.845269,False,0.95
54.004223,9,28108.629058,True,0.95
-21.626383,33,28118.719706,False,0.95
62.26377,26,28126.808237,True,0.95
-4.356317,34,28137.246941,False,0.95
-6.222879,34,28147.669284,False,0.95
53.640257,7,28149.87148,True,0.95
-15.486486,35,28160.640876,False,0.95
57.313589,17,28165.861914,True,0.95
60.5976,23,28172.915459,True,0.95
61.327609,23,28180.000067,True,0.95
-11.877982,34,28190.435117,False,0.95
53.481298,9,28193.220828,True,0.95
56.746806,16,28198.211434,True,0.95
57.261954,18,28203.747039,True,0.95
58.669592,18,28209.291626,True,0.95
-12.531253,37,28220.659647,False,0.95
-23.188824,38,28232.293009,False,0.95
61.60352,28,28240.941005,True,0.95
62.068587,30,28250.158408,True,0.95
58.495172,23,28257.265169,True,0.95
59.696077,24,28264.60962,True,0.95
-2.127289,32,28274.412218,False,0.95
61.067481,25,28282.103045,True,0.95
58.7048,18,28287.658154,True,0.95
62.893152,26,28295.653835,True,0.95
57.627289,16,28300.59315,True,0.95
-15.110339,40,28312.874765,False,0.95
56.011175,16,28317.853384,True,0.95
-19.265485,35,28328.57007,False,0.95
-21.265763,32,28338.445676,False,0.95
61.275597,23,28345.538815,True,0.95
-15.808185,33,28355.70091,False,0.95
53.689589,8,28358.211875,True,0.95
53.462074,8,28360.714988,True,0.95
-9.200005,32,28370.588119,False,0.95
-8.364329,33,28380.759361,False,0.95
-11.905468,33,28397.651142,False,0.95
60.503094,23,28404.74267,True,0.95
58.647907,20,28410.942734,True,0.95
56.623399,16,28415.930636,True,0.95
-10.71206,34,28426.388116,False,0.95
-9.783853,34,28436.887199,False,0.95
-9.905997,31,28446.39985,False,0.95
-24.733421,35,28457.179185,False,0.95
-24.204011,42,28470.126012,False,0.95
1.437758,37,28481.489753,False,0.95
67.23863,39,28493.511594,True,0.95
61.535553,28,28502.148185,True,0.95
-18.948644,35,28512.938343,False,0.95
54.139365,12,28516.678519,True,0.95
57.221859,16,28521.637796,True,0.95
62.108709,28,28530.315936,True,0.95
-8.050768,32,28540.169001,False,0.95
-2.904351,32,28550.052775,False,0.95
-13.134762,37,28561.410388,False,0.95
-10.31811,35,28572.208432,False,0.95
-8.87827,38,28583.920055,False,0.95
-25.962639,38,28595.661025,False,0.95
-5.731628,36,28606.763381,False,0.95
60.12451,23,28613.856087,True,0.95
-25.648031,33,28624.005691,False,0.95
-11.379305,32,28633.922643,False,0.95
58.639369,18,28639.472274,True,0.95
53.09841,10,28642.605513,True,0.95
-13.183036,37,28654.044002,False,0.95
53.146515,6,28655.941842,True,0.95
1.219882,33,28666.176242,False,0.95
-6.244942,33,28676.364582,False,0.95
57.645144,15,28681.014962,True,0.95
-8.020533,36,28692.14413,False,0.95
-9.377762,40,28704.52495,False,0.95
-24.979471,36,28715.638471,False,0.95
62.989929,29,28724.674624,True,0.95
61.623026,30,28734.030081,True,0.95
-23.679321,35,28744.825275,False,0.95
-2.096147,33,28755.040259,False,0.95
60.458155,27,28763.427688,True,0.95
-21.719508,41,28776.082347,False,0.95
62.449559,28,28784.782274,True,0.95
-13.270398,33,28794.997497,False,0.95
59.219475,18,28800.609428,True,0.95
-2.082856,32,28810.507482,False,0.95
50.035993,1,28810.868,True,0.95
-22.733937,34,28821.407642,False,0.95
56.296767,12,28825.159082,True,0.95
62.966617,28,28833.830376,True,0.95
57.949882,16,28838.856437,True,0.95
62.35629,25,28846.665019,True,0.95
-15.95307,39,28858.75256,False,0.95
57.695769,17,28864.019629,True,0.95
57.257473,16,28869.026796,True,0.95
59.631148,23,28876.172093,True,0.95
60.762948,22,28883.025047,True,0.95
59.675744,23,28890.167091,True,0.95
-26.123817,37,28901.635252,False,0.95
55.828757,11,28905.056103,True,0.95
-8.791238,36,28916.223044,False,0.95
-25.485703,32,28926.124632,False,0.95
-21.606131,35,28936.984541,False,0.95
60.353063,22,28943.844752,True,0.95
-5.688985,40,28956.208179,False,0.95
58.328571,17,28961.463308,True,0.95
-12.901048,33,28971.663476,False,0.95
-9.999681,35,28982.549729,False,0.95
59.714896,24,28989.98002,True,0.95
-4.478402,32,28999.917457,False,0.95
64.252468,31,29009.530719,True,0.95
62.042711,29,29018.549157,True,0.95
-8.790439,33,29035.504638,False,0.95
56.386285,13,29039.555009,True,0.95
-12.930877,33,29049.793459,False,0.95
-2.700906,31,29059.418553,False,0.95
-24.858425,34,29069.999973,False,0.95
-3.616492,32,29079.955756,False,0.95
64.511319,36,29091.144866,True,0.95
-5.737281,32,29101.068447,False,0.95
62.911859,26,29109.14915,True,0.95
56.541004,16,29114.186858,True,0.95
60.664492,25,29121.952396,True,0.95
61.560293,23,29129.114874,True,0.95
49.493624,1,29129.485753,True,0.95
-24.182852,33,29139.755176,False,0.95
-20.661525,37,29151.315333,False,0.95
63.126901,29,29160.316047,True,0.95
54.910895,11,29163.745328,True,0.95
-9.145733,35,29174.683002,False,0.95
-13.112492,34,29185.235805,False,0.95
61.76044,24,29192.744258,True,0.95
55.759143,16,29197.755916,True,0.95
-25.709706,36,29208.991655,False,0.95
-15.244766,33,29219.268761,False,0.95
-21.545576,32,29229.28597,False,0.95
-4.680659,38,29241.107442,False,0.95
58.182156,18,29246.792338,True,0.95
57.34077,24,29254.275988,True,0.95
53.244971,7,29256.509101,True,0.95
60.024762,20,29262.757288,True,0.95
54.864697,10,29265.968046,True,0.95
59.202881,19,29271.91802,True,0.95
-18.158003,31,29281.584363,False,0.95
55.40004,12,29285.413875,True,0.95
50.762774,2,29286.110266,True,0.95
-25.963329,35,29297.055858,False,0.95
-0.928522,34,29307.661439,False,0.95
59.916541,19,29313.58212,True,0.95
-24.726667,31,29323.223522,False,0.95
60.458082,25,29331.209638,True,0.95
59.194129,19,29337.173573,True,0.95
58.826459,20,29343.444916,True,0.95
-25.091697,32,29353.451226,False,0.95
62.60227,26,29361.622141,True,0.95
57.566516,15,29366.382555,True,0.95
61.872956,26,29374.51931,True,0.95
57.181804,16,29379.526751,True,0.95
55.436307,14,29383.994683,True,0.95
-14.389163,32,29393.96338,False,0.95
59.649441,20,29400.228298,True,0.95
57.482966,16,29405.277321,True,0.95
56.892525,16,29410.305078,True,0.95
-9.233499,34,29420.959779,False,0.95
-11.278916,32,29430.951218,False,0.95
58.701461,18,29436.590569,True,0.95
-12.730627,40,29449.099459,False,0.95
62.063796,27,29457.56131,True,0.95
1.188859,32,29467.618427,False,0.95
-15.042062,33,29477.941011,False,0.95
62.093475,30,29487.35569,True,0.95
56.792236,16,29492.404226,True,0.95
61.117542,25,29500.218693,True,0.95
61.086445,22,29507.12939,True,0.95
57.933528,16,29512.152421,True,0.95
-14.005236,32,29522.228878,False,0.95
-24.948946,33,29532.529542,False,0.95
57.679141,15,29537.270461,True,0.95
57.156574,15,29542.040494,True,0.95
61.313022,23,29549.264924,True,0.95
-10.549714,33,29559.596974,False,0.95
-9.803007,37,29571.209549,False,0.95
60.894459,28,29579.994281,True,0.95
-23.414625,34,29590.619625,False,0.95
60.530133,23,29597.886037,True,0.95
56.435646,13,29602.012967,True,0.95
61.61568,22,29608.951857,True,0.95
-17.541589,36,29620.404704,False,0.95
-6.885412,32,29630.464606,False,0.95
62.926565,26,29638.658029,True,0.95
62.895325,27,29647.139451,True,0.95
-17.687815,34,29657.860634,False,0.95
-0.843476,32,29667.90952,False,0.95
59.964263,19,29680.275228,True,0.95
-8.782545,33,29690.602966,False,0.95
62.041556,24,29698.555585,True,0.95
-19.026491,42,29711.717119,False,0.95
56.738197,13,29715.871823,True,0.95
53.198677,7,29718.121053,True,0.95
-0.754431,32,29728.161846,False,0.95
-10.768539,46,29742.668104,False,0.95
-9.434934,38,29754.614513,False,0.95
-21.317027,38,29766.582019,False,0.95
60.750392,22,29773.53632,True,0.95
-21.864839,37,29785.180362,False,0.95
-10.55619,37,29796.774456,False,0.95
-1.234345,33,29807.134726,False,0.95
-13.86871,34,29817.828227,False,0.95
-12.892688,37,29829.464636,False,0.95
56.195562,14,29833.939409,True,0.95
-17.048579,41,29846.784544,False,0.95
60.621912,21,29853.453642,True,0.95
-4.718555,35,29864.484905,False,0.95
55.674131,11,29868.005729,True,0.95
-17.04637,40,29880.611435,False,0.95
-21.766083,44,29894.49053,False,0.95
62.03893,24,29902.080426,True,0.95
-17.887487,36,29913.458396,False,0.95
59.853431,20,29919.785811,True,0.95
62.480245,26,29928.113489,True,0.95
-11.706838,35,29939.235952,False,0.95
54.085829,8,29941.810467,True,0.95
56.300187,12,29945.61547,True,0.95
60.770158,30,29955.121137,True,0.95
-25.345233,40,29967.779604,False,0.95
-12.216676,34,29978.535992,False,0.95
61.267811,24,29986.122123,True,0.95
57.014862,14,29990.586506,True,0.95
-11.830006,36,30001.954808,False,0.95
-1.19251,33,30012.371171,False,0.95
56.823972,16,30017.489953,True,0.95
58.048398,16,30022.657212,True,0.95
56.342626,13,30026.827408,True,0.95
-13.317126,38,30038.842785,False,0.95
50.898591,2,30039.5338,True,0.95
59.501427,24,30047.1974,True,0.95
59.94983,27,30055.742759,True,0.95
-2.862371,35,30066.824345,False,0.95
-19.248484,33,30077.256903,False,0.95
56.376395,13,30081.390953,True,0.95
-12.994477,37,30093.117929,False,0.95
-16.831212,43,30106.741627,False,0.95
-25.85009,36,30118.112199,False,0.95
-12.657652,38,30130.172531,False,0.95
-27.044091,38,30142.227868,False,0.95
-25.250503,41,30155.233828,False,0.95
58.207959,17,30160.660049,True,0.95
59.177642,22,30167.698384,True,0.95
-7.147035,31,30177.522542,False,0.95
-9.857724,34,30188.300174,False,0.95
-25.948079,35,30199.433349,False,0.95
-9.213531,41,30212.437175,False,0.95
-5.020509,33,30222.910669,False,0.95
-12.198915,33,30233.366062,False,0.95
-1.729842,36,30244.782078,False,0.95
-10.805876,36,30256.184291,False,0.95
-6.472447,38,30268.277869,False,0.95
58.431761,26,30276.548267,True,0.95
57.13305,19,30282.647843,True,0.95
55.186317,10,30285.868818,True,0.95
-13.077213,36,30297.292045,False,0.95
-20.03547,39,30309.702094,False,0.95
-25.451992,32,30319.914263,False,0.95
-0.50585,40,30339.767193,False,0.95
54.104886,9,30342.658878,True,0.95
-13.284713,37,30354.394868,False,0.95
-21.869969,42,30367.76395,False,0.95
63.600975,29,30376.967263,True,0.95
56.893048,21,30383.681211,True,0.95
-6.251531,33,30394.150435,False,0.95
-23.818939,35,30405.300766,False,0.95
61.552299,25,30413.270961,True,0.95
58.271308,19,30419.353122,True,0.95
54.316268,9,30422.253401,True,0.95
62.943345,27,30430.825269,True,0.95
-22.524877,35,30441.959858,False,0.95
62.745095,29,30451.175933,True,0.95
59.342899,23,30458.569841,True,0.95
0.231837,33,30469.059841,False,0.95
62.41947,25,30477.064196,True,0.95
60.381484,22,30484.115535,True,0.95
-23.480827,36,30495.642829,False,0.95
-5.44939,33,30506.140187,False,0.95
-8.227156,32,30516.364077,False,0.95
-15.734359,36,30527.960717,False,0.95
-6.031216,39,30540.439621,False,0.95
55.769457,11,30543.992464,True,0.95
-16.696755,38,30556.083792,False,0.95
53.238244,7,30558.355495,True,0.95
-2.52724,32,30568.585713,False,0.95
61.768586,28,30577.57663,True,0.95
-14.458574,45,30591.919539,False,0.95
-15.099378,33,30602.449132,False,0.95
-26.060734,34,30613.317772,False,0.95
-16.990881,35,30624.45588,False,0.95
53.561447,7,30626.719291,True,0.95
-16.375348,35,30637.894109,False,0.95
-12.160109,34,30648.738689,False,0.95
-11.876373,47,30663.700901,False,0.95
-5.662076,33,30674.238495,False,0.95
-26.453692,38,30686.328831,False,0.95
53.810884,8,30688.972807,True,0.95
57.225854,16,30694.119759,True,0.95
-10.096946,33,30704.654578,False,0.95
59.067925,18,30710.455685,True,0.95
59.107472,18,30716.218317,True,0.95
55.551017,11,30719.786988,True,0.95
-22.139855,37,30731.608172,False,0.95
55.915075,14,30736.125082,True,0.95
61.946284,24,30743.81241,True,0.95
-10.563829,36,30755.345279,False,0.95
-5.80831,34,30766.238446,False,0.95
63.037295,27,30774.930891,True,0.95
-21.430459,42,30788.369683,False,0.95
-6.002035,40,30801.160621,False,0.95
58.580944,24,30808.865761,True,0.95
60.253534,21,30815.614552,True,0.95
-11.662399,31,30825.535437,False,0.95
63.028809,28,30834.566093,True,0.95
-2.140885,32,30844.790695,False,0.95
61.760808,24,30852.517736,True,0.95
55.998935,14,30857.057027,True,0.95
62.884896,28,30866.02108,True,0.95
57.077251,15,30870.859246,True,0.95
61.378339,25,30878.860266,True,0.95
-20.785415,35,30890.115005,False,0.95
-16.601883,34,30900.990901,False,0.95
-16.972396,43,30914.777655,False,0.95
-5.724343,36,30926.364827,False,0.95
-9.067466,40,30939.143529,False,0.95
49.745028,1,30939.522243,True,0.95
60.483057,23,30946.948591,True,0.95
-2.679052,36,30958.49609,False,0.95
59.196218,18,30964.402295,True,0.95
62.304945,24,30972.104487,True,0.95
-25.409426,39,30984.603223,False,0.95
-12.086859,33,31002.34984,False,0.95
59.9527,22,31009.437542,True,0.95
-2.861735,38,31021.629496,False,0.95
-14.836073,43,31035.418074,False,0.95
59.416199,25,31043.491529,True,0.95
57.607063,17,31048.965284,True,0.95
63.183207,29,31058.263065,True,0.95
-6.559325,33,31068.900329,False,0.95
-21.162536,39,31081.42236,False,0.95
61.895416,24,31089.149433,True,0.95
-21.072829,35,31100.434527,False,0.95
-5.558749,33,31111.046512,False,0.95
61.485782,24,31118.767694,True,0.95
-10.01569,37,31130.769995,False,0.95
-1.57459,32,31141.142529,False,0.95
-13.539447,34,31152.075517,False,0.95
62.421469,24,31159.831424,True,0.95
61.147149,29,31169.185321,True,0.95
59.650876,24,31176.910213,True,0.95
-5.002523,34,31187.891833,False,0.95
-13.218636,40,31200.763118,False,0.95
-9.533616,39,31213.253321,False,0.95
-10.109982,34,31224.25867,False,0.95
56.359493,14,31228.788732,True,0.95
56.263857,12,31232.674559,True,0.95
54.67355,11,31236.274028,True,0.95
51.993348,4,31237.637366,True,0.95
-22.762166,36,31249.222806,False,0.95
-19.100821,37,31261.216464,False,0.95
-9.983001,34,31272.156767,False,0.95
-19.170419,35,31283.4357,False,0.95
49.497474,1,31283.808394,True,0.95
-15.145302,35,31295.095147,False,0.95
59.346625,19,31301.237777,True,0.95
-20.178291,38,31313.486461,False,0.95
50.427103,1,31313.874351,True,0.95
54.958351,16,31319.080272,True,0.95
-20.78964,38,31331.255846,False,0.95
61.053545,30,31340.954193,True,0.95
-27.386449,49,31356.785615,False,0.95
-25.805258,39,31369.388584,False,0.95
-11.77458,34,31380.345769,False,0.95
-9.785353,39,31392.918023,False,0.95
56.021301,14,31397.544855,True,0.95
54.425775,13,31401.760316,True,0.95
53.160033,8,31404.390916,True,0.95
53.443215,8,31407.021793,True,0.95
-13.154422,34,31418.05504,False,0.95
59.712795,19,31424.216851,True,0.95
60.122395,25,31432.332625,True,0.95
-25.584894,34,31443.369073,False,0.95
59.194416,18,31449.19704,True,0.95
56.048613,15,31454.0947,True,0.95
53.885569,8,31456.722783,True,0.95
-14.840231,35,31467.986026,False,0.95
51.487949,3,31469.008214,True,0.95
-25.800542,38,31481.31375,False,0.95
-19.636032,43,31495.191592,False,0.95
-16.638571,37,31507.06975,False,0.95
60.053378,20,31513.605557,True,0.95
-4.564672,33,31524.231478,False,0.95
-9.651155,36,31535.887863,False,0.95
56.665629,13,31540.110566,True,0.95
-10.986805,37,31552.059246,False,0.95
56.169347,14,31556.627658,True,0.95
-15.014456,41,31569.86755,False,0.95
-9.707585,35,31581.166803,False,0.95
-2.103268,32,31591.503726,False,0.95
-5.98344,39,31604.09961,False,0.95
61.01098,24,31611.895784,True,0.95
-24.398721,37,31623.81904,False,0.95
55.615954,11,31627.440072,True,0.95
63.691996,30,31637.166696,True,0.95
56.937232,14,31641.717875,True,0.95
-6.574969,37,31653.695583,False,0.95
62.893236,26,31669.387492,True,0.95
60.837687,24,31677.185788,True,0.95
-10.370574,40,31690.159402,False,0.95
60.099826,25,31698.293212,True,0.95
-13.846077,38,31710.608828,False,0.95
60.656312,26,31719.041213,True,0.95
-23.87556,36,31730.84241,False,0.95
-5.069647,40,31743.824,False,0.95
59.948338,19,31750.018327,True,0.95
-16.9843,36,31761.71821,False,0.95
-25.905036,38,31774.05127,False,0.95
54.352596,10,31777.338757,True,0.95
59.209833,21,31784.184372,True,0.95
-16.375097,33,31794.896243,False,0.95
-2.632906,33,31805.636497,False,0.95
54.642044,11,31809.232087,True,0.95
58.86751,21,31816.067599,True,0.95
-7.48258,41,31829.343727,False,0.95
-25.570645,33,31840.011401,False,0.95
-5.314416,41,31853.319686,False,0.95
60.697023,21,31860.175098,True,0.95
56.891969,15,31865.078982,True,0.95
56.197235,12,31869.016247,True,0.95
56.239959,18,31874.943833,True,0.95
-8.051336,32,31885.382019,False,0.95
-1.957308,34,31896.403247,False,0.95
-20.23975,39,31909.054977,False,0.95
58.424006,20,31915.574182,True,0.95
59.594714,19,31921.789621,True,0.95
-11.662384,43,31935.709395,False,0.95
63.090971,29,31945.148001,True,0.95
63.14372,29,31954.563874,True,0.95
62.829052,28,31963.696008,True,0.95
-27.221461,39,31976.345774,False,0.95
60.250768,21,31983.229312,True,0.95
-9.649627,34,31994.270206,False,0.95
-7.657684,36,32005.984095,False,0.95
55.36854,11,32009.626843,True,0.95
58.628844,22,32016.786294,True,0.95
60.229734,21,32023.64721,True,0.95
59.191717,18,32029.551065,True,0.95
-6.998854,35,32040.937067,False,0.95
56.445395,13,32045.194955,True,0.95
59.468416,18,32051.063394,True,0.95
53.126244,7,32053.374461,True,0.95
56.314997,12,32057.339927,True,0.95
56.636183,13,32061.6334,True,0.95
-24.949603,37,32073.626867,False,0.95
63.610995,29,32083.088569,True,0.95
-7.240869,33,32093.821415,False,0.95
60.769846,22,32101.045524,True,0.95
53.394038,7,32103.368228,True,0.95
-5.508343,32,32113.772878,False,0.95
-13.74876,39,32126.480378,False,0.95
-5.217993,33,32137.238727,False,0.95
57.390887,17,32142.793245,True,0.95
-24.780753,41,32156.152405,False,0.95
-13.259867,33,32166.882782,False,0.95
58.032333,23,32174.415574,True,0.95
-1.853327,33,32185.198383,False,0.95
60.343427,24,32193.027023,True,0.95
-10.131489,33,32203.792259,False,0.95
57.890267,19,32209.990762,True,0.95
-21.765608,33,32220.791635,False,0.95
57.802373,23,32228.291263,True,0.95
54.308048,10,32231.618124,True,0.95
61.883178,24,32239.487416,True,0.95
-12.936799,37,32251.575758,False,0.95
-26.152773,37,32263.668952,False,0.95
-26.788303,40,32276.724366,False,0.95
-20.121516,35,32288.10643,False,0.95
-11.847488,36,32299.902851,False,0.95
58.436558,18,32305.810657,True,0.95
-25.603724,36,32317.6181,False,0.95
62.206106,24,32325.515538,True,0.95
49.955531,1,32325.906386,True,0.95
-25.591581,36,32344.850822,False,0.95
-11.002234,34,32355.97878,False,0.95
-6.522508,37,32368.081233,False,0.95
0.028318,34,32379.169071,False,0.95
-5.065951,32,32389.672736,False,0.95
-9.784147,37,32401.769178,False,0.95
61.76745,24,32409.679078,True,0.95
-7.914535,36,32421.455662,False,0.95
-15.280409,33,32432.251832,False,0.95
56.659113,18,32438.182993,True,0.95
-4.833179,31,32448.328995,False,0.95
-7.779302,35,32459.762315,False,0.95
-13.424596,37,32471.86238,False,0.95
-14.750368,36,32483.632422,False,0.95
60.894769,23,32491.191681,True,0.95
-8.527232,33,32501.983911,False,0.95
58.62407,24,32509.953992,True,0.95
55.859477,17,32515.541588,True,0.95
-23.101311,38,32527.999768,False,0.95
-13.190128,33,32538.781768,False,0.95
0.674968,38,32551.254649,False,0.95
-9.20773,33,32562.036706,False,0.95
-19.707566,34,32573.189743,False,0.95
-7.851424,35,32584.647123,False,0.95
53.001914,6,32586.681093,True,0.95
60.694644,23,32594.246921,True,0.95
-11.870907,37,32606.388644,False,0.95
63.194378,29,32615.8894,True,0.95
60.451025,24,32623.80455,True,0.95
63.117247,28,32633.006591,True,0.95
-14.700879,32,32643.524415,False,0.95
57.483426,15,32648.498571,True,0.95
57.698458,17,32654.184713,True,0.95
-16.546221,33,32665.010223,False,0.95
62.617747,30,32674.843239,True,0.95
-1.518246,32,32685.371743,False,0.95
60.667235,22,32692.595375,True,0.95
-1.452779,31,32702.773582,False,0.95
58.443886,22,32710.026218,True,0.95
-9.633974,33,32720.87475,False,0.95
61.727373,23,32728.4221,True,0.95
55.443374,15,32733.379306,True,0.95
58.997641,23,32740.94206,True,0.95
-16.140142,35,32752.436187,False,0.95
-6.179432,33,32763.251065,False,0.95
-11.009559,35,32774.743278,False,0.95
-0.808212,40,32787.901338,False,0.95
-12.292524,37,32800.083684,False,0.95
59.60184,19,32806.358346,True,0.95
-11.498939,34,32817.519321,False,0.95
-6.380012,32,32828.048394,False,0.95
61.189563,22,32835.280319,True,0.95
59.583198,32,32845.800165,True,0.95
-12.339132,33,32856.656566,False,0.95
-15.573436,37,32868.836006,False,0.95
61.517239,25,32877.072787,True,0.95
-3.66302,38,32889.539482,False,0.95
55.804572,11,32893.183052,True,0.95
-26.460168,40,32906.385441,False,0.95
53.801835,8,32909.059369,True,0.95
55.820097,12,32913.05735,True,0.95
55.762795,11,32916.751822,True,0.95
58.236305,23,32924.344539,True,0.95
-9.702848,35,32935.988749,False,0.95
59.132298,18,32941.956396,True,0.95
-11.208056,36,32953.789989,False,0.95
-12.348107,43,32967.933959,False,0.95
50.90678,2,32968.654514,True,0.95
-13.866609,32,32979.215701,False,0.95
-13.859278,35,32990.740362,False,0.95
-17.608543,40,33003.95005,False,0.95
62.481438,27,33012.875198,True,0.95
-4.433531,31,33029.850812,False,0.95
62.960863,32,33040.446441,True,0.95
0.552804,34,33051.657572,False,0.95
-23.200451,36,33063.541573,False,0.95
61.461191,26,33072.120214,True,0.95
49.535174,1,33072.517405,True,0.95
62.200412,29,33082.118814,True,0.95
-8.312551,37,33094.315688,False,0.95
-7.782846,34,33105.524611,False,0.95
58.248501,18,33111.547909,True,0.95
58.422763,20,33118.142971,True,0.95
53.226365,7,33120.506084,True,0.95
55.813676,12,33124.491887,True,0.95
60.504432,22,33131.785265,True,0.95
54.11325,8,33134.494779,True,0.95
60.812635,26,33143.087492,True,0.95
57.749023,19,33149.406916,True,0.95
-26.051052,35,33160.959615,False,0.95
63.532393,32,33171.560972,True,0.95
-14.388276,32,33182.123111,False,0.95
-6.76995,37,33194.337122,False,0.95
-2.054701,34,33205.589935,False,0.95
-17.572513,41,33219.128174,False,0.95
-26.542407,42,33233.019613,False,0.95
-26.741127,41,33246.55397,False,0.95
59.125499,24,33254.549912,True,0.95
-8.424277,33,33265.485741,False,0.95
55.573686,15,33270.49954,True,0.95
58.736609,17,33276.169029,True,0.95
-2.699706,35,33287.77006,False,0.95
-1.251804,32,33298.359417,False,0.95
-14.52688,36,33310.285586,False,0.95
-24.310519,39,33323.181636,False,0.95
54.643047,9,33326.215211,True,0.95
-12.286724,35,33337.787711,False,0.95
61.846161,24,33345.760976,True,0.95
-10.781896,35,33357.323342,False,0.95
-24.448962,36,33369.252847,False,0.95
-23.563571,32,33379.840752,False,0.95
58.37173,17,33385.53604,True,0.95
-11.317276,35,33397.093895,False,0.95
61.441013,24,33405.083616,True,0.95
-5.462968,34,33416.298837,False,0.95
52.343804,8,33418.985888,True,0.95
-8.457472,34,33430.251728,False,0.95
-0.325836,32,33440.879879,False,0.95
62.210107,24,33448.880124,True,0.95
55.485907,12,33452.908507,True,0.95
-25.855437,42,33466.846824,False,0.95
-21.376514,33,33477.768146,False,0.95
55.171911,14,33482.486331,True,0.95
60.054349,21,33489.442783,True,0.95
56.288922,15,33494.445212,True,0.95
-25.964867,38,33507.10858,False,0.95
61.722417,28,33516.411474,True,0.95
-21.761928,32,33527.145425,False,0.95
54.582851,13,33531.525229,True,0.95
60.269639,21,33538.507625,True,0.95
61.617379,23,33546.160132,True,0.95
0.064005,31,33556.453795,False,0.95
-13.820913,39,33569.444873,False,0.95
61.102933,23,33577.074707,True,0.95
57.60086,18,33583.11842,True,0.95
-14.403008,35,33594.708219,False,0.95
-10.447638,33,33605.699723,False,0.95
54.724334,9,33608.730408,True,0.95
53.099621,6,33610.7736,True,0.95
-1.654765,32,33621.440872,False,0.95
-9.008854,39,33634.365689,False,0.95
58.066261,16,33639.742312,True,0.95
61.317722,26,33648.405294,True,0.95
-15.921617,38,33661.022637,False,0.95
-23.14964,35,33672.625862,False,0.95
-2.366849,33,33683.637776,False,0.95
58.955659,21,33690.660854,True,0.95
-7.967119,34,33708.934351,False,0.95
-22.653288,38,33721.610773,False,0.95
-8.475246,40,33734.939137,False,0.95
-9.714179,33,33745.905864,False,0.95
62.504008,26,33754.591279,True,0.95
-8.409999,32,33765.259359,False,0.95
-20.920806,36,33777.262934,False,0.95
59.621897,26,33785.934191,True,0.95
-19.973758,35,33797.589272,False,0.95
62.181602,29,33807.26315,True,0.95
60.168642,23,33814.967868,True,0.95
-12.894115,31,33825.299669,False,0.95
53.135323,6,33827.340958,True,0.95
0.782397,31,33837.669885,False,0.95
58.405392,16,33843.020944,True,0.95
-22.329883,31,33853.334697,False,0.95
-13.758228,37,33865.63986,False,0.95
61.338573,23,33873.338361,True,0.95
-10.629315,32,33883.992744,False,0.95
-23.96067,42,33898.012762,False,0.95
58.450251,16,33903.37091,True,0.95
55.369551,12,33907.399064,True,0.95
-10.249199,32,33918.395395,False,0.95
-1.248077,33,33929.395453,False,0.95
-24.005024,33,33940.399033,False,0.95
53.962693,9,33943.446259,True,0.95
64.548515,31,33953.888257,True,0.95
56.473183,17,33959.586136,True,0.95
58.378691,20,33966.256777,True,0.95
60.433112,22,33973.646726,True,0.95
60.184627,23,33981.344897,True,0.95
-0.492493,37,33993.688503,False,0.95
61.975291,23,34001.374541,True,0.95
-4.162399,32,34012.06376,False,0.95
-4.045506,40,34025.394339,False,0.95
53.177913,9,34028.485661,True,0.95
60.393378,23,34036.167449,True,0.95
-10.255055,37,34048.515775,False,0.95
-18.147867,36,34060.558954,False,0.95
-10.905053,40,34073.931268,False,0.95
56.059616,13,34078.320732,True,0.95
1.064086,32,34089.045316,False,0.95
-24.445389,35,34100.786369,False,0.95
-2.708934,38,34113.530383,False,0.95
57.913085,19,34119.918256,True,0.95
64.786378,32,34130.816218,True,0.95
-0.510535,32,34141.546139,False,0.95
-1.348937,34,34152.93231,False,0.95
55.960266,13,34157.324971,True,0.95
-19.522754,42,34171.369305,False,0.95
-21.653005,38,34184.114461,False,0.95
60.082029,26,34192.808754,True,0.95
-24.105844,36,34204.836242,False,0.95
-5.320377,35,34216.531667,False,0.95
61.31427,24,34224.613419,True,0.95
-22.329356,36,34236.63801,False,0.95
-26.526694,39,34249.718457,False,0.95
-18.12489,34,34261.137838,False,0.95
-14.464831,34,34272.563423,False,0.95
63.298136,33,34283.635494,True,0.95
-16.507261,47,34299.34812,False,0.95
-23.38636,38,34312.117381,False,0.95
-10.803092,36,34324.189501,False,0.95
-12.416929,38,34336.943793,False,0.95
56.992011,15,34342.036826,True,0.95
-3.387666,35,34353.770737,False,0.95
-8.792577,34,34365.213007,False,0.95
-12.132657,41,34378.990188,False,0.95
61.804315,24,34387.081869,True,0.95
-14.487994,31,34404.6199,False,0.95
55.577846,15,34409.699161,True,0.95
-3.381855,34,34421.130409,False,0.95
62.92568,26,34429.896854,True,0.95
-7.925169,36,34442.029274,False,0.95
-13.572042,36,34454.130587,False,0.95
-10.470389,35,34465.940384,False,0.95
62.988861,29,34475.682825,True,0.95
56.068305,13,34480.110196,True,0.95
53.649677,7,34482.515219,True,0.95
60.493378,20,34489.24134,True,0.95
-5.138926,32,34500.021228,False,0.95
-11.191546,35,34511.735514,False,0.95
-11.916064,39,34524.862934,False,0.95
57.006619,18,34530.913863,True,0.95
57.098216,15,34536.041539,True,0.95
57.533589,20,34542.797402,True,0.95
-21.719024,39,34555.92632,False,0.95
-19.795459,35,34567.662937,False,0.95
63.213304,29,34577.521744,True,0.95
53.797208,8,34580.259736,True,0.95
-24.568373,36,34592.352012,False,0.95
-18.777889,32,34603.13857,False,0.95
-17.300352,35,34614.964265,False,0.95
-23.532346,37,34627.37864,False,0.95
55.154881,11,34631.118637,True,0.95
-11.875627,42,34645.255696,False,0.95
-18.006164,37,34657.696882,False,0.95
-14.61257,36,34669.811365,False,0.95
54.748543,11,34673.590034,True,0.95
-1.759966,33,34684.722214,False,0.95
-5.331299,39,34697.907997,False,0.95
-18.900166,31,34708.335569,False,0.95
52.074732,4,34709.758099,True,0.95
56.333081,15,34714.854749,True,0.95
57.249334,17,34720.6048,True,0.95
57.488359,15,34725.711339,True,0.95
-9.411203,34,34737.285835,False,0.95
64.231677,31,34747.748947,True,0.95
-2.055727,34,34759.211195,False,0.95
56.237723,15,34764.30338,True,0.95
-23.756655,32,34775.108468,False,0.95
60.778632,25,34783.5486,True,0.95
-3.724237,33,34794.685074,False,0.95
-20.347492,33,34805.825795,False,0.95
62.615741,29,34815.654873,True,0.95
-15.736765,35,34827.454525,False,0.95
-20.862359,39,34840.578736,False,0.95
53.215487,7,34842.97669,True,0.95
56.215539,13,34847.427645,True,0.95
57.846178,19,34853.866627,True,0.95
-10.648627,40,34867.41447,False,0.95
62.522912,26,34876.19782,True,0.95
-18.088778,35,34888.04509,False,0.95
-25.137283,35,34899.7959,False,0.95
58.37482,20,34906.637001,True,0.95
-4.206572,31,34917.066795,False,0.95
-8.37083,35,34928.866556,False,0.95
54.112953,12,34932.966653,True,0.95
60.721223,24,34941.106555,True,0.95
56.2578,16,34946.595915,True,0.95
53.373386,7,34949.000967,True,0.95
60.518698,21,34956.13679,True,0.95
-14.592451,35,34968.0095,False,0.95
-8.665178,36,34980.148155,False,0.95
63.463069,31,34990.663528,True,0.95
57.975672,16,34996.119192,True,0.95
-0.460648,36,35008.324854,False,0.95
-19.431948,33,35019.44228,False,0.95
-19.016569,35,35031.345416,False,0.95
57.731395,17,35037.125037,True,0.95
-24.052924,33,35048.341875,False,0.95
-10.333551,33,35059.478512,False,0.95
59.701771,23,35067.288913,True,0.95
-20.129782,35,35079.093538,False,0.95
61.174968,23,35086.896307,True,0.95
56.17912,12,35091.010325,True,0.95
55.765437,12,35101.797339,True,0.95
54.434562,12,35105.891865,True,0.95
56.445435,14,35110.674888,True,0.95
-6.707573,34,35122.184711,False,0.95
-24.545035,34,35133.668736,False,0.95
-3.012734,35,35145.499136,False,0.95
60.167454,20,35152.28772,True,0.95
62.890173,27,35161.455881,True,0.95
-7.992394,36,35173.620192,False,0.95
-11.461958,36,35185.854157,False,0.95
-19.803839,33,35197.053543,False,0.95
59.67527,25,35205.57605,True,0.95
57.36398,14,35210.359109,True,0.95
-4.869118,32,35221.257076,False,0.95
-9.664561,33,35232.434066,False,0.95
61.993651,25,35240.955884,True,0.95
-9.46845,36,35253.180791,False,0.95
62.646426,26,35262.058577,True,0.95
59.211145,19,35268.533226,True,0.95
-5.83707,33,35279.736435,False,0.95
-11.26818,39,35292.967751,False,0.95
56.976735,14,35297.810794,True,0.95
57.922134,16,35303.270111,True,0.95
-23.098588,34,35314.853072,False,0.95
-6.67792,33,35326.117826,False,0.95
-9.619473,33,35337.436098,False,0.95
-16.35309,40,35350.984532,False,0.95
-12.467163,32,35361.871611,False,0.95
-17.816519,38,35374.80371,False,0.95
55.54718,12,35378.915787,True,0.95
-11.805437,33,35390.153457,False,0.95
-4.858211,37,35402.692568,False,0.95
-26.060003,36,35414.951859,False,0.95
-10.976079,35,35426.867977,False,0.95
59.346819,19,35433.379098,True,0.95
-18.381561,39,35446.638967,False,0.95
0.446325,35,35458.574137,False,0.95
54.190116,8,35461.348502,True,0.95
-0.963736,37,35473.937031,False,0.95
-26.002213,41,35487.849099,False,0.95
-4.077916,33,35499.112244,False,0.95
61.347206,25,35507.612449,True,0.95
-15.929233,35,35519.524024,False,0.95
60.105234,22,35527.041903,True,0.95
-11.250107,35,35539.023912,False,0.95
-11.200667,33,35550.297382,False,0.95
-24.16657,35,35562.203048,False,0.95
57.633003,16,35567.709657,True,0.95
-15.076508,40,35581.352146,False,0.95
-19.169858,34,35592.949679,False,0.95
61.909167,25,35601.537254,True,0.95
-20.884493,36,35613.806023,False,0.95
-25.681295,35,35625.750475,False,0.95
-19.124798,34,35637.3374,False,0.95
-6.460885,39,35650.615017,False,0.95
56.34329,19,35657.121766,True,0.95
-5.787997,33,35668.399545,False,0.95
57.760265,16,35673.893221,True,0.95
0.010854,32,35684.813696,False,0.95
59.707665,20,35691.672456,True,0.95
-22.945512,34,35703.261876,False,0.95
55.007698,11,35707.062016,True,0.95
-13.213022,34,35718.656478,False,0.95
61.570248,25,35727.25077,True,0.95
-18.973889,31,35737.811312,False,0.95
-3.192223,31,35748.421526,False,0.95
56.42061,14,35753.242351,True,0.95
60.009795,19,35759.751096,True,0.95
57.313487,14,35764.625451,True,0.95
-5.614346,34,35776.242133,False,0.95
63.091876,28,35785.866536,True,0.95
-0.408071,32,35796.817261,False,0.95
58.52302,20,35810.525471,True,0.95
-1.589999,33,35821.78554,False,0.95
58.980769,21,35828.967334,True,0.95
56.295395,17,35834.795764,True,0.95
57.018485,15,35839.963157,True,0.95
-23.708589,42,35854.328381,False,0.95
-8.0706,36,35866.673368,False,0.95
61.511288,24,35874.883832,True,0.95
-21.978464,34,35886.552389,False,0.95
62.093536,30,35896.840298,True,0.95
-24.785794,32,35907.778494,False,0.95
-2.623118,36,35920.108835,False,0.95
-4.353218,37,35932.898514,False,0.95
-24.866919,32,35943.850181,False,0.95
-10.067158,33,35955.125436,False,0.95
-17.130532,39,35968.497802,False,0.95
-25.621031,39,35981.836085,False,0.95
54.542234,10,35985.322976,True,0.95
-13.222077,34,35996.97183,False,0.95
63.782541,33,36008.281915,True,0.95
-13.577189,36,36020.652313,False,0.95
-3.022089,32,36031.608026,False,0.95
58.628016,22,36039.231333,True,0.95
62.388249,31,36049.844321,True,0.95
-21.341384,32,36060.858158,False,0.95
-15.790802,37,36073.547272,False,0.95
-26.02816,36,36085.923195,False,0.95
-21.245337,38,36098.955502,False,0.95
-12.943754,32,36109.923569,False,0.95
54.250213,9,36113.083415,True,0.95
-3.545801,37,36125.771381,False,0.95
56.219472,15,36130.93759,True,0.95
-3.564773,31,36141.583352,False,0.95
50.270388,1,36141.994443,True,0.95
-25.948343,37,36154.722079,False,0.95
58.946229,17,36160.575941,True,0.95
-6.911084,36,36172.904114,False,0.95
64.062333,31,36183.536799,True,0.95
-25.100815,44,36198.683173,False,0.95
56.482537,19,36205.216756,True,0.95
-15.065554,36,36217.596788,False,0.95
56.159471,12,36221.771189,True,0.95
-0.102704,31,36232.428576,False,0.95
62.290831,29,36242.392152,True,0.95
-0.855191,35,36254.463202,False,0.95
53.706018,8,36257.264896,True,0.95
-11.73952,36,36269.644788,False,0.95
-9.167034,36,36282.014834,False,0.95
-6.739195,32,36293.056514,False,0.95
61.713244,23,36300.983683,True,0.95
56.823982,13,36305.478675,True,0.95
-15.127154,38,36318.585831,False,0.95
54.163877,9,36321.718462,True,0.95
59.440036,23,36329.676952,True,0.95
-0.679434,33,36340.99427,False,0.95
-1.526412,33,36352.330579,False,0.95
62.66252,24,36360.596691,True,0.95
-19.802908,35,36372.674639,False,0.95
-24.148591,35,36384.707886,False,0.95
55.953728,14,36389.577929,True,0.95
-20.626545,37,36402.272981,False,0.95
-26.461553,38,36415.391596,False,0.95
-6.081631,36,36427.804306,False,0.95
57.891272,20,36434.731942,True,0.95
54.528142,11,36438.554628,True,0.95
-8.468093,40,36452.322125,False,0.95
57.68878,17,36458.204661,True,0.95
54.663785,10,36461.688286,True,0.95
-22.755183,43,36476.494661,False,0.95
-14.639615,37,36489.201813,False,0.95
-0.297988,32,36500.230083,False,0.95
58.263831,18,36506.476792,True,0.95
-14.965682,34,36525.271882,False,0.95
58.54194,21,36532.598642,True,0.95
-6.872627,34,36544.340165,False,0.95
-18.675553,35,36556.391115,False,0.95
59.168009,22,36564.030195,True,0.95
-13.586517,32,36575.049173,False,0.95
61.363179,22,36582.695699,True,0.95
60.155699,22,36590.322296,True,0.95
55.960944,17,36596.205522,True,0.95
60.843712,22,36603.890987,True,0.95
57.322359,16,36609.432611,True,0.95
62.923927,27,36618.774487,True,0.95
-26.742547,43,36633.58803,False,0.95
62.967654,29,36643.631643,True,0.95
-22.714724,31,36654.308918,False,0.95
-2.135301,36,36666.752713,False,0.95
-22.105869,34,36678.506174,False,0.95
56.827351,13,36683.03313,True,0.95
-0.455149,32,36694.069221,False,0.95
53.392913,8,36696.902774,True,0.95
-10.928302,33,36708.313171,False,0.95
-12.029158,36,36720.728757,False,0.95
-16.315225,35,36732.818006,False,0.95
-2.373451,38,36745.973994,False,0.95
56.885187,19,36752.540222,True,0.95
-17.824225,37,36765.372314,False,0.95
-10.731978,34,36777.149355,False,0.95
-14.598325,32,36788.182917,False,0.95
55.120251,10,36791.68117,True,0.95
-13.782017,32,36802.793063,False,0.95
53.475356,9,36805.95721,True,0.95
53.552894,7,36808.417958,True,0.95
-3.133686,45,36823.983032,False,0.95
59.507531,24,36832.306218,True,0.95
-14.957172,33,36843.714568,False,0.95
59.490428,22,36851.330445,True,0.95
-3.984152,37,36864.15261,False,0.95
59.674572,19,36870.734077,True,0.95
-4.834074,33,36882.182738,False,0.95
-12.782489,32,36893.266398,False,0.95
58.779136,19,36899.862905,True,0.95
61.895513,27,36909.196566,True,0.95
61.19734,22,36916.876813,True,0.95
-1.492754,34,36928.621186,False,0.95
-15.870175,44,36943.920507,False,0.95
-22.772765,35,36956.035801,False,0.95
58.75149,18,36962.301586,True,0.95
60.285719,20,36969.245777,True,0.95
63.712781,30,36979.675132,True,0.95
-13.878793,40,36993.529659,False,0.95
54.804246,10,36997.044724,True,0.95
-20.457615,36,37009.559331,False,0.95
61.289614,24,37017.878162,True,0.95
58.9706,18,37024.13852,True,0.95
-25.891649,40,37038.014296,False,0.95
-13.19242,32,37049.164278,False,0.95
-12.663866,33,37060.596579,False,0.95
-24.229598,37,37073.435116,False,0.95
-11.55112,38,37086.57577,False,0.95
54.352084,9,37089.765849,True,0.95
-25.733613,43,37104.691833,False,0.95
54.229961,9,37107.872771,True,0.95
56.825531,13,37112.420914,True,0.95
54.161621,10,37115.959804,True,0.95
62.276392,24,37124.326939,True,0.95
56.616617,17,37130.352807,True,0.95
-24.885933,39,37143.963007,False,0.95
-3.762487,39,37157.559339,False,0.95
62.918325,26,37166.644306,True,0.95
62.071571,24,37174.999456,True,0.95
57.739365,19,37181.607724,True,0.95
-25.536731,39,37195.20998,False,0.95
-8.541155,41,37209.469844,False,0.95
-9.819187,36,37221.997513,False,0.95
60.481845,23,37237.343615,True,0.95
58.836704,17,37243.286215,True,0.95
60.366678,22,37250.938376,True,0.95
-7.891076,33,37262.399027,False,0.95
-8.355279,39,37275.949841,False,0.95
-9.301567,36,37288.479222,False,0.95
63.108803,28,37298.215499,True,0.95
-1.344904,32,37309.390181,False,0.95
-25.57524,36,37321.944935,False,0.95
60.423026,20,37328.922716,True,0.95
-12.890789,35,37341.139148,False,0.95
59.584033,24,37349.523503,True,0.95
-9.768391,34,37361.369137,False,0.95
-4.413744,33,37372.866896,False,0.95
-13.516516,39,37386.417373,False,0.95
-12.378911,33,37397.935048,False,0.95
-23.722848,34,37409.796813,False,0.95
-19.203372,37,37422.711264,False,0.95
59.162414,20,37429.719687,True,0.95
-5.291311,31,37440.522673,False,0.95
58.218945,21,37447.831768,True,0.95
-24.086016,42,37462.480179,False,0.95
55.834439,15,37467.757827,True,0.95
-22.982805,32,37478.911936,False,0.95
-5.662189,32,37490.064243,False,0.95
53.796833,8,37492.883544,True,0.95
62.169439,28,37502.677582,True,0.95
54.977634,13,37507.237757,True,0.95
61.037019,21,37514.554706,True,0.95
55.508282,15,37519.839346,True,0.95
62.441749,26,37528.925225,True,0.95
63.728713,32,37540.132102,True,0.95
-21.045381,33,37551.629272,False,0.95
-19.635738,37,37564.588367,False,0.95
-11.192215,34,37576.466867,False,0.95
-7.096488,37,37589.365131,False,0.95
-7.074736,38,37602.664178,False,0.95
51.516309,3,37603.767728,True,0.95
-1.451234,33,37615.296153,False,0.95
-16.397123,39,37628.877751,False,0.95
54.252611,9,37632.076528,True,0.95
55.789991,11,37635.977088,True,0.95
-11.2024,38,37649.228574,False,0.95
-25.119959,38,37662.552051,False,0.95
-23.978175,40,37676.521701,False,0.95
-25.809668,35,37688.744374,False,0.95
-23.817469,37,37701.688542,False,0.95
54.807475,12,37705.90272,True,0.95
53.992585,11,37709.795201,True,0.95
61.7231,23,37717.862991,True,0.95
61.281663,24,37726.302846,True,0.95
59.936477,22,37734.144618,True,0.95
-6.274938,40,37748.133047,False,0.95
58.416978,16,37753.769848,True,0.95
58.149945,17,37759.744554,True,0.95
-7.00246,35,37772.020304,False,0.95
-0.364042,38,37785.291759,False,0.95
56.853853,15,37790.626475,True,0.95
54.35352,10,37794.163095,True,0.95
55.818151,12,37798.425263,True,0.95
55.621852,11,37802.318127,True,0.95
64.097723,31,37813.193363,True,0.95
-25.611101,34,37825.094296,False,0.95
-17.031089,35,37837.358254,False,0.95
64.027921,31,37848.300164,True,0.95
-1.540941,35,37860.584723,False,0.95
61.802932,25,37869.386999,True,0.95
59.02964,24,37877.832341,True,0.95
52.649876,5,37879.627845,True,0.95
-0.692603,38,37892.945184,False,0.95
61.609194,26,37902.04697,True,0.95
-9.854506,33,37913.672445,False,0.95
56.985039,16,37919.29997,True,0.95
-10.660972,36,37931.932424,False,0.95
60.278799,21,37939.311584,True,0.95
59.197015,19,37946.033326,True,0.95
-6.395642,32,37964.175858,False,0.95
60.226347,22,37971.917207,True,0.95
57.844295,18,37978.246185,True,0.95
55.29633,15,37983.552861,True,0.95
62.497839,29,37993.725307,True,0.95
54.691671,9,37996.945793,True,0.95
-24.700158,35,38009.225056,False,0.95
-21.924516,35,38021.537113,False,0.95
-26.283628,37,38034.560353,False,0.95
61.996979,26,38043.737442,True,0.95
-24.518871,37,38056.662134,False,0.95
-6.047123,33,38068.259644,False,0.95
-2.564112,36,38080.878697,False,0.95
-9.649521,32,38092.152611,False,0.95
-2.956108,33,38103.754646,False,0.95
-25.612504,35,38116.014197,False,0.95
-14.714369,32,38127.297953,False,0.95
-13.240724,36,38139.935756,False,0.95
-10.61445,38,38153.284718,False,0.95
54.584934,9,38156.490097,True,0.95
53.790543,8,38159.391848,True,0.95
-9.062022,40,38173.452346,False,0.95
-4.088468,39,38187.237939,False,0.95
58.916669,19,38193.915859,True,0.95
-15.523092,31,38204.818372,False,0.95
-13.064988,34,38216.791762,False,0.95
62.91851,26,38225.938834,True,0.95
64.102521,31,38236.856753,True,0.95
61.069604,21,38244.265982,True,0.95
-1.101086,33,38255.873687,False,0.95
-10.394943,33,38267.503669,False,0.95
-21.827028,38,38280.892002,False,0.95
61.488172,22,38288.631415,True,0.95
-22.147929,37,38301.648101,False,0.95
-4.407993,34,38313.615685,False,0.95
53.960349,12,38317.909525,True,0.95
58.86167,18,38324.264417,True,0.95
63.585808,31,38335.352508,True,0.95
67.817444,42,38350.104506,True,0.95
-4.154607,33,38361.77054,False,0.95
56.965448,15,38367.082811,True,0.95
-12.626002,37,38380.115811,False,0.95
54.201267,8,38383.003671,True,0.95
-7.207269,35,38395.397817,False,0.95
-16.129394,33,38406.987201,False,0.95
62.012983,26,38416.198237,True,0.95
-21.852015,38,38429.585067,False,0.95
2.011983,32,38440.910192,False,0.95
54.688619,9,38444.125747,True,0.95
60.694091,23,38452.27525,True,0.95
-11.737054,35,38464.631732,False,0.95
57.203531,14,38469.614355,True,0.95
-15.645916,41,38484.0774,False,0.95
1.089924,32,38495.395581,False,0.95
-0.826295,33,38507.028943,False,0.95
54.957051,13,38511.679509,True,0.95
63.100202,28,38521.55903,True,0.95
-10.057702,31,38532.808772,False,0.95
-8.103028,31,38543.737293,False,0.95
-8.625761,40,38557.863848,False,0.95
-9.268092,39,38571.644012,False,0.95
-24.495905,38,38585.080218,False,0.95
-25.604042,32,38596.47521,False,0.95
59.552572,19,38603.216517,True,0.95
-24.334604,40,38617.372139,False,0.95
49.945911,1,38617.783699,True,0.95
56.891296,20,38624.895109,True,0.95
54.624802,9,38628.13051,True,0.95
57.514899,17,38634.16853,True,0.95
63.53901,28,38644.061733,True,0.95
-6.642476,39,38657.879374,False,0.95
49.565722,1,38658.291785,True,0.95
60.233158,27,38667.85191,True,0.95
61.088001,21,38675.298554,True,0.95
53.586097,7,38677.811583,True,0.95
-5.044387,31,38695.783954,False,0.95
58.27851,18,38702.196925,True,0.95
-18.48927,32,38713.524261,False,0.95
-23.239143,42,38728.382002,False,0.95
-6.158286,39,38742.168525,False,0.95
-19.899319,31,38753.127781,False,0.95
55.513529,12,38757.413721,True,0.95
-11.52968,36,38770.137937,False,0.95
53.059242,7,38772.684918,True,0.95
62.622344,27,38782.244555,True,0.95
55.940828,12,38786.524817,True,0.95
64.792884,35,38798.884165,True,0.95
-13.195634,35,38811.308056,False,0.95
61.588851,26,38820.538912,True,0.95
64.700793,32,38831.904903,True,0.95
-3.907123,36,38844.659778,False,0.95
-5.014725,34,38856.688539,False,0.95
-12.346983,39,38870.525695,False,0.95
-18.247623,33,38882.25767,False,0.95
-16.148884,42,38897.195613,False,0.95
56.984641,17,38903.242887,True,0.95
54.729804,9,38906.47786,True,0.95
55.773165,13,38911.114931,True,0.95
-21.596759,35,38923.505202,False,0.95
55.243512,11,38927.554543,True,0.95
-23.253719,32,38938.976791,False,0.95
-10.662444,38,38952.420679,False,0.95
-20.596653,36,38965.220188,False,0.95
61.048583,21,38972.668728,True,0.95
60.276881,25,38981.596427,True,0.95
65.166115,34,38993.675766,True,0.95
-2.451706,32,39005.060916,False,0.95
61.712989,24,39013.574114,True,0.95
-21.457624,31,39024.5607,False,0.95
54.560113,9,39027.789653,True,0.95
53.450559,8,39030.672205,True,0.95
-24.058537,37,39043.810297,False,0.95
-22.968935,34,39055.894524,False,0.95
49.686997,1,39056.316772,True,0.95
55.65891,11,39060.238325,True,0.95
62.550646,29,39070.510111,True,0.95
-0.496972,33,39082.291835,False,0.95
-20.329727,40,39096.494028,False,0.95
-22.186539,37,39109.59281,False,0.95
58.907296,17,39115.697716,True,0.95
-11.910779,42,39130.572894,False,0.95
-1.446005,32,39141.964321,False,0.95
2.346317,44,39157.591407,False,0.95
54.226016,9,39160.830178,True,0.95
54.202225,10,39164.439118,True,0.95
-11.666455,33,39176.195401,False,0.95
50.288795,1,39176.614915,True,0.95
60.984896,25,39185.495619,True,0.95
-10.157306,35,39197.989655,False,0.95
60.609703,24,39206.512849,True,0.95
61.183559,28,39216.538322,True,0.95
-25.969928,35,39228.989551,False,0.95
-1.939161,34,39241.092543,False,0.95
57.332013,19,39247.892898,True,0.95
55.326514,13,39252.558317,True,0.95
-22.979119,43,39267.853341,False,0.95
56.869729,18,39274.280966,True,0.95
-11.133291,38,39287.814004,False,0.95
-11.943866,33,39299.553834,False,0.95
59.636248,22,39307.42678,True,0.95
-25.769434,32,39318.84208,False,0.95
-24.864015,32,39330.244664,False,0.95
59.698017,20,39337.39154,True,0.95
-6.48495,40,39351.632104,False,0.95
54.597412,9,39354.892908,True,0.95
-24.292738,34,39367.041476,False,0.95
-8.033633,33,39378.802423,False,0.95
-11.266816,37,39391.995683,False,0.95
-10.455517,38,39405.579973,False,0.95
-3.655414,34,39424.92759,False,0.95
-2.877763,32,39436.345104,False,0.95
-10.245975,36,39449.234505,False,0.95
-25.434938,35,39461.743906,False,0.95
-17.832689,40,39476.025074,False,0.95
-1.742087,32,39487.448321,False,0.95
50.100523,1,39487.870255,True,0.95
-5.373617,39,39501.786083,False,0.95
-19.768781,37,39514.982798,False,0.95
59.307258,26,39524.295929,True,0.95
54.672283,15,39529.814637,True,0.95
62.710196,28,39539.872305,True,0.95
55.143897,12,39544.207646,True,0.95
58.9365,26,39553.493545,True,0.95
-8.228281,35,39566.018308,False,0.95
-19.864597,36,39578.908415,False,0.95
-11.649375,32,39590.387042,False,0.95
55.773767,15,39595.771058,True,0.95
56.567046,17,39601.923247,True,0.95
56.594707,21,39609.452835,True,0.95
55.258793,10,39613.071312,True,0.95
61.093378,27,39622.787569,True,0.95
57.812668,20,39629.986617,True,0.95
64.458253,33,39641.798254,True,0.95
-6.239565,37,39655.007339,False,0.95
-17.386714,35,39667.54298,False,0.95
49.50763,1,39667.959322,True,0.95
1.628964,38,39681.551332,False,0.95
58.072475,20,39688.739815,True,0.95
-10.448218,35,39701.228775,False,0.95
-11.068145,32,39712.677001,False,0.95
62.865985,32,39724.131658,True,0.95
54.087531,8,39727.051369,True,0.95
56.420507,18,39733.514036,True,0.95
-24.093742,41,39748.202847,False,0.95
-23.93265,36,39761.092767,False,0.95
59.911667,21,39768.613244,True,0.95
62.476564,28,39778.67087,True,0.95
55.171464,10,39782.303615,True,0.95
54.344967,12,39786.640283,True,0.95
-5.821593,39,39800.663693,False,0.95
56.274254,13,39805.348445,True,0.95
54.459844,9,39808.609952,True,0.95
64.006603,30,39819.432775,True,0.95
59.747134,20,39826.643759,True,0.95
-10.871306,35,39839.228018,False,0.95
-11.905161,33,39851.081808,False,0.95
-22.744901,42,39866.153414,False,0.95
62.064537,28,39876.223211,True,0.95
-14.191805,35,39888.756835,False,0.95
54.663646,12,39893.113216,True,0.95
60.609451,22,39901.009314,True,0.95
61.021595,21,39908.559994,True,0.95
-11.958978,35,39921.094001,False,0.95
59.800626,22,39929.022697,True,0.95
-24.322808,38,39942.648268,False,0.95
62.236865,24,39951.296683,True,0.95
-6.731148,36,39964.169326,False,0.95
-26.642446,38,39977.813214,False,0.95
52.517099,5,39979.676677,True,0.95
63.07405,29,39990.117443,True,0.95
-6.000271,36,40003.022146,False,0.95
0.18497,41,40017.724979,False,0.95
-24.828509,37,40031.008363,False,0.95
-18.658257,37,40044.284072,False,0.95
58.746853,19,40051.170448,True,0.95
-8.919095,32,40062.655016,False,0.95
-0.770099,40,40077.080274,False,0.95
-14.461991,35,40089.685334,False,0.95
56.571356,14,40094.76729,True,0.95
-6.144429,35,40107.33418,False,0.95
-14.338975,42,40122.392213,False,0.95
-25.55746,32,40134.050383,False,0.95
-3.819964,41,40148.752223,False,0.95
62.051318,26,40158.115913,True,0.95
-16.92259,34,40177.500033,False,0.95
-25.714023,38,40191.7945,False,0.95
-7.693484,38,40205.72847,False,0.95
60.664944,21,40213.381883,True,0.95
60.442956,23,40221.952678,True,0.95
-7.805816,38,40236.034418,False,0.95
-24.319958,36,40249.240894,False,0.95
63.481305,31,40260.707388,True,0.95
59.129903,25,40269.95889,True,0.95
56.873631,14,40275.166865,True,0.95
-6.79532,37,40288.756888,False,0.95
-13.410221,35,40301.170313,False,0.95
-25.52197,34,40313.211647,False,0.95
-21.702429,38,40326.675709,False,0.95
-24.097044,36,40339.426649,False,0.95
-4.986378,37,40352.530447,False,0.95
60.049711,23,40360.730288,True,0.95
-14.013723,32,40372.064026,False,0.95
60.485741,20,40379.210199,True,0.95
60.429477,22,40387.047857,True,0.95
-26.601272,38,40400.578937,False,0.95
-19.537051,40,40414.929244,False,0.95
-12.256816,32,40426.439799,False,0.95
56.229126,16,40432.214572,True,0.95
-3.389942,40,40446.592111,False,0.95
-7.378385,32,40458.113974,False,0.95
55.864384,12,40462.476739,True,0.95
58.489849,18,40468.971732,True,0.95
64.409182,32,40480.499383,True,0.95
62.063372,23,40488.789278,True,0.95
56.818974,13,40493.504198,True,0.95
-5.219159,33,40505.341069,False,0.95
56.965213,14,40510.396445,True,0.95
-25.781002,37,40523.768153,False,0.95
-5.794393,39,40537.761584,False,0.95
56.134269,16,40543.559653,True,0.95
56.167649,14,40548.614165,True,0.95
62.287642,25,40557.620526,True,0.95
54.388372,12,40561.977996,True,0.95
-16.395015,32,40573.501516,False,0.95
-9.232396,40,40587.881437,False,0.95
-26.461422,36,40600.845542,False,0.95
-10.829852,33,40612.786006,False,0.95
57.385735,21,40620.360693,True,0.95
63.168511,29,40630.811305,True,0.95
-24.85161,37,40644.082956,False,0.95
-11.917459,36,40657.061418,False,0.95
1.736078,34,40669.303741,False,0.95
-22.541266,41,40683.990679,False,0.95
62.313167,26,40693.397566,True,0.95
-25.266248,32,40704.895993,False,0.95
-10.934419,38,40718.622651,False,0.95
-7.443511,37,40732.047724,False,0.95
57.001486,14,40737.194239,True,0.95
-21.328559,32,40748.722951,False,0.95
54.322615,9,40751.990548,True,0.95
59.177169,21,40759.606753,True,0.95
-7.414219,33,40771.504151,False,0.95
-2.860939,35,40784.096223,False,0.95
53.892524,10,40787.779199,True,0.95
0.037544,31,40798.953464,False,0.95
-10.561556,39,40813.000307,False,0.95
-25.710825,38,40826.709721,False,0.95
62.986107,27,40836.460509,True,0.95
-12.808053,41,40851.25614,False,0.95
59.193239,19,40858.148609,True,0.95
61.671902,26,40867.563663,True,0.95
-17.829715,31,40878.736708,False,0.95
53.615879,7,40881.333886,True,0.95
63.447156,28,40891.476315,True,0.95
62.127693,23,40899.767191,True,0.95
55.253289,10,40903.445359,True,0.95
-10.796507,42,40925.633761,False,0.95
56.259688,15,40931.098122,True,0.95
-2.126232,37,40944.461647,False,0.95
-4.443847,33,40956.333641,False,0.95
-26.650464,39,40970.441893,False,0.95
63.627724,29,40980.951613,True,0.95
-25.400414,34,40993.206416,False,0.95
-11.911772,40,41007.711441,False,0.95
-1.744643,37,41021.080386,False,0.95
56.291027,16,41026.928809,True,0.95
-16.364351,43,41042.452774,False,0.95
61.334886,23,41050.779381,True,0.95
62.565392,26,41060.223629,True,0.95
-25.69979,36,41073.242261,False,0.95
57.825649,17,41079.443015,True,0.95
-4.093459,32,41091.001722,False,0.95
-24.918397,33,41102.936212,False,0.95
-4.203688,32,41114.507708,False,0.95
-11.222234,39,41128.582946,False,0.95
58.590462,18,41135.156782,True,0.95
62.264369,24,41143.864163,True,0.95
-25.927459,38,41157.628558,False,0.95
-23.954662,40,41172.053418,False,0.95
62.149986,23,41180.418759,True,0.95
61.404402,23,41188.731011,True,0.95
-10.103186,38,41202.509225,False,0.95
-25.514067,41,41217.38193,False,0.95
-8.771806,33,41229.324441,False,0.95
59.989195,25,41238.405518,True,0.95
-17.421905,39,41252.547153,False,0.95
61.407018,28,41262.721301,True,0.95
60.809475,22,41270.721715,True,0.95
-9.846124,35,41283.420175,False,0.95
62.773786,25,41292.511353,True,0.95
55.183846,10,41296.186858,True,0.95
60.63948,26,41305.626443,True,0.95
-6.69667,40,41320.110108,False,0.95
-13.852522,39,41334.352009,False,0.95
62.220241,28,41344.523136,True,0.95
53.132925,7,41347.115424,True,0.95
56.391374,20,41354.411987,True,0.95
-10.278725,42,41369.675412,False,0.95
-10.236731,36,41382.783844,False,0.95
-12.517471,36,41395.860823,False,0.95
49.618072,1,41396.290217,True,0.95
58.571661,18,41402.844761,True,0.95
-1.520865,32,41414.465075,False,0.95
62.517028,29,41425.021568,True,0.95
58.890328,21,41432.687843,True,0.95
62.321151,25,41441.77521,True,0.95
62.234563,24,41450.547035,True,0.95
61.216013,22,41458.543149,True,0.95
65.160838,35,41471.262139,True,0.95
-2.044812,32,41482.892072,False,0.95
58.089772,18,41489.498087,True,0.95
-13.725074,33,41501.457919,False,0.95
-13.819168,36,41514.577113,False,0.95
-11.546906,41,41529.454098,False,0.95
60.596837,23,41537.841049,True,0.95
56.962152,14,41542.975309,True,0.95
-6.262275,33,41554.977142,False,0.95
-25.620433,39,41569.161859,False,0.95
-16.073549,38,41582.964663,False,0.95
52.629866,5,41584.843938,True,0.95
-25.029231,34,41597.199128,False,0.95
-10.292553,42,41612.480135,False,0.95
60.501129,23,41621.052407,True,0.95
57.879128,20,41628.425594,True,0.95
-16.14914,41,41643.428595,False,0.95
69.468271,45,41666.93126,True,0.95
-6.22619,43,41682.569275,False,0.95
-25.820916,34,41694.949412,False,0.95
-21.047884,35,41707.731822,False,0.95
-13.176446,37,41721.225025,False,0.95
62.133334,23,41729.596812,True,0.95
60.402695,25,41738.731589,True,0.95
62.904139,28,41748.960726,True,0.95
57.066831,18,41755.540726,True,0.95
58.876405,20,41762.853046,True,0.95
56.251909,19,41769.809701,True,0.95
62.672174,30,41780.7823,True,0.95
-7.324329,36,41793.84545,False,0.95
60.274771,21,41801.525034,True,0.95
-26.421598,38,41815.406714,False,0.95
-14.168482,36,41828.517449,False,0.95
-13.940134,33,41840.586206,False,0.95
-21.662047,40,41855.184111,False,0.95
58.768627,19,41862.111916,True,0.95
-4.13536,37,41875.647449,False,0.95
-13.476762,41,41890.549678,False,0.95
63.170495,28,41900.81309,True,0.95
-20.407074,35,41913.60318,False,0.95
54.076056,10,41917.314845,True,0.95
-0.593362,32,41929.065402,False,0.95
-4.324142,33,41941.200592,False,0.95
-25.680228,46,41957.980834,False,0.95
58.511098,18,41964.599613,True,0.95
58.397427,21,41972.317402,True,0.95
63.000565,30,41983.302804,True,0.95
-2.936069,37,41996.882379,False,0.95
-19.168758,36,42010.034154,False,0.95
-16.789137,41,42025.020396,False,0.95
-8.462348,34,42037.490929,False,0.95
57.217704,16,42043.367882,True,0.95
-21.582709,36,42056.57465,False,0.95
53.840737,10,42060.297149,True,0.95
-13.949884,35,42073.124398,False,0.95
62.424966,24,42081.895581,True,0.95
-30.421713,47,42099.099516,False,0.95
-4.394248,33,42111.161819,False,0.95
-10.859487,38,42125.051494,False,0.95
60.567612,20,42132.425476,True,0.95
-25.057257,36,42145.602153,False,0.95
54.19825,8,42148.606336,True,0.95
-4.270215,36,42161.796141,False,0.95
-18.671123,42,42177.227776,False,0.95
61.872819,27,42187.152813,True,0.95
-26.864016,42,42202.527565,False,0.95
-3.201489,39,42216.854574,False,0.95
59.027733,22,42224.976687,True,0.95
59.960253,23,42233.417513,True,0.95
56.016481,14,42238.599668,True,0.95
-7.54158,43,42254.381345,False,0.95
-11.133725,36,42267.610765,False,0.95
59.95991,22,42275.691367,True,0.95
53.256172,7,42278.304516,True,0.95
57.141675,16,42284.247038,True,0.95
57.676636,17,42290.495995,True,0.95
59.086372,20,42297.850972,True,0.95
60.559599,23,42306.31209,True,0.95
-8.89755,35,42319.111798,False,0.95
-20.056365,37,42332.705637,False,0.95
-22.148371,34,42345.170222,False,0.95
-11.996971,36,42358.374226,False,0.95
-24.157209,38,42372.295275,False,0.95
-26.124157,36,42385.472677,False,0.95
-2.624842,34,42397.951913,False,0.95
-12.448897,41,42412.999587,False,0.95
56.218635,12,42424.926789,True,0.95
-14.846477,36,42438.168272,False,0.95
61.487216,24,42446.992189,True,0.95
-10.475671,37,42460.589628,False,0.95
-25.182049,37,42474.140042,False,0.95
58.072264,16,42480.092,True,0.95
61.969675,25,42489.278566,True,0.95
51.347226,3,42490.439983,True,0.95
-6.988266,35,42503.363134,False,0.95
-5.137635,51,42522.062625,False,0.95
52.8301,7,42524.692454,True,0.95
-13.548026,41,42539.899028,False,0.95
56.600289,14,42545.089603,True,0.95
55.075528,12,42549.543988,True,0.95
-9.606406,42,42564.980093,False,0.95
-11.546974,36,42578.21504,False,0.95
63.494734,31,42589.624584,True,0.95
-15.674176,34,42602.15236,False,0.95
58.379548,20,42609.530683,True,0.95
-3.766949,34,42622.04335,False,0.95
60.664968,25,42631.257022,True,0.95
-20.333426,39,42645.606712,False,0.95
-3.591706,33,42657.715382,False,0.95
-28.370957,42,42673.137175,False,0.95
55.371294,14,42678.327078,True,0.95
-16.424305,37,42691.944129,False,0.95
58.589961,18,42698.600286,True,0.95
-20.211128,38,42712.599261,False,0.95
57.326317,18,42719.258137,True,0.95
-17.868151,42,42734.684412,False,0.95
-10.986114,43,42750.531179,False,0.95
59.488948,22,42758.669803,True,0.95
53.130162,7,42761.295743,True,0.95
-0.961477,37,42774.933803,False,0.95
-1.042387,38,42788.920624,False,0.95
-8.487512,32,42800.732544,False,0.95
-9.381463,39,42815.108967,False,0.95
63.668571,30,42826.180813,True,0.95
64.580788,32,42838.000612,True,0.95
-2.380202,43,42853.840825,False,0.95
-2.640134,34,42866.372432,False,0.95
58.380155,20,42873.766875,True,0.95
55.588204,13,42878.582489,True,0.95
-27.163593,46,42895.537104,False,0.95
-7.612146,37,42909.222706,False,0.95
59.332385,21,42916.992076,True,0.95
55.258888,10,42920.716011,True,0.95
59.21307,19,42927.774516,True,0.95
-22.713505,33,42939.918458,False,0.95
-14.223233,31,42951.385941,False,0.95
59.211908,19,42958.393942,True,0.95
-11.282746,36,42971.672808,False,0.95
-13.132959,39,42986.069432,False,0.95
-15.617262,36,42999.356937,False,0.95
62.571804,29,43010.113836,True,0.95
59.887682,25,43019.360687,True,0.95
53.64038,7,43022.012208,True,0.95
50.508312,1,43022.462017,True,0.95
-14.208201,38,43036.4946,False,0.95
-10.675455,33,43048.722385,False,0.95
62.85351,26,43058.464142,True,0.95
-2.715896,40,43073.254792,False,0.95
56.806208,17,43079.629915,True,0.95
59.47893,24,43088.52027,True,0.95
-7.783183,36,43101.865519,False,0.95
-5.829148,39,43116.278002,False,0.95
-1.570544,34,43129.000137,False,0.95
62.518783,26,43138.702042,True,0.95
-8.153646,41,43153.839741,False,0.95
-1.53922,39,43168.336177,False,0.95
-8.966066,35,43188.936111,False,0.95
-6.284001,33,43201.162084,False,0.95
58.437217,16,43207.133019,True,0.95
-13.056941,32,43219.019958,False,0.95
-1.857303,33,43231.210883,False,0.95
63.136751,29,43241.983178,True,0.95
-18.910289,39,43256.438279,False,0.95
63.927036,31,43267.893171,True,0.95
-12.239059,42,43283.44685,False,0.95
-1.680055,31,43294.929702,False,0.95
-5.451942,32,43306.745235,False,0.95
-1.141587,38,43320.818612,False,0.95
-2.168526,34,43333.43872,False,0.95
59.849803,21,43341.233308,True,0.95
-8.073461,34,43353.880891,False,0.95
-25.080055,33,43366.099166,False,0.95
-3.823161,35,43379.124825,False,0.95
57.098744,14,43384.343102,True,0.95
61.732387,27,43394.397697,True,0.95
61.317378,23,43402.959965,True,0.95
-26.619656,36,43416.327283,False,0.95
61.687231,27,43426.364374,True,0.95
-27.852519,48,43444.149967,False,0.95
-25.848195,36,43457.573164,False,0.95
-21.535922,32,43469.48508,False,0.95
60.389169,24,43478.433645,True,0.95
55.686496,14,43483.662666,True,0.95
55.585216,12,43488.199565,True,0.95
-0.67453,37,43501.931149,False,0.95
57.002308,17,43508.334355,True,0.95
53.413593,9,43511.723092,True,0.95
58.08634,19,43518.833636,True,0.95
61.400322,26,43528.522643,True,0.95
60.511656,20,43536.312083,True,0.95
-9.033812,36,43549.70986,False,0.95
54.194756,8,43552.734632,True,0.95
55.093008,11,43556.870553,True,0.95
57.012811,15,43562.450289,True,0.95
-5.953067,39,43576.965703,False,0.95
-17.616216,38,43591.094214,False,0.95
-8.947494,37,43604.837106,False,0.95
-9.034213,33,43617.091948,False,0.95
-5.186585,35,43630.098402,False,0.95
-8.871504,33,43642.319704,False,0.95
-8.700658,35,43655.335535,False,0.95
-23.774948,41,43670.607056,False,0.95
-21.845945,41,43685.819991,False,0.95
61.808652,25,43695.13501,True,0.95
-26.655047,39,43709.660673,False,0.95
61.295772,24,43718.62671,True,0.95
58.044276,21,43726.53062,True,0.95
-10.799545,36,43740.039106,False,0.95
-11.459612,37,43753.784963,False,0.95
59.369539,20,43761.270962,True,0.95
-15.445722,34,43773.952999,False,0.95
61.159169,26,43783.670072,True,0.95
53.886418,10,43787.447972,True,0.95
-2.245828,33,43799.833757,False,0.95
-4.781121,38,43813.976517,False,0.95
61.108599,27,43824.109339,True,0.95
-5.194592,37,43837.921435,False,0.95
-27.136182,42,43853.549288,False,0.95
62.572581,28,43864.060376,True,0.95
-19.910441,34,43876.771157,False,0.95
54.7056,9,43880.178631,True,0.95
-5.034901,38,43894.342818,False,0.95
54.188741,8,43897.420694,True,0.95
58.672019,19,43904.532673,True,0.95
-25.780436,40,43919.460351,False,0.95
-16.37353,35,43932.51665,False,0.95
-23.235651,34,43945.221833,False,0.95
-12.338273,32,43964.565011,False,0.95
59.195063,19,43971.681748,True,0.95
-20.317756,32,43983.628433,False,0.95
-21.745496,41,43998.90451,False,0.95
61.545552,25,44008.244105,True,0.95
-25.091644,35,44021.311528,False,0.95
59.736868,21,44029.174468,True,0.95
-23.495923,36,44042.639432,False,0.95
61.445236,22,44050.934551,True,0.95
-11.501356,38,44065.122243,False,0.95
63.267894,31,44076.702123,True,0.95
64.16954,30,44087.960881,True,0.95
62.385866,25,44097.340615,True,0.95
55.70196,11,44101.523851,True,0.95
-9.945314,40,44116.487854,False,0.95
62.039384,27,44126.581704,True,0.95
-24.105813,37,44140.438981,False,0.95
56.0906,15,44146.08313,True,0.95
59.882575,21,44154.000587,True,0.95
-9.16962,35,44167.075004,False,0.95
63.455407,30,44178.328876,True,0.95
-13.760643,38,44192.557147,False,0.95
60.756211,24,44201.524858,True,0.95
-6.317419,35,44214.647883,False,0.95
57.113308,15,44220.319879,True,0.95
-0.387,32,44232.317422,False,0.95
-13.146894,37,44246.208821,False,0.95
-13.966698,36,44259.672627,False,0.95
-2.415833,37,44273.552625,False,0.95
-10.281333,37,44287.412364,False,0.95
-25.908281,34,44300.182953,False,0.95
53.89268,9,44303.658019,True,0.95
-4.721529,32,44315.686765,False,0.95
-9.848553,34,44328.538409,False,0.95
60.686911,25,44337.969585,True,0.95
-4.677843,34,44350.70801,False,0.95
62.45439,24,44359.746092,True,0.95
60.982325,26,44369.554113,True,0.95
-5.852799,35,44382.692143,False,0.95
59.014759,23,44391.383914,True,0.95
-24.826101,35,44404.556855,False,0.95
-27.442317,39,44419.211704,False,0.95
57.990783,23,44427.905001,True,0.95
0.675877,37,44441.795645,False,0.95
-25.40969,41,44457.163293,False,0.95
-7.223965,34,44469.954107,False,0.95
-7.344029,36,44483.535406,False,0.95
62.22283,32,44495.591802,True,0.95
56.86007,17,44502.01977,True,0.95
55.864436,12,44506.60577,True,0.95
-21.905964,34,44519.410572,False,0.95
-24.334329,36,44532.908452,False,0.95
-12.758945,32,44544.966457,False,0.95
-10.632858,45,44561.912956,False,0.95
-7.020339,37,44575.836096,False,0.95
60.753837,24,44584.882985,True,0.95
63.772107,30,44596.226674,True,0.95
54.287148,9,44599.65973,True,0.95
-11.494105,34,44612.491764,False,0.95
-9.204043,44,44629.067159,False,0.95
-12.031577,36,44642.636377,False,0.95
-3.915761,33,44655.084722,False,0.95
62.097785,27,44665.267337,True,0.95
58.809728,18,44672.077957,True,0.95
58.652074,20,44679.652105,True,0.95
60.591356,29,44690.59993,True,0.95
61.590821,26,44700.444595,True,0.95
63.082666,29,44711.408125,True,0.95
54.44578,9,44714.851979,True,0.95
61.280578,27,44725.047506,True,0.95
56.252653,14,44737.418489,True,0.95
59.653298,19,44744.619387,True,0.95
-11.627856,36,44758.205848,False,0.95
-10.107363,33,44770.657496,False,0.95
59.1468,19,44777.838726,True,0.95
-10.843025,36,44791.411666,False,0.95
63.002642,27,44801.582978,True,0.95
63.597033,30,44812.923112,True,0.95
0.473852,33,44825.353777,False,0.95
54.832309,12,44829.941166,True,0.95
-25.010774,38,44844.288244,False,0.95
-8.731936,38,44858.660376,False,0.95
60.774471,23,44867.374524,True,0.95
58.416291,16,44873.436868,True,0.95
55.418808,11,44877.647736,True,0.95
-23.201616,36,44891.221757,False,0.95
0.162295,35,44904.489768,False,0.95
-2.510322,33,44916.983294,False,0.95
56.576124,14,44922.306467,True,0.95
-26.503238,35,44935.669986,False,0.95
61.870653,25,44945.145251,True,0.95
59.470375,18,44951.97089,True,0.95
62.336641,24,44961.101478,True,0.95
61.109972,21,44969.101397,True,0.95
-2.307271,31,44980.845176,False,0.95
53.065183,6,44983.205961,True,0.95
-1.971051,34,44996.111781,False,0.95
-21.003859,39,45010.903753,False,0.95
57.652494,19,45018.109491,True,0.95
56.118988,15,45023.85255,True,0.95
62.008364,26,45033.709912,True,0.95
60.108948,26,45043.588095,True,0.95
-1.711332,32,45055.688488,False,0.95
-15.703275,35,45068.959335,False,0.95
-2.055162,31,45080.730901,False,0.95
-2.310602,32,45092.852477,False,0.95
-11.898265,31,45104.613672,False,0.95
59.702482,20,45112.232435,True,0.95
63.732743,34,45125.130827,True,0.95
57.807126,19,45132.355934,True,0.95
-20.66179,33,45144.880076,False,0.95
61.671676,25,45154.349918,True,0.95
56.582543,15,45160.118502,True,0.95
69.042301,53,45180.167302,True,0.95
58.786715,19,45187.370739,True,0.95
0.069582,35,45200.674975,False,0.95
58.954789,21,45208.667291,True,0.95
59.998319,19,45215.898039,True,0.95
-25.555143,31,45227.680959,False,0.95
62.129443,28,45238.358484,True,0.95
-25.513643,38,45252.761014,False,0.95
-14.520938,36,45266.45447,False,0.95
50.26009,1,45266.90423,True,0.95
-9.915485,35,45280.202288,False,0.95
61.181935,22,45288.571441,True,0.95
55.564671,14,45293.927041,True,0.95
-12.165217,38,45308.269893,False,0.95
-0.493759,32,45320.399247,False,0.95
53.135508,7,45323.118551,True,0.95
-27.127974,42,45339.018571,False,0.95
65.563155,36,45352.708,True,0.95
-13.929927,32,45364.837008,False,0.95
55.403853,15,45370.544581,True,0.95
57.517826,15,45376.303421,True,0.95
59.836838,20,45383.943549,True,0.95
-2.188431,34,45396.843003,False,0.95
58.011349,16,45402.969863,True,0.95
56.558392,13,45407.957207,True,0.95
63.091214,30,45419.349067,True,0.95
-13.199903,36,45433.051897,False,0.95
61.852379,25,45442.554994,True,0.95
58.352513,24,45451.698671,True,0.95
63.124519,30,45463.103062,True,0.95
-2.922889,32,45475.276515,False,0.95
53.773733,8,45478.383301,True,0.95
-22.341455,36,45492.076234,False,0.95
-5.012376,36,45505.738122,False,0.95
-23.213549,32,45525.006392,False,0.95
-16.557967,35,45538.459502,False,0.95
55.251837,11,45542.665825,True,0.95
56.306891,12,45547.309923,True,0.95
-16.320585,39,45562.116699,False,0.95
60.831539,22,45570.528334,True,0.95
-7.200928,38,45585.005708,False,0.95
59.496107,18,45591.900893,True,0.95
57.385189,19,45599.177126,True,0.95
-10.749779,37,45613.22,False,0.95
-24.409156,38,45627.68773,False,0.95
-8.578612,33,45640.236626,False,0.95
61.914905,25,45649.78953,True,0.95
-9.469071,35,45663.186924,False,0.95
54.80902,12,45667.820072,True,0.95
61.780055,24,45676.960897,True,0.95
-21.97507,36,45690.675267,False,0.95
-14.905961,33,45703.274595,False,0.95
58.412439,16,45709.391832,True,0.95
55.809961,11,45713.641882,True,0.95
-3.25639,33,45726.337244,False,0.95
58.399075,16,45732.411303,True,0.95
-22.398203,32,45744.670198,False,0.95
59.760539,20,45752.348146,True,0.95
-20.67804,36,45766.073787,False,0.95
-15.065052,40,45781.871564,False,0.95
60.035078,23,45790.683271,True,0.95
56.43752,13,45795.664429,True,0.95
-30.893932,52,45816.331269,False,0.95
54.377773,10,45820.222556,True,0.95
-20.274092,34,45833.372228,False,0.95
-22.931359,35,45847.016044,False,0.95
62.322057,25,45856.785752,True,0.95
59.852059,24,45866.234012,True,0.95
63.563511,28,45877.121073,True,0.95
-27.240543,39,45892.375754,False,0.95
53.891546,10,45896.387857,True,0.95
-20.191053,37,45910.9021,False,0.95
-24.042006,38,45925.695216,False,0.95
54.850408,10,45929.686921,True,0.95
-16.522459,34,45942.991191,False,0.95
-2.875336,40,45958.623252,False,0.95
58.199687,18,45965.61491,True,0.95
-10.528531,39,45980.73726,False,0.95
-6.388613,37,45995.044659,False,0.95
-5.810248,32,46007.511185,False,0.95
-20.692359,44,46024.718416,False,0.95
54.564947,11,46029.026677,True,0.95
-8.33406,32,46041.446654,False,0.95
-13.392775,42,46057.727286,False,0.95
-4.249924,35,46071.728101,False,0.95
57.786644,18,46079.090752,True,0.95
-23.934687,34,46092.198962,False,0.95
58.402935,17,46098.726954,True,0.95
-17.325356,33,46111.44495,False,0.95
-1.914349,33,46124.101627,False,0.95
-14.16357,37,46138.480655,False,0.95
-22.948855,43,46155.413154,False,0.95
55.776352,14,46161.114453,True,0.95
-4.399294,35,46175.121252,False,0.95
54.984586,10,46179.151912,True,0.95
63.893723,31,46191.277717,True,0.95
61.823781,25,46201.002487,True,0.95
-13.585939,39,46216.926712,False,0.95
-2.608067,32,46229.437634,False,0.95
60.036061,21,46237.536169,True,0.95
-7.905119,33,46250.1958,False,0.95
63.257869,30,46261.788339,True,0.95
57.175388,14,46267.242073,True,0.95
-1.31052,36,46281.198334,False,0.95
56.657582,16,46287.480948,True,0.95
55.533593,12,46292.217375,True,0.95
-25.928622,34,46305.418361,False,0.95
59.008823,18,46312.381572,True,0.95
61.870544,27,46330.899816,True,0.95
54.425998,13,46335.934587,True,0.95
-7.710452,37,46350.079112,False,0.95
54.653619,14,46355.502327,True,0.95
-27.324652,47,46373.77112,False,0.95
-22.382043,37,46388.199966,False,0.95
62.458437,26,46398.40912,True,0.95
-13.975802,33,46411.199593,False,0.95
-4.199352,32,46423.788099,False,0.95
-3.442222,36,46437.825472,False,0.95
-4.887489,35,46451.424445,False,0.95
