#{"t_start": 1776617067.526807, "env_id": "None"}
r,l,t,is_success,fusion_alpha
62.4392,26,1.712819,True,0.96
-12.61398,33,3.057043,False,0.96
-1.617902,44,4.847554,False,0.96
-5.38258,40,6.47862,False,0.96
-6.214024,31,7.752314,False,0.96
-13.068245,35,9.182199,False,0.96
53.541908,8,9.528447,True,0.96
59.395953,18,10.264044,True,0.96
59.388775,25,11.30343,True,0.96
62.767476,26,12.373793,True,0.96
-15.13487,36,13.86273,False,0.96
59.351167,21,14.736753,True,0.96
55.211977,10,15.161137,True,0.96
50.184861,1,15.215301,True,0.96
62.767973,30,16.445178,True,0.96
55.361352,11,16.910815,True,0.96
55.222446,10,17.334685,True,0.96
-1.963048,34,18.738979,False,0.96
59.468603,21,19.60314,True,0.96
-22.211169,43,21.394999,False,0.96
-19.653366,39,23.057431,False,0.96
-7.807945,36,24.627007,False,0.96
-9.573354,39,26.303725,False,0.96
-9.24389,35,27.806418,False,0.96
-23.357297,43,29.656833,False,0.96
-1.735231,32,31.05401,False,0.96
-12.558388,36,32.590609,False,0.96
-26.103494,39,34.219796,False,0.96
-25.011369,37,35.811943,False,0.96
-3.449736,31,37.149648,False,0.96
-9.46042,32,38.484473,False,0.96
60.585562,21,39.357103,True,0.96
-26.066488,36,40.832706,False,0.96
-9.840215,37,42.348201,False,0.96
59.80455,20,43.174237,True,0.96
-22.806239,36,44.646456,False,0.96
-23.556173,42,46.370641,False,0.96
-25.558472,32,47.667518,False,0.96
-15.803263,40,49.283429,False,0.96
59.08716,18,50.036306,True,0.96
62.746832,29,51.244316,True,0.96
-12.797953,36,52.783411,False,0.96
-23.714536,36,54.26458,False,0.96
-7.829326,38,55.943244,False,0.96
-12.395516,32,57.316434,False,0.96
-7.612095,32,58.629413,False,0.96
59.408089,18,59.39009,True,0.96
55.817914,12,59.960596,True,0.96
-19.967004,35,61.417997,False,0.96
62.846621,30,62.641205,True,0.96
-8.182167,36,64.109303,False,0.96
-6.318163,35,65.525645,False,0.96
-5.082678,33,67.015473,False,0.96
63.601271,29,68.527139,True,0.96
60.188673,22,69.557902,True,0.96
-13.622823,35,71.092868,False,0.96
-13.092101,43,72.953179,False,0.96
54.077237,8,73.334059,True,0.96
59.88173,23,74.315623,True,0.96
60.434583,23,75.426797,True,0.96
-15.929975,39,77.076878,False,0.96
59.344163,20,77.926025,True,0.96
-21.219119,31,79.219044,False,0.96
-25.813508,35,80.696583,False,0.96
54.340676,9,81.087026,True,0.96
-1.905734,36,82.588055,False,0.96
64.180465,31,83.888413,True,0.96
-2.291632,35,85.39021,False,0.96
-24.271112,37,87.000284,False,0.96
-21.311667,46,93.07205,False,0.96
-7.140552,31,94.463588,False,0.96
-10.620314,37,96.085202,False,0.96
-16.681963,41,98.009895,False,0.96
-25.516562,37,99.706375,False,0.96
-11.940239,36,101.35223,False,0.96
59.425321,18,102.256578,True,0.96
-8.200086,36,103.812397,False,0.96
-9.739767,42,105.636769,False,0.96
-3.789481,38,107.352295,False,0.96
-14.106102,38,109.004902,False,0.96
-1.830078,33,110.43629,False,0.96
57.358861,14,111.052811,True,0.96
60.746694,25,112.133096,True,0.96
-10.981713,38,113.855439,False,0.96
-24.137947,38,115.5316,False,0.96
60.74966,22,116.604707,True,0.96
-23.948458,37,118.606719,False,0.96
-4.51231,40,120.560207,False,0.96
60.968612,22,121.461849,True,0.96
53.620142,9,121.846629,True,0.96
57.871307,20,122.684855,True,0.96
57.638351,17,123.418464,True,0.96
55.963297,20,124.271748,True,0.96
59.464381,19,125.095677,True,0.96
-22.11318,39,126.786591,False,0.96
-11.307037,36,128.358486,False,0.96
58.866251,22,129.414375,True,0.96
-16.264791,40,131.165924,False,0.96
-23.990485,36,132.777417,False,0.96
61.571198,32,134.153784,True,0.96
-12.375885,37,135.766773,False,0.96
53.634517,8,136.121095,True,0.96
-30.307983,53,138.503504,False,0.96
54.106511,9,138.888244,True,0.96
-8.573756,39,140.744004,False,0.96
63.753136,30,142.089602,True,0.96
55.546971,12,142.650651,True,0.96
-5.803553,35,144.213001,False,0.96
-14.664356,37,145.812017,False,0.96
-25.18741,37,147.408973,False,0.96
57.855637,15,148.033895,True,0.96
0.126201,31,149.327033,False,0.96
-13.881187,34,150.731139,False,0.96
53.565451,9,151.11562,True,0.96
58.287074,18,151.872952,True,0.96
64.647643,32,153.220711,True,0.96
61.591972,27,154.379663,True,0.96
-18.060536,35,155.813425,False,0.96
52.910772,6,156.072854,True,0.96
57.494322,20,156.898669,True,0.96
-8.633658,36,158.37473,False,0.96
-10.790602,36,159.835067,False,0.96
-14.060074,52,161.958054,False,0.96
-15.177475,37,163.458871,False,0.96
-14.131248,33,164.795492,False,0.96
-14.056921,42,166.502475,False,0.96
-25.413297,37,168.00876,False,0.96
54.708037,10,168.431842,True,0.96
-15.699647,42,170.133335,False,0.96
-19.636946,43,171.886835,False,0.96
-2.500111,31,173.164188,False,0.96
60.873327,29,174.357725,True,0.96
52.491111,5,174.571443,True,0.96
59.180787,25,175.597098,True,0.96
0.239516,32,176.918984,False,0.96
-0.271612,34,178.329428,False,0.96
63.619697,31,179.614152,True,0.96
-2.110119,33,184.696817,False,0.96
-10.02248,38,186.249267,False,0.96
-22.831662,34,187.630024,False,0.96
63.883979,31,188.899867,True,0.96
-10.916582,38,190.467073,False,0.96
56.456639,13,191.010737,True,0.96
-19.86284,42,192.737782,False,0.96
-18.029692,38,194.305167,False,0.96
-1.485095,34,195.699872,False,0.96
-26.758414,40,197.329073,False,0.96
-6.464831,36,198.810565,False,0.96
-11.683435,40,200.469215,False,0.96
-5.672808,38,202.027242,False,0.96
-20.044411,33,203.390927,False,0.96
-1.837498,36,204.860787,False,0.96
59.482307,30,206.111364,True,0.96
57.485089,16,206.773217,True,0.96
-26.302968,42,208.498281,False,0.96
60.148742,23,209.443926,True,0.96
60.523966,25,210.479215,True,0.96
53.139863,6,210.747492,True,0.96
-12.509544,36,212.216692,False,0.96
-7.537278,36,213.71954,False,0.96
60.454378,22,214.635457,True,0.96
54.189558,10,215.05647,True,0.96
59.834961,21,215.945832,True,0.96
-8.117745,37,217.462797,False,0.96
-6.180247,36,218.954762,False,0.96
-14.776522,39,220.532955,False,0.96
61.957525,29,221.727482,True,0.96
-12.760014,39,223.343867,False,0.96
-17.649668,39,224.93791,False,0.96
-13.069698,40,226.575647,False,0.96
54.732349,15,227.218413,True,0.96
-25.075432,36,228.689589,False,0.96
62.971514,27,229.800561,True,0.96
-7.150202,37,231.370639,False,0.96
-19.247649,53,233.539854,False,0.96
62.575012,26,234.612117,True,0.96
-26.255032,38,236.171507,False,0.96
-5.766383,35,237.611143,False,0.96
-11.902644,36,239.121742,False,0.96
58.300943,16,239.799534,True,0.96
57.634898,16,240.473949,True,0.96
-16.156669,36,241.949757,False,0.96
57.064725,16,242.632066,True,0.96
-22.993996,36,244.107246,False,0.96
-9.589528,44,245.96692,False,0.96
62.828882,27,247.084367,True,0.96
-26.023341,41,248.794718,False,0.96
-10.768538,34,250.205358,False,0.96
60.637529,21,251.094876,True,0.96
54.743406,10,251.529339,True,0.96
-4.475652,36,253.043281,False,0.96
-23.574687,33,254.406263,False,0.96
55.806174,14,254.998391,True,0.96
-10.611616,38,256.570785,False,0.96
-24.761158,36,258.069062,False,0.96
-1.179516,36,259.573643,False,0.96
-6.345169,38,261.146886,False,0.96
59.896886,19,261.94658,True,0.96
-9.866371,37,263.515202,False,0.96
-13.307729,41,265.193253,False,0.96
-14.937469,41,266.895226,False,0.96
62.205598,26,268.002717,True,0.96
53.052451,8,268.348896,True,0.96
-20.844625,47,273.962584,False,0.96
57.849469,19,274.7569,True,0.96
-4.207465,33,276.108755,False,0.96
-21.456244,38,277.692389,False,0.96
59.02216,21,278.582145,True,0.96
57.818899,15,279.226076,True,0.96
-23.987457,38,280.799757,False,0.96
-7.822954,37,282.336663,False,0.96
-11.693283,41,284.065007,False,0.96
62.435125,27,285.197706,True,0.96
-22.833724,53,287.385905,False,0.96
53.660623,8,287.734984,True,0.96
59.855178,22,288.659026,True,0.96
61.937515,25,289.71779,True,0.96
-5.332069,55,292.005036,False,0.96
-11.009913,35,293.466825,False,0.96
60.93,25,294.521468,True,0.96
57.921956,17,295.249477,True,0.96
-12.650291,38,296.83274,False,0.96
-18.134195,35,298.278006,False,0.96
-16.096945,42,300.014931,False,0.96
-5.747672,36,301.561336,False,0.96
-20.822514,36,303.053385,False,0.96
-19.606966,38,304.621426,False,0.96
55.542403,12,305.135892,True,0.96
-10.406227,33,306.526357,False,0.96
54.498186,9,306.915465,True,0.96
57.085693,18,307.681656,True,0.96
60.862095,24,308.700974,True,0.96
-27.057042,42,310.448594,False,0.96
60.508828,23,311.423452,True,0.96
62.105143,27,312.580502,True,0.96
-14.775978,55,314.894406,False,0.96
61.899209,24,315.913264,True,0.96
58.919733,21,316.798933,True,0.96
63.836769,38,318.388607,True,0.96
-3.189345,39,320.008608,False,0.96
57.212748,16,320.681093,True,0.96
58.384569,22,321.592949,True,0.96
60.719272,21,322.497947,True,0.96
57.759134,15,323.156659,True,0.96
-8.210609,36,324.668307,False,0.96
58.371966,19,325.472861,True,0.96
-15.97428,39,327.096318,False,0.96
61.653873,28,328.280472,True,0.96
-17.120849,48,330.29627,False,0.96
62.862755,27,331.429514,True,0.96
61.518279,25,332.481797,True,0.96
-9.1446,36,333.987036,False,0.96
62.088442,24,335.007366,True,0.96
-25.792781,36,336.497995,False,0.96
54.758326,10,336.930293,True,0.96
-18.746755,53,339.121691,False,0.96
58.495403,20,339.965575,True,0.96
57.77855,22,340.917209,True,0.96
59.381204,21,341.809129,True,0.96
-9.276763,36,343.300315,False,0.96
58.511209,22,344.228668,True,0.96
-17.217906,40,345.895195,False,0.96
-17.021576,42,347.720052,False,0.96
-27.591145,43,349.518081,False,0.96
61.759259,23,350.495905,True,0.96
-13.277458,44,352.322936,False,0.96
63.831406,31,353.618289,True,0.96
-11.376126,38,355.196999,False,0.96
-10.01028,38,356.768504,False,0.96
56.891204,15,357.424646,True,0.96
-22.597403,54,363.80372,False,0.96
56.082345,12,364.329897,True,0.96
56.113733,14,364.924088,True,0.96
-24.877252,42,366.683724,False,0.96
60.341693,23,367.661809,True,0.96
60.413976,26,368.758879,True,0.96
-4.941302,33,370.150128,False,0.96
59.931107,22,371.101878,True,0.96
-31.808025,58,373.504725,False,0.96
59.845424,21,374.391806,True,0.96
58.512833,17,375.119386,True,0.96
-26.748368,43,376.913431,False,0.96
57.870585,15,377.559299,True,0.96
59.744662,21,378.453457,True,0.96
60.906904,25,379.516448,True,0.96
62.936307,28,380.713317,True,0.96
-20.654724,55,383.024965,False,0.96
-2.935739,38,384.63834,False,0.96
-21.145527,44,386.47294,False,0.96
-13.946869,36,387.976634,False,0.96
-13.537366,38,389.576002,False,0.96
57.909919,15,390.23448,True,0.96
57.809548,17,390.979484,True,0.96
66.360958,36,392.542865,True,0.96
51.948572,4,392.721481,True,0.96
-26.44277,40,394.369108,False,0.96
-12.532235,43,396.168927,False,0.96
58.254345,18,396.95212,True,0.96
61.991395,30,398.244114,True,0.96
-16.547073,36,399.7609,False,0.96
0.647768,33,401.197983,False,0.96
54.27888,9,401.595112,True,0.96
-10.607247,37,403.153235,False,0.96
60.72747,28,404.372912,True,0.96
-11.866397,42,406.149083,False,0.96
-26.766645,42,407.894355,False,0.96
62.492896,26,409.000546,True,0.96
-23.750959,33,410.402287,False,0.96
59.933578,22,411.344655,True,0.96
52.970441,7,411.657063,True,0.96
-19.349243,37,413.206073,False,0.96
-12.77764,37,414.788194,False,0.96
-8.293671,37,416.356527,False,0.96
-10.766193,41,418.399822,False,0.96
60.847835,23,419.408377,True,0.96
-15.641856,51,421.550972,False,0.96
-8.563583,35,423.032264,False,0.96
61.0051,27,424.167866,True,0.96
63.307549,33,425.56761,True,0.96
59.424893,24,426.602648,True,0.96
-6.996998,35,428.081807,False,0.96
-8.488524,36,429.590854,False,0.96
-5.223504,41,431.324299,False,0.96
-2.378437,38,432.918821,False,0.96
-18.28219,44,434.7696,False,0.96
60.97532,24,435.803332,True,0.96
-20.075939,46,437.699915,False,0.96
58.723456,20,438.562736,True,0.96
58.311339,19,439.388527,True,0.96
-20.712519,38,441.002867,False,0.96
-8.989992,35,442.480738,False,0.96
-16.089286,40,444.167386,False,0.96
54.582747,11,444.638149,True,0.96
54.326558,10,445.069488,True,0.96
-14.775217,40,446.744799,False,0.96
-16.239714,40,448.430652,False,0.96
61.971558,26,449.564938,True,0.96
64.369026,32,455.047827,True,0.96
62.391751,25,456.148583,True,0.96
-10.243656,39,457.787186,False,0.96
53.894427,8,458.145546,True,0.96
-17.064595,42,459.894131,False,0.96
-15.918835,36,461.38855,False,0.96
58.797331,22,462.328659,True,0.96
56.64189,13,462.911674,True,0.96
-5.122323,32,464.341649,False,0.96
53.022008,9,464.730627,True,0.96
-9.558058,41,466.481708,False,0.96
-18.631356,39,468.130951,False,0.96
-10.071818,49,470.184403,False,0.96
-26.158601,38,471.794547,False,0.96
-23.171934,33,473.193368,False,0.96
54.626411,11,473.662952,True,0.96
-19.403905,36,475.163624,False,0.96
61.24046,26,476.267591,True,0.96
61.138151,22,477.224674,True,0.96
-23.259557,39,478.854203,False,0.96
-26.060402,38,480.455362,False,0.96
-22.570395,35,481.921915,False,0.96
-17.906736,47,483.870448,False,0.96
-1.84384,36,485.434695,False,0.96
54.13577,8,485.787312,True,0.96
-30.430732,49,487.83792,False,0.96
-17.047968,45,489.737309,False,0.96
3.171888,43,491.569803,False,0.96
-22.583613,36,493.09387,False,0.96
-20.57151,36,494.63083,False,0.96
-2.822543,32,496.05285,False,0.96
-9.372259,31,497.389364,False,0.96
57.577546,21,498.293445,True,0.96
62.752574,25,499.382664,True,0.96
62.650408,26,500.499976,True,0.96
63.219122,30,501.785587,True,0.96
59.122344,18,502.602049,True,0.96
-3.810287,34,504.033589,False,0.96
53.266868,7,504.361512,True,0.96
-22.455333,34,505.849428,False,0.96
-15.625626,40,507.545952,False,0.96
-18.752997,36,509.109859,False,0.96
59.865756,21,510.02689,True,0.96
59.244205,20,510.898653,True,0.96
57.880406,17,511.651938,True,0.96
53.933674,11,512.133015,True,0.96
60.302414,23,513.127056,True,0.96
-10.107654,33,514.532354,False,0.96
-1.124679,41,516.284141,False,0.96
-6.625798,37,517.91869,False,0.96
58.891882,20,518.783308,True,0.96
62.400957,25,519.861964,True,0.96
-15.184497,35,521.348228,False,0.96
-7.180107,36,522.959632,False,0.96
57.278193,18,523.748817,True,0.96
-19.099861,51,525.911686,False,0.96
-26.102037,37,527.487493,False,0.96
62.25077,24,528.5161,True,0.96
60.037952,24,529.566514,True,0.96
60.038409,24,530.627921,True,0.96
-25.521981,43,532.496325,False,0.96
-24.822714,44,534.392721,False,0.96
54.481276,11,534.875451,True,0.96
54.475263,12,535.409051,True,0.96
62.519088,27,536.569797,True,0.96
-8.560523,44,538.466406,False,0.96
-1.616033,35,539.991923,False,0.96
-20.14176,35,541.494012,False,0.96
59.682085,24,546.471915,True,0.96
-12.813432,35,547.966215,False,0.96
-12.712506,39,549.60947,False,0.96
-26.180553,35,551.118044,False,0.96
61.094898,29,552.369736,True,0.96
57.502623,19,553.204195,True,0.96
-10.860063,36,554.760583,False,0.96
-14.064954,38,556.405062,False,0.96
62.63146,28,557.62768,True,0.96
-14.368959,37,559.195596,False,0.96
-26.616853,40,560.87913,False,0.96
-11.198233,33,562.310028,False,0.96
-14.16802,35,563.81459,False,0.96
59.566932,23,564.811276,True,0.96
56.162758,13,565.390829,True,0.96
-14.395746,42,567.181243,False,0.96
59.702427,26,568.32441,True,0.96
-7.46347,39,570.058648,False,0.96
53.944074,9,570.466382,True,0.96
-26.083727,37,572.025451,False,0.96
-18.538001,44,573.905924,False,0.96
59.401481,21,574.812804,True,0.96
55.568458,14,575.420738,True,0.96
65.232387,39,577.117704,True,0.96
-23.677973,42,578.909988,False,0.96
-5.62347,35,580.417707,False,0.96
-11.655319,35,581.916288,False,0.96
-7.384921,36,583.451002,False,0.96
-8.81651,38,585.056316,False,0.96
-9.811959,36,586.597598,False,0.96
59.034157,23,587.603033,True,0.96
-13.101684,47,589.733354,False,0.96
0.116683,36,591.336307,False,0.96
-9.663145,41,593.111088,False,0.96
58.360283,17,593.865605,True,0.96
-10.661397,42,595.66358,False,0.96
-26.121952,39,597.307686,False,0.96
62.498816,26,598.449957,True,0.96
56.833703,16,599.161486,True,0.96
63.15434,30,600.475141,True,0.96
-3.966756,38,602.19323,False,0.96
-23.740344,35,603.703564,False,0.96
-13.623359,37,605.292543,False,0.96
59.203396,22,606.25349,True,0.96
-1.653177,39,607.968565,False,0.96
-18.594015,38,609.600191,False,0.96
-8.824979,45,611.587559,False,0.96
-15.321089,42,613.392644,False,0.96
-6.659433,36,614.989589,False,0.96
55.789971,11,615.487314,True,0.96
-21.394728,36,617.050109,False,0.96
55.295022,12,617.586328,True,0.96
63.616745,30,618.902811,True,0.96
-25.170874,33,620.310945,False,0.96
60.18916,24,621.354523,True,0.96
59.784376,24,622.417051,True,0.96
-8.44391,37,624.058728,False,0.96
-16.715014,37,625.658581,False,0.96
-30.048115,48,627.722917,False,0.96
-1.709702,35,629.255826,False,0.96
54.69599,10,629.702717,True,0.96
59.644117,25,630.797271,True,0.96
-21.966042,39,632.478452,False,0.96
-8.702993,38,634.203364,False,0.96
59.968202,24,638.939744,True,0.96
58.864882,17,639.676457,True,0.96
-24.95622,31,640.998367,False,0.96
-23.96234,40,642.72737,False,0.96
55.692469,11,643.213477,True,0.96
-22.002019,41,644.952299,False,0.96
-25.758055,39,646.62175,False,0.96
61.978526,26,647.751544,True,0.96
61.360505,26,648.872333,True,0.96
-1.600731,41,650.634832,False,0.96
49.74814,1,650.717656,True,0.96
-7.752879,37,652.333168,False,0.96
55.122863,10,652.770139,True,0.96
-27.309654,57,655.201895,False,0.96
-3.305085,33,656.710229,False,0.96
57.634942,16,657.430146,True,0.96
-16.558528,37,659.015304,False,0.96
58.035228,17,659.759747,True,0.96
-9.627587,33,661.177289,False,0.96
60.130311,20,662.068373,True,0.96
63.13786,29,663.355232,True,0.96
-11.476647,36,664.928921,False,0.96
60.834649,21,665.850096,True,0.96
-1.982824,39,667.544857,False,0.96
52.933957,7,667.869422,True,0.96
-8.335581,35,669.360098,False,0.96
62.460613,27,670.553894,True,0.96
61.488079,25,671.659958,True,0.96
54.283648,9,672.059859,True,0.96
-8.026964,35,673.580237,False,0.96
62.594286,32,674.975938,True,0.96
52.681468,6,675.248752,True,0.96
59.172603,21,676.16014,True,0.96
-22.12361,47,678.170196,False,0.96
-15.780214,39,679.839776,False,0.96
-7.319984,36,681.371075,False,0.96
-19.947604,32,682.740001,False,0.96
64.210012,31,684.085691,True,0.96
57.704731,20,684.972097,True,0.96
60.966744,25,686.087547,True,0.96
62.006487,27,687.270803,True,0.96
62.161325,30,688.585135,True,0.96
-14.175399,37,690.215591,False,0.96
-26.780746,55,692.580216,False,0.96
-8.441476,31,693.937578,False,0.96
61.990888,26,695.081273,True,0.96
59.007445,21,695.997338,True,0.96
-8.541548,39,697.681267,False,0.96
1.714619,41,699.482691,False,0.96
60.308146,22,700.454037,True,0.96
-3.960192,33,701.911556,False,0.96
-8.685233,33,703.331996,False,0.96
60.534275,20,704.220751,True,0.96
64.498546,31,705.571293,True,0.96
54.371436,10,706.023924,True,0.96
-12.873585,37,707.636826,False,0.96
57.40538,19,708.474436,True,0.96
57.084292,19,709.306809,True,0.96
-11.372457,33,710.747058,False,0.96
57.888748,15,711.437662,True,0.96
59.832649,20,712.310503,True,0.96
-3.108377,35,713.894108,False,0.96
-12.724945,35,715.416887,False,0.96
54.546915,9,715.821853,True,0.96
-21.565172,36,717.40575,False,0.96
-13.092179,33,718.823399,False,0.96
58.574922,17,719.572838,True,0.96
-19.153286,36,721.097521,False,0.96
60.404868,20,722.002182,True,0.96
56.554577,14,722.631807,True,0.96
-7.769031,38,724.226273,False,0.96
-10.970819,52,726.501796,False,0.96
58.026214,16,727.221934,True,0.96
60.747567,31,732.570508,True,0.96
-17.86323,42,734.373139,False,0.96
62.533333,31,735.736259,True,0.96
60.189008,25,736.850405,True,0.96
-10.037304,40,738.627352,False,0.96
-26.940963,44,740.550218,False,0.96
-8.341948,35,742.096917,False,0.96
-2.703437,37,743.771493,False,0.96
55.693789,15,744.441323,True,0.96
53.548764,11,744.931793,True,0.96
55.305971,11,745.425554,True,0.96
60.879311,23,746.445285,True,0.96
51.856923,4,746.634915,True,0.96
54.204093,12,747.165064,True,0.96
55.478804,14,747.788708,True,0.96
60.446997,22,748.774821,True,0.96
-18.264169,46,750.790997,False,0.96
-6.083025,46,752.80887,False,0.96
-12.320654,37,754.446726,False,0.96
58.02126,16,755.179889,True,0.96
-27.52328,46,757.171916,False,0.96
61.088587,21,758.133054,True,0.96
58.727137,18,758.939051,True,0.96
-12.207097,43,760.806727,False,0.96
-23.753242,46,762.830892,False,0.96
61.92076,24,763.926305,True,0.96
-9.238427,32,765.339638,False,0.96
-19.323857,38,767.00875,False,0.96
52.562,5,767.235031,True,0.96
-23.79177,37,768.851153,False,0.96
-7.612658,40,770.623775,False,0.96
-26.378894,37,772.229722,False,0.96
-19.538781,36,773.822979,False,0.96
55.621871,11,774.31252,True,0.96
53.074567,6,774.586522,True,0.96
-8.133328,41,776.368306,False,0.96
-23.862087,35,777.8921,False,0.96
57.727966,16,778.623632,True,0.96
61.151446,24,779.679797,True,0.96
54.159992,8,780.047132,True,0.96
-22.793991,39,781.767065,False,0.96
61.557723,22,782.736853,True,0.96
66.510547,42,784.622,True,0.96
-5.566322,35,786.213428,False,0.96
52.876884,7,786.522956,True,0.96
57.893239,17,787.29319,True,0.96
-3.081543,33,788.794906,False,0.96
-4.687776,33,790.289345,False,0.96
-26.109513,40,792.015498,False,0.96
-24.699046,35,793.530469,False,0.96
-25.811516,37,795.148834,False,0.96
-23.281642,41,796.930552,False,0.96
-5.243969,37,798.595287,False,0.96
55.399798,11,799.095147,True,0.96
-15.347689,46,801.107761,False,0.96
62.267179,28,802.343283,True,0.96
-24.344913,42,804.197517,False,0.96
53.901049,10,804.658863,True,0.96
-10.156892,37,806.319234,False,0.96
-24.779084,41,808.137841,False,0.96
62.247243,25,809.246511,True,0.96
53.889805,9,809.647213,True,0.96
62.391021,25,810.765079,True,0.96
58.246851,19,811.6121,True,0.96
59.466077,19,812.44899,True,0.96
-5.77365,35,814.0119,False,0.96
-22.249867,41,815.825032,False,0.96
-25.2675,46,817.859239,False,0.96
-12.839037,39,819.591017,False,0.96
58.824594,20,820.493636,True,0.96
-12.420327,40,826.216739,False,0.96
-20.023948,37,827.85009,False,0.96
59.809998,21,828.787802,True,0.96
-11.960602,34,830.310544,False,0.96
59.561074,19,831.164269,True,0.96
61.618686,28,832.419111,True,0.96
56.299726,14,833.040679,True,0.96
-13.388307,41,834.837587,False,0.96
55.655345,13,835.435486,True,0.96
55.177205,12,835.977984,True,0.96
-27.751248,40,837.712177,False,0.96
55.674864,13,838.296333,True,0.96
-15.970126,38,839.99215,False,0.96
-9.096828,40,841.793511,False,0.96
-7.127911,38,843.459319,False,0.96
60.612721,23,844.498394,True,0.96
-23.446552,40,846.221366,False,0.96
-7.798171,37,847.84169,False,0.96
59.546611,21,848.821606,True,0.96
-15.324952,37,850.486896,False,0.96
-15.551497,41,852.308322,False,0.96
-21.468714,36,853.902678,False,0.96
56.029642,13,854.499996,True,0.96
-14.643539,35,856.060733,False,0.96
-9.61711,37,857.699726,False,0.96
-9.220774,42,859.574775,False,0.96
-3.324663,34,861.077954,False,0.96
-4.234996,37,862.744298,False,0.96
-22.291878,34,864.306639,False,0.96
-1.88367,32,865.742692,False,0.96
-12.910891,34,867.294397,False,0.96
-17.247722,34,868.845618,False,0.96
54.668722,12,869.405257,True,0.96
-19.73843,40,871.24101,False,0.96
57.829621,17,872.004281,True,0.96
64.168675,31,873.424262,True,0.96
56.881295,19,874.280011,True,0.96
-8.578944,32,875.726024,False,0.96
54.291796,10,876.196044,True,0.96
-11.368477,37,877.871586,False,0.96
-22.187466,37,879.550529,False,0.96
55.311947,15,880.242145,True,0.96
54.796304,12,880.795475,True,0.96
-6.085111,35,882.456373,False,0.96
54.021735,12,883.011379,True,0.96
-5.281742,35,884.58769,False,0.96
-11.600531,35,886.164389,False,0.96
-24.07041,39,887.907114,False,0.96
57.414851,17,888.689015,True,0.96
0.758585,32,890.167952,False,0.96
-15.463305,38,891.863876,False,0.96
-8.635575,34,893.414162,False,0.96
-6.508392,41,895.226415,False,0.96
53.886763,10,895.712747,True,0.96
-26.160455,42,897.637719,False,0.96
60.075331,24,898.721033,True,0.96
59.288846,20,899.642223,True,0.96
57.171719,19,900.496155,True,0.96
56.506173,14,901.123876,True,0.96
58.518775,21,902.085541,True,0.96
-4.960878,39,903.822632,False,0.96
55.347486,16,904.582616,True,0.96
-26.759479,41,906.435276,False,0.96
-5.871695,38,908.052184,False,0.96
57.399562,14,908.683676,True,0.96
-9.785011,36,910.29796,False,0.96
-24.399018,36,911.935672,False,0.96
61.305934,25,913.053967,True,0.96
60.603655,25,914.204018,True,0.96
-15.988236,36,915.835921,False,0.96
-27.686509,42,917.74441,False,0.96
61.08934,25,922.497429,True,0.96
-13.174888,38,924.187308,False,0.96
-26.584713,40,926.018997,False,0.96
-6.426066,49,928.230303,False,0.96
62.612438,28,929.5136,True,0.96
-26.59421,41,931.36853,False,0.96
-3.781792,35,932.915763,False,0.96
53.79934,9,933.345776,True,0.96
56.229018,19,934.241747,True,0.96
-25.797798,40,936.071087,False,0.96
53.338079,8,936.451502,True,0.96
-23.558773,37,938.10243,False,0.96
61.750256,23,939.119137,True,0.96
56.281303,17,939.902941,True,0.96
-24.543791,40,941.716539,False,0.96
-2.362197,36,943.331715,False,0.96
-7.103892,41,945.186079,False,0.96
-23.016385,43,947.099167,False,0.96
-11.195968,37,948.756903,False,0.96
63.301488,30,950.100562,True,0.96
-8.167768,39,951.82954,False,0.96
59.622728,23,952.834169,True,0.96
-23.915108,35,954.401882,False,0.96
60.941028,23,955.418818,True,0.96
-17.296639,40,957.231896,False,0.96
-8.546296,37,958.899769,False,0.96
61.979063,25,960.04702,True,0.96
-9.747086,39,961.779257,False,0.96
-8.820229,37,963.455494,False,0.96
50.082738,1,963.516456,True,0.96
-8.828448,35,965.095515,False,0.96
-4.553254,41,966.867038,False,0.96
-14.155798,36,968.46477,False,0.96
-11.261971,36,970.073858,False,0.96
-23.486561,41,971.939791,False,0.96
-14.99798,41,973.800025,False,0.96
59.140102,25,974.930477,True,0.96
-10.808614,35,976.510573,False,0.96
54.858317,11,977.013927,True,0.96
56.530956,16,977.758582,True,0.96
-9.547445,37,979.415417,False,0.96
-11.924157,38,981.131473,False,0.96
61.943925,25,982.232318,True,0.96
-29.026196,45,984.275417,False,0.96
56.695813,21,985.251733,True,0.96
-16.298376,35,986.814389,False,0.96
63.034287,34,988.351918,True,0.96
61.50867,25,989.495369,True,0.96
54.188109,9,989.897691,True,0.96
-7.990255,33,991.406132,False,0.96
55.556889,14,992.036918,True,0.96
57.377996,14,992.674037,True,0.96
59.323736,21,993.624757,True,0.96
53.541086,7,993.944439,True,0.96
-0.780921,36,995.447302,False,0.96
59.023382,18,996.27077,True,0.96
62.932861,27,997.441171,True,0.96
-14.346455,38,999.139151,False,0.96
60.568472,25,1000.279261,True,0.96
-24.430158,35,1001.867848,False,0.96
54.684183,9,1002.26318,True,0.96
-18.146262,35,1003.856421,False,0.96
58.865864,21,1004.817262,True,0.96
61.90494,25,1005.943069,True,0.96
-15.406304,36,1007.570972,False,0.96
-25.355535,35,1009.173912,False,0.96
-14.464615,38,1010.913719,False,0.96
54.424406,10,1011.381635,True,0.96
-23.7763,41,1013.188996,False,0.96
-26.489754,41,1018.766315,False,0.96
-23.923961,38,1020.4723,False,0.96
-22.802315,33,1021.963847,False,0.96
57.037995,18,1022.765123,True,0.96
60.894023,23,1023.778031,True,0.96
-6.916397,37,1025.388399,False,0.96
-8.516244,43,1027.223197,False,0.96
57.118735,15,1027.879464,True,0.96
53.76171,10,1028.347505,True,0.96
-21.972085,40,1030.146642,False,0.96
-13.477752,38,1031.857722,False,0.96
-11.756894,40,1033.684243,False,0.96
62.643462,25,1034.763997,True,0.96
62.214277,27,1035.952634,True,0.96
-9.831981,36,1037.543742,False,0.96
-25.594021,54,1039.988945,False,0.96
-28.157965,44,1041.928979,False,0.96
57.497865,18,1042.742306,True,0.96
-11.72705,43,1044.630878,False,0.96
-25.784893,37,1046.294583,False,0.96
60.84906,24,1047.38294,True,0.96
-27.283632,45,1049.422195,False,0.96
58.843136,19,1050.277053,True,0.96
54.563103,11,1050.764462,True,0.96
64.330214,34,1052.310018,True,0.96
1.826186,35,1053.804836,False,0.96
54.979199,11,1054.307388,True,0.96
55.101504,11,1054.796516,True,0.96
-11.728635,35,1056.313059,False,0.96
60.985034,22,1057.258995,True,0.96
-17.114543,45,1059.295951,False,0.96
62.63086,32,1060.689077,True,0.96
63.491107,37,1062.349455,True,0.96
58.092298,17,1063.074899,True,0.96
-16.298067,35,1064.599652,False,0.96
-13.457008,40,1066.387989,False,0.96
64.089821,30,1067.681689,True,0.96
-6.396069,42,1069.439129,False,0.96
55.495888,14,1070.080545,True,0.96
-24.422684,39,1071.799484,False,0.96
60.220679,23,1072.808348,True,0.96
-16.016094,44,1074.779653,False,0.96
-21.283771,39,1076.519919,False,0.96
-18.211602,46,1078.576057,False,0.96
-24.786459,41,1080.43647,False,0.96
-5.213798,51,1082.71251,False,0.96
51.589925,3,1082.854331,True,0.96
62.355252,29,1084.166757,True,0.96
62.227298,24,1085.245535,True,0.96
-13.03076,41,1087.040518,False,0.96
-2.104069,43,1088.941434,False,0.96
-1.463332,34,1090.372379,False,0.96
62.363516,25,1091.516399,True,0.96
-17.22823,42,1093.385345,False,0.96
-25.860013,37,1095.026543,False,0.96
-23.923932,35,1096.594505,False,0.96
-8.485483,39,1098.305969,False,0.96
-10.41726,39,1100.028125,False,0.96
63.357703,34,1101.482681,True,0.96
-21.529846,38,1103.170481,False,0.96
66.767333,40,1104.859786,True,0.96
-23.93768,42,1106.728736,False,0.96
-27.596023,61,1113.428583,False,0.96
59.611365,19,1114.264343,True,0.96
-24.051031,34,1115.738157,False,0.96
-20.556888,43,1117.620256,False,0.96
60.669506,26,1118.79004,True,0.96
-5.930512,39,1120.491884,False,0.96
60.208209,24,1121.571961,True,0.96
-3.597235,37,1123.192361,False,0.96
59.637443,19,1124.009463,True,0.96
57.498932,15,1124.680242,True,0.96
-21.260317,49,1126.805839,False,0.96
61.333803,23,1127.761575,True,0.96
-13.208279,43,1129.564996,False,0.96
53.545917,8,1129.928993,True,0.96
-19.584537,64,1132.68713,False,0.96
57.138802,20,1133.653001,True,0.96
-11.366045,38,1135.34032,False,0.96
-21.486561,41,1137.14171,False,0.96
-23.280475,61,1139.812123,False,0.96
58.848457,20,1140.687427,True,0.96
-25.384233,53,1142.979743,False,0.96
-26.219626,40,1144.749426,False,0.96
-2.426486,36,1146.270725,False,0.96
-21.29692,43,1148.17926,False,0.96
-26.663385,40,1149.953652,False,0.96
58.682002,18,1150.744799,True,0.96
-9.743099,38,1152.387054,False,0.96
-27.750904,49,1154.538921,False,0.96
-15.041613,36,1156.094548,False,0.96
64.252156,32,1157.45482,True,0.96
-3.816575,37,1159.088525,False,0.96
-1.099775,40,1160.825384,False,0.96
-15.530164,40,1162.584336,False,0.96
-8.849509,36,1164.18305,False,0.96
52.7081,6,1164.468455,True,0.96
62.516702,27,1165.593375,True,0.96
61.413291,24,1166.657708,True,0.96
-14.850816,32,1168.046734,False,0.96
59.576431,19,1168.878249,True,0.96
56.04007,14,1169.486289,True,0.96
-4.022456,38,1171.166419,False,0.96
-16.49764,39,1172.994778,False,0.96
-4.307994,38,1174.626505,False,0.96
60.401085,22,1175.571807,True,0.96
0.47398,35,1177.057166,False,0.96
-15.941895,44,1179.006474,False,0.96
-4.709964,38,1180.699731,False,0.96
-7.839398,38,1182.386998,False,0.96
57.189212,16,1183.102094,True,0.96
-18.186162,39,1184.849509,False,0.96
57.399967,14,1185.433606,True,0.96
-13.758186,42,1187.255116,False,0.96
-25.022958,56,1189.73731,False,0.96
-26.959267,55,1192.207323,False,0.96
56.359667,14,1192.843683,True,0.96
-11.130498,42,1194.603674,False,0.96
-27.769413,47,1196.697852,False,0.96
-8.058019,40,1198.426407,False,0.96
-7.352514,43,1200.306765,False,0.96
55.78123,18,1201.113859,True,0.96
57.514929,16,1201.816622,True,0.96
-22.662853,39,1207.806406,False,0.96
-9.998937,50,1209.966212,False,0.96
60.553203,25,1211.058341,True,0.96
57.731019,17,1211.821227,True,0.96
-1.43725,35,1213.342233,False,0.96
-25.551092,44,1215.294525,False,0.96
-3.540937,41,1217.07084,False,0.96
61.292808,27,1218.273125,True,0.96
63.116455,28,1219.504027,True,0.96
57.371727,16,1220.188078,True,0.96
57.304431,17,1220.95161,True,0.96
-23.607826,41,1222.757808,False,0.96
57.580122,16,1223.467449,True,0.96
-21.144402,38,1225.137665,False,0.96
-13.00082,37,1226.768461,False,0.96
-16.851543,45,1228.791706,False,0.96
-1.489745,36,1230.428845,False,0.96
57.592497,18,1231.20926,True,0.96
-10.962586,40,1233.067685,False,0.96
-21.536849,43,1234.989242,False,0.96
-21.251368,38,1236.64881,False,0.96
60.177427,20,1237.521404,True,0.96
-12.36671,42,1239.361007,False,0.96
-12.5115,45,1241.287424,False,0.96
56.776643,20,1242.190758,True,0.96
-31.829542,58,1244.727801,False,0.96
61.827208,25,1245.845235,True,0.96
-2.663184,36,1247.385242,False,0.96
-12.584783,36,1248.967814,False,0.96
63.889636,32,1250.396378,True,0.96
63.666032,29,1251.759849,True,0.96
-5.768166,32,1253.126434,False,0.96
-9.375469,35,1254.647872,False,0.96
0.614578,35,1256.10672,False,0.96
-24.471892,44,1258.034466,False,0.96
-11.314653,38,1259.627711,False,0.96
-15.794689,42,1261.497797,False,0.96
-19.46125,56,1263.86138,False,0.96
60.00112,24,1264.903058,True,0.96
61.717006,23,1265.923689,True,0.96
-8.110134,44,1267.822121,False,0.96
-16.603153,44,1269.757365,False,0.96
-11.72524,39,1271.52822,False,0.96
-12.735226,40,1273.233739,False,0.96
59.513133,23,1274.253508,True,0.96
57.283969,17,1275.000051,True,0.96
-5.763545,36,1276.523402,False,0.96
55.767957,11,1277.058673,True,0.96
63.25099,29,1278.329704,True,0.96
53.878855,10,1278.796893,True,0.96
57.627772,17,1279.548252,True,0.96
62.553041,28,1280.768732,True,0.96
54.12952,11,1281.267829,True,0.96
63.139106,31,1282.633198,True,0.96
57.578869,18,1283.42537,True,0.96
-8.413002,52,1285.659709,False,0.96
-1.035405,35,1287.148705,False,0.96
-2.929547,36,1288.691525,False,0.96
-7.536874,40,1290.444337,False,0.96
56.385939,19,1291.323515,True,0.96
-3.321465,52,1293.615701,False,0.96
-17.704963,56,1295.988204,False,0.96
56.976224,14,1300.823646,True,0.96
-7.672091,40,1302.591378,False,0.96
50.100548,1,1302.656469,True,0.96
-7.781973,38,1304.332045,False,0.96
-6.459036,43,1306.120491,False,0.96
60.919016,21,1307.065771,True,0.96
-25.570456,38,1308.767577,False,0.96
50.424589,1,1308.8288,True,0.96
-26.429205,37,1310.481716,False,0.96
-2.810837,35,1311.95975,False,0.96
-20.323106,40,1313.739312,False,0.96
-10.178081,39,1315.456451,False,0.96
56.762564,16,1316.203308,True,0.96
58.994691,21,1317.147451,True,0.96
-10.185798,36,1318.696326,False,0.96
55.974589,16,1319.456972,True,0.96
-25.82015,35,1321.017544,False,0.96
-25.805959,56,1323.525064,False,0.96
-9.556275,44,1325.474402,False,0.96
-14.261025,44,1327.447967,False,0.96
60.89279,27,1328.650403,True,0.96
1.248836,38,1330.288289,False,0.96
60.642207,22,1331.223548,True,0.96
-3.699967,34,1332.669049,False,0.96
0.803072,38,1334.342522,False,0.96
-24.284607,39,1336.07745,False,0.96
54.995821,11,1336.568969,True,0.96
60.684776,23,1337.566991,True,0.96
61.729577,23,1338.537317,True,0.96
-12.274825,34,1340.051462,False,0.96
-25.279903,39,1341.752937,False,0.96
61.572651,26,1342.834296,True,0.96
58.652706,22,1343.806662,True,0.96
58.252678,18,1344.603085,True,0.96
61.759602,27,1345.742526,True,0.96
-10.883467,42,1347.583154,False,0.96
62.484682,26,1348.72806,True,0.96
-15.826864,38,1350.436422,False,0.96
-1.421096,42,1352.212378,False,0.96
60.474144,27,1353.381254,True,0.96
57.37025,20,1354.268794,True,0.96
-4.328179,41,1356.008158,False,0.96
-15.867618,40,1357.803556,False,0.96
-18.658066,38,1359.518021,False,0.96
60.645394,22,1360.457966,True,0.96
-12.769981,37,1362.118832,False,0.96
-20.075617,39,1363.815695,False,0.96
-3.656645,39,1365.53119,False,0.96
-27.509785,41,1367.34963,False,0.96
54.026818,8,1367.707497,True,0.96
-16.254838,44,1369.666792,False,0.96
61.212557,22,1370.63253,True,0.96
-10.160444,43,1372.482643,False,0.96
-26.542621,40,1374.2739,False,0.96
-2.358269,35,1375.829905,False,0.96
62.187829,27,1376.963483,True,0.96
-24.402008,39,1378.643257,False,0.96
-8.004253,35,1380.215341,False,0.96
-14.876304,47,1382.257973,False,0.96
59.433719,21,1383.196266,True,0.96
60.471427,23,1384.19305,True,0.96
-10.423131,42,1385.975194,False,0.96
-2.665255,35,1387.448746,False,0.96
-19.5597,52,1390.025231,False,0.96
-12.56601,41,1395.834128,False,0.96
57.506777,18,1396.634711,True,0.96
-1.036605,39,1398.345703,False,0.96
59.212204,23,1399.354991,True,0.96
58.727241,20,1400.280842,True,0.96
-8.941879,38,1401.926812,False,0.96
62.68962,34,1403.398914,True,0.96
61.99345,24,1404.445653,True,0.96
56.658093,15,1405.138301,True,0.96
-25.655281,45,1407.140534,False,0.96
-19.978502,40,1408.929127,False,0.96
58.470363,18,1409.754034,True,0.96
61.952201,25,1410.858104,True,0.96
-25.468782,45,1412.846711,False,0.96
61.593862,27,1414.045197,True,0.96
60.529614,23,1415.010402,True,0.96
-3.065581,45,1416.980345,False,0.96
55.641665,14,1417.585957,True,0.96
-4.894772,39,1419.289711,False,0.96
-10.750836,56,1421.828714,False,0.96
-12.13099,46,1423.85427,False,0.96
-28.456365,48,1425.989813,False,0.96
-25.979312,44,1427.958443,False,0.96
-4.652913,38,1429.603857,False,0.96
54.899245,11,1430.110734,True,0.96
-20.386633,47,1432.206791,False,0.96
58.477942,17,1432.962339,True,0.96
-3.5965,46,1434.965854,False,0.96
-18.295364,51,1437.217274,False,0.96
-18.665237,51,1439.486986,False,0.96
-26.359257,38,1441.165284,False,0.96
-22.26206,45,1443.150378,False,0.96
-3.092877,47,1445.205287,False,0.96
-22.572857,49,1447.415966,False,0.96
0.522003,38,1449.03927,False,0.96
64.75891,32,1450.486318,True,0.96
-2.6484,39,1452.243706,False,0.96
58.932926,20,1453.157057,True,0.96
-7.110545,36,1454.784391,False,0.96
-28.487902,53,1457.209748,False,0.96
-3.318389,39,1458.876419,False,0.96
55.422178,14,1459.537449,True,0.96
56.021946,13,1460.107616,True,0.96
53.287203,8,1460.466869,True,0.96
-8.660815,47,1462.505153,False,0.96
-5.469986,44,1464.463047,False,0.96
58.798,19,1465.307517,True,0.96
58.50688,20,1466.188344,True,0.96
-7.832183,44,1468.066229,False,0.96
51.348309,3,1468.21536,True,0.96
54.515578,11,1468.728788,True,0.96
-4.825652,38,1470.435447,False,0.96
58.371586,20,1471.340123,True,0.96
-5.758089,37,1472.906307,False,0.96
59.16162,18,1473.690834,True,0.96
-1.342446,41,1475.414858,False,0.96
-13.23955,45,1477.368397,False,0.96
56.993637,17,1478.152511,True,0.96
-21.4335,52,1480.509022,False,0.96
56.507123,18,1481.302006,True,0.96
-8.565297,50,1483.57871,False,0.96
64.21855,31,1484.973536,True,0.96
-1.248683,38,1490.863404,False,0.96
62.249735,26,1491.990448,True,0.96
57.704379,17,1492.814414,True,0.96
-26.202541,60,1495.462614,False,0.96
62.067093,27,1496.643273,True,0.96
52.258257,8,1497.035801,True,0.96
66.491922,36,1498.593886,True,0.96
57.64253,16,1499.291046,True,0.96
54.967221,12,1499.829698,True,0.96
-4.586084,39,1501.475417,False,0.96
67.88002,42,1503.280765,True,0.96
-2.407655,47,1505.349617,False,0.96
-21.774893,58,1507.937719,False,0.96
58.116076,18,1508.725817,True,0.96
-27.015701,70,1511.852233,False,0.96
59.137077,20,1512.780328,True,0.96
-17.558298,44,1514.731592,False,0.96
63.058074,27,1515.906125,True,0.96
56.880114,19,1516.751905,True,0.96
-2.719161,42,1518.562079,False,0.96
58.614191,22,1519.554904,True,0.96
53.298076,8,1519.934189,True,0.96
55.251036,15,1520.593118,True,0.96
60.349627,22,1521.54137,True,0.96
-16.842284,43,1523.503577,False,0.96
-3.198024,40,1525.287286,False,0.96
-9.463855,41,1527.173028,False,0.96
58.442726,16,1527.884483,True,0.96
-0.090864,48,1529.931539,False,0.96
57.242569,15,1530.617503,True,0.96
-2.995406,46,1532.663259,False,0.96
-3.805337,43,1534.584289,False,0.96
-30.273012,59,1537.251949,False,0.96
60.810684,23,1538.260399,True,0.96
57.78042,17,1539.061769,True,0.96
59.499828,23,1540.051021,True,0.96
-0.395164,33,1541.495557,False,0.96
-11.404263,48,1543.597427,False,0.96
58.475797,20,1544.502645,True,0.96
-24.299458,39,1546.249447,False,0.96
62.794327,29,1547.545758,True,0.96
59.46515,23,1548.563553,True,0.96
-27.514727,63,1551.414606,False,0.96
-0.867651,37,1552.996934,False,0.96
60.127251,21,1553.969042,True,0.96
60.130737,24,1555.025599,True,0.96
-24.505272,40,1556.781507,False,0.96
53.942916,9,1557.187839,True,0.96
3.721666,37,1558.76478,False,0.96
-13.911256,61,1561.492729,False,0.96
-32.801766,64,1564.353813,False,0.96
-26.645284,41,1566.206548,False,0.96
-28.12904,57,1568.748669,False,0.96
-0.787615,34,1570.187352,False,0.96
60.192549,21,1571.097294,True,0.96
0.582017,31,1572.432426,False,0.96
-3.890943,44,1574.360857,False,0.96
62.296049,25,1575.460987,True,0.96
57.171395,16,1576.181484,True,0.96
62.750137,29,1577.461785,True,0.96
54.781998,10,1577.910827,True,0.96
62.720187,26,1579.049879,True,0.96
57.218102,18,1579.840345,True,0.96
60.506358,24,1585.743725,True,0.96
-8.287191,40,1587.512874,False,0.96
-11.510862,166,1595.064125,False,0.96
59.061264,25,1596.18444,True,0.96
-19.056489,57,1598.736489,False,0.96
55.779824,11,1599.214415,True,0.96
-4.518015,39,1600.930429,False,0.96
-1.309892,42,1602.711535,False,0.96
-28.461075,71,1605.874556,False,0.96
-27.327401,58,1608.44559,False,0.96
-1.676418,38,1610.09342,False,0.96
-4.493901,43,1612.004188,False,0.96
50.527017,1,1612.056275,True,0.96
52.61293,6,1612.340683,True,0.96
62.469371,30,1613.644953,True,0.96
59.985895,22,1614.635873,True,0.96
61.025952,25,1615.737988,True,0.96
56.48856,20,1616.641988,True,0.96
-4.23081,40,1618.345756,False,0.96
-3.194148,37,1619.92054,False,0.96
58.739152,21,1620.854298,True,0.96
57.343967,14,1621.503816,True,0.96
55.537761,18,1622.294445,True,0.96
-29.274142,84,1626.035418,False,0.96
58.346679,20,1626.921484,True,0.96
60.972256,26,1628.102066,True,0.96
-12.570803,40,1629.898296,False,0.96
-10.656917,49,1632.038921,False,0.96
61.900441,26,1633.163643,True,0.96
58.947288,17,1633.911179,True,0.96
-1.469851,52,1636.231621,False,0.96
56.404719,16,1636.977645,True,0.96
59.918549,26,1638.078528,True,0.96
59.372773,20,1638.981732,True,0.96
-6.824232,60,1641.69429,False,0.96
62.463597,27,1642.897821,True,0.96
57.686189,20,1643.762562,True,0.96
-11.690433,39,1645.51497,False,0.96
-0.690284,53,1647.912891,False,0.96
53.609949,10,1648.388095,True,0.96
1.875412,39,1650.090262,False,0.96
-18.398159,56,1652.599136,False,0.96
-9.187369,43,1654.430922,False,0.96
-3.764382,37,1656.012507,False,0.96
58.813425,20,1656.886429,True,0.96
61.059623,21,1657.788095,True,0.96
-6.619236,97,1662.158031,False,0.96
-6.324052,89,1666.087711,False,0.96
-3.52705,137,1672.118627,False,0.96
59.453424,21,1673.106254,True,0.96
57.742038,19,1673.986535,True,0.96
63.966096,85,1684.585474,True,0.96
60.965466,30,1685.945184,True,0.96
55.976945,17,1686.698602,True,0.96
50.783084,54,1689.151844,True,0.96
53.346508,9,1689.574149,True,0.96
61.283861,71,1692.747177,True,0.96
64.446956,48,1694.771675,True,0.96
59.194579,20,1695.636532,True,0.96
61.436322,52,1697.961211,True,0.96
54.452707,11,1698.462999,True,0.96
58.620255,57,1701.051142,True,0.96
61.470768,27,1702.349416,True,0.96
60.781954,24,1703.385107,True,0.96
63.014847,62,1706.277321,True,0.96
59.890326,21,1707.190589,True,0.96
60.024743,23,1708.18292,True,0.96
62.710607,37,1709.788293,True,0.96
60.969133,26,1710.89288,True,0.96
69.077639,49,1713.019018,True,0.96
58.716947,73,1716.333167,True,0.96
55.99433,22,1717.2954,True,0.96
55.427761,64,1720.159978,True,0.96
62.202138,50,1722.417327,True,0.96
61.070232,29,1723.715104,True,0.96
63.510168,35,1725.264246,True,0.96
55.404331,15,1725.945623,True,0.96
56.840639,51,1728.278527,True,0.96
64.217032,41,1730.156668,True,0.96
59.339208,23,1731.180207,True,0.96
63.506646,71,1734.314344,True,0.96
55.072296,20,1735.218131,True,0.96
57.408301,74,1738.485559,True,0.96
60.612369,23,1739.51707,True,0.96
63.161889,30,1740.822729,True,0.96
59.26596,25,1741.975012,True,0.96
59.335909,26,1743.098747,True,0.96
57.507227,15,1743.775486,True,0.96
56.618485,17,1744.55563,True,0.96
54.759579,12,1745.098261,True,0.96
63.227043,59,1747.831248,True,0.96
54.562969,12,1748.385778,True,0.96
57.923003,25,1749.516615,True,0.96
53.776344,8,1749.880071,True,0.96
59.721231,25,1751.006343,True,0.96
57.799336,19,1751.882942,True,0.96
58.163803,74,1755.193053,True,0.96
55.319521,15,1755.901315,True,0.96
61.44892,26,1757.086311,True,0.96
63.284527,34,1758.62064,True,0.96
53.716052,50,1760.929201,True,0.96
62.20622,27,1762.120987,True,0.96
61.972237,32,1763.552863,True,0.96
61.166407,60,1766.241541,True,0.96
55.537818,17,1767.027972,True,0.96
58.329525,23,1768.076758,True,0.96
58.844951,20,1768.995769,True,0.96
58.415432,19,1769.813375,True,0.96
58.768812,33,1771.292968,True,0.96
58.790889,19,1772.139516,True,0.96
56.451122,64,1780.495373,True,0.96
57.872198,25,1781.623208,True,0.96
58.828714,20,1782.528043,True,0.96
58.464076,59,1785.254687,True,0.96
64.163121,33,1786.714634,True,0.96
60.522476,35,1788.289677,True,0.96
56.484945,17,1789.035821,True,0.96
62.937224,33,1790.517651,True,0.96
58.075037,22,1791.540269,True,0.96
56.675603,17,1792.292523,True,0.96
63.541255,31,1793.662755,True,0.96
61.721712,30,1794.987821,True,0.96
63.089188,31,1796.360159,True,0.96
62.873162,26,1797.484123,True,0.96
58.61291,17,1798.226824,True,0.96
56.672033,53,1800.624559,True,0.96
58.32635,19,1801.466695,True,0.96
58.41476,20,1802.324865,True,0.962
55.970185,18,1803.127858,True,0.962
55.383521,59,1805.853896,True,0.962
56.745724,40,1807.647747,True,0.962
50.178663,1,1807.709231,True,0.962
60.058247,34,1809.268818,True,0.962
61.288063,31,1810.720017,True,0.962
63.066327,31,1812.081129,True,0.962
56.566144,14,1812.721047,True,0.962
57.942387,19,1813.526067,True,0.962
56.297391,27,1814.728328,True,0.962
56.250307,55,1817.178117,True,0.962
59.172475,21,1818.105866,True,0.962
60.823774,24,1819.184575,True,0.962
56.854744,71,1822.370143,True,0.962
55.206897,58,1825.074667,True,0.962
58.969095,76,1828.485497,True,0.962
54.388618,13,1829.093522,True,0.962
55.464423,66,1832.093488,True,0.962
61.89198,29,1833.374021,True,0.962
64.130208,31,1834.830291,True,0.962
57.468488,16,1835.550668,True,0.962
57.149242,20,1836.442935,True,0.962
54.884945,35,1838.015037,True,0.962
50.194464,1,1838.068973,True,0.962
60.10812,31,1839.4442,True,0.962
52.946582,23,1840.518938,True,0.962
56.094358,17,1841.269535,True,0.962
61.684599,28,1842.468263,True,0.962
58.028621,26,1843.633097,True,0.962
60.967502,26,1844.758109,True,0.962
60.442219,22,1845.75446,True,0.962
5.112065,41,1847.516761,False,0.962
61.334274,23,1848.490192,True,0.962
60.517155,23,1849.514817,True,0.962
59.261566,27,1850.713975,True,0.962
57.691381,17,1851.492325,True,0.962
60.947044,23,1852.491642,True,0.962
59.999741,28,1853.754148,True,0.962
60.762839,25,1854.867908,True,0.962
58.977656,26,1856.034284,True,0.962
60.522082,25,1857.089963,True,0.962
61.770307,28,1858.294103,True,0.962
62.36984,26,1859.408094,True,0.962
56.561619,69,1862.541762,True,0.962
53.846935,9,1862.957927,True,0.962
58.13792,28,1864.204415,True,0.962
56.665037,15,1864.872895,True,0.962
64.793106,39,1866.630334,True,0.962
53.745463,11,1867.12901,True,0.962
63.288368,35,1868.643967,True,0.962
57.356914,21,1869.596045,True,0.962
50.696685,44,1871.605138,True,0.962
62.912336,26,1877.449446,True,0.962
54.161082,11,1877.972594,True,0.962
58.041887,23,1879.004298,True,0.962
61.882823,55,1881.49547,True,0.962
61.470256,56,1884.071537,True,0.962
58.653167,23,1885.117276,True,0.962
59.752903,63,1887.991177,True,0.962
61.90815,30,1889.341038,True,0.962
56.134831,14,1889.999055,True,0.962
62.90398,31,1891.324398,True,0.962
63.502092,34,1892.789712,True,0.962
54.173646,12,1893.335802,True,0.962
60.67374,24,1894.352916,True,0.962
63.052407,30,1895.673467,True,0.962
49.745877,1,1895.736712,True,0.962
60.688418,47,1897.924146,True,0.962
61.922364,26,1899.082051,True,0.962
62.860318,26,1900.215572,True,0.962
62.066835,29,1901.483456,True,0.962
62.108955,26,1902.596456,True,0.962
55.507227,18,1903.42543,True,0.962
59.082843,19,1904.270239,True,0.962
63.744102,30,1905.562561,True,0.962
60.893095,23,1906.558365,True,0.962
58.198228,18,1907.351885,True,0.962
53.649751,7,1907.654005,True,0.962
59.482563,23,1908.657238,True,0.962
56.648626,20,1909.549508,True,0.964
56.328737,25,1910.662826,True,0.964
62.670974,89,1914.629205,True,0.964
62.414853,29,1915.880028,True,0.964
60.349172,25,1916.982951,True,0.964
64.378284,69,1920.145654,True,0.964
63.377195,34,1921.671268,True,0.964
64.179641,62,1924.508635,True,0.964
61.481724,72,1927.838404,True,0.964
59.114198,21,1928.739606,True,0.964
57.097309,20,1929.596223,True,0.964
62.881538,54,1932.044316,True,0.964
60.453233,25,1933.109727,True,0.964
59.760916,31,1934.435428,True,0.964
59.756581,54,1936.870636,True,0.964
61.756732,65,1939.772088,True,0.964
55.65024,29,1941.056533,True,0.964
61.004855,28,1942.290546,True,0.964
54.784279,12,1942.846895,True,0.964
50.49248,1,1942.907236,True,0.964
61.448251,57,1945.42485,True,0.964
62.284049,42,1947.338921,True,0.964
55.533283,13,1947.925768,True,0.964
59.793842,26,1949.132711,True,0.964
61.072323,79,1952.71236,True,0.964
56.705809,16,1953.40201,True,0.964
60.538457,27,1954.574582,True,0.964
55.773544,61,1957.320476,True,0.964
56.005179,72,1960.554058,True,0.964
56.15919,17,1961.330609,True,0.964
61.437466,29,1962.67202,True,0.964
62.13994,58,1965.289315,True,0.964
57.698016,25,1966.379359,True,0.964
60.242362,25,1967.444824,True,0.964
62.404897,33,1974.229424,True,0.964
62.638249,86,1977.985869,True,0.964
62.619565,79,1981.407399,True,0.964
58.241167,62,1984.183708,True,0.964
60.112655,23,1985.232969,True,0.964
60.369495,22,1986.186779,True,0.964
56.381061,63,1988.991553,True,0.964
59.942029,26,1990.141719,True,0.964
62.068898,26,1991.279863,True,0.964
64.240458,50,1993.540933,True,0.964
54.625148,12,1994.07023,True,0.964
59.501738,61,1996.816545,True,0.964
53.52012,8,1997.21812,True,0.964
55.392187,12,1997.763272,True,0.964
57.757493,20,1998.681388,True,0.964
57.324784,22,1999.638937,True,0.964
59.035035,24,2000.678522,True,0.964
58.202772,18,2001.457976,True,0.964
60.60781,25,2002.513398,True,0.964
56.783233,17,2003.28729,True,0.964
61.059629,25,2004.375367,True,0.964
61.961445,50,2006.59493,True,0.964
61.108402,45,2008.629538,True,0.964
56.686744,15,2009.300394,True,0.964
61.790225,24,2010.365903,True,0.964
59.724346,25,2011.448871,True,0.964
60.655404,24,2012.499961,True,0.964
62.927806,27,2013.672711,True,0.964
59.928742,28,2014.883053,True,0.964
60.749231,25,2015.985565,True,0.964
55.439345,18,2016.79721,True,0.964
59.270672,20,2017.645019,True,0.964
65.377546,96,2021.848516,True,0.964
63.84068,53,2024.240536,True,0.964
62.30212,47,2026.39499,True,0.964
63.268993,30,2027.688546,True,0.964
61.495451,22,2028.611163,True,0.964
50.184433,1,2028.67223,True,0.964
61.684435,23,2029.662361,True,0.964
67.100806,41,2031.418181,True,0.964
61.10191,25,2032.484093,True,0.964
61.027485,29,2033.70243,True,0.964
60.155902,58,2036.36801,True,0.964
59.051876,18,2037.145761,True,0.964
58.648472,22,2038.077658,True,0.964
57.89952,18,2038.892454,True,0.964
58.691271,45,2040.986846,True,0.966
59.075314,19,2041.853878,True,0.966
59.009784,21,2042.774005,True,0.966
54.384306,14,2043.405198,True,0.966
57.528587,24,2044.500121,True,0.966
60.54672,107,2049.387228,True,0.966
62.560332,26,2050.611363,True,0.966
59.236668,20,2051.481784,True,0.966
60.328606,23,2052.490757,True,0.966
58.501807,25,2053.585972,True,0.966
56.310632,15,2054.255439,True,0.966
58.852241,36,2055.918226,True,0.966
56.521607,47,2058.099741,True,0.966
60.273361,75,2061.476998,True,0.966
61.50098,23,2062.585822,True,0.966
64.811224,33,2064.04568,True,0.966
58.853477,22,2070.792542,True,0.966
63.173172,28,2072.029345,True,0.966
51.872047,48,2074.234361,True,0.966
50.359522,1,2074.29784,True,0.966
56.802846,16,2074.99606,True,0.966
53.825596,11,2075.505346,True,0.966
57.863579,18,2076.29208,True,0.966
56.436706,38,2078.03761,True,0.966
57.63088,19,2078.898907,True,0.966
54.860865,11,2079.401689,True,0.966
63.812425,33,2080.820641,True,0.966
64.820056,33,2082.309021,True,0.966
61.201952,26,2083.440655,True,0.966
60.558763,120,2088.745857,True,0.966
49.680369,1,2088.804765,True,0.966
54.827984,14,2089.453616,True,0.966
54.206359,58,2092.091114,True,0.966
60.853322,76,2095.485497,True,0.966
65.001497,77,2098.888284,True,0.966
56.978119,38,2100.661157,True,0.966
53.658691,45,2102.689357,True,0.966
63.141984,29,2103.998186,True,0.966
56.448395,16,2104.718821,True,0.966
54.976612,45,2106.764507,True,0.966
57.124346,18,2107.640287,True,0.966
57.758511,70,2110.743692,True,0.966
61.386112,26,2111.849116,True,0.966
54.670213,60,2114.59149,True,0.966
56.442523,109,2119.496361,True,0.966
62.144363,26,2120.626664,True,0.966
52.578515,26,2121.826824,True,0.966
64.353289,86,2125.640115,True,0.966
60.268842,73,2128.830533,True,0.966
60.141708,23,2129.840884,True,0.966
62.249478,27,2131.030893,True,0.966
61.877287,60,2133.768939,True,0.966
57.664552,63,2136.587739,True,0.966
57.77642,17,2137.312505,True,0.966
63.450652,83,2140.958317,True,0.966
62.570668,30,2142.254311,True,0.966
57.990132,16,2142.943102,True,0.966
56.349992,110,2147.856775,True,0.966
60.15791,26,2149.000242,True,0.966
61.020365,32,2150.445141,True,0.966
59.173752,71,2153.629108,True,0.966
62.8583,28,2154.907959,True,0.966
64.630305,84,2158.62886,True,0.966
58.106826,67,2161.604947,True,0.966
59.194681,19,2169.209446,True,0.966
51.874603,39,2171.030668,True,0.966
55.588413,15,2171.715898,True,0.966
55.417289,16,2172.435102,True,0.966
55.723307,115,2177.705059,True,0.966
57.015693,66,2180.659,True,0.966
63.006941,77,2184.089366,True,0.966
58.500818,57,2186.701209,True,0.966
58.779561,42,2188.597423,True,0.966
62.740046,83,2192.415314,True,0.966
53.938517,9,2192.829065,True,0.966
53.75903,8,2193.202372,True,0.966
60.470136,20,2194.095823,True,0.966
58.999165,62,2196.896575,True,0.966
59.610641,22,2197.925199,True,0.966
59.214068,72,2201.112629,True,0.966
64.699819,96,2205.41116,True,0.968
55.641753,18,2206.240357,True,0.968
55.455034,12,2206.793753,True,0.968
59.205216,19,2207.648892,True,0.968
61.680798,130,2213.379235,True,0.968
59.994123,26,2214.645503,True,0.968
64.980068,87,2218.518922,True,0.968
59.689723,68,2221.592743,True,0.968
58.717695,21,2222.478801,True,0.968
63.479164,84,2226.561765,True,0.968
56.0942,103,2231.269539,True,0.968
61.761956,30,2232.596082,True,0.968
54.108157,10,2233.052457,True,0.968
66.843233,118,2238.465706,True,0.968
55.724955,18,2239.278266,True,0.968
60.441254,79,2242.726859,True,0.968
62.926679,103,2247.373575,True,0.968
62.731949,28,2248.542028,True,0.968
55.297387,13,2249.116014,True,0.968
57.249023,22,2250.098171,True,0.968
49.334494,1,2250.158322,True,0.968
60.370256,75,2253.52823,True,0.968
55.978745,68,2256.635519,True,0.968
61.58031,25,2257.728761,True,0.968
63.557915,65,2260.667059,True,0.968
58.39308,69,2271.305407,True,0.968
50.223622,1,2271.365251,True,0.968
56.336752,59,2274.076952,True,0.968
62.243915,32,2275.440848,True,0.968
59.655463,23,2276.527888,True,0.968
56.305848,22,2277.530639,True,0.968
57.059283,65,2280.490952,True,0.968
56.778795,16,2281.193301,True,0.968
53.11843,7,2281.540179,True,0.968
57.824243,67,2284.5367,True,0.968
58.439987,19,2285.408394,True,0.968
58.013797,26,2286.584703,True,0.968
63.725555,84,2290.339416,True,0.968
63.137977,28,2291.654036,True,0.968
63.93817,81,2295.29027,True,0.968
62.009469,26,2296.440551,True,0.968
59.440085,64,2299.348028,True,0.968
62.264363,131,2305.172601,True,0.968
49.745788,1,2305.23386,True,0.968
60.825737,44,2307.293962,True,0.968
62.342202,34,2308.812214,True,0.968
58.394035,16,2309.533979,True,0.968
61.210166,29,2310.787158,True,0.968
58.070994,71,2313.931812,True,0.968
58.10743,17,2314.68358,True,0.968
57.452287,102,2319.287478,True,0.968
52.558864,49,2321.523275,True,0.968
55.145702,16,2322.26158,True,0.968
58.886287,20,2323.160541,True,0.968
59.892974,26,2324.318831,True,0.968
54.641498,65,2327.355797,True,0.968
55.98819,15,2328.021852,True,0.968
56.698749,18,2328.820097,True,0.968
59.040516,25,2329.956292,True,0.968
63.140591,29,2331.273855,True,0.968
57.540079,21,2332.230656,True,0.968
61.342942,28,2333.463423,True,0.968
64.743706,70,2336.711713,True,0.968
60.352089,79,2340.296938,True,0.968
60.679974,21,2341.235693,True,0.968
60.135762,85,2345.013324,True,0.968
62.726597,32,2346.441806,True,0.968
55.857871,114,2351.619173,True,0.968
63.160802,34,2353.082514,True,0.968
60.219063,72,2356.4064,True,0.968
57.378798,67,2359.434811,True,0.968
59.280678,68,2369.199262,True,0.968
56.780628,120,2374.576102,True,0.968
62.501286,53,2377.038101,True,0.968
57.079511,18,2377.827279,True,0.968
55.709864,65,2380.786211,True,0.968
68.887131,42,2382.615749,True,0.968
64.840645,39,2384.376338,True,0.968
61.654688,85,2388.131023,True,0.968
57.909869,16,2388.830331,True,0.968
56.062087,18,2389.642883,True,0.97
59.010701,24,2390.711786,True,0.97
54.357531,10,2391.188195,True,0.97
53.502459,57,2393.768241,True,0.97
61.913124,29,2394.998056,True,0.97
60.559563,27,2396.177576,True,0.97
59.785199,72,2399.416798,True,0.97
62.585754,40,2401.269979,True,0.97
61.600891,57,2403.833422,True,0.97
56.637808,99,2408.382532,True,0.97
56.507456,165,2415.866459,True,0.97
60.387485,22,2416.849465,True,0.97
59.506628,70,2420.028142,True,0.97
62.287774,28,2421.28702,True,0.97
55.986977,38,2423.007272,True,0.97
57.000324,20,2423.929851,True,0.97
61.811819,76,2427.378748,True,0.97
65.367656,76,2430.843828,True,0.97
57.754431,79,2434.448096,True,0.97
58.181692,20,2435.360467,True,0.97
61.586715,26,2436.483026,True,0.97
55.569049,18,2437.319392,True,0.97
59.010935,21,2438.263646,True,0.97
63.431796,83,2441.930887,True,0.97
64.264413,140,2448.178824,True,0.97
61.168913,79,2451.724557,True,0.97
59.987331,78,2455.296703,True,0.97
60.882767,26,2456.480355,True,0.97
60.795296,25,2457.613089,True,0.97
57.016208,66,2467.866887,True,0.97
62.801639,65,2470.844923,True,0.97
62.598026,27,2471.999908,True,0.97
58.275168,18,2472.863042,True,0.97
57.485754,72,2476.147682,True,0.97
62.883804,68,2479.259188,True,0.97
56.372357,13,2479.839535,True,0.97
55.380422,18,2480.666138,True,0.97
60.355715,61,2483.517384,True,0.97
63.401499,33,2484.967212,True,0.97
62.434479,30,2486.24795,True,0.97
55.701184,16,2486.987025,True,0.97
61.570038,25,2488.085716,True,0.97
50.197444,1,2488.145762,True,0.97
65.935599,58,2490.774006,True,0.97
60.900352,28,2492.054996,True,0.97
62.91769,76,2495.449984,True,0.97
66.271059,38,2497.093323,True,0.97
55.358499,106,2501.941112,True,0.97
58.390935,22,2502.90759,True,0.97
62.662335,29,2504.168762,True,0.97
63.209814,52,2506.537673,True,0.97
59.21737,19,2507.370525,True,0.97
60.51408,74,2510.677493,True,0.97
58.958366,21,2511.599319,True,0.97
62.863822,74,2514.921656,True,0.97
55.387884,16,2515.627026,True,0.97
62.184547,30,2516.944171,True,0.97
58.878728,22,2518.013079,True,0.97
57.776644,21,2518.968007,True,0.97
63.154029,29,2520.22051,True,0.97
54.491126,31,2521.596285,True,0.97
56.779831,43,2523.531997,True,0.97
59.476897,24,2524.599898,True,0.97
59.138727,23,2525.653628,True,0.97
58.330039,22,2526.645309,True,0.97
61.980653,26,2527.764488,True,0.97
64.579657,37,2529.368997,True,0.97
61.575503,25,2530.457613,True,0.97
59.184996,128,2536.22025,True,0.97
59.890585,85,2540.128696,True,0.97
64.562051,58,2542.813833,True,0.97
59.940273,75,2546.209995,True,0.97
59.533558,24,2547.304676,True,0.97
62.296826,27,2548.495702,True,0.97
59.507468,77,2551.93212,True,0.97
56.883188,40,2553.756586,True,0.97
61.063129,80,2557.258717,True,0.97
62.186532,27,2558.500391,True,0.97
53.037389,8,2558.887848,True,0.97
59.352796,27,2566.304434,True,0.97
66.199773,87,2570.183493,True,0.972
51.926412,51,2572.518753,True,0.972
53.427583,51,2574.86401,True,0.972
55.892904,119,2580.180702,True,0.972
61.22576,27,2581.342739,True,0.972
64.812973,91,2585.369911,True,0.972
59.186626,24,2586.428308,True,0.972
56.149626,14,2587.094362,True,0.972
60.300456,23,2588.141383,True,0.972
58.735034,22,2589.127458,True,0.972
62.8665,30,2590.471097,True,0.972
60.490983,81,2594.020668,True,0.972
62.720038,113,2599.25446,True,0.972
63.48665,32,2600.67387,True,0.972
55.757545,24,2601.767494,True,0.972
57.909335,119,2607.116084,True,0.972
63.134238,28,2608.372231,True,0.972
54.604088,60,2611.111498,True,0.972
62.437838,29,2612.332354,True,0.972
50.485221,46,2614.488732,True,0.972
53.525188,9,2614.93116,True,0.972
65.027083,40,2616.702005,True,0.972
57.817635,24,2617.770491,True,0.972
59.059832,21,2618.761627,True,0.972
55.833263,68,2621.802318,True,0.972
59.647636,23,2622.859986,True,0.972
53.436825,46,2624.988047,True,0.972
61.653134,67,2628.002333,True,0.972
61.768021,27,2629.136349,True,0.972
59.058287,27,2630.362488,True,0.972
61.561308,77,2633.826394,True,0.972
60.256403,73,2637.116285,True,0.972
63.89268,43,2639.046228,True,0.972
55.172856,40,2640.877202,True,0.972
57.000349,120,2646.348741,True,0.972
59.744406,59,2649.04887,True,0.972
55.263545,13,2649.664503,True,0.972
53.630177,9,2650.057919,True,0.972
59.959359,19,2650.901037,True,0.972
61.785421,24,2651.990051,True,0.972
65.569858,57,2654.636825,True,0.972
54.246213,12,2655.163687,True,0.972
55.281016,13,2655.759049,True,0.972
64.547779,36,2657.330245,True,0.972
59.231867,71,2667.642056,True,0.972
62.522287,78,2671.157463,True,0.972
56.444059,19,2672.088466,True,0.972
54.387703,11,2672.582276,True,0.972
54.574922,58,2675.184772,True,0.972
60.983693,27,2676.401249,True,0.972
57.576611,73,2679.752051,True,0.972
64.46645,67,2682.774009,True,0.972
56.112058,65,2685.766461,True,0.972
51.864095,50,2688.025095,True,0.972
56.130156,66,2690.950072,True,0.972
62.899989,29,2692.263728,True,0.972
55.021226,15,2692.940819,True,0.972
55.140588,61,2695.660961,True,0.972
57.444405,15,2696.319476,True,0.972
60.238106,82,2699.852996,True,0.972
57.81281,22,2700.84698,True,0.972
60.900189,74,2704.013914,True,0.972
56.104144,54,2706.41897,True,0.972
62.977191,80,2709.978257,True,0.972
56.829373,55,2712.423334,True,0.972
60.053152,24,2713.46265,True,0.972
67.361809,59,2716.099345,True,0.972
61.345166,72,2719.304693,True,0.972
66.960548,76,2722.682842,True,0.972
55.625081,41,2724.489335,True,0.972
63.044842,83,2728.168391,True,0.972
64.100323,84,2731.881258,True,0.972
57.280102,19,2732.722853,True,0.972
56.412469,17,2733.491496,True,0.972
62.184366,82,2737.089462,True,0.972
58.993363,73,2740.301056,True,0.972
55.857831,61,2743.016712,True,0.972
63.266794,79,2746.496647,True,0.972
56.105317,117,2751.764603,True,0.972
63.069746,30,2753.117085,True,0.972
59.880717,44,2755.101608,True,0.974
59.075646,23,2756.112587,True,0.974
59.330219,76,2765.630224,True,0.974
59.20952,76,2768.960012,True,0.974
64.152223,93,2773.058933,True,0.974
57.506633,36,2774.703706,True,0.974
58.994777,112,2779.764737,True,0.974
53.961323,59,2782.414835,True,0.974
66.922591,90,2786.448855,True,0.974
55.091933,59,2789.132187,True,0.974
59.606393,25,2790.252814,True,0.974
61.699577,26,2791.448049,True,0.974
61.770669,27,2792.628984,True,0.974
58.88329,74,2796.022625,True,0.974
54.743213,13,2796.656429,True,0.974
57.656786,40,2798.470465,True,0.974
56.628956,31,2799.902985,True,0.974
63.038332,79,2803.321045,True,0.974
59.685763,79,2806.790434,True,0.974
58.348207,76,2810.134475,True,0.974
57.57082,17,2810.902851,True,0.974
60.791973,71,2814.095392,True,0.974
67.950795,43,2816.036307,True,0.974
63.909894,83,2819.786876,True,0.974
59.585459,25,2820.921979,True,0.974
59.850342,24,2821.992723,True,0.974
60.504319,21,2822.926833,True,0.974
59.359544,52,2825.367002,True,0.974
61.045004,25,2826.481264,True,0.974
56.051025,58,2829.153069,True,0.974
61.280315,24,2830.268205,True,0.974
58.311428,70,2833.482783,True,0.974
57.690038,21,2834.463761,True,0.974
59.67141,71,2837.685035,True,0.974
55.71814,15,2838.373906,True,0.974
56.103157,16,2839.068194,True,0.974
64.673368,71,2842.323997,True,0.974
59.894525,68,2845.45719,True,0.974
51.729972,29,2846.809742,True,0.974
61.669503,80,2850.374846,True,0.974
59.799173,24,2851.443253,True,0.974
63.274372,29,2852.755322,True,0.974
57.734085,18,2853.606865,True,0.974
56.917992,77,2863.643221,True,0.974
55.402443,12,2864.206764,True,0.974
59.6023,76,2867.693247,True,0.974
57.757821,18,2868.487991,True,0.974
63.726544,32,2869.9172,True,0.974
58.293865,30,2871.292056,True,0.974
63.073176,79,2874.813582,True,0.974
55.622375,19,2875.63435,True,0.974
52.726432,30,2877.020527,True,0.974
56.025622,29,2878.324795,True,0.974
61.770807,27,2879.505388,True,0.974
61.58563,25,2880.609272,True,0.974
62.010704,82,2884.261179,True,0.974
60.90592,26,2885.478142,True,0.974
56.324405,41,2887.325716,True,0.974
63.155385,79,2890.832032,True,0.974
55.924508,13,2891.423161,True,0.974
66.20501,60,2894.154252,True,0.974
51.492936,54,2896.684692,True,0.974
56.476712,29,2897.999008,True,0.974
57.720525,23,2899.02933,True,0.974
57.981045,71,2902.244388,True,0.974
57.571992,23,2903.296079,True,0.974
63.032394,29,2904.537128,True,0.974
59.353596,84,2908.189434,True,0.974
55.968005,13,2908.779077,True,0.974
62.096952,58,2911.429155,True,0.974
59.191942,45,2913.513208,True,0.974
59.464644,26,2914.664894,True,0.974
59.000738,18,2915.440506,True,0.974
61.698454,29,2916.691632,True,0.974
63.71569,86,2920.532387,True,0.974
62.470179,26,2921.673292,True,0.974
61.508974,29,2922.941007,True,0.974
57.931934,19,2923.753206,True,0.974
60.866262,59,2926.441564,True,0.974
60.850986,26,2927.55387,True,0.974
59.027449,24,2928.628763,True,0.976
61.423043,25,2929.771634,True,0.976
58.890192,72,2933.004077,True,0.976
59.690818,23,2934.056899,True,0.976
57.398111,19,2934.948055,True,0.976
63.076802,32,2936.413045,True,0.976
50.485623,1,2936.474752,True,0.976
64.266024,82,2940.169707,True,0.976
59.584342,74,2943.497358,True,0.976
61.843145,81,2947.113077,True,0.976
57.844462,70,2950.324885,True,0.976
64.028406,85,2960.789562,True,0.976
59.660504,76,2964.152045,True,0.976
55.822911,62,2966.9959,True,0.976
58.440077,72,2970.224876,True,0.976
61.642936,26,2971.359939,True,0.976
54.278239,9,2971.767913,True,0.976
54.846907,29,2973.104092,True,0.976
63.64886,83,2976.755182,True,0.976
58.151956,74,2980.134096,True,0.976
57.948281,74,2983.54792,True,0.976
58.07103,73,2986.935631,True,0.976
57.409085,18,2987.79864,True,0.976
60.352871,22,2988.778976,True,0.976
59.383165,72,2992.024797,True,0.976
56.554992,14,2992.666038,True,0.976
56.153583,19,2993.521417,True,0.976
64.00585,48,2995.73064,True,0.976
59.095532,71,2999.007533,True,0.976
59.268875,72,3002.277261,True,0.976
60.369029,23,3003.285916,True,0.976
54.282016,12,3003.862365,True,0.976
58.077861,22,3004.863204,True,0.976
61.385814,75,3008.277526,True,0.976
58.685929,20,3009.221087,True,0.976
57.94442,19,3010.086107,True,0.976
61.447756,26,3011.20937,True,0.976
58.921762,26,3012.428975,True,0.976
60.731375,25,3013.571908,True,0.976
62.331552,25,3014.656762,True,0.976
61.95217,33,3016.146926,True,0.976
63.28792,83,3019.959446,True,0.976
55.420561,73,3023.330376,True,0.976
56.923382,20,3024.246574,True,0.976
62.591194,27,3025.497247,True,0.976
56.270236,17,3026.266646,True,0.976
63.763146,55,3028.818597,True,0.976
60.825977,26,3029.991657,True,0.976
58.5957,18,3030.811584,True,0.976
62.08511,26,3032.047978,True,0.976
57.790936,18,3032.879683,True,0.976
59.060074,19,3033.750172,True,0.976
54.96348,12,3034.340869,True,0.976
55.851817,16,3035.067356,True,0.976
61.776668,76,3038.613463,True,0.976
60.458166,73,3041.905542,True,0.976
60.863112,23,3042.931578,True,0.976
58.334046,20,3043.827857,True,0.976
54.587538,14,3044.475345,True,0.976
63.21148,84,3048.217809,True,0.976
56.121907,43,3050.187411,True,0.976
62.725099,30,3051.545834,True,0.976
59.015333,24,3052.683175,True,0.976
58.117342,77,3062.357034,True,0.976
60.231517,77,3065.804776,True,0.976
60.225978,51,3068.116641,True,0.976
61.760588,49,3070.353182,True,0.976
57.164354,68,3073.438373,True,0.976
59.374392,73,3076.650707,True,0.976
58.171308,20,3077.578331,True,0.976
57.802962,20,3078.490204,True,0.976
60.410826,22,3079.48869,True,0.976
54.926259,14,3080.136641,True,0.976
56.548574,65,3083.106755,True,0.976
60.676045,81,3086.641475,True,0.976
58.774296,20,3087.533645,True,0.976
60.981179,77,3090.980459,True,0.976
59.144179,122,3096.431264,True,0.976
60.111211,23,3097.474093,True,0.976
57.894682,20,3098.440273,True,0.976
49.874338,1,3098.504982,True,0.978
62.972871,86,3102.310175,True,0.978
56.589724,63,3105.150351,True,0.978
56.607985,67,3108.210784,True,0.978
59.972194,135,3114.283011,True,0.978
49.756655,1,3114.347445,True,0.978
57.741285,26,3115.509326,True,0.978
57.677142,17,3116.255861,True,0.978
63.5684,78,3119.722608,True,0.978
57.609452,22,3120.710445,True,0.978
62.867911,81,3124.362001,True,0.978
64.23534,86,3128.224792,True,0.978
63.710281,79,3131.82573,True,0.978
58.687037,24,3132.931249,True,0.978
59.563728,131,3138.834891,True,0.978
60.616598,74,3142.075287,True,0.978
59.50301,131,3147.895218,True,0.978
58.273805,23,3148.919119,True,0.978
60.339717,123,3162.0759,True,0.978
56.707476,18,3162.9243,True,0.978
62.047481,33,3164.424916,True,0.978
60.660901,29,3165.700443,True,0.978
63.895432,36,3167.292836,True,0.978
60.581048,28,3168.563787,True,0.978
65.20104,91,3172.710263,True,0.978
55.305492,49,3174.975576,True,0.978
51.700293,48,3177.193978,True,0.978
59.162519,24,3178.294082,True,0.978
62.931316,82,3182.012844,True,0.978
58.051142,24,3183.065057,True,0.978
58.701355,68,3186.119136,True,0.978
58.808217,22,3187.149664,True,0.978
61.615525,28,3188.405111,True,0.978
57.399041,21,3189.357279,True,0.978
50.426086,1,3189.415762,True,0.978
56.384646,19,3190.274615,True,0.978
63.402573,87,3194.022995,True,0.978
51.447595,3,3194.177888,True,0.978
58.448736,19,3195.014996,True,0.978
56.359245,67,3198.020143,True,0.978
63.625793,86,3201.896799,True,0.978
60.81456,33,3203.305413,True,0.978
61.952254,25,3204.38874,True,0.978
59.348651,72,3207.634185,True,0.978
54.288681,11,3208.179184,True,0.978
59.620952,73,3211.466504,True,0.978
56.225933,16,3212.196324,True,0.978
54.544494,14,3212.848609,True,0.978
62.085341,109,3217.807094,True,0.978
61.296297,77,3221.245341,True,0.978
64.542782,40,3223.028183,True,0.978
61.802244,80,3226.58298,True,0.978
61.90209,138,3232.79841,True,0.978
59.885097,26,3233.97808,True,0.978
54.123673,37,3235.658833,True,0.978
56.983027,20,3236.599478,True,0.978
58.191533,18,3237.420921,True,0.978
56.041573,70,3240.557292,True,0.978
57.14591,134,3246.605015,True,0.978
59.973558,29,3247.903561,True,0.978
61.876396,28,3249.135095,True,0.978
63.301053,31,3250.426586,True,0.978
56.94638,19,3251.274294,True,0.978
61.950751,89,3262.569336,True,0.978
55.089517,14,3263.251741,True,0.978
54.935295,11,3263.785698,True,0.978
62.546941,31,3265.154381,True,0.978
55.292596,15,3265.819292,True,0.978
58.18083,74,3269.215004,True,0.978
60.24578,22,3270.210601,True,0.978
58.496897,24,3271.277699,True,0.978
61.150162,22,3272.238974,True,0.978
62.61114,30,3273.543187,True,0.978
60.53796,29,3274.859681,True,0.978
61.375805,31,3276.285158,True,0.978
60.948466,24,3277.393381,True,0.978
55.226488,13,3278.009172,True,0.978
66.844813,43,3279.920224,True,0.978
57.338238,20,3280.832354,True,0.978
61.32015,27,3282.024798,True,0.978
54.402788,12,3282.600233,True,0.98
57.511153,39,3284.369936,True,0.98
58.102525,62,3287.16452,True,0.98
60.905203,27,3288.316515,True,0.98
58.668523,21,3289.226744,True,0.98
57.869994,25,3290.373366,True,0.98
60.436472,78,3293.778232,True,0.98
61.364721,60,3296.472352,True,0.98
61.512121,29,3297.768687,True,0.98
54.360216,11,3298.280821,True,0.98
56.477121,69,3301.42828,True,0.98
63.782207,34,3302.883502,True,0.98
62.098916,34,3304.357791,True,0.98
65.402737,93,3308.394605,True,0.98
61.6432,70,3311.555154,True,0.98
65.588141,36,3313.178633,True,0.98
53.685412,10,3313.643141,True,0.98
61.266032,76,3317.047169,True,0.98
56.869456,14,3317.706392,True,0.98
58.084447,73,3320.965065,True,0.98
61.683904,26,3322.093933,True,0.98
56.540436,68,3325.254399,True,0.98
52.081085,52,3327.631815,True,0.98
62.347851,28,3328.819195,True,0.98
54.551249,14,3329.446186,True,0.98
58.743403,79,3332.93763,True,0.98
61.985195,30,3334.241843,True,0.98
57.571836,69,3337.319213,True,0.98
57.835715,21,3338.269032,True,0.98
61.679819,26,3339.412597,True,0.98
57.824283,22,3340.407074,True,0.98
57.616634,68,3343.501054,True,0.98
56.549838,66,3346.51114,True,0.98
61.208,75,3349.82926,True,0.98
59.748639,30,3357.187112,True,0.98
56.153886,70,3360.309769,True,0.98
62.840153,32,3361.741917,True,0.98
56.614962,18,3362.532808,True,0.98
55.890859,15,3363.240501,True,0.98
56.488022,14,3363.874983,True,0.98
59.862286,44,3365.951131,True,0.98
51.935447,50,3368.26213,True,0.98
59.755018,26,3369.374613,True,0.98
64.170656,34,3370.908234,True,0.98
68.426137,123,3376.492185,True,0.98
61.536252,24,3377.51027,True,0.98
58.420322,21,3378.462581,True,0.98
57.40009,15,3379.149051,True,0.98
54.253888,11,3379.641116,True,0.98
53.826746,68,3382.740837,True,0.98
64.678803,36,3384.396823,True,0.98
62.327621,73,3387.729736,True,0.98
61.833364,24,3388.783745,True,0.98
61.330506,26,3389.92035,True,0.98
63.419231,88,3393.87271,True,0.98
60.927613,27,3395.044622,True,0.98
54.838519,67,3398.078454,True,0.98
53.306148,60,3400.820499,True,0.98
63.03244,122,3406.404479,True,0.98
59.843626,26,3407.589573,True,0.98
59.746611,21,3408.524716,True,0.98
55.272179,64,3411.449575,True,0.98
57.938283,73,3414.680633,True,0.98
57.044539,72,3417.886946,True,0.98
59.270459,23,3418.886962,True,0.98
50.433073,1,3418.942335,True,0.98
60.617795,40,3420.736395,True,0.98
56.831447,19,3421.542664,True,0.98
60.633957,77,3424.909631,True,0.98
61.675806,135,3430.815486,True,0.98
63.15185,84,3434.394404,True,0.98
62.436463,59,3437.030082,True,0.98
57.212932,23,3438.05318,True,0.98
62.460174,27,3439.193982,True,0.98
63.882511,83,3442.800528,True,0.98
59.946592,31,3444.175778,True,0.98
62.243305,86,3447.907905,True,0.98
56.535023,17,3455.860388,True,0.98
60.247274,85,3459.730578,True,0.98
64.072981,33,3461.170479,True,0.98
63.667302,33,3462.603111,True,0.982
62.974465,31,3463.898309,True,0.982
56.045143,19,3464.750152,True,0.982
63.356946,102,3469.247437,True,0.982
63.410825,30,3470.536539,True,0.982
64.011751,37,3472.228863,True,0.982
59.28544,23,3473.22281,True,0.982
62.209431,28,3474.443957,True,0.982
58.494828,42,3476.397026,True,0.982
56.470909,60,3479.163708,True,0.982
56.849137,17,3479.893049,True,0.982
57.413799,18,3480.706815,True,0.982
59.902112,81,3484.262948,True,0.982
60.341973,27,3485.525604,True,0.982
62.472176,26,3486.659494,True,0.982
62.476885,26,3487.832467,True,0.982
55.451007,69,3490.860243,True,0.982
52.126705,41,3492.703989,True,0.982
57.118532,139,3498.852319,True,0.982
64.141306,91,3503.009942,True,0.982
57.499961,72,3506.259255,True,0.982
53.658413,72,3509.458386,True,0.982
55.352074,65,3512.392446,True,0.982
56.171723,52,3514.750581,True,0.982
63.795576,46,3516.801698,True,0.982
61.949131,26,3517.943511,True,0.982
54.770315,12,3518.512229,True,0.982
60.18122,27,3519.718663,True,0.982
54.639739,34,3521.285495,True,0.982
65.042813,35,3522.869267,True,0.982
61.54668,25,3524.001564,True,0.982
55.606374,14,3524.636642,True,0.982
58.970768,23,3525.665332,True,0.982
60.82644,77,3529.138044,True,0.982
61.248667,59,3531.873813,True,0.982
65.30887,107,3536.703329,True,0.982
60.998305,24,3537.775679,True,0.982
60.755144,87,3541.680789,True,0.982
58.061685,18,3542.507814,True,0.982
57.392453,21,3543.440682,True,0.982
59.745807,98,3554.908365,True,0.982
63.453158,86,3558.733666,True,0.982
58.697127,53,3561.113322,True,0.982
57.170993,74,3564.490335,True,0.982
62.201491,30,3565.753415,True,0.982
59.558457,24,3566.84099,True,0.982
63.64943,40,3568.50799,True,0.982
60.312513,25,3569.641235,True,0.982
63.773365,82,3573.365997,True,0.982
57.144961,67,3576.378327,True,0.982
60.465051,23,3577.411131,True,0.982
58.413112,88,3581.346977,True,0.982
62.587367,33,3582.751018,True,0.982
60.980161,25,3583.893578,True,0.982
55.355673,14,3584.511326,True,0.982
61.726834,82,3588.226407,True,0.982
60.508916,28,3589.503573,True,0.982
60.320776,74,3592.85364,True,0.982
59.879664,25,3593.97112,True,0.982
65.216376,123,3599.569114,True,0.982
54.969021,16,3600.318091,True,0.982
60.698694,78,3603.933069,True,0.982
56.402266,72,3607.300766,True,0.982
62.938403,28,3608.543863,True,0.982
64.046365,101,3613.032068,True,0.982
57.38467,36,3614.706299,True,0.982
1.582063,106,3619.603964,False,0.982
59.808056,21,3620.520256,True,0.982
57.365882,21,3621.48918,True,0.982
65.346971,81,3625.059705,True,0.982
66.971876,45,3627.061606,True,0.982
60.811316,26,3628.202672,True,0.982
60.122448,46,3630.290856,True,0.982
59.280231,25,3631.374657,True,0.982
60.938371,44,3633.401978,True,0.982
4.639655,183,3641.274364,False,0.982
62.218142,29,3642.630028,True,0.982
55.829024,12,3643.175793,True,0.982
55.90572,13,3643.741602,True,0.982
61.717457,28,3644.945946,True,0.982
57.948411,51,3655.109983,True,0.984
62.518295,27,3656.350871,True,0.984
69.156394,108,3661.198255,True,0.984
59.850337,28,3662.450501,True,0.984
51.980298,66,3665.495189,True,0.984
59.735289,33,3666.956881,True,0.984
63.504002,30,3668.261288,True,0.984
64.296414,84,3671.972973,True,0.984
58.431282,29,3673.269442,True,0.984
61.35789,32,3674.660846,True,0.984
60.396392,27,3675.879934,True,0.984
63.005097,28,3677.100187,True,0.984
60.672575,87,3681.007062,True,0.984
60.467419,92,3685.088448,True,0.984
59.775601,40,3686.848845,True,0.984
58.413648,22,3687.810592,True,0.984
61.744776,27,3688.96349,True,0.984
50.952539,2,3689.061547,True,0.984
60.715932,27,3690.267742,True,0.984
57.933716,31,3691.662514,True,0.984
57.853654,80,3695.27566,True,0.984
58.38628,26,3696.451109,True,0.984
62.132126,96,3700.620522,True,0.984
61.798872,27,3701.842905,True,0.984
62.988011,30,3703.15874,True,0.984
63.210646,30,3704.473368,True,0.984
60.295269,24,3705.633898,True,0.984
63.88349,160,3712.938705,True,0.984
55.859323,70,3716.188163,True,0.984
61.873012,26,3717.302951,True,0.984
63.671318,34,3718.776684,True,0.984
64.813338,104,3723.396458,True,0.984
54.968941,55,3725.905586,True,0.984
57.317509,70,3729.150421,True,0.984
58.693459,30,3730.517796,True,0.984
61.733647,26,3731.665331,True,0.984
65.086075,100,3736.152026,True,0.984
58.825253,25,3737.287857,True,0.984
63.303632,31,3738.691804,True,0.984
57.780029,20,3739.583554,True,0.984
57.899483,26,3740.772411,True,0.984
63.126818,92,3744.848184,True,0.984
54.230575,11,3745.340163,True,0.984
58.526695,82,3756.73923,True,0.984
61.804782,24,3757.827586,True,0.984
54.085639,10,3758.304899,True,0.984
60.135002,28,3759.582461,True,0.984
60.976587,32,3761.008424,True,0.984
59.555918,27,3762.188957,True,0.984
59.057506,25,3763.316402,True,0.984
59.33283,89,3767.31151,True,0.984
58.44095,78,3770.888939,True,0.984
58.089826,37,3772.538117,True,0.984
53.787449,12,3773.111396,True,0.984
55.656977,14,3773.757386,True,0.984
58.342629,81,3777.441971,True,0.984
52.431207,54,3779.946225,True,0.984
63.843483,50,3782.280194,True,0.984
61.6489,23,3783.275484,True,0.984
59.986597,86,3787.110465,True,0.984
63.770985,108,3791.920735,True,0.984
61.162389,92,3796.115176,True,0.984
61.114612,26,3797.25485,True,0.984
59.569291,87,3801.224255,True,0.984
64.47572,34,3802.720965,True,0.984
67.501688,74,3806.129029,True,0.984
63.999201,103,3810.792947,True,0.984
64.564252,36,3812.41402,True,0.984
56.052614,21,3813.418611,True,0.984
63.988078,32,3814.885921,True,0.984
55.502461,14,3815.532082,True,0.984
56.111874,20,3816.462688,True,0.984
57.719593,27,3817.703405,True,0.984
59.773996,22,3818.694422,True,0.984
57.030374,32,3820.186264,True,0.984
57.078994,25,3821.29652,True,0.984
56.734383,18,3822.124548,True,0.984
61.083645,32,3823.58397,True,0.984
62.218686,94,3827.823416,True,0.984
61.754056,24,3828.890614,True,0.984
64.54247,123,3834.400201,True,0.986
56.854095,16,3835.142551,True,0.986
55.971139,15,3835.844146,True,0.986
64.660653,66,3838.923095,True,0.986
56.776261,17,3839.700248,True,0.986
53.301753,9,3840.124915,True,0.986
54.10768,63,3843.06902,True,0.986
64.054548,33,3844.565128,True,0.986
62.336732,114,3856.955175,True,0.986
59.417099,71,3860.184505,True,0.986
53.335741,119,3865.628767,True,0.986
56.570512,95,3869.989045,True,0.986
64.656181,34,3871.512771,True,0.986
56.123525,188,3880.007179,True,0.986
60.632717,30,3881.344827,True,0.986
66.215872,40,3883.099219,True,0.986
56.426652,108,3888.022274,True,0.986
63.265028,103,3892.638648,True,0.986
56.709126,122,3898.074451,True,0.986
59.977811,114,3903.293292,True,0.986
63.082268,31,3904.740519,True,0.986
63.671872,87,3908.698013,True,0.986
56.864326,107,3913.574627,True,0.986
56.693888,18,3914.434153,True,0.986
62.984058,93,3918.535993,True,0.986
56.932976,99,3922.973244,True,0.986
61.12173,41,3924.812057,True,0.986
57.746952,56,3927.34513,True,0.986
59.267685,20,3928.228149,True,0.986
67.189678,42,3930.112337,True,0.986
61.540892,23,3931.131952,True,0.986
61.082231,93,3935.340194,True,0.986
55.674307,103,3939.976439,True,0.986
63.238668,81,3943.755727,True,0.986
57.277259,89,3956.147426,True,0.986
-31.482302,75,3959.541662,False,0.986
53.597446,9,3959.951016,True,0.986
-9.168972,51,3962.307203,False,0.986
61.075119,132,3968.282159,True,0.986
63.479543,98,3972.739977,True,0.986
52.976202,6,3973.041532,True,0.986
57.140962,137,3979.26317,True,0.986
52.720519,6,3979.551987,True,0.986
63.427791,28,3980.787697,True,0.986
60.238103,163,3988.166474,True,0.986
63.880515,52,3990.499892,True,0.986
64.510207,98,3994.876334,True,0.986
60.129833,106,3999.533743,True,0.986
61.796968,25,4000.629519,True,0.986
61.49507,27,4001.823505,True,0.986
62.759851,28,4003.08165,True,0.986
-20.385599,58,4005.625294,False,0.986
58.029673,92,4009.745609,True,0.986
58.411104,17,4010.524159,True,0.986
53.612348,9,4010.944648,True,0.986
59.286461,53,4013.362775,True,0.986
57.73883,23,4014.382286,True,0.986
53.568654,7,4014.708977,True,0.986
59.108755,20,4015.555599,True,0.986
60.073291,21,4016.511716,True,0.986
63.112936,228,4026.917442,True,0.986
59.465488,134,4032.989375,True,0.986
60.122303,25,4034.092957,True,0.986
57.700067,157,4041.190965,True,0.986
0.570581,54,4043.647961,False,0.986
62.658971,123,4058.784619,True,0.986
54.401325,86,4062.741454,True,0.986
62.032004,28,4064.039709,True,0.986
53.244249,9,4064.460507,True,0.986
53.929327,10,4064.937279,True,0.986
60.624168,93,4069.245608,True,0.986
61.406439,24,4070.309672,True,0.986
63.977843,120,4075.783025,True,0.986
52.577217,51,4078.149774,True,0.986
63.355551,33,4079.732785,True,0.986
53.746382,8,4080.104998,True,0.986
57.63945,87,4084.100542,True,0.986
-7.184868,123,4089.541955,False,0.986
56.912384,17,4090.326522,True,0.986
63.588331,31,4091.679669,True,0.986
63.32951,49,4093.867231,True,0.986
61.401314,107,4098.812816,True,0.986
57.223716,41,4100.712277,True,0.986
57.690476,101,4105.311144,True,0.986
62.173721,30,4106.697745,True,0.986
59.40277,29,4108.012003,True,0.986
60.268411,97,4112.377457,True,0.986
64.873056,103,4117.142107,True,0.986
60.490776,23,4118.241924,True,0.986
59.069765,87,4122.254602,True,0.986
63.937865,104,4126.883371,True,0.986
57.019371,88,4130.913153,True,0.986
66.764052,118,4136.280222,True,0.986
61.714438,31,4137.687752,True,0.986
56.712814,17,4138.511689,True,0.986
56.570886,96,4142.863292,True,0.986
62.20367,67,4145.84632,True,0.986
-0.922237,104,4158.453353,False,0.986
53.542874,9,4158.865638,True,0.986
62.955438,32,4160.235599,True,0.986
62.010413,128,4165.81087,True,0.986
-5.150248,175,4173.576986,False,0.986
65.211306,122,4178.81576,True,0.986
57.840121,118,4183.994884,True,0.986
56.944012,99,4188.320068,True,0.986
52.935483,111,4193.22037,True,0.986
63.460542,111,4198.17102,True,0.986
55.864749,76,4201.513757,True,0.986
57.56642,35,4203.125993,True,0.986
56.191327,16,4203.852183,True,0.986
57.760645,64,4206.742252,True,0.986
57.882723,100,4211.12928,True,0.986
64.799739,37,4212.799766,True,0.986
59.490404,86,4216.585087,True,0.986
68.119653,97,4220.887642,True,0.986
59.152937,30,4222.173667,True,0.986
58.577707,24,4223.245148,True,0.986
60.710112,41,4225.118373,True,0.986
7.340231,49,4227.268355,False,0.986
60.304771,25,4228.414528,True,0.986
59.819713,107,4233.245707,True,0.986
61.211933,25,4234.326649,True,0.986
58.976181,33,4235.801178,True,0.986
64.528373,38,4237.403295,True,0.986
57.427608,26,4238.557686,True,0.986
61.546967,103,4243.010051,True,0.986
64.674479,101,4247.587909,True,0.986
62.974155,95,4260.174639,True,0.986
59.837764,21,4261.123231,True,0.986
63.023739,31,4262.455697,True,0.986
60.235704,30,4263.783495,True,0.986
58.670587,87,4267.698884,True,0.986
59.000412,21,4268.639211,True,0.986
56.758124,32,4270.060787,True,0.986
61.136268,101,4274.621832,True,0.986
61.75505,29,4275.899595,True,0.986
59.885442,109,4280.816175,True,0.986
53.858446,10,4281.281997,True,0.986
60.838682,99,4285.794861,True,0.986
62.310375,34,4287.557911,True,0.986
58.716591,19,4288.399404,True,0.986
53.657461,81,4292.132836,True,0.986
59.106187,22,4293.125677,True,0.986
64.953452,158,4300.385756,True,0.986
58.281793,19,4301.251368,True,0.986
58.525619,87,4305.177582,True,0.986
61.137795,114,4310.287713,True,0.986
56.913364,94,4314.544194,True,0.986
68.700288,81,4318.249146,True,0.986
63.154174,86,4322.175418,True,0.986
55.261197,145,4328.751858,True,0.986
62.801499,29,4330.021353,True,0.986
57.49591,16,4330.732954,True,0.986
-4.31828,121,4336.130603,False,0.986
57.378472,77,4339.615114,True,0.986
55.40262,12,4340.151366,True,0.986
-3.496252,51,4342.422365,False,0.986
63.217484,171,4358.638154,True,0.986
54.952162,15,4359.329342,True,0.986
60.921666,28,4360.557929,True,0.986
61.250366,32,4361.976283,True,0.986
52.712663,6,4362.259286,True,0.986
60.848585,24,4363.310135,True,0.986
65.750316,58,4365.890362,True,0.986
68.468422,82,4369.586863,True,0.986
56.104458,90,4373.59811,True,0.986
54.259798,78,4377.130229,True,0.986
61.518257,107,4381.922005,True,0.986
57.31733,99,4386.33729,True,0.986
65.967437,166,4393.911134,True,0.986
61.314718,32,4395.317954,True,0.986
60.973842,33,4396.787393,True,0.986
60.302148,23,4397.843727,True,0.986
61.761966,26,4398.977075,True,0.986
55.228002,17,4399.764229,True,0.986
59.082317,20,4400.655009,True,0.986
59.632494,20,4401.557678,True,0.986
60.305588,79,4405.044571,True,0.986
62.36691,26,4406.164934,True,0.986
57.459645,27,4407.388686,True,0.986
57.904494,22,4408.356994,True,0.986
61.440578,26,4409.509162,True,0.986
58.314456,20,4410.400346,True,0.986
58.828121,23,4411.473827,True,0.986
59.125625,26,4412.696449,True,0.986
66.201742,55,4415.069398,True,0.986
60.545062,88,4419.055721,True,0.986
58.640649,35,4420.598278,True,0.986
60.411287,23,4421.609102,True,0.986
64.051917,37,4423.227907,True,0.986
61.022461,85,4426.983623,True,0.986
61.877217,56,4429.553403,True,0.986
62.35187,33,4431.01524,True,0.986
55.041666,13,4431.620519,True,0.986
58.679476,44,4433.630131,True,0.986
59.331012,85,4437.387541,True,0.986
3.154751,45,4439.402685,False,0.986
64.758057,87,4443.309315,True,0.986
57.004209,106,4448.017362,True,0.986
58.061282,37,4449.685441,True,0.986
60.9281,26,4458.200858,True,0.986
62.001567,29,4459.480827,True,0.986
56.925906,17,4460.279755,True,0.986
58.325243,20,4461.17344,True,0.986
65.148415,36,4462.826856,True,0.986
57.070544,41,4464.641543,True,0.986
59.197551,77,4468.130406,True,0.986
54.569283,10,4468.6022,True,0.986
58.392761,20,4469.465172,True,0.986
58.10282,20,4470.392184,True,0.986
62.356727,38,4471.995535,True,0.986
65.951002,111,4476.973664,True,0.986
56.119558,18,4477.770577,True,0.986
61.919634,32,4479.191012,True,0.986
62.220377,32,4480.621118,True,0.986
56.096417,17,4481.387103,True,0.986
56.956965,17,4482.136416,True,0.986
66.14748,106,4486.839752,True,0.986
53.269346,80,4490.426116,True,0.986
60.65782,70,4493.633494,True,0.986
57.53732,66,4496.613513,True,0.986
59.805186,21,4497.589623,True,0.986
60.877647,28,4498.881254,True,0.986
63.717104,165,4506.131602,True,0.986
65.090637,48,4508.2654,True,0.986
51.807405,4,4508.472855,True,0.986
63.61134,59,4511.154146,True,0.986
56.8262,92,4515.258191,True,0.986
61.099606,97,4519.616094,True,0.986
64.3542,90,4523.577068,True,0.986
58.606127,22,4524.519598,True,0.986
59.739561,31,4525.94107,True,0.986
62.079732,90,4530.002973,True,0.986
62.278454,136,4536.103117,True,0.986
56.886221,104,4540.792725,True,0.988
53.221953,8,4541.191082,True,0.988
59.842605,32,4542.621432,True,0.988
65.572259,133,4548.479378,True,0.988
56.478022,79,4560.287963,True,0.988
60.622932,51,4562.600698,True,0.988
-13.297124,226,4572.848832,False,0.988
60.461016,29,4574.131336,True,0.988
55.165204,20,4575.055477,True,0.988
57.535101,47,4577.203126,True,0.988
56.940847,34,4578.754497,True,0.988
62.506043,26,4579.90271,True,0.988
59.143181,20,4580.822834,True,0.988
62.484854,92,4584.942787,True,0.988
60.31994,45,4587.00151,True,0.988
61.821034,31,4588.394575,True,0.988
1.709549,117,4593.597031,False,0.988
57.68105,29,4594.922573,True,0.988
59.164614,40,4596.70915,True,0.988
58.368998,19,4597.545652,True,0.988
57.486454,21,4598.48983,True,0.988
55.431712,15,4599.154982,True,0.988
62.686351,109,4603.99815,True,0.988
58.27233,22,4605.000134,True,0.988
60.789177,29,4606.329882,True,0.988
-7.619511,65,4609.134726,False,0.988
58.722584,38,4610.821607,True,0.988
60.578242,100,4615.337093,True,0.988
60.447956,54,4617.797135,True,0.988
59.21718,354,4633.79247,True,0.988
50.212003,68,4636.936761,True,0.988
59.213471,113,4642.104915,True,0.988
57.950154,18,4642.917867,True,0.988
60.627368,23,4643.987457,True,0.988
62.120106,33,4645.483625,True,0.988
62.105206,28,4646.787601,True,0.988
59.656329,27,4647.973963,True,0.988
62.681125,89,4661.205466,True,0.988
60.351046,170,4668.899871,True,0.988
64.694363,136,4675.19673,True,0.988
54.879917,13,4675.793811,True,0.988
61.793007,104,4680.490247,True,0.988
59.82662,32,4681.970734,True,0.988
59.526614,31,4683.369813,True,0.988
58.088242,22,4684.41527,True,0.988
62.337704,29,4685.732933,True,0.988
59.721563,33,4687.254831,True,0.988
53.321596,10,4687.738751,True,0.988
60.862998,28,4689.023325,True,0.988
57.327534,19,4689.90682,True,0.988
59.614208,87,4693.935859,True,0.988
64.598128,36,4695.580427,True,0.988
55.936341,13,4696.176326,True,0.988
56.48704,28,4697.467193,True,0.988
-13.576153,140,4703.811664,False,0.988
58.635916,29,4705.126817,True,0.988
4.860029,99,4709.74414,False,0.988
53.9003,32,4711.194629,True,0.988
62.999251,128,4717.074057,True,0.988
68.407534,97,4721.628189,True,0.988
60.862007,27,4722.850216,True,0.988
64.62859,43,4724.685357,True,0.988
61.346747,34,4726.233766,True,0.988
58.25943,18,4727.051738,True,0.988
56.358382,25,4728.211676,True,0.988
61.108337,32,4729.722933,True,0.988
59.328537,30,4731.126599,True,0.988
62.05168,36,4732.782553,True,0.988
64.861604,193,4741.631728,True,0.988
63.889073,75,4745.096788,True,0.988
60.18315,92,4749.239836,True,0.988
64.551341,76,4752.737171,True,0.988
54.235512,12,4762.21043,True,0.988
63.164398,167,4769.833146,True,0.988
59.708087,113,4774.918182,True,0.988
0.139556,101,4779.51833,False,0.988
64.65418,40,4781.329866,True,0.988
62.175195,32,4782.769318,True,0.988
62.741968,76,4786.20852,True,0.988
60.369093,23,4787.246816,True,0.988
56.013772,99,4791.742515,True,0.988
1.358469,79,4795.31392,False,0.988
60.62375,63,4798.215273,True,0.988
66.195523,80,4801.951839,True,0.988
0.716471,55,4804.371705,False,0.988
58.702754,55,4806.838263,True,0.988
-17.954362,73,4810.09189,False,0.988
62.523256,32,4811.467005,True,0.988
61.907854,46,4813.590019,True,0.988
65.149535,46,4815.657912,True,0.988
-1.231782,75,4819.042937,False,0.988
56.858765,98,4823.452427,True,0.988
56.261569,16,4824.166349,True,0.988
60.098172,80,4827.746161,True,0.988
-1.370029,51,4830.10705,False,0.988
57.544742,19,4830.988346,True,0.988
54.942313,18,4831.807899,True,0.988
60.964887,26,4832.940265,True,0.988
53.909053,10,4833.425918,True,0.988
63.23267,106,4838.220387,True,0.988
61.306347,35,4839.777558,True,0.988
63.98317,39,4841.496498,True,0.988
59.513547,150,4848.360432,True,0.988
-28.304556,74,4851.750582,False,0.988
64.390944,41,4853.566458,True,0.988
58.341443,22,4862.25023,True,0.988
58.52923,29,4863.553267,True,0.988
58.212027,25,4864.664258,True,0.988
58.415705,148,4871.615796,True,0.988
70.098237,120,4876.863298,True,0.988
62.132599,35,4878.479463,True,0.988
65.446615,116,4883.661384,True,0.988
50.342214,1,4883.722007,True,0.988
58.864531,48,4885.905866,True,0.988
61.951667,27,4887.076053,True,0.988
57.394153,89,4891.078558,True,0.988
59.227864,26,4892.236359,True,0.988
54.843134,14,4892.868897,True,0.988
65.373657,48,4895.019901,True,0.988
56.76326,21,4895.976003,True,0.988
55.751095,14,4896.641481,True,0.988
0.238651,120,4902.046847,False,0.988
61.836035,37,4903.685037,True,0.988
68.615618,91,4907.725367,True,0.988
59.577837,95,4911.93385,True,0.988
53.951225,16,4912.63311,True,0.988
57.220118,20,4913.514401,True,0.988
58.766914,34,4915.057545,True,0.988
59.270847,22,4916.007936,True,0.988
55.930582,20,4916.888224,True,0.988
62.638166,31,4918.236324,True,0.988
56.77663,19,4919.0696,True,0.988
55.33606,82,4922.591269,True,0.988
60.784996,97,4926.869557,True,0.988
60.559434,120,4932.110414,True,0.988
62.23603,28,4933.320958,True,0.988
55.409448,15,4933.990175,True,0.988
63.197162,31,4935.335581,True,0.988
61.407872,116,4940.505259,True,0.988
54.028165,95,4944.767479,True,0.988
58.081396,17,4945.505427,True,0.988
54.712492,13,4946.083396,True,0.988
64.839241,42,4947.909603,True,0.988
59.116458,65,4950.902114,True,0.988
60.481911,28,4952.132334,True,0.988
-3.164549,214,4969.887722,False,0.988
59.767892,23,4970.915794,True,0.988
63.476294,33,4972.357299,True,0.988
58.461334,100,4976.771494,True,0.988
67.606447,130,4982.518013,True,0.988
53.207218,9,4982.927835,True,0.988
54.216696,11,4983.467871,True,0.988
55.236327,106,4988.227898,True,0.988
56.856853,32,4989.63486,True,0.988
58.312309,24,4990.707127,True,0.988
68.696178,49,4992.942495,True,0.988
56.784496,26,4994.10519,True,0.988
59.953017,115,4999.238872,True,0.988
59.708685,25,5000.315881,True,0.988
64.70647,41,5002.139475,True,0.988
61.074358,28,5003.346493,True,0.988
59.631874,36,5004.972875,True,0.988
61.973959,39,5006.702091,True,0.988
56.318769,91,5010.901181,True,0.988
64.669417,34,5012.45736,True,0.988
64.786341,37,5014.119171,True,0.988
59.072457,33,5015.616848,True,0.988
56.247972,32,5017.025915,True,0.988
60.44829,36,5018.670155,True,0.988
57.947754,32,5020.084342,True,0.988
58.330156,108,5025.006301,True,0.988
60.16928,92,5029.206597,True,0.988
58.57145,23,5030.263333,True,0.988
59.984983,25,5031.331062,True,0.988
60.003491,21,5032.287885,True,0.988
60.107543,27,5033.508484,True,0.988
55.296453,17,5034.320405,True,0.988
63.070314,58,5036.9314,True,0.988
52.976786,10,5037.392958,True,0.988
57.72,20,5038.308194,True,0.988
55.872469,23,5039.358161,True,0.988
62.656981,61,5042.151407,True,0.988
54.113899,64,5045.141378,True,0.988
61.585959,28,5046.400026,True,0.988
63.502408,107,5051.270097,True,0.99
59.552883,127,5064.586943,True,0.99
66.072999,122,5070.090194,True,0.99
58.725412,21,5071.053818,True,0.99
-15.992064,65,5073.978389,False,0.99
60.447131,67,5076.971762,True,0.99
61.812035,27,5078.165081,True,0.99
62.351855,33,5079.603669,True,0.99
59.991641,48,5081.762726,True,0.99
59.62611,34,5083.304131,True,0.99
57.85094,21,5084.263536,True,0.99
57.27504,24,5085.372418,True,0.99
61.741823,44,5087.375546,True,0.99
55.879523,16,5088.101142,True,0.99
61.221969,33,5089.52938,True,0.99
61.697074,35,5091.089497,True,0.99
63.114048,28,5092.358926,True,0.99
56.301926,108,5097.292221,True,0.99
57.530722,21,5098.253373,True,0.99
53.677426,10,5098.750273,True,0.99
62.46635,30,5100.132356,True,0.99
56.010887,28,5101.396114,True,0.99
58.521191,131,5107.20655,True,0.99
64.082689,33,5108.655533,True,0.99
61.36255,29,5109.927815,True,0.99
60.178613,147,5116.518331,True,0.99
55.631173,15,5117.230677,True,0.99
62.600078,45,5119.110425,True,0.99
55.475392,16,5119.871347,True,0.99
56.511328,20,5120.761421,True,0.99
61.643413,63,5123.610132,True,0.99
-8.323311,53,5125.90396,False,0.99
61.177153,29,5127.204014,True,0.99
62.219272,28,5128.42259,True,0.99
59.11801,34,5129.931317,True,0.99
61.566367,74,5133.268175,True,0.99
63.86412,34,5134.815975,True,0.99
59.533979,24,5135.885928,True,0.99
60.724571,137,5141.902683,True,0.99
-23.732764,208,5151.186821,False,0.99
-29.386184,77,5162.481777,False,0.99
66.208649,127,5168.066621,True,0.99
63.295507,31,5169.404049,True,0.99
67.379673,124,5174.921376,True,0.99
-7.233686,53,5177.212495,False,0.99
61.60746,125,5182.756289,True,0.99
56.359685,23,5183.769377,True,0.99
0.77444,127,5189.396327,False,0.99
59.660975,44,5191.339966,True,0.99
0.913625,86,5195.128452,False,0.99
66.805756,161,5202.271696,True,0.99
62.035135,29,5203.531042,True,0.99
57.99339,30,5204.923652,True,0.99
-24.154315,352,5220.711831,False,0.99
-7.625973,160,5227.985005,False,0.99
55.895337,15,5228.679323,True,0.99
55.707613,14,5229.300211,True,0.99
63.193211,36,5230.839517,True,0.99
55.778905,14,5231.501127,True,0.99
64.89231,242,5242.273459,True,0.99
58.007145,24,5243.379681,True,0.99
-30.082635,69,5246.489408,False,0.99
-6.033894,45,5248.459108,False,0.99
59.443492,20,5249.365826,True,0.99
-18.755316,83,5263.285403,False,0.99
-19.416747,33,5264.762333,False,0.99
-10.335325,40,5266.516872,False,0.99
64.129493,34,5268.046586,True,0.99
-8.288824,36,5269.642925,False,0.99
55.223161,11,5270.138211,True,0.99
-17.358648,37,5271.797323,False,0.99
61.689159,25,5272.917758,True,0.99
-15.420051,38,5274.65369,False,0.99
-26.655775,38,5276.388792,False,0.99
-18.92511,39,5278.133454,False,0.99
53.523111,11,5278.65297,True,0.99
58.471017,18,5279.451718,True,0.99
58.969976,22,5280.433527,True,0.99
-16.100134,47,5282.585798,False,0.99
-30.144589,47,5284.6477,False,0.99
-10.42221,34,5286.231352,False,0.99
-16.371609,50,5288.421995,False,0.99
-9.037597,36,5290.030929,False,0.99
-10.59784,32,5291.478526,False,0.99
58.230495,18,5292.298719,True,0.99
59.883743,24,5293.376375,True,0.99
61.589023,27,5294.594524,True,0.99
-23.90072,36,5296.258695,False,0.99
-5.902144,37,5297.850342,False,0.99
-12.156899,36,5299.441244,False,0.99
55.078247,16,5300.185868,True,0.99
-11.1704,38,5301.851238,False,0.99
57.478741,16,5302.606463,True,0.99
-17.329514,46,5304.660859,False,0.99
62.768039,30,5306.005833,True,0.99
58.335874,19,5306.872558,True,0.99
53.859031,9,5307.287558,True,0.99
-19.366855,36,5308.940937,False,0.99
-12.915996,37,5310.603719,False,0.99
-9.824878,41,5312.422922,False,0.99
-26.233671,43,5314.341013,False,0.99
54.435466,12,5314.933011,True,0.99
-11.402388,34,5316.507611,False,0.99
-24.864886,57,5319.083015,False,0.99
-10.05095,34,5320.596894,False,0.99
56.068355,14,5321.24949,True,0.99
55.93141,13,5321.893242,True,0.99
60.689565,24,5322.974397,True,0.99
64.681479,38,5324.660606,True,0.99
55.109953,12,5325.205799,True,0.99
-14.01942,41,5327.077678,False,0.99
-26.55462,42,5328.981429,False,0.99
-12.607361,40,5330.817219,False,0.99
53.915497,10,5331.285228,True,0.99
-8.780762,37,5332.947927,False,0.99
57.704311,17,5333.709132,True,0.99
-3.681017,33,5335.228914,False,0.99
-26.069921,40,5337.048423,False,0.99
54.132067,12,5337.605964,True,0.99
63.690113,34,5339.112187,True,0.99
55.315554,13,5339.740632,True,0.99
-13.036757,45,5341.645807,False,0.99
-28.502665,45,5343.751816,False,0.99
58.642874,22,5344.734318,True,0.99
0.846484,41,5346.615004,False,0.99
-7.753348,40,5348.376614,False,0.99
60.122529,24,5349.471236,True,0.99
59.093859,25,5350.619106,True,0.99
-8.940694,37,5352.213054,False,0.99
-6.646369,36,5353.772343,False,0.99
-26.326524,35,5359.327136,False,0.99
64.077764,31,5360.735924,True,0.99
-8.099178,40,5362.581999,False,0.99
58.470219,19,5363.437421,True,0.99
-20.817113,46,5365.530502,False,0.99
-10.280071,40,5367.233441,False,0.99
58.256689,20,5368.132233,True,0.99
-6.512527,38,5369.859724,False,0.99
61.906656,27,5371.079649,True,0.99
-11.562896,41,5372.901689,False,0.99
-6.861176,36,5374.436949,False,0.99
-6.810676,38,5376.204745,False,0.99
61.548532,24,5377.303941,True,0.99
-0.066443,45,5379.32065,False,0.99
-7.945633,43,5381.212966,False,0.99
60.291499,24,5382.264496,True,0.99
-7.765668,43,5384.125615,False,0.99
-2.446222,33,5385.539724,False,0.99
56.874137,15,5386.217658,True,0.99
-21.934809,51,5388.507938,False,0.99
58.352424,18,5389.344351,True,0.99
57.455765,16,5390.063986,True,0.99
-1.42137,36,5391.69799,False,0.99
-10.711135,35,5393.259019,False,0.99
50.516462,1,5393.319259,True,0.99
-24.55157,33,5394.797904,False,0.99
-25.086935,37,5396.47345,False,0.99
57.105594,16,5397.196023,True,0.99
59.906632,25,5398.310771,True,0.99
60.188781,21,5399.251365,True,0.99
-16.93215,41,5401.06193,False,0.99
-13.568086,42,5402.943688,False,0.99
-19.032421,51,5405.297224,False,0.99
-2.78379,33,5406.768287,False,0.99
53.90328,9,5407.215771,True,0.99
60.517921,24,5408.291527,True,0.99
58.492941,18,5409.166661,True,0.99
-21.112274,53,5411.54507,False,0.99
-2.884457,35,5413.16668,False,0.99
56.597492,15,5413.86515,True,0.99
59.85765,24,5414.963306,True,0.99
-10.268821,36,5416.534803,False,0.99
-8.788903,41,5418.321371,False,0.99
-9.012603,43,5420.199006,False,0.99
-20.340074,40,5421.962372,False,0.99
50.23492,1,5422.022784,True,0.99
52.209647,5,5422.267437,True,0.99
54.215593,9,5422.679598,True,0.99
-4.727928,35,5424.264891,False,0.99
-4.473737,39,5426.025959,False,0.99
-22.0758,45,5428.07024,False,0.99
62.907146,30,5429.470836,True,0.99
-9.394327,47,5431.550953,False,0.99
-14.538479,40,5433.41501,False,0.99
63.655472,31,5434.791045,True,0.99
-20.216086,47,5436.858352,False,0.99
-16.719402,52,5439.152503,False,0.99
61.813241,31,5440.521039,True,0.99
53.582976,12,5441.075011,True,0.99
-6.290888,39,5442.793045,False,0.99
-25.696971,41,5444.654408,False,0.99
-27.604251,48,5446.869315,False,0.99
-8.121948,52,5449.33133,False,0.99
57.370589,22,5450.326293,True,0.99
-9.06646,43,5456.573249,False,0.99
63.157851,30,5457.963226,True,0.99
-11.75942,37,5459.684178,False,0.99
-7.466922,34,5461.199535,False,0.99
-15.613286,47,5463.334505,False,0.99
-10.960803,42,5465.155587,False,0.99
-2.441341,40,5466.945813,False,0.99
56.661048,18,5467.777442,True,0.99
58.402944,17,5468.581191,True,0.99
1.222416,35,5470.187944,False,0.99
61.473315,24,5471.262143,True,0.99
60.718063,24,5472.366195,True,0.99
-6.110524,39,5474.120428,False,0.99
-23.02802,38,5475.854105,False,0.99
53.6676,10,5476.31834,True,0.99
-8.225966,32,5477.778826,False,0.99
-21.915522,43,5479.683197,False,0.99
61.9882,30,5480.995519,True,0.99
61.089008,27,5482.231905,True,0.99
-6.604423,34,5483.715966,False,0.99
58.829857,18,5484.523761,True,0.99
-4.68119,33,5486.025146,False,0.99
59.519872,20,5486.936124,True,0.99
-4.879971,38,5488.654854,False,0.99
-22.325464,36,5490.300006,False,0.99
61.944829,26,5491.442593,True,0.99
56.585309,16,5492.194888,True,0.99
-6.89035,39,5493.958856,False,0.99
-12.554829,32,5495.41132,False,0.99
-4.589983,38,5497.124437,False,0.99
55.417635,12,5497.690066,True,0.99
62.576107,30,5499.066185,True,0.99
-29.081529,44,5501.037822,False,0.99
-18.045964,40,5502.862059,False,0.99
-13.211558,39,5504.6162,False,0.99
57.833209,24,5505.676954,True,0.99
-22.822418,33,5507.203775,False,0.99
60.566048,27,5508.403549,True,0.99
-16.596463,37,5510.071165,False,0.99
-15.911988,32,5511.43978,False,0.99
62.709359,30,5512.835016,True,0.99
-15.933937,35,5514.442906,False,0.99
-8.451547,35,5516.006292,False,0.99
55.895725,13,5516.595383,True,0.99
-27.025621,40,5518.410662,False,0.99
54.615851,10,5518.847884,True,0.99
-10.622287,37,5520.496526,False,0.99
1.138629,34,5522.069985,False,0.99
-13.68887,35,5523.687146,False,0.99
59.793856,19,5524.61078,True,0.99
-14.502363,35,5526.173815,False,0.99
60.763211,25,5527.297247,True,0.99
-28.399191,42,5529.174402,False,0.99
-5.757483,35,5530.722102,False,0.99
-12.497556,48,5532.781448,False,0.99
61.260172,25,5533.91299,True,0.99
59.196091,22,5534.866099,True,0.99
-27.65572,41,5536.751916,False,0.99
-16.75886,37,5538.459226,False,0.99
62.890369,28,5539.703484,True,0.99
59.882214,24,5540.74773,True,0.99
59.137232,24,5541.847089,True,0.99
54.73359,10,5542.342245,True,0.99
-25.635447,46,5544.370701,False,0.99
58.812364,21,5545.320017,True,0.99
-27.21103,38,5546.979222,False,0.99
-21.471448,35,5552.284235,False,0.99
62.425393,27,5553.488853,True,0.99
-18.673237,51,5555.738197,False,0.99
-12.474971,39,5557.49015,False,0.99
-9.484565,41,5559.35234,False,0.99
-15.901137,41,5561.176286,False,0.99
-14.364507,39,5562.910009,False,0.99
-12.845534,40,5564.718978,False,0.99
61.197696,24,5565.786207,True,0.99
60.222696,23,5566.864773,True,0.99
53.187096,7,5567.182792,True,0.99
-7.499641,40,5568.992845,False,0.99
57.08086,14,5569.628123,True,0.99
-5.826732,33,5571.098273,False,0.99
-12.36593,37,5572.754695,False,0.99
56.790181,15,5573.434445,True,0.99
59.84987,20,5574.31164,True,0.99
-24.878601,35,5575.908747,False,0.99
50.217051,1,5575.965175,True,0.99
-26.089269,40,5577.760403,False,0.99
-15.235972,36,5579.393048,False,0.99
-27.460958,39,5581.162344,False,0.99
-13.990612,43,5583.065217,False,0.99
-2.227448,34,5584.669436,False,0.99
-12.629739,33,5586.130106,False,0.99
-8.504904,33,5587.623688,False,0.99
-11.299233,37,5589.59039,False,0.99
-26.227392,42,5591.451969,False,0.99
-5.811273,48,5593.597384,False,0.99
-26.13206,37,5595.296668,False,0.99
-18.638856,35,5596.886637,False,0.99
-19.352061,46,5598.923326,False,0.99
60.391038,22,5599.906915,True,0.99
-8.608513,35,5601.420826,False,0.99
-6.522803,37,5603.003971,False,0.99
-26.222734,37,5604.649467,False,0.99
-23.695473,53,5607.067239,False,0.99
-25.639031,34,5608.546297,False,0.99
-5.847831,33,5609.961098,False,0.99
59.328986,24,5611.040654,True,0.99
-2.795883,38,5612.718231,False,0.99
55.423395,12,5613.290312,True,0.99
56.345743,16,5614.021605,True,0.99
63.360797,31,5615.361974,True,0.99
63.370211,30,5616.690544,True,0.99
-2.013344,37,5618.36102,False,0.99
62.464793,29,5619.62976,True,0.99
61.141215,30,5620.968666,True,0.99
-25.616621,37,5622.639489,False,0.99
-18.451454,38,5624.345172,False,0.99
-2.604179,42,5626.284075,False,0.99
-13.505001,39,5628.006353,False,0.99
-13.213591,36,5629.614599,False,0.99
-19.255616,37,5631.259563,False,0.99
59.46105,22,5632.205363,True,0.99
-17.536744,37,5633.888977,False,0.99
-28.306022,41,5635.760285,False,0.99
60.18257,20,5636.691077,True,0.99
54.917498,11,5637.23628,True,0.99
-14.099832,40,5639.053552,False,0.99
55.973608,15,5639.743616,True,0.99
-10.763725,35,5641.289201,False,0.99
-1.906083,37,5642.969375,False,0.99
-8.616266,36,5648.445982,False,0.99
59.0054,23,5649.4636,True,0.99
59.123429,21,5650.381475,True,0.99
-3.400177,32,5651.761806,False,0.99
59.744362,19,5652.610369,True,0.99
57.006494,16,5653.313465,True,0.99
-22.991066,38,5654.987273,False,0.99
-4.651999,37,5656.619928,False,0.99
52.19675,6,5656.91068,True,0.99
-22.339592,64,5659.733813,False,0.99
54.821725,10,5660.200105,True,0.99
-15.445222,35,5661.724151,False,0.99
-24.481608,38,5663.345131,False,0.99
-10.204741,43,5665.163253,False,0.99
-17.944268,40,5666.918053,False,0.99
-9.69245,37,5668.513995,False,0.99
62.085414,25,5669.59149,True,0.99
-2.566823,36,5671.166417,False,0.99
-8.028242,38,5672.801132,False,0.99
-10.217388,40,5674.517249,False,0.99
-20.352367,39,5676.260803,False,0.99
-22.625439,41,5678.021932,False,0.99
61.62389,24,5679.01106,True,0.99
-16.57827,43,5680.880003,False,0.99
-13.284029,41,5682.64394,False,0.99
-10.013917,43,5684.534732,False,0.99
-24.648794,57,5686.988663,False,0.99
55.359802,13,5687.591126,True,0.99
-4.095305,36,5689.166777,False,0.99
-3.940102,39,5690.823406,False,0.99
58.3741,21,5691.735163,True,0.99
58.858887,18,5692.495858,True,0.99
-18.923786,46,5694.469035,False,0.99
57.858015,21,5695.415998,True,0.99
-9.812448,40,5697.130113,False,0.99
-17.585768,43,5699.006867,False,0.99
-24.551032,35,5700.506382,False,0.99
-14.020943,39,5702.206082,False,0.99
-21.155134,53,5704.521055,False,0.99
-23.510149,32,5705.960538,False,0.99
-14.646183,36,5707.578159,False,0.99
-12.896396,32,5708.988343,False,0.99
-16.972727,40,5710.722636,False,0.99
-25.886044,59,5713.288575,False,0.99
63.211544,31,5714.654623,True,0.99
-10.18085,33,5716.097882,False,0.99
58.779949,20,5717.035191,True,0.99
62.294219,29,5718.326895,True,0.99
-28.196937,44,5720.319976,False,0.99
-0.065303,33,5721.72306,False,0.99
-28.804261,42,5723.551496,False,0.99
58.568014,26,5724.758813,True,0.99
-24.277923,39,5726.446811,False,0.99
-0.482811,33,5727.933659,False,0.99
-20.515445,51,5730.202184,False,0.99
-20.515284,42,5732.069413,False,0.99
55.287119,12,5732.591259,True,0.99
-9.898417,34,5734.108023,False,0.99
59.191106,21,5735.041603,True,0.99
-12.988688,40,5736.819538,False,0.99
59.640359,20,5742.047412,True,0.99
59.230435,22,5743.061937,True,0.99
-15.763455,33,5744.55232,False,0.99
57.807825,16,5745.262488,True,0.99
62.266496,29,5746.486343,True,0.99
59.737186,19,5747.336739,True,0.99
-4.5893,35,5748.836979,False,0.99
-25.366927,35,5750.391732,False,0.99
58.495318,21,5751.30578,True,0.99
-5.025807,40,5753.0619,False,0.99
-9.249755,41,5754.925762,False,0.99
-5.682825,37,5756.648513,False,0.99
-17.482184,35,5758.256526,False,0.99
-12.197313,34,5759.81584,False,0.99
59.973517,24,5760.940891,True,0.99
-10.579394,41,5762.720782,False,0.99
53.333925,11,5763.207357,True,0.99
60.535023,23,5764.247702,True,0.99
-18.129326,34,5765.737902,False,0.99
53.161198,7,5766.071563,True,0.99
-11.741483,37,5767.712765,False,0.99
-15.658537,41,5769.55441,False,0.99
-8.814928,37,5771.175386,False,0.99
-13.477006,35,5772.75774,False,0.99
-13.377097,40,5774.584935,False,0.99
-1.352748,40,5776.345308,False,0.99
-13.523743,40,5778.194675,False,0.99
-9.049743,35,5779.749592,False,0.99
-2.487876,37,5781.438248,False,0.99
53.940695,9,5781.86165,True,0.99
55.115513,13,5782.447792,True,0.99
-9.534675,35,5783.97426,False,0.99
56.363943,17,5784.730866,True,0.99
-9.026539,32,5786.126702,False,0.99
56.735338,17,5786.872563,True,0.99
54.77521,15,5787.526608,True,0.99
-29.583467,52,5789.82728,False,0.99
-26.840229,54,5792.268783,False,0.99
-14.541636,46,5794.236683,False,0.99
-0.788407,38,5795.981186,False,0.99
-18.564078,41,5797.819689,False,0.99
-27.448906,42,5799.698212,False,0.99
-13.653059,37,5801.313534,False,0.99
-26.50329,38,5802.94231,False,0.99
-2.142056,35,5804.476534,False,0.99
-15.371785,35,5806.00912,False,0.99
-24.672832,41,5807.796756,False,0.99
57.15428,18,5808.578293,True,0.99
-11.340088,39,5810.297092,False,0.99
-17.803871,41,5812.11279,False,0.99
54.849949,14,5812.750456,True,0.99
55.027685,14,5813.381934,True,0.99
60.293849,27,5814.546109,True,0.99
53.663328,9,5814.968869,True,0.99
-26.142191,35,5816.532526,False,0.99
57.731057,20,5817.431356,True,0.99
61.996199,27,5818.674646,True,0.99
62.649043,32,5820.070029,True,0.99
-18.971234,42,5821.918251,False,0.99
56.794422,19,5822.753099,True,0.99
56.44639,20,5823.608076,True,0.99
59.082264,21,5824.535158,True,0.99
-11.652056,39,5826.288639,False,0.99
-22.342064,42,5828.123724,False,0.99
-0.447575,46,5830.10403,False,0.99
-0.575812,32,5831.454226,False,0.99
-7.083594,39,5836.931486,False,0.99
-23.055396,52,5839.275455,False,0.99
61.067021,25,5840.362739,True,0.99
-5.817113,32,5841.725257,False,0.99
55.782031,16,5842.416282,True,0.99
52.489448,7,5842.732308,True,0.99
61.340943,26,5843.901717,True,0.99
53.528382,8,5844.297803,True,0.99
-17.276362,39,5846.030043,False,0.99
57.302859,19,5846.870889,True,0.99
-6.837275,32,5848.249779,False,0.99
-6.768168,40,5849.985112,False,0.99
-25.902414,34,5851.497608,False,0.99
-24.26116,39,5853.206879,False,0.99
-14.189531,46,5855.328829,False,0.99
-23.35214,34,5856.874509,False,0.99
62.483331,28,5858.085083,True,0.99
-5.048629,35,5859.624482,False,0.99
-16.046731,38,5861.308353,False,0.99
64.703956,32,5862.735787,True,0.99
61.532355,23,5863.73864,True,0.99
53.392271,8,5864.127251,True,0.99
-2.452362,36,5865.74965,False,0.99
55.024522,15,5866.430066,True,0.99
-26.963787,40,5868.228597,False,0.99
-18.708222,35,5869.789887,False,0.99
-8.187846,34,5871.329325,False,0.99
54.33272,13,5871.923554,True,0.99
-10.072904,58,5874.509033,False,0.99
-7.945397,41,5876.343214,False,0.99
-6.220106,38,5878.063815,False,0.99
59.272051,22,5879.049028,True,0.99
56.98334,15,5879.749392,True,0.99
-13.885701,34,5881.234751,False,0.99
-10.268506,40,5883.040089,False,0.99
58.319906,20,5883.933805,True,0.99
58.830496,18,5884.762825,True,0.99
-11.179335,39,5886.562193,False,0.99
-6.602829,38,5888.272775,False,0.99
-18.72818,33,5889.769995,False,0.99
57.566936,19,5890.633715,True,0.99
-16.073504,43,5892.573391,False,0.99
64.603716,32,5894.05576,True,0.99
63.437554,30,5895.431102,True,0.99
55.343901,12,5895.984641,True,0.99
56.663066,17,5896.759486,True,0.99
60.356938,24,5897.814858,True,0.99
-11.818051,37,5899.476403,False,0.99
-16.041094,36,5901.118005,False,0.99
-24.163075,39,5902.899893,False,0.99
60.734323,23,5903.938141,True,0.99
-18.06637,34,5905.45743,False,0.99
-18.200985,40,5907.261331,False,0.99
-22.782753,39,5909.054084,False,0.99
56.721573,14,5909.70673,True,0.99
-17.861931,40,5911.493822,False,0.99
63.305533,28,5912.754122,True,0.99
58.59569,18,5913.580542,True,0.99
-15.812357,38,5915.255646,False,0.99
58.896355,21,5916.204038,True,0.99
-23.569938,37,5917.89923,False,0.99
56.823941,17,5918.665984,True,0.99
-7.16282,32,5920.144161,False,0.99
-7.944538,40,5921.93647,False,0.99
-20.10383,33,5923.452272,False,0.99
-15.037075,49,5925.678304,False,0.99
61.021224,24,5926.766399,True,0.99
-23.714896,37,5932.397622,False,0.99
-23.537912,33,5933.916811,False,0.99
-5.045411,33,5935.321877,False,0.99
-18.634434,43,5937.260871,False,0.99
-20.000699,43,5939.186926,False,0.99
-11.242343,41,5940.963449,False,0.99
-2.845694,33,5942.450547,False,0.99
55.999628,15,5943.121582,True,0.99
-15.155874,33,5944.598166,False,0.99
-28.809809,48,5946.759041,False,0.99
-10.844963,42,5948.618133,False,0.99
-19.682501,45,5950.669403,False,0.99
-17.283409,42,5952.491912,False,0.99
0.597864,32,5953.878103,False,0.99
59.564344,22,5954.887361,True,0.99
-4.667226,37,5956.453376,False,0.99
-7.86882,40,5958.201918,False,0.99
60.060797,22,5959.195234,True,0.99
-5.627921,40,5961.009657,False,0.99
-3.234799,42,5962.842515,False,0.99
55.452377,13,5963.417635,True,0.99
60.402071,25,5964.499114,True,0.99
60.558613,22,5965.480466,True,0.99
63.878508,33,5966.963671,True,0.99
-4.818477,39,5968.689128,False,0.99
-10.704581,40,5970.469043,False,0.99
-7.683919,36,5972.026175,False,0.99
63.140013,33,5973.479077,True,0.99
-23.628213,33,5974.953831,False,0.99
-19.501201,35,5976.504113,False,0.99
60.650005,23,5977.499675,True,0.99
-15.395829,39,5979.293268,False,0.99
-5.996619,36,5980.87533,False,0.99
-14.715449,32,5982.340696,False,0.99
-11.583411,39,5984.085401,False,0.99
62.737337,28,5985.298284,True,0.99
-23.856776,43,5987.231549,False,0.99
-7.634169,35,5988.739833,False,0.99
-3.738748,39,5990.476501,False,0.99
-2.112499,36,5992.067229,False,0.99
-11.446208,41,5993.817045,False,0.99
-23.784781,40,5995.583997,False,0.99
-7.677223,39,5997.210256,False,0.99
53.074927,7,5997.521679,True,0.99
55.70241,13,5998.098634,True,0.99
56.849757,18,5998.908579,True,0.99
55.796238,13,5999.487468,True,0.99
-20.876078,35,6001.04243,False,0.99
-6.987044,36,6002.581879,False,0.99
-26.365917,37,6004.222666,False,0.99
62.54633,30,6005.537792,True,0.99
56.949365,15,6006.230717,True,0.99
-2.147003,43,6008.161997,False,0.99
59.627678,24,6009.254087,True,0.99
-4.376604,39,6010.94991,False,0.99
61.285087,26,6012.095921,True,0.99
-13.710544,36,6013.72426,False,0.99
-3.075042,33,6015.146734,False,0.99
-5.738745,35,6016.642799,False,0.99
62.829308,28,6017.85324,True,0.99
-12.053041,34,6019.370031,False,0.99
-4.568918,31,6020.67678,False,0.99
56.036949,14,6021.310222,True,0.99
0.579738,35,6026.557241,False,0.99
-2.246434,44,6028.491742,False,0.99
-3.659818,41,6030.284168,False,0.99
-0.38234,31,6031.626957,False,0.99
54.773694,11,6032.120551,True,0.99
-24.785512,37,6033.763536,False,0.99
58.064469,18,6034.573518,True,0.99
-10.309907,36,6036.183718,False,0.99
-7.615117,42,6038.060201,False,0.99
-1.369635,36,6039.669487,False,0.99
-18.660599,35,6041.229683,False,0.99
-13.963818,36,6042.863315,False,0.99
-28.040993,56,6045.468378,False,0.99
-23.728566,54,6047.93137,False,0.99
-27.570272,39,6049.711159,False,0.99
-5.491883,38,6051.33382,False,0.99
50.429747,1,6051.393534,True,0.99
55.804281,15,6052.102217,True,0.99
54.593442,10,6052.563025,True,0.99
-4.590686,39,6054.257376,False,0.99
-7.073034,35,6055.815554,False,0.99
56.476951,17,6056.592514,True,0.99
-8.866348,39,6058.258555,False,0.99
-26.114455,36,6059.896079,False,0.99
-10.580073,40,6061.729732,False,0.99
-20.93855,41,6063.6066,False,0.99
-27.073583,42,6065.55358,False,0.99
56.308199,16,6066.293672,True,0.99
-22.014388,38,6068.005822,False,0.99
-11.660919,35,6069.600168,False,0.99
63.18853,29,6070.882854,True,0.99
-9.221464,42,6072.740241,False,0.99
56.391031,14,6073.382512,True,0.99
-3.582635,37,6075.101418,False,0.99
-20.244781,37,6076.741194,False,0.99
-0.682202,40,6078.508844,False,0.99
-20.905687,38,6080.208987,False,0.99
-20.749155,53,6082.605245,False,0.99
62.778377,30,6083.974732,True,0.99
64.014429,33,6085.444685,True,0.99
-3.355723,35,6087.017447,False,0.99
-18.43766,43,6088.958752,False,0.99
63.390816,30,6090.311921,True,0.99
63.097084,30,6091.672056,True,0.99
58.124305,19,6092.534135,True,0.99
59.290426,22,6093.54573,True,0.99
-11.656092,45,6095.478421,False,0.99
58.948757,24,6096.59969,True,0.99
-27.062487,38,6098.353231,False,0.99
-3.609893,37,6100.013805,False,0.99
-20.235614,46,6102.135226,False,0.99
61.053445,25,6103.288034,True,0.99
58.730568,20,6104.236134,True,0.99
-9.809839,37,6105.913805,False,0.99
-12.106986,40,6107.710732,False,0.99
-12.386907,41,6109.600038,False,0.99
57.552753,19,6110.484851,True,0.99
-16.708515,37,6112.140478,False,0.99
-0.744614,36,6113.744427,False,0.99
-10.22093,43,6115.590229,False,0.99
-19.846169,43,6117.527329,False,0.99
-8.524304,33,6123.039181,False,0.99
-12.795131,44,6125.008797,False,0.99
-23.823145,34,6126.539875,False,0.99
-2.131893,34,6128.015282,False,0.99
56.010309,15,6128.694042,True,0.99
64.409364,33,6130.165357,True,0.99
59.084953,20,6131.059738,True,0.99
-15.801061,42,6132.988765,False,0.99
-10.07674,40,6134.837814,False,0.99
60.734333,23,6135.890788,True,0.99
-31.897949,52,6138.283922,False,0.99
-12.20474,41,6140.063102,False,0.99
-4.628082,41,6141.926646,False,0.99
-13.652064,40,6143.747882,False,0.99
-17.933091,52,6146.085242,False,0.99
-22.77549,51,6148.388161,False,0.99
-19.506966,56,6150.809556,False,0.99
-4.000069,37,6152.520659,False,0.99
-15.141177,43,6154.429039,False,0.99
59.613985,25,6155.565798,True,0.99
-7.466143,40,6157.328323,False,0.99
-2.321684,41,6159.123273,False,0.99
-17.00174,39,6160.890063,False,0.99
-11.430012,46,6162.87836,False,0.99
-4.014383,37,6164.557156,False,0.99
-9.362824,42,6166.370314,False,0.99
-33.067522,54,6168.786092,False,0.99
59.63228,22,6169.800639,True,0.99
-23.280048,42,6171.742018,False,0.99
53.233972,7,6172.052731,True,0.99
58.137585,19,6172.925154,True,0.99
56.179196,15,6173.589883,True,0.99
-9.619624,40,6175.419769,False,0.99
-16.884434,40,6177.203614,False,0.99
-23.42416,38,6178.91661,False,0.99
-10.706214,39,6180.670616,False,0.99
-1.37631,37,6182.367765,False,0.99
-12.261306,33,6183.873434,False,0.99
-12.924023,42,6185.751232,False,0.99
55.560289,14,6186.377095,True,0.99
-11.398943,47,6188.410318,False,0.99
58.541028,24,6189.461677,True,0.99
-4.005501,39,6191.158438,False,0.99
-4.015518,43,6193.117846,False,0.99
55.732969,13,6193.713501,True,0.99
58.636338,20,6194.59159,True,0.99
61.387479,26,6195.746946,True,0.99
-5.286295,38,6197.353475,False,0.99
51.018151,2,6197.468072,True,0.99
-9.979995,50,6199.650321,False,0.99
-13.623675,42,6201.549454,False,0.99
-17.392885,53,6203.854464,False,0.99
-7.578793,41,6205.693393,False,0.99
-26.101874,44,6207.660686,False,0.99
-22.303376,59,6210.271081,False,0.99
-24.013357,43,6212.225203,False,0.99
57.596301,17,6212.987391,True,0.99
54.884327,14,6213.662787,True,0.99
-12.761456,38,6219.543882,False,0.99
50.897149,3,6219.685366,True,0.99
54.409909,12,6220.224378,True,0.99
-21.943228,37,6221.907486,False,0.99
62.744597,29,6223.162361,True,0.99
-8.759674,43,6224.980973,False,0.99
-20.589171,45,6226.963288,False,0.99
53.96222,8,6227.336184,True,0.99
-18.5451,53,6229.692995,False,0.99
-25.81628,40,6231.51802,False,0.99
-26.159282,35,6233.160682,False,0.99
61.958931,29,6234.409994,True,0.99
-19.021815,47,6236.517737,False,0.99
-14.92519,41,6238.451723,False,0.99
57.649794,15,6239.13254,True,0.99
62.789328,27,6240.325807,True,0.99
-29.307356,46,6242.407439,False,0.99
66.123299,39,6244.123464,True,0.99
3.985031,37,6245.734055,False,0.99
60.768733,25,6246.877578,True,0.99
61.936253,29,6248.163832,True,0.99
57.315341,18,6248.956491,True,0.99
62.252781,27,6250.17291,True,0.99
-4.105034,38,6251.838721,False,0.99
53.640576,13,6252.465996,True,0.99
-17.201343,48,6254.615392,False,0.99
59.812015,25,6255.720297,True,0.99
-19.388871,49,6257.842926,False,0.99
-11.959646,41,6259.609151,False,0.99
-6.851597,45,6261.616418,False,0.99
-11.87091,37,6263.250268,False,0.99
57.08776,16,6263.976149,True,0.99
55.681333,16,6264.75506,True,0.99
-15.73604,45,6266.732169,False,0.99
-17.017159,41,6268.546622,False,0.99
-13.829349,50,6270.798253,False,0.99
-5.894483,34,6272.281774,False,0.99
-9.177269,35,6273.86363,False,0.99
-29.85876,48,6276.056163,False,0.99
-17.039395,56,6278.59291,False,0.99
-1.813056,40,6280.363716,False,0.99
-14.529736,34,6281.871168,False,0.99
-13.856231,44,6283.822388,False,0.99
59.835555,23,6284.878726,True,0.99
49.51737,1,6284.937342,True,0.99
-18.308733,61,6287.662984,False,0.99
-17.313409,38,6289.398873,False,0.99
-17.12281,46,6291.464851,False,0.99
-23.298071,39,6293.230201,False,0.99
-10.228648,40,6295.053831,False,0.99
-11.814095,37,6296.677317,False,0.99
-16.810524,50,6298.837425,False,0.99
-28.018355,42,6300.704781,False,0.99
62.488268,30,6302.050796,True,0.99
-21.904187,53,6304.405844,False,0.99
-5.864157,43,6306.306848,False,0.99
-0.452018,38,6307.950897,False,0.99
-2.04393,39,6313.998922,False,0.99
58.868977,18,6314.813376,True,0.99
61.846765,26,6316.034541,True,0.99
-5.163107,38,6317.765682,False,0.99
-8.687876,45,6319.802389,False,0.99
59.748704,23,6320.814484,True,0.99
-10.656082,38,6322.488555,False,0.99
58.626469,19,6323.362056,True,0.99
55.851727,16,6324.109663,True,0.99
-10.272002,36,6325.814085,False,0.99
59.408047,25,6326.95477,True,0.99
-12.8017,41,6328.861352,False,0.99
-20.300365,40,6330.694864,False,0.99
-14.965404,42,6332.619635,False,0.99
62.420957,29,6333.973146,True,0.99
-16.23035,38,6335.707342,False,0.99
-25.041813,36,6337.399719,False,0.99
-7.014095,55,6339.961185,False,0.99
-5.948167,40,6341.739387,False,0.99
62.111471,34,6343.322168,True,0.99
55.299485,13,6343.9356,True,0.99
-8.670779,41,6345.780942,False,0.99
-11.402941,38,6347.503332,False,0.99
-6.194705,43,6349.468411,False,0.99
-12.416442,34,6350.993155,False,0.99
62.546029,25,6352.17004,True,0.99
-11.898409,36,6353.805793,False,0.99
-31.563053,56,6356.347941,False,0.99
-13.104138,44,6358.360188,False,0.99
-10.798247,43,6360.304155,False,0.99
62.121997,26,6361.460236,True,0.99
-18.318029,38,6363.205994,False,0.99
59.479458,21,6364.183018,True,0.99
-12.399759,35,6365.76812,False,0.99
57.460627,19,6366.634535,True,0.99
-21.853421,52,6368.975765,False,0.99
-23.130671,49,6371.159138,False,0.99
53.678726,10,6371.626064,True,0.99
-16.567482,48,6373.857682,False,0.99
62.157222,27,6375.112794,True,0.99
57.871049,20,6376.035329,True,0.99
-15.711747,45,6378.128915,False,0.99
60.647367,23,6379.152892,True,0.99
61.578664,27,6380.376095,True,0.99
-23.931444,55,6382.893434,False,0.99
-2.581876,37,6384.548757,False,0.99
-23.730827,55,6387.052409,False,0.99
59.823355,21,6388.012089,True,0.99
54.200352,11,6388.522981,True,0.99
-4.668534,37,6390.234139,False,0.99
53.298379,10,6390.707792,True,0.99
-11.995793,54,6393.158221,False,0.99
63.584091,32,6394.579872,True,0.99
-14.72358,36,6396.22778,False,0.99
56.869314,15,6396.914991,True,0.99
57.567774,17,6397.751908,True,0.99
58.567441,22,6398.768409,True,0.99
54.463852,13,6399.387035,True,0.99
-2.448021,38,6401.03864,False,0.99
-12.436083,42,6402.920941,False,0.99
-15.540894,52,6405.281297,False,0.99
-12.299622,43,6407.203846,False,0.99
-5.541968,34,6413.105922,False,0.99
-8.308596,42,6414.962922,False,0.99
-27.283777,41,6416.774808,False,0.99
-11.831428,35,6418.362925,False,0.99
-26.04006,39,6420.113406,False,0.99
-7.31353,36,6421.666543,False,0.99
57.402213,16,6422.391031,True,0.99
-3.488621,33,6423.887946,False,0.99
53.44025,11,6424.414698,True,0.99
62.118311,28,6425.661857,True,0.99
-10.641112,46,6427.629642,False,0.99
-4.300949,40,6429.380076,False,0.99
57.029142,17,6430.157553,True,0.99
-10.466508,33,6431.6924,False,0.99
-12.494397,42,6433.524788,False,0.99
-7.615517,38,6435.137556,False,0.99
63.014951,29,6436.400681,True,0.99
-12.686043,33,6437.868061,False,0.99
-7.662644,37,6439.530753,False,0.99
55.099794,16,6440.266311,True,0.99
-31.172873,48,6442.381255,False,0.99
-7.870951,36,6443.967766,False,0.99
1.895981,43,6445.838019,False,0.99
-11.594491,38,6447.485923,False,0.99
60.70893,23,6448.499587,True,0.99
56.381103,17,6449.295775,True,0.99
-27.578675,39,6451.045413,False,0.99
56.887346,15,6451.702666,True,0.99
61.184353,26,6452.854814,True,0.99
59.215495,23,6453.94524,True,0.99
-6.603621,41,6455.744723,False,0.99
-7.44313,35,6457.340953,False,0.99
-7.384596,36,6458.914862,False,0.99
60.701642,24,6459.992262,True,0.99
-22.46155,37,6461.597227,False,0.99
1.091928,37,6463.163938,False,0.99
-21.694417,59,6465.748481,False,0.99
54.099383,10,6466.186006,True,0.99
-7.26819,40,6467.877656,False,0.99
-12.40842,32,6469.235182,False,0.99
-2.751942,37,6470.900537,False,0.99
63.645666,31,6472.209262,True,0.99
-5.58543,35,6473.689693,False,0.99
-30.163408,50,6475.860892,False,0.99
56.616751,15,6476.539542,True,0.99
-23.938544,42,6478.333875,False,0.99
2.849688,37,6479.933458,False,0.99
61.088455,24,6480.979105,True,0.99
55.910899,14,6481.648886,True,0.99
-11.824631,43,6483.532378,False,0.99
53.561216,10,6484.003427,True,0.99
-9.183193,37,6485.558672,False,0.99
-26.974926,40,6487.321714,False,0.99
-19.429392,44,6489.228194,False,0.99
-11.589745,40,6490.960985,False,0.99
-7.613793,44,6492.825655,False,0.99
0.03303,36,6494.382924,False,0.99
-6.199865,39,6496.122016,False,0.99
-8.047675,39,6497.819152,False,0.99
58.902711,21,6498.756921,True,0.99
-14.656443,39,6500.496209,False,0.99
-8.395284,36,6506.127304,False,0.99
-21.250544,40,6507.847593,False,0.99
-24.261924,40,6509.66052,False,0.99
-13.682401,39,6511.349783,False,0.99
-10.90992,35,6512.864919,False,0.99
61.706744,25,6513.938288,True,0.99
59.981052,24,6514.987849,True,0.99
-10.839198,46,6516.973399,False,0.99
57.437744,19,6517.865187,True,0.99
-2.738706,34,6519.301169,False,0.99
-4.693007,35,6520.855831,False,0.99
-26.506447,38,6522.51358,False,0.99
-10.778567,37,6524.164206,False,0.99
2.503324,44,6526.137904,False,0.99
-6.745257,36,6527.762798,False,0.99
58.263961,18,6528.553415,True,0.99
61.957638,27,6529.731367,True,0.99
-7.180135,39,6531.43197,False,0.99
-4.689057,40,6533.227871,False,0.99
-5.216234,50,6535.45428,False,0.99
-15.112289,41,6537.271938,False,0.99
56.474572,15,6537.921928,True,0.99
55.029838,16,6538.638812,True,0.99
-20.250302,39,6540.375354,False,0.99
-3.306738,42,6542.255789,False,0.99
-10.38654,43,6544.11651,False,0.99
-16.743543,52,6546.437283,False,0.99
-25.172761,40,6548.223188,False,0.99
-2.79117,39,6549.960648,False,0.99
-18.935879,37,6551.642395,False,0.99
-17.0193,42,6553.494012,False,0.99
50.276231,1,6553.552127,True,0.99
-5.125314,40,6555.233681,False,0.99
-10.10039,36,6556.822831,False,0.99
-1.320801,37,6558.374108,False,0.99
-18.7992,42,6560.256117,False,0.99
-13.022405,40,6562.047536,False,0.99
-21.810457,37,6563.735612,False,0.99
55.482226,14,6564.410318,True,0.99
58.880462,19,6565.269619,True,0.99
-3.420661,36,6567.101404,False,0.99
-7.046178,42,6568.92662,False,0.99
59.087971,20,6569.808627,True,0.99
60.928926,28,6571.095641,True,0.99
54.820004,14,6571.726021,True,0.99
61.834491,28,6572.954963,True,0.99
57.884682,17,6573.730986,True,0.99
-3.452398,38,6575.408385,False,0.99
-24.294929,38,6577.140532,False,0.99
56.508112,20,6578.101181,True,0.99
-27.845296,43,6580.005842,False,0.99
-17.755475,37,6581.634436,False,0.99
-17.897609,38,6583.339657,False,0.99
-6.633732,37,6584.97873,False,0.99
-13.495175,36,6586.604403,False,0.99
-1.914223,33,6588.107124,False,0.99
-26.393758,35,6589.687013,False,0.99
-13.768786,38,6591.383394,False,0.99
-12.162366,40,6593.225451,False,0.99
-25.544783,45,6595.218246,False,0.99
-5.786233,33,6596.69569,False,0.99
56.107756,15,6601.29528,True,0.99
-5.201317,45,6603.28341,False,0.99
51.568906,8,6603.674371,True,0.99
-7.403787,38,6605.356691,False,0.99
-26.208022,39,6607.112219,False,0.99
-2.850524,35,6608.669159,False,0.99
-4.229111,33,6610.060719,False,0.99
57.357227,15,6610.710398,True,0.99
-13.879937,41,6612.514213,False,0.99
57.323563,17,6613.299397,True,0.99
-4.559046,39,6615.048377,False,0.99
-24.952988,45,6617.020921,False,0.99
-6.245245,38,6618.715813,False,0.99
-10.982161,45,6620.709859,False,0.99
-6.889955,36,6622.30494,False,0.99
-8.363618,39,6624.015439,False,0.99
55.183442,14,6624.666533,True,0.99
59.926297,25,6625.78089,True,0.99
62.10014,26,6626.911209,True,0.99
-5.444913,40,6628.683322,False,0.99
60.956051,26,6629.866888,True,0.99
-6.316413,42,6631.709085,False,0.99
-2.9132,40,6633.433383,False,0.99
-17.171845,44,6635.379572,False,0.99
1.988856,35,6636.926743,False,0.99
55.024535,15,6637.654495,True,0.99
61.798011,24,6638.690634,True,0.99
-23.864489,36,6640.29322,False,0.99
-11.650656,33,6641.759507,False,0.99
-14.624387,46,6643.782939,False,0.99
-3.364226,38,6645.422565,False,0.99
-24.860735,37,6647.067272,False,0.99
59.19881,22,6648.024184,True,0.99
59.201157,27,6649.22764,True,0.99
3.499167,39,6650.915421,False,0.99
57.379231,18,6651.711819,True,0.99
58.480247,26,6652.832623,True,0.99
55.55141,13,6653.411192,True,0.99
-25.485391,40,6655.184144,False,0.99
-22.642109,37,6656.814234,False,0.99
-13.11378,43,6658.702308,False,0.99
-30.277317,48,6660.890269,False,0.99
-7.06808,41,6662.7995,False,0.99
54.272854,10,6663.287023,True,0.99
0.518691,35,6664.840257,False,0.99
-27.304488,41,6666.71219,False,0.99
-25.590187,34,6668.234922,False,0.99
-26.500058,38,6669.909326,False,0.99
61.299265,24,6670.976989,True,0.99
58.167416,22,6672.003573,True,0.99
-8.256866,38,6673.704577,False,0.99
-26.801344,42,6675.596732,False,0.99
58.641817,19,6676.441275,True,0.99
62.326963,31,6677.798942,True,0.99
-13.601705,37,6679.446337,False,0.99
-28.674809,46,6681.463916,False,0.99
58.720808,20,6682.381833,True,0.99
-23.458534,37,6684.049925,False,0.99
-26.576266,36,6685.662845,False,0.99
-26.763513,39,6687.47401,False,0.99
58.037504,18,6688.272199,True,0.99
-27.203854,41,6690.074178,False,0.99
-4.143824,43,6691.999555,False,0.99
-22.078208,35,6697.491766,False,0.99
-14.97285,44,6699.422395,False,0.99
61.298663,25,6700.553464,True,0.99
-16.404565,47,6702.590152,False,0.99
-1.644204,34,6704.059676,False,0.99
-20.481443,41,6705.913599,False,0.99
-6.920145,37,6707.530173,False,0.99
61.37256,26,6708.662618,True,0.99
-7.31512,39,6710.406432,False,0.99
63.90029,34,6711.916341,True,0.99
59.509161,22,6712.920655,True,0.99
59.0112,23,6713.940476,True,0.99
54.232002,11,6714.442994,True,0.99
-9.44287,47,6716.515781,False,0.99
-24.157067,39,6718.281615,False,0.99
-25.24525,41,6720.116879,False,0.99
59.090944,22,6721.090026,True,0.99
54.925412,11,6721.587306,True,0.99
56.953318,15,6722.274701,True,0.99
-12.091299,40,6724.086026,False,0.99
-25.492046,42,6725.975188,False,0.99
57.20612,14,6726.659837,True,0.99
62.748055,28,6727.914854,True,0.99
-11.560137,42,6729.811915,False,0.99
-0.401771,40,6731.591341,False,0.99
-12.059188,41,6733.351744,False,0.99
-18.554597,43,6735.211488,False,0.99
-9.734351,33,6736.704453,False,0.99
-1.602572,37,6738.337265,False,0.99
-27.684375,41,6740.138953,False,0.99
-12.634272,40,6741.874485,False,0.99
1.263484,39,6743.617224,False,0.99
57.728445,19,6744.474077,True,0.99
59.835327,22,6745.446559,True,0.99
-7.578115,40,6747.238296,False,0.99
61.307611,27,6748.413746,True,0.99
-14.619241,44,6750.359675,False,0.99
-9.093729,37,6752.035899,False,0.99
60.019609,21,6752.983648,True,0.99
-5.253292,36,6754.601872,False,0.99
61.153659,25,6755.707538,True,0.99
50.423549,1,6755.769451,True,0.99
63.315238,30,6757.1089,True,0.99
59.587381,21,6758.030728,True,0.99
55.712725,14,6758.663028,True,0.99
-16.53161,40,6760.453399,False,0.99
-10.592494,39,6762.199359,False,0.99
-26.429823,39,6763.952044,False,0.99
-10.406655,36,6765.568696,False,0.99
58.875083,23,6766.613286,True,0.99
57.789733,17,6767.368363,True,0.99
58.847876,19,6768.234876,True,0.99
-10.773704,37,6769.893747,False,0.99
57.658742,19,6770.740612,True,0.99
-7.617474,37,6772.365258,False,0.99
-17.432437,37,6774.092355,False,0.99
-26.28166,38,6775.760192,False,0.99
-13.687775,37,6777.426832,False,0.99
-3.470522,44,6779.338935,False,0.99
58.050083,21,6780.28769,True,0.99
-16.405379,44,6782.244884,False,0.99
-25.929299,40,6784.004216,False,0.99
-24.842723,35,6785.525823,False,0.99
61.610719,24,6786.587759,True,0.99
53.240914,12,6787.146363,True,0.99
57.077826,16,6791.754423,True,0.99
-23.371452,53,6794.062732,False,0.99
56.915958,15,6794.732725,True,0.99
-15.19301,38,6796.411695,False,0.99
59.68568,21,6797.321132,True,0.99
-26.1975,39,6799.034297,False,0.99
-11.413121,35,6800.633121,False,0.99
-27.47945,40,6802.427943,False,0.99
-2.762244,36,6804.019521,False,0.99
-11.425697,38,6805.712603,False,0.99
53.790248,13,6806.312463,True,0.99
-11.96493,38,6807.990314,False,0.99
-26.383942,37,6809.644996,False,0.99
-2.932955,33,6811.121194,False,0.99
-5.691334,37,6812.749818,False,0.99
-10.582889,35,6814.288789,False,0.99
-15.700329,35,6815.844771,False,0.99
-24.616144,44,6817.783431,False,0.99
-3.837822,47,6819.867227,False,0.99
-21.825929,43,6821.788014,False,0.99
-23.83934,33,6823.256154,False,0.99
-26.258837,57,6825.888947,False,0.99
53.829879,11,6826.400931,True,0.99
-20.158105,48,6828.517216,False,0.99
62.707209,31,6829.891875,True,0.99
55.267861,12,6830.475328,True,0.99
-6.596701,38,6832.159426,False,0.99
-3.217692,33,6833.639673,False,0.99
-13.678995,39,6835.411288,False,0.99
56.087484,21,6836.358204,True,0.99
-2.619452,36,6837.905632,False,0.99
60.15455,23,6838.9187,True,0.99
-12.374636,37,6840.481443,False,0.99
55.824021,13,6841.104273,True,0.99
-1.642183,33,6842.549597,False,0.99
-13.599765,39,6844.333147,False,0.99
-9.707602,37,6845.993957,False,0.99
-10.990086,37,6847.65736,False,0.99
-7.78874,39,6849.374242,False,0.99
-12.728945,33,6850.886631,False,0.99
-1.625322,35,6852.417012,False,0.99
-12.135119,40,6854.184759,False,0.99
-16.719226,51,6856.41537,False,0.99
-4.33872,37,6858.076487,False,0.99
-11.655461,37,6859.733653,False,0.99
-24.704359,38,6861.423639,False,0.99
64.187677,32,6862.822262,True,0.99
-4.832589,39,6864.570728,False,0.99
-4.896136,34,6866.043026,False,0.99
-11.107986,35,6867.665885,False,0.99
55.148633,12,6868.20558,True,0.99
5.121495,44,6870.12497,False,0.99
-17.967387,46,6872.150893,False,0.99
-29.213207,47,6874.300366,False,0.99
-19.745821,53,6876.667257,False,0.99
53.652761,10,6877.163075,True,0.99
-13.606051,33,6878.661346,False,0.99
57.218081,20,6879.556047,True,0.99
0.550972,40,6881.319556,False,0.99
-5.73639,40,6887.118839,False,0.99
-14.274415,58,6889.61823,False,0.99
-2.347905,38,6891.272838,False,0.99
-8.755721,41,6892.991011,False,0.99
-14.047878,40,6894.731121,False,0.99
53.015551,8,6895.12947,True,0.99
-13.750097,37,6896.787456,False,0.99
59.433662,21,6897.784039,True,0.99
56.504375,13,6898.40036,True,0.99
-17.199538,40,6900.182039,False,0.99
57.17352,18,6901.015438,True,0.99
-4.079732,35,6902.529458,False,0.99
-0.407824,38,6904.213751,False,0.99
56.006388,14,6904.852733,True,0.99
-9.612064,39,6906.597428,False,0.99
-13.453837,37,6908.23772,False,0.99
-1.62214,35,6909.771451,False,0.99
57.901435,22,6910.749208,True,0.99
-16.082907,42,6912.91364,False,0.99
-27.911897,45,6915.221529,False,0.99
57.478604,20,6916.234225,True,0.99
-23.200306,38,6918.195365,False,0.99
-2.754374,36,6920.086523,False,0.99
-12.380907,41,6922.234141,False,0.99
-13.985218,40,6924.298427,False,0.99
-8.667364,38,6926.235599,False,0.99
-20.334479,40,6928.334465,False,0.99
62.453593,27,6929.715411,True,0.99
54.092282,14,6930.413727,True,0.99
-17.271933,39,6932.455609,False,0.99
-26.290598,36,6934.29425,False,0.99
-16.5468,48,6936.778321,False,0.99
-12.509379,44,6939.018383,False,0.99
56.237783,17,6939.878777,True,0.99
60.42518,24,6941.109215,True,0.99
56.841323,16,6941.945431,True,0.99
-6.351628,37,6943.816519,False,0.99
-15.646168,40,6945.866505,False,0.99
60.388926,23,6947.067408,True,0.99
-8.046863,39,6948.973544,False,0.99
-23.967648,37,6950.872278,False,0.99
58.769329,20,6951.910447,True,0.99
-2.747408,40,6953.955932,False,0.99
61.749093,26,6955.313746,True,0.99
63.934774,32,6956.930218,True,0.99
-3.345064,36,6958.771266,False,0.99
57.771812,23,6959.967494,True,0.99
-0.328021,40,6962.013733,False,0.99
-21.833761,34,6963.755554,False,0.99
-16.279207,40,6965.816714,False,0.99
-11.379647,43,6968.059398,False,0.99
-4.070973,37,6969.964251,False,0.99
60.672182,26,6971.298237,True,0.99
55.117648,11,6971.873203,True,0.99
0.117061,38,6973.80705,False,0.99
-25.263901,38,6975.766072,False,0.99
-5.136015,41,6977.87685,False,0.99
-7.897101,39,6979.897976,False,0.99
-23.864167,36,6981.737963,False,0.99
-10.899128,33,6983.428802,False,0.99
-17.444851,38,6985.367393,False,0.99
-15.272646,35,6987.189734,False,0.99
-9.273288,33,6992.791188,False,0.99
59.424093,24,6994.022436,True,0.99
-10.445206,46,6996.391083,False,0.99
62.160094,25,6997.639516,True,0.99
-13.611246,39,6999.653055,False,0.99
54.678373,12,7000.246969,True,0.99
-0.08871,36,7002.082953,False,0.99
-23.303976,39,7004.124698,False,0.99
-4.34202,36,7005.963236,False,0.99
-6.214334,41,7008.080047,False,0.99
-1.776213,38,7010.015307,False,0.99
-6.290285,34,7011.763012,False,0.99
-13.594025,42,7013.91431,False,0.99
58.817022,24,7015.143806,True,0.99
-11.329804,39,7017.143297,False,0.99
53.595803,10,7017.679771,True,0.99
-16.010487,38,7019.652589,False,0.99
-6.247243,46,7022.002937,False,0.99
-13.856552,35,7023.77718,False,0.99
-3.398691,36,7025.654116,False,0.99
-9.874647,40,7027.70134,False,0.99
-8.913583,52,7030.370336,False,0.99
-5.943532,36,7032.257474,False,0.99
-2.700881,49,7034.795481,False,0.99
63.524577,31,7036.422373,True,0.99
54.069292,8,7036.834781,True,0.99
59.008238,20,7037.876401,True,0.99
-26.213338,45,7040.159169,False,0.99
0.240948,34,7041.897832,False,0.99
-28.492294,42,7044.075284,False,0.99
61.19426,29,7045.575338,True,0.99
59.552162,20,7046.593482,True,0.99
60.537602,24,7047.853905,True,0.99
-25.773641,36,7049.695258,False,0.99
-25.778512,33,7051.370935,False,0.99
57.907679,18,7052.296893,True,0.99
1.713364,32,7053.931194,False,0.99
-8.824885,36,7055.79222,False,0.99
-10.895116,38,7057.751786,False,0.99
-9.621813,43,7059.948743,False,0.99
61.516133,27,7061.324126,True,0.99
54.418293,11,7061.899912,True,0.99
-20.988049,40,7063.910732,False,0.99
-25.105395,40,7065.960723,False,0.99
54.221383,12,7066.597723,True,0.99
63.208799,32,7068.256865,True,0.99
-8.253691,37,7070.094261,False,0.99
-11.582587,43,7072.279937,False,0.99
-15.975346,37,7074.150221,False,0.99
-4.498055,37,7076.005333,False,0.99
-27.229508,41,7078.114819,False,0.99
-13.80052,33,7079.827495,False,0.99
-10.618715,37,7081.73104,False,0.99
55.855078,16,7082.54138,True,0.99
-15.521506,36,7084.415215,False,0.99
56.147037,19,7085.417781,True,0.99
-6.644873,45,7087.737237,False,0.99
-3.05232,35,7089.452317,False,0.99
-0.539343,37,7091.360597,False,0.99
-8.521739,39,7093.425532,False,0.99
-6.092109,37,7095.260933,False,0.99
2.003191,39,7101.158321,False,0.99
51.440912,3,7101.325332,True,0.99
-3.471164,42,7103.478949,False,0.99
-13.835694,38,7105.440342,False,0.99
60.352303,23,7106.62905,True,0.99
61.62132,29,7108.093552,True,0.99
-10.594765,40,7110.185659,False,0.99
-13.490729,45,7112.455683,False,0.99
-7.539691,35,7114.2596,False,0.99
-9.427697,36,7116.089008,False,0.99
-5.306788,34,7117.866686,False,0.99
-13.28229,38,7119.85904,False,0.99
49.626603,1,7119.922783,True,0.99
-2.647866,38,7121.834156,False,0.99
-14.475353,36,7123.70348,False,0.99
-1.269383,34,7125.396064,False,0.99
62.722684,29,7126.933558,True,0.99
-21.107743,49,7129.446716,False,0.99
-1.43615,36,7131.313639,False,0.99
-11.135754,35,7133.141131,False,0.99
59.969529,23,7134.319159,True,0.99
-15.133112,35,7136.126028,False,0.99
56.787884,16,7136.954988,True,0.99
-0.70577,41,7139.101881,False,0.99
60.799169,22,7140.24359,True,0.99
-5.066976,35,7142.033504,False,0.99
56.922976,19,7143.024865,True,0.99
59.921491,20,7144.04167,True,0.99
-10.771635,39,7146.025042,False,0.99
-12.067158,37,7147.920167,False,0.99
56.646797,19,7148.898802,True,0.99
61.317361,25,7150.160752,True,0.99
-10.161151,36,7152.027142,False,0.99
-26.89313,42,7154.181623,False,0.99
56.383627,14,7154.894732,True,0.99
60.267248,23,7156.111611,True,0.99
-23.809597,38,7158.069825,False,0.99
-11.026466,40,7160.140854,False,0.99
-7.866371,36,7162.011789,False,0.99
59.219944,22,7163.164732,True,0.99
58.363019,17,7164.036875,True,0.99
-19.671994,37,7165.930641,False,0.99
-9.432501,43,7168.137589,False,0.99
53.085847,9,7168.621932,True,0.99
-9.850364,34,7170.381459,False,0.99
62.527297,28,7171.821702,True,0.99
60.581594,22,7172.963655,True,0.99
-3.825694,37,7174.821736,False,0.99
55.07446,13,7175.514408,True,0.99
-13.282686,38,7177.449113,False,0.99
62.751764,29,7178.957213,True,0.99
59.94252,20,7179.984049,True,0.99
-17.382134,37,7181.878538,False,0.99
-0.000704,38,7183.813942,False,0.99
49.494865,1,7183.879711,True,0.99
-7.927876,41,7185.994122,False,0.99
60.472239,23,7187.171091,True,0.99
-23.665636,37,7189.039743,False,0.99
-0.343562,38,7191.007357,False,0.99
-17.480458,36,7192.876127,False,0.99
-16.952685,41,7194.993077,False,0.99
-7.305815,40,7197.068942,False,0.99
-0.63241,37,7198.92643,False,0.99
55.618149,13,7199.621267,True,0.99
-9.129608,38,7201.560761,False,0.99
56.27971,14,7202.29021,True,0.99
-25.774655,49,7204.879264,False,0.99
-23.242947,38,7210.801113,False,0.99
55.514703,12,7211.429574,True,0.99
57.099287,14,7212.165298,True,0.99
-12.866671,42,7214.324987,False,0.99
60.491917,28,7215.749609,True,0.99
59.309088,20,7216.772437,True,0.99
-25.673208,35,7218.595459,False,0.99
-19.78795,38,7220.566012,False,0.99
1.891006,36,7222.401125,False,0.99
56.690769,14,7223.1213,True,0.99
61.258134,24,7224.334112,True,0.99
-21.423838,33,7226.008015,False,0.99
59.966324,23,7227.197003,True,0.99
61.632443,27,7228.555206,True,0.99
-13.926533,35,7230.310168,False,0.99
56.785907,17,7231.213429,True,0.99
64.023056,34,7232.944801,True,0.99
-20.938598,37,7234.835087,False,0.99
-0.759345,35,7236.564512,False,0.99
-13.624073,38,7238.534938,False,0.99
-11.826301,39,7240.544839,False,0.99
-22.250917,39,7242.538902,False,0.99
56.40809,16,7243.35884,True,0.99
-13.306835,32,7244.944043,False,0.99
63.439413,32,7246.560029,True,0.99
-10.597733,38,7248.490697,False,0.99
55.068594,12,7249.117683,True,0.99
57.023138,18,7250.054646,True,0.99
-3.931751,36,7251.881496,False,0.99
-3.127077,33,7253.523241,False,0.99
60.710036,23,7254.701076,True,0.99
-15.253872,38,7256.610939,False,0.99
-10.997006,38,7258.515624,False,0.99
-15.054248,44,7260.74367,False,0.99
-11.797047,32,7262.362972,False,0.99
-2.038703,32,7263.999553,False,0.99
-3.395435,38,7265.910638,False,0.99
-17.747237,42,7268.012584,False,0.99
-6.301384,37,7269.782189,False,0.99
61.649534,26,7271.080385,True,0.99
54.762129,10,7271.601545,True,0.99
60.566793,22,7272.708313,True,0.99
54.803097,11,7273.27656,True,0.99
58.267632,21,7274.344657,True,0.99
-5.351395,33,7276.003123,False,0.99
-12.095036,41,7278.059891,False,0.99
59.905553,22,7279.173552,True,0.99
-8.861667,34,7280.846933,False,0.99
-9.579164,35,7282.592376,False,0.99
-10.003807,35,7284.381811,False,0.99
60.101083,27,7285.745046,True,0.99
60.959984,30,7287.238881,True,0.99
-3.350907,33,7288.9254,False,0.99
56.676016,18,7289.843271,True,0.99
-7.651241,36,7291.676162,False,0.99
-20.37791,37,7293.567412,False,0.99
59.90139,23,7294.746264,True,0.99
-10.713934,38,7296.679451,False,0.99
53.587445,9,7297.156201,True,0.99
59.241778,23,7298.320771,True,0.99
-25.74721,36,7300.150042,False,0.99
-13.975013,34,7301.895884,False,0.99
-20.361666,36,7303.725368,False,0.99
-11.351513,36,7305.490872,False,0.99
59.327589,20,7306.547308,True,0.99
59.871751,22,7307.698214,True,0.99
-3.973453,39,7309.700195,False,0.99
60.51536,24,7310.935033,True,0.99
-10.515282,33,7312.604233,False,0.99
-26.051451,34,7317.964254,False,0.99
62.920744,28,7319.363342,True,0.99
-1.587896,35,7321.128548,False,0.99
-24.164773,37,7323.020026,False,0.99
55.119721,10,7323.524523,True,0.99
60.499696,26,7324.827783,True,0.99
-8.797876,34,7326.541886,False,0.99
-6.403855,36,7328.373647,False,0.99
-16.335537,37,7330.229034,False,0.99
-18.781294,38,7332.134073,False,0.99
-7.451593,45,7334.456299,False,0.99
1.008125,34,7336.202539,False,0.99
53.042634,7,7336.581929,True,0.99
55.559471,14,7337.307266,True,0.99
-5.052927,34,7339.074134,False,0.99
-10.358365,42,7341.157393,False,0.99
57.701028,16,7341.996489,True,0.99
60.613923,22,7343.168049,True,0.99
56.247522,13,7343.852646,True,0.99
-7.216307,37,7345.699258,False,0.99
-3.912565,38,7347.61539,False,0.99
58.664371,18,7348.553213,True,0.99
-25.486042,36,7350.389212,False,0.99
-21.583714,36,7352.237633,False,0.99
-11.706637,40,7354.275873,False,0.99
-26.067012,34,7356.00152,False,0.99
60.070403,21,7357.095679,True,0.99
56.889184,15,7357.849938,True,0.99
-26.730093,40,7359.911502,False,0.99
56.215442,13,7360.616014,True,0.99
59.888862,21,7361.6933,True,0.99
-14.485641,36,7363.531626,False,0.99
-25.841592,37,7365.411261,False,0.99
-23.552895,39,7367.3945,False,0.99
-8.24286,34,7369.157838,False,0.99
-0.729873,34,7370.911608,False,0.99
-12.913922,40,7372.944944,False,0.99
54.832914,11,7373.509436,True,0.99
-18.10642,44,7375.769114,False,0.99
-8.370223,37,7377.66592,False,0.99
58.339557,19,7378.627724,True,0.99
-8.314886,39,7380.591827,False,0.99
-15.290062,34,7382.344302,False,0.99
61.051002,24,7383.581867,True,0.99
61.433369,27,7384.957952,True,0.99
59.72454,19,7385.907157,True,0.99
55.248349,13,7386.599618,True,0.99
-27.35041,39,7388.572101,False,0.99
-20.56688,38,7390.51975,False,0.99
-19.439496,35,7392.322582,False,0.99
58.487417,25,7393.597011,True,0.99
-12.247444,37,7395.52495,False,0.99
-22.152968,38,7397.47218,False,0.99
62.051267,28,7398.909558,True,0.99
59.289388,21,7400.012505,True,0.99
-5.830906,34,7401.75906,False,0.99
-25.373547,33,7403.451908,False,0.99
63.616749,32,7405.115827,True,0.99
61.363891,26,7406.44418,True,0.99
-27.917325,41,7408.528852,False,0.99
-7.552845,38,7410.471872,False,0.99
-5.515456,35,7412.283313,False,0.99
63.188641,30,7413.819006,True,0.99
57.452089,16,7414.633289,True,0.99
-9.806234,42,7416.808464,False,0.99
-26.118646,34,7418.547316,False,0.99
58.613099,19,7419.528239,True,0.99
-21.719645,38,7421.44405,False,0.99
-7.411711,33,7426.704519,False,0.99
-2.272755,38,7428.663857,False,0.99
-0.296625,35,7430.443122,False,0.99
-3.881876,42,7432.593879,False,0.99
-9.258888,34,7434.315264,False,0.99
-9.091371,35,7436.105958,False,0.99
-5.719543,35,7437.895107,False,0.99
-5.599762,35,7439.715245,False,0.99
-8.642679,34,7441.497627,False,0.99
-22.239311,37,7443.439189,False,0.99
54.977154,11,7444.024205,True,0.99
-19.247417,36,7445.867184,False,0.99
54.877702,12,7446.479762,True,0.99
58.468132,22,7447.598704,True,0.99
50.215999,1,7447.667387,True,0.99
-24.064641,38,7449.617642,False,0.99
60.716233,25,7450.90801,True,0.99
-27.497899,40,7452.982492,False,0.99
-11.055022,38,7454.933296,False,0.99
55.043742,12,7455.545287,True,0.99
-9.195385,34,7457.302809,False,0.99
59.332474,22,7458.419699,True,0.99
-2.492843,38,7460.420918,False,0.99
-6.995242,36,7462.28664,False,0.99
57.573309,18,7463.198303,True,0.99
-8.975332,35,7465.014883,False,0.99
-11.970792,32,7466.686237,False,0.99
56.359263,14,7467.425763,True,0.99
-1.460055,35,7469.254787,False,0.99
53.42799,9,7469.733325,True,0.99
-7.856762,37,7471.627952,False,0.99
-7.809172,32,7473.257731,False,0.99
-0.096096,36,7475.038111,False,0.99
-7.278692,38,7476.961683,False,0.99
55.291329,12,7477.583994,True,0.99
50.102162,1,7477.652288,True,0.99
61.840172,25,7478.91784,True,0.99
63.088572,27,7480.298318,True,0.99
-5.777768,36,7482.166588,False,0.99
-12.197055,36,7483.999962,False,0.99
53.038069,6,7484.317092,True,0.99
61.610909,28,7485.746717,True,0.99
-6.581438,37,7487.652523,False,0.99
55.572176,15,7488.417377,True,0.99
-5.671087,37,7490.318303,False,0.99
-16.077616,37,7492.242861,False,0.99
54.931707,11,7492.820061,True,0.99
-26.111477,35,7494.628338,False,0.99
-5.804519,37,7496.529645,False,0.99
-9.860215,34,7498.314969,False,0.99
58.324774,17,7499.200823,True,0.99
-4.067964,39,7501.18778,False,0.99
-26.45087,35,7502.963256,False,0.99
-5.363926,33,7504.662878,False,0.99
3.71822,38,7506.622816,False,0.99
0.735704,35,7508.434131,False,0.99
59.507592,22,7509.608108,True,0.99
-22.756859,35,7511.394065,False,0.99
-7.730811,33,7513.064807,False,0.99
54.563862,12,7513.692346,True,0.99
-6.880571,38,7515.676824,False,0.99
62.384554,28,7517.103046,True,0.99
56.972888,15,7517.92264,True,0.99
-15.351248,36,7519.745195,False,0.99
-6.327156,35,7521.512197,False,0.99
-23.300185,34,7523.263432,False,0.99
54.340276,11,7523.855686,True,0.99
-8.781805,39,7525.848187,False,0.99
-19.473046,35,7527.665502,False,0.99
62.918162,29,7529.137475,True,0.99
61.042164,25,7530.400537,True,0.99
3.054745,35,7535.613779,False,0.99
-8.476798,35,7537.425734,False,0.99
-14.664773,35,7539.229939,False,0.99
61.837953,30,7540.753634,True,0.99
62.76265,29,7542.263265,True,0.99
-6.587786,36,7544.127689,False,0.99
-8.938569,37,7546.061747,False,0.99
-25.701546,35,7547.854414,False,0.99
59.237967,18,7548.800347,True,0.99
-5.722035,35,7550.587296,False,0.99
-6.735353,32,7552.272908,False,0.99
53.172909,7,7552.653732,True,0.99
59.527735,20,7553.695513,True,0.99
-5.605566,34,7555.443047,False,0.99
-8.259305,35,7557.220055,False,0.99
57.28997,17,7558.127666,True,0.99
-10.679628,36,7559.99791,False,0.99
-25.078088,35,7561.793151,False,0.99
54.409133,10,7562.312649,True,0.99
-5.421987,34,7564.062718,False,0.99
-4.087047,35,7565.799666,False,0.99
-26.873721,38,7567.752211,False,0.99
-26.155499,35,7569.536265,False,0.99
53.10628,7,7569.910722,True,0.99
-2.263095,34,7571.632058,False,0.99
-12.513205,33,7573.265076,False,0.99
-10.245042,35,7575.091621,False,0.99
56.88895,15,7575.8534,True,0.99
60.520829,22,7577.025456,True,0.99
1.929008,34,7578.745535,False,0.99
62.442412,24,7579.981682,True,0.99
-8.969966,33,7581.671289,False,0.99
59.18845,20,7582.70304,True,0.99
-22.788762,33,7584.414793,False,0.99
-9.077217,32,7586.050925,False,0.99
-8.370932,34,7587.806677,False,0.99
55.270142,11,7588.37478,True,0.99
-20.145075,34,7590.121705,False,0.99
62.038761,27,7591.518816,True,0.99
-12.766351,36,7593.375961,False,0.99
63.127522,27,7594.758082,True,0.99
61.573741,23,7595.927418,True,0.99
-3.574351,35,7597.672782,False,0.99
60.593434,22,7598.792046,True,0.99
58.869535,18,7599.72505,True,0.99
-24.442945,37,7601.624541,False,0.99
-26.063818,35,7603.399457,False,0.99
-4.542422,32,7605.010607,False,0.99
-19.711642,45,7607.285711,False,0.99
63.163244,28,7608.736881,True,0.99
60.119066,22,7609.867005,True,0.99
-6.567792,41,7611.989873,False,0.99
56.972338,17,7612.872494,True,0.99
-8.227182,34,7614.615803,False,0.99
55.8741,17,7615.485647,True,0.99
58.971257,18,7616.411261,True,0.99
-13.466137,45,7618.700578,False,0.99
-8.746537,36,7620.573132,False,0.99
58.331423,18,7621.491365,True,0.99
56.650032,15,7622.258214,True,0.99
-6.786916,35,7624.068092,False,0.99
-6.709643,31,7625.622982,False,0.99
-6.134872,41,7627.764521,False,0.99
-1.897354,34,7629.505187,False,0.99
-14.527962,33,7631.179831,False,0.99
-5.403645,31,7632.746587,False,0.99
59.199599,20,7633.804883,True,0.99
-21.893161,36,7635.658474,False,0.99
-22.697627,37,7637.542571,False,0.99
-0.627596,32,7639.195575,False,0.99
59.687361,19,7640.134239,True,0.99
53.395994,8,7644.088596,True,0.99
-2.575914,34,7645.822685,False,0.99
55.527891,11,7646.398307,True,0.99
-6.091497,38,7648.357054,False,0.99
55.510812,13,7649.039144,True,0.99
-11.45961,38,7650.956996,False,0.99
-26.052641,34,7652.66399,False,0.99
53.592932,8,7653.084721,True,0.99
62.087291,25,7654.402483,True,0.99
-9.901127,37,7656.302235,False,0.99
-1.550926,32,7657.912429,False,0.99
59.435294,19,7658.890098,True,0.99
-11.09712,35,7660.68664,False,0.99
54.517012,13,7661.391073,True,0.99
-23.981155,37,7663.276219,False,0.99
51.950964,8,7663.703282,True,0.99
-0.50029,36,7665.564249,False,0.99
61.893655,30,7667.08601,True,0.99
-19.889649,38,7669.030666,False,0.99
-13.982344,35,7670.845265,False,0.99
54.736908,10,7671.36588,True,0.99
55.783361,17,7672.250822,True,0.99
-9.013595,35,7674.045027,False,0.99
54.787852,11,7674.605034,True,0.99
-27.586752,38,7676.544343,False,0.99
56.579454,15,7677.325884,True,0.99
61.129062,25,7678.61311,True,0.99
56.68861,19,7679.624964,True,0.99
-11.988266,35,7681.425634,False,0.99
-10.054177,33,7683.15586,False,0.99
-25.376874,35,7684.940478,False,0.99
-26.723129,36,7686.81787,False,0.99
-0.872208,35,7688.598933,False,0.99
59.830048,23,7689.789387,True,0.99
0.043553,36,7691.578013,False,0.99
61.210808,24,7692.798418,True,0.99
58.052721,17,7693.651479,True,0.99
-11.972983,37,7695.559838,False,0.99
-21.218474,36,7697.432783,False,0.99
-7.517453,41,7699.568221,False,0.99
58.408338,21,7700.644508,True,0.99
-32.723749,52,7703.339153,False,0.99
61.556185,24,7704.553128,True,0.99
-14.643735,33,7706.258103,False,0.99
-2.574765,40,7708.346898,False,0.99
-9.703135,37,7710.275512,False,0.99
-2.325482,37,7712.162747,False,0.99
61.225744,24,7713.403944,True,0.99
0.010339,36,7715.296965,False,0.99
58.030662,18,7716.238703,True,0.99
-2.746478,34,7717.989199,False,0.99
-26.143511,34,7719.716466,False,0.99
57.535326,18,7720.679402,True,0.99
-9.061418,35,7722.528085,False,0.99
60.687258,25,7723.841524,True,0.99
-0.660015,37,7725.777759,False,0.99
53.139757,7,7726.139521,True,0.99
-9.296033,32,7727.796667,False,0.99
-6.822756,35,7729.594239,False,0.99
55.540254,18,7730.537691,True,0.99
-8.228819,37,7732.425251,False,0.99
57.553588,17,7733.305377,True,0.99
56.086636,14,7734.065397,True,0.99
-8.23292,38,7736.000679,False,0.99
58.872139,19,7737.010336,True,0.99
60.485106,21,7738.07101,True,0.99
-25.888539,35,7739.869407,False,0.99
-10.339471,37,7741.794695,False,0.99
55.219391,13,7742.4709,True,0.99
58.175293,22,7743.652134,True,0.99
57.546139,19,7744.632878,True,0.99
-1.745173,36,7746.388473,False,0.99
58.364383,19,7747.352148,True,0.99
-2.061185,34,7749.121476,False,0.99
-1.765242,36,7754.462048,False,0.99
-7.071024,35,7756.261663,False,0.99
55.92261,13,7756.945747,True,0.99
-24.977496,36,7758.826373,False,0.99
-9.583151,37,7760.762089,False,0.99
-7.880829,35,7762.461814,False,0.99
-4.835937,39,7764.465638,False,0.99
-15.369198,35,7766.281276,False,0.99
-4.954752,34,7767.98281,False,0.99
-14.31493,39,7769.958984,False,0.99
-12.995951,38,7771.908762,False,0.99
-3.025592,33,7773.570185,False,0.99
61.631432,25,7774.838323,True,0.99
-5.077823,34,7776.534713,False,0.99
-25.432642,36,7778.399075,False,0.99
54.444099,11,7778.995877,True,0.99
56.306147,15,7779.763268,True,0.99
-8.691534,37,7781.666814,False,0.99
-9.731799,36,7783.81962,False,0.99
-23.71504,33,7785.552761,False,0.99
55.626052,16,7786.388449,True,0.99
-23.944569,45,7788.728846,False,0.99
-25.119584,35,7790.51945,False,0.99
-14.193609,38,7792.463395,False,0.99
-16.891711,39,7794.500872,False,0.99
-19.621427,37,7796.432799,False,0.99
-8.989,45,7798.770373,False,0.99
55.000139,14,7799.502853,True,0.99
-25.744815,34,7801.257695,False,0.99
-22.395333,46,7803.600823,False,0.99
56.70531,15,7804.387174,True,0.99
-24.637007,36,7806.283191,False,0.99
-12.702516,36,7808.097027,False,0.99
-4.439809,38,7810.004641,False,0.99
-5.286227,33,7811.712879,False,0.99
60.879576,26,7813.070578,True,0.99
-11.68904,37,7814.990644,False,0.99
-25.62053,36,7816.815364,False,0.99
-15.400799,40,7818.910798,False,0.99
-8.919029,44,7821.193887,False,0.99
-13.769065,44,7823.464967,False,0.99
-10.893392,36,7825.302902,False,0.99
-16.95398,37,7827.225068,False,0.99
-1.290056,34,7828.973202,False,0.99
64.583997,34,7830.706233,True,0.99
57.969295,17,7831.589725,True,0.99
-6.01815,32,7833.244109,False,0.99
62.001801,28,7834.703625,True,0.99
60.46848,21,7835.772003,True,0.99
58.181182,20,7836.810699,True,0.99
-4.664409,38,7838.770959,False,0.99
56.747522,17,7839.655402,True,0.99
-2.797253,38,7841.632609,False,0.99
-12.025336,38,7843.573146,False,0.99
-17.779538,38,7845.569824,False,0.99
56.339952,19,7846.549976,True,0.99
-10.147662,38,7848.488624,False,0.99
61.164397,24,7849.779249,True,0.99
59.740741,25,7851.082808,True,0.99
-22.898789,38,7853.069735,False,0.99
-11.576491,36,7854.963452,False,0.99
58.416809,21,7856.053664,True,0.99
-6.609337,37,7857.9348,False,0.99
-10.599997,32,7863.118055,False,0.99
57.68479,18,7864.068287,True,0.99
1.540209,40,7866.161222,False,0.99
-8.535552,37,7868.066197,False,0.99
-7.388155,41,7870.171024,False,0.99
-5.960574,36,7871.997859,False,0.99
-21.733741,36,7873.866912,False,0.99
57.114118,16,7874.709491,True,0.99
-7.951584,37,7876.594946,False,0.99
-23.561712,37,7878.498612,False,0.99
-21.610838,34,7880.286377,False,0.99
-15.664505,34,7882.054541,False,0.99
57.870974,16,7882.912081,True,0.99
53.088107,8,7883.342279,True,0.99
59.211729,22,7884.464885,True,0.99
50.413918,1,7884.532548,True,0.99
-3.341267,38,7886.505975,False,0.99
59.854916,25,7887.79411,True,0.99
-11.856129,39,7889.818674,False,0.99
-24.415175,36,7891.66857,False,0.99
55.061435,13,7892.343385,True,0.99
53.500108,10,7892.888453,True,0.99
-2.926384,36,7894.750585,False,0.99
-22.46133,40,7896.854241,False,0.99
-14.35322,38,7898.810693,False,0.99
-14.736564,40,7900.875608,False,0.99
-15.198072,37,7902.807078,False,0.99
-12.83059,34,7904.597608,False,0.99
61.473377,24,7905.843564,True,0.99
61.20474,23,7907.025521,True,0.99
-11.417597,36,7908.892557,False,0.99
59.696975,22,7910.024738,True,0.99
-24.877528,37,7911.932719,False,0.99
58.458092,25,7913.205048,True,0.99
-8.147883,49,7915.706754,False,0.99
-21.627968,33,7917.436203,False,0.99
-14.529773,37,7919.40091,False,0.99
-7.04664,39,7921.382825,False,0.99
-20.354591,35,7923.181206,False,0.99
56.214865,16,7924.027688,True,0.99
-26.098446,45,7926.333563,False,0.99
-19.39594,40,7928.357513,False,0.99
2.722341,42,7930.446322,False,0.99
-11.032138,37,7932.370502,False,0.99
60.728124,25,7933.613702,True,0.99
-0.422586,37,7935.455901,False,0.99
61.214359,25,7936.763005,True,0.99
-9.294109,48,7939.194855,False,0.99
49.529673,1,7939.255204,True,0.99
61.308519,25,7940.52724,True,0.99
62.113853,25,7941.787184,True,0.99
52.519453,7,7942.156695,True,0.99
-2.067153,34,7943.848149,False,0.99
61.460985,29,7945.321765,True,0.99
57.261149,19,7946.276965,True,0.99
-4.773184,42,7948.4039,False,0.99
-10.092669,32,7950.036458,False,0.99
-10.127142,35,7951.811206,False,0.99
56.756294,14,7952.536726,True,0.99
-27.618213,51,7955.132603,False,0.99
56.656977,17,7956.026755,True,0.99
58.962061,20,7957.055862,True,0.99
56.280378,13,7957.741127,True,0.99
56.800806,18,7958.684997,True,0.99
60.400834,27,7960.075742,True,0.99
60.154813,23,7961.239713,True,0.99
62.643171,32,7962.872956,True,0.99
2.380109,42,7965.015264,False,0.99
-24.451746,39,7967.018237,False,0.99
56.473686,14,7971.72593,True,0.99
-3.053765,34,7973.440678,False,0.99
59.618811,20,7974.481646,True,0.99
-25.605021,32,7976.081462,False,0.99
-27.10028,42,7978.241143,False,0.99
-17.163225,34,7980.015819,False,0.99
53.583496,9,7980.483341,True,0.99
60.85684,22,7981.598928,True,0.99
-5.116018,39,7983.590487,False,0.99
-12.125129,37,7985.478475,False,0.99
-16.437269,36,7987.345101,False,0.99
-12.397648,35,7989.097202,False,0.99
-24.723833,33,7990.818727,False,0.99
59.821747,25,7992.067686,True,0.99
-7.468711,38,7994.02491,False,0.99
61.726521,23,7995.203013,True,0.99
55.976491,15,7995.975544,True,0.99
63.535593,29,7997.46833,True,0.99
-28.10702,43,7999.658243,False,0.99
-3.809345,33,8001.324751,False,0.99
-9.658742,37,8003.215193,False,0.99
-1.618617,39,8005.19462,False,0.99
-8.617493,36,8007.051981,False,0.99
-10.720752,36,8008.890634,False,0.99
-15.355573,39,8010.893253,False,0.99
-25.233681,41,8012.948606,False,0.99
-24.343163,39,8014.974537,False,0.99
-5.219715,35,8016.745836,False,0.99
-25.726234,39,8018.736393,False,0.99
53.403962,8,8019.194998,True,0.99
-22.792292,38,8021.17285,False,0.99
-26.00022,35,8022.974067,False,0.99
60.196803,24,8024.194644,True,0.99
-6.44738,39,8026.198589,False,0.99
-14.537827,38,8028.121259,False,0.99
54.468039,9,8028.5833,True,0.99
-14.403397,37,8030.461419,False,0.99
57.872785,18,8031.434908,True,0.99
61.759662,26,8032.743695,True,0.99
53.336388,12,8033.391531,True,0.99
-25.743635,42,8035.563944,False,0.99
55.002148,13,8036.240267,True,0.99
-7.65381,33,8037.926755,False,0.99
54.590721,12,8038.554059,True,0.99
61.704099,31,8040.12942,True,0.99
58.490472,19,8041.10256,True,0.99
-14.603567,39,8043.093593,False,0.99
-13.19319,41,8045.174797,False,0.99
57.448826,17,8046.05555,True,0.99
56.358239,18,8046.968094,True,0.99
-16.444154,37,8048.895851,False,0.99
-10.240446,37,8050.831386,False,0.99
-6.855787,37,8052.71034,False,0.99
-8.338107,37,8054.575783,False,0.99
-4.429119,33,8056.267752,False,0.99
55.971388,13,8056.941963,True,0.99
-21.875668,34,8058.670578,False,0.99
50.166933,1,8058.734708,True,0.99
61.240044,25,8059.99962,True,0.99
54.153919,12,8060.630266,True,0.99
63.825997,30,8062.156624,True,0.99
-23.028183,34,8063.907708,False,0.99
-11.438373,37,8065.792726,False,0.99
-20.623587,47,8068.253403,False,0.99
52.862714,7,8068.628059,True,0.99
-10.791844,33,8070.336358,False,0.99
-19.859105,35,8072.126442,False,0.99
56.173726,16,8072.951373,True,0.99
-25.357489,40,8075.025233,False,0.99
58.697713,20,8076.083646,True,0.99
54.969283,14,8080.552445,True,0.99
-10.639543,36,8082.3666,False,0.99
-3.021849,33,8083.98218,False,0.99
54.752364,12,8084.614811,True,0.99
51.936838,5,8084.888241,True,0.99
-6.390817,35,8086.642625,False,0.99
61.49844,28,8088.068179,True,0.99
-3.151673,34,8089.819674,False,0.99
-9.263933,34,8091.568752,False,0.99
-24.657188,43,8093.771893,False,0.99
-10.440459,37,8095.672369,False,0.99
60.067133,22,8096.838204,True,0.99
-13.83563,37,8098.710755,False,0.99
-2.545624,35,8100.483514,False,0.99
-4.452657,38,8102.429963,False,0.99
-11.001183,41,8104.607681,False,0.99
54.046028,13,8105.301506,True,0.99
59.451577,20,8106.339895,True,0.99
-23.427969,35,8108.139435,False,0.99
53.196888,7,8108.503902,True,0.99
62.02177,25,8109.78618,True,0.99
-8.669916,40,8111.828356,False,0.99
-26.198167,36,8113.645885,False,0.99
-6.89571,36,8115.492377,False,0.99
-14.460334,44,8117.78249,False,0.99
-6.11742,41,8119.916582,False,0.99
54.39594,11,8120.487337,True,0.99
61.12707,23,8121.696556,True,0.99
3.471485,35,8123.469111,False,0.99
56.943436,17,8124.347496,True,0.99
57.418391,19,8125.318805,True,0.99
-3.402422,33,8126.891012,False,0.99
59.128562,21,8127.971258,True,0.99
-1.914222,33,8129.637412,False,0.99
-21.313465,39,8131.587267,False,0.99
-6.080171,34,8133.340145,False,0.99
-19.92206,39,8135.351441,False,0.99
-4.990653,33,8137.045412,False,0.99
-9.576233,41,8139.156967,False,0.99
-14.927317,38,8141.135188,False,0.99
-5.006437,35,8142.905208,False,0.99
53.792607,9,8143.383032,True,0.99
-5.239715,36,8145.195676,False,0.99
1.618781,39,8147.143116,False,0.99
-4.632622,44,8149.409253,False,0.99
63.17052,32,8151.016429,True,0.99
-25.80415,35,8152.800713,False,0.99
-24.327161,36,8154.647029,False,0.99
-14.170647,33,8156.317417,False,0.99
-13.959312,35,8158.085044,False,0.99
-14.002793,36,8159.955631,False,0.99
-2.218381,40,8161.95066,False,0.99
-7.885093,38,8163.9147,False,0.99
-23.163407,41,8166.046472,False,0.99
-5.944795,37,8167.966309,False,0.99
57.77497,18,8168.898273,True,0.99
56.587972,15,8169.690269,True,0.99
-1.948292,35,8171.463525,False,0.99
58.588274,21,8172.538987,True,0.99
-3.962085,39,8174.518683,False,0.99
-15.180116,38,8176.450214,False,0.99
56.625734,14,8177.19555,True,0.99
-3.5347,38,8179.124628,False,0.99
-11.791331,35,8180.916925,False,0.99
61.455629,23,8182.083139,True,0.99
59.624884,21,8183.161355,True,0.99
-26.389956,35,8184.93462,False,0.99
-10.378765,36,8190.471986,False,0.99
59.788798,21,8191.556388,True,0.99
53.08123,8,8191.976478,True,0.99
-13.186711,34,8193.694151,False,0.99
60.591254,25,8194.977976,True,0.99
-3.717497,37,8196.899977,False,0.99
-11.746367,38,8198.843299,False,0.99
53.830983,8,8199.260638,True,0.99
-5.339706,38,8201.151574,False,0.99
-10.253247,37,8203.044224,False,0.99
-4.927777,50,8205.584404,False,0.99
-11.328552,37,8207.460954,False,0.99
-4.277017,36,8209.322267,False,0.99
58.249203,21,8210.390208,True,0.99
-24.635895,39,8212.386185,False,0.99
-9.00729,38,8214.3247,False,0.99
55.269515,11,8214.897129,True,0.99
58.369315,24,8216.139765,True,0.99
55.53204,17,8217.0153,True,0.99
-4.88416,36,8218.901083,False,0.99
-8.475577,39,8220.899724,False,0.99
55.379465,16,8221.72347,True,0.99
-12.034152,40,8223.792971,False,0.99
-13.069286,41,8225.863411,False,0.99
54.03206,12,8226.4886,True,0.99
56.059155,15,8227.265968,True,0.99
-24.03239,34,8229.040527,False,0.99
-4.790476,35,8230.77037,False,0.99
-3.383214,39,8232.761604,False,0.99
55.768627,17,8233.660727,True,0.99
-9.877741,39,8235.685332,False,0.99
-4.785463,36,8237.508845,False,0.99
-16.350177,37,8239.428797,False,0.99
-8.090428,37,8241.375815,False,0.99
55.78226,14,8242.124887,True,0.99
2.3533,37,8244.001882,False,0.99
-5.086303,36,8245.846433,False,0.99
51.122839,3,8246.021217,True,0.99
57.409452,17,8246.907893,True,0.99
-12.40956,35,8248.715404,False,0.99
53.519694,9,8249.210735,True,0.99
53.763085,9,8249.704151,True,0.99
-3.046935,37,8251.619922,False,0.99
-7.459157,39,8253.640989,False,0.99
-26.351585,37,8255.597777,False,0.99
-28.670858,44,8257.866103,False,0.99
60.696411,25,8259.133451,True,0.99
49.746745,1,8259.20191,True,0.99
62.488664,27,8260.609518,True,0.99
60.406007,22,8261.749276,True,0.99
-9.16759,37,8263.655983,False,0.99
-13.103703,35,8265.508812,False,0.99
-4.544833,39,8267.519198,False,0.99
-26.423374,38,8269.471147,False,0.99
58.112288,17,8270.352245,True,0.99
-13.192839,42,8272.550036,False,0.99
54.968519,12,8273.180262,True,0.99
52.833981,8,8273.624103,True,0.99
-0.721626,35,8275.44735,False,0.99
-12.79759,36,8277.306194,False,0.99
55.947462,14,8278.045052,True,0.99
-17.219572,39,8280.027581,False,0.99
-3.484891,36,8281.898824,False,0.99
-11.535428,38,8283.864149,False,0.99
-26.088881,38,8285.846694,False,0.99
57.826373,19,8286.793969,True,0.99
60.359153,26,8288.103372,True,0.99
-4.676712,39,8290.089722,False,0.99
-9.550296,32,8291.681016,False,0.99
-22.256812,40,8293.673097,False,0.99
60.730411,23,8298.575461,True,0.99
56.534039,15,8299.3564,True,0.99
58.646381,20,8300.364224,True,0.99
59.135509,20,8301.36798,True,0.99
56.234034,15,8302.145209,True,0.99
56.17939,14,8302.860173,True,0.99
-8.154838,38,8304.738022,False,0.99
58.373442,18,8305.659852,True,0.99
0.738297,39,8307.62424,False,0.99
-24.357614,38,8309.518516,False,0.99
-23.025779,61,8312.543536,False,0.99
-25.418661,37,8314.367292,False,0.99
-13.631152,37,8316.206873,False,0.99
-26.051326,36,8318.014369,False,0.99
-14.86094,36,8319.809895,False,0.99
-22.128723,46,8322.114594,False,0.99
53.910381,9,8322.587632,True,0.99
-13.313036,38,8324.497841,False,0.99
0.704175,37,8326.367748,False,0.99
-10.290965,39,8328.318811,False,0.99
-3.920202,37,8330.220104,False,0.99
-8.236408,35,8331.994893,False,0.99
-1.348682,39,8333.982543,False,0.99
58.392362,19,8334.961364,True,0.99
60.227082,22,8336.065315,True,0.99
-13.101277,36,8337.879559,False,0.99
56.936805,15,8338.622624,True,0.99
-6.202225,35,8340.394542,False,0.99
62.353285,29,8341.857858,True,0.99
-3.511329,36,8343.708244,False,0.99
-25.342182,38,8345.629221,False,0.99
-5.788597,37,8347.455897,False,0.99
-1.670516,40,8349.509874,False,0.99
0.766622,35,8351.279634,False,0.99
53.45146,10,8351.847659,True,0.99
-4.329152,36,8353.707332,False,0.99
-0.229494,37,8355.563828,False,0.99
-3.572123,39,8357.545686,False,0.99
56.891935,15,8358.313135,True,0.99
62.486659,33,8360.010477,True,0.99
-1.431131,39,8362.012678,False,0.99
62.06884,24,8363.247253,True,0.99
-3.268611,37,8365.105041,False,0.99
62.464815,30,8366.639201,True,0.99
55.747375,15,8367.401321,True,0.99
50.478764,2,8367.520038,True,0.99
-3.518812,37,8369.382249,False,0.99
-5.283415,40,8371.395555,False,0.99
-7.805071,36,8373.241733,False,0.99
-12.098287,36,8375.039478,False,0.99
57.112793,18,8375.953092,True,0.99
-7.704574,38,8377.889708,False,0.99
-11.141091,37,8379.741785,False,0.99
-10.608345,38,8381.693923,False,0.99
-22.431662,33,8383.335757,False,0.99
-8.959342,41,8385.511008,False,0.99
-5.749269,35,8387.284374,False,0.99
-6.45943,43,8389.52569,False,0.99
-10.561186,39,8391.495674,False,0.99
-10.945678,42,8393.606529,False,0.99
58.461281,24,8394.831169,True,0.99
-22.965844,36,8396.630079,False,0.99
-22.975339,35,8398.412761,False,0.99
-19.329696,40,8400.458204,False,0.99
57.044546,19,8401.422376,True,0.99
57.445261,20,8406.304222,True,0.99
-23.278799,39,8408.250463,False,0.99
55.365004,14,8408.959772,True,0.99
-7.873264,37,8410.830837,False,0.99
-11.398695,42,8412.970826,False,0.99
-4.043511,38,8414.851465,False,0.99
-5.842672,33,8416.529643,False,0.99
54.452946,12,8417.134945,True,0.99
-3.477273,39,8419.103009,False,0.99
-12.602666,39,8421.06284,False,0.99
56.175633,15,8421.838259,True,0.99
53.170039,10,8422.355906,True,0.99
-5.612898,36,8424.152136,False,0.99
-26.763321,40,8426.192472,False,0.99
57.351818,17,8427.043781,True,0.99
54.94611,14,8427.768666,True,0.99
61.283804,27,8429.145624,True,0.99
-25.060253,38,8431.035271,False,0.99
53.539841,12,8431.669655,True,0.99
62.093255,26,8433.028478,True,0.99
-7.338143,38,8434.979733,False,0.99
57.615955,20,8436.000435,True,0.99
63.745885,33,8437.683257,True,0.99
57.111768,19,8438.65519,True,0.99
-27.123202,42,8440.781713,False,0.99
-5.597514,40,8442.80437,False,0.99
60.371378,22,8443.939665,True,0.99
54.393311,11,8444.508777,True,0.99
59.553725,27,8445.874213,True,0.99
55.145239,13,8446.542941,True,0.99
-15.158181,40,8448.566308,False,0.99
-15.531084,39,8450.49667,False,0.99
-13.752876,36,8452.330084,False,0.99
57.804217,17,8453.20234,True,0.99
-1.210844,38,8455.116913,False,0.99
-8.02961,39,8457.075192,False,0.99
-9.473534,38,8458.96602,False,0.99
-22.139396,47,8461.321192,False,0.99
49.750326,1,8461.387695,True,0.99
-17.611484,41,8463.460287,False,0.99
49.566977,1,8463.527093,True,0.99
61.441203,26,8464.842724,True,0.99
-14.417675,42,8466.979921,False,0.99
62.18999,25,8468.251358,True,0.99
-4.380264,37,8470.125985,False,0.99
-25.212782,38,8472.050985,False,0.99
-14.959589,38,8473.983768,False,0.99
-20.507522,37,8475.826146,False,0.99
59.298,21,8476.895176,True,0.99
-17.144749,38,8478.864977,False,0.99
-2.276068,40,8480.913552,False,0.99
-15.459942,38,8482.814491,False,0.99
1.36502,34,8484.575091,False,0.99
-17.231651,38,8486.50463,False,0.99
-22.956509,38,8488.419864,False,0.99
-6.256983,35,8490.17616,False,0.99
-0.507502,37,8492.058646,False,0.99
-9.911747,43,8494.26228,False,0.99
54.945723,11,8494.836961,True,0.99
-9.772788,35,8496.607589,False,0.99
-17.489468,40,8498.59821,False,0.99
59.915094,26,8499.936958,True,0.99
50.411917,1,8499.999805,True,0.99
0.594969,35,8501.808035,False,0.99
60.639448,22,8502.932456,True,0.99
-0.455536,39,8504.880657,False,0.99
52.838745,8,8505.308172,True,0.99
-18.194423,41,8507.377543,False,0.99
-20.514275,41,8509.466426,False,0.99
58.77203,20,8514.25337,True,0.99
-12.99711,37,8516.132649,False,0.99
-23.561007,37,8518.005632,False,0.99
-16.858857,39,8519.949323,False,0.99
62.249812,25,8521.229754,True,0.99
-24.953657,37,8523.096544,False,0.99
57.313767,19,8524.063895,True,0.99
54.27583,13,8524.737467,True,0.99
60.150918,24,8525.9614,True,0.99
-11.731667,37,8527.823846,False,0.99
-6.013372,40,8529.854268,False,0.99
58.094379,18,8530.777082,True,0.99
-17.507572,39,8532.704304,False,0.99
-13.90057,41,8534.791259,False,0.99
-12.412681,36,8536.611869,False,0.99
-10.246039,37,8538.507183,False,0.99
-27.493488,40,8540.543829,False,0.99
-12.441192,46,8542.806238,False,0.99
60.777894,23,8543.997101,True,0.99
61.398161,26,8545.296112,True,0.99
-25.132133,40,8547.296979,False,0.99
-10.233607,34,8549.045332,False,0.99
-19.860692,41,8551.122377,False,0.99
-17.160567,42,8553.245103,False,0.99
59.694125,24,8554.470256,True,0.99
-11.423243,39,8556.416086,False,0.99
59.16199,20,8557.427788,True,0.99
-4.105144,37,8559.315219,False,0.99
59.863997,24,8560.551466,True,0.99
66.294187,38,8562.466316,True,0.99
-14.733099,41,8564.514598,False,0.99
62.271976,28,8565.936902,True,0.99
56.910793,16,8566.741816,True,0.99
-16.48148,45,8569.018613,False,0.99
-24.117679,47,8571.410645,False,0.99
-25.902947,40,8573.458,False,0.99
-9.56203,41,8575.513282,False,0.99
-5.19417,40,8577.547648,False,0.99
-16.503219,42,8579.67622,False,0.99
56.148842,14,8580.397485,True,0.99
61.556514,27,8581.751467,True,0.99
-3.368353,39,8583.678547,False,0.99
-10.504771,36,8585.489518,False,0.99
-0.468222,42,8587.596653,False,0.99
-5.499624,41,8589.62012,False,0.99
-5.993004,39,8591.621725,False,0.99
-9.997033,39,8593.592511,False,0.99
58.885518,18,8594.513685,True,0.99
62.420784,29,8596.004439,True,0.99
-16.781035,40,8597.990544,False,0.99
-15.959841,43,8600.162799,False,0.99
-17.325394,42,8602.286641,False,0.99
-17.656951,34,8604.021451,False,0.99
-5.89305,39,8605.960023,False,0.99
-17.64384,42,8608.049692,False,0.99
54.452561,11,8608.61061,True,0.99
-0.495954,36,8610.431329,False,0.99
-15.319305,33,8612.113153,False,0.99
54.358243,13,8612.774646,True,0.99
-11.927871,36,8614.600728,False,0.99
56.187772,19,8615.606285,True,0.99
-9.72884,37,8621.190651,False,0.99
61.922031,26,8622.522509,True,0.99
57.358234,17,8623.384623,True,0.99
62.474899,27,8624.764222,True,0.99
55.509367,15,8625.521011,True,0.99
-18.775196,43,8627.653118,False,0.99
-5.592037,37,8629.468992,False,0.99
56.992115,15,8630.240518,True,0.99
59.526803,24,8631.469465,True,0.99
-28.093007,44,8633.660692,False,0.99
-14.946436,39,8635.646217,False,0.99
-4.111236,42,8637.788866,False,0.99
58.58996,25,8639.052605,True,0.99
-17.959496,42,8641.192114,False,0.99
-25.469806,37,8643.056351,False,0.99
-7.104696,40,8645.091631,False,0.99
-11.938249,38,8647.033021,False,0.99
-3.377884,38,8648.952425,False,0.99
49.939249,1,8649.017507,True,0.99
-6.958675,39,8650.991958,False,0.99
59.368196,22,8652.118907,True,0.99
59.784718,25,8653.388217,True,0.99
61.307555,27,8654.775323,True,0.99
-0.060681,39,8656.792749,False,0.99
57.332074,21,8657.860955,True,0.99
-11.812199,36,8659.69545,False,0.99
-25.663533,33,8661.360715,False,0.99
-27.345737,39,8663.359383,False,0.99
61.897761,26,8664.68703,True,0.99
-23.727448,39,8666.644162,False,0.99
-10.27179,35,8668.449911,False,0.99
54.743016,10,8668.973527,True,0.99
-15.849867,44,8671.180854,False,0.99
-10.905304,40,8673.229264,False,0.99
-7.811397,39,8675.240294,False,0.99
-10.916544,36,8677.079527,False,0.99
-5.589485,40,8679.09451,False,0.99
-20.885116,38,8681.05641,False,0.99
58.154625,19,8682.010535,True,0.99
54.919475,11,8682.579775,True,0.99
-9.006189,38,8684.501938,False,0.99
-12.42934,38,8686.395214,False,0.99
-9.178474,39,8688.368396,False,0.99
59.6814,21,8689.43787,True,0.99
57.390343,16,8690.250151,True,0.99
1.342714,38,8692.180613,False,0.99
1.693423,34,8693.877382,False,0.99
-7.684216,38,8695.848797,False,0.99
53.09016,7,8696.211704,True,0.99
54.697975,12,8696.820184,True,0.99
-9.169295,40,8698.848594,False,0.99
-27.203816,43,8701.025268,False,0.99
55.60578,14,8701.760668,True,0.99
-5.231254,38,8703.72268,False,0.99
-11.594976,37,8705.600678,False,0.99
58.19779,18,8706.53118,True,0.99
-22.438223,34,8708.258855,False,0.99
-7.858779,41,8710.31705,False,0.99
-24.735723,37,8712.219077,False,0.99
62.489458,31,8713.788348,True,0.99
-26.414956,37,8715.652961,False,0.99
-23.271937,42,8717.766783,False,0.99
-13.442159,37,8719.632581,False,0.99
62.696991,30,8721.162753,True,0.99
-10.014856,34,8722.898808,False,0.99
59.003508,19,8723.866411,True,0.99
-10.181215,36,8729.454946,False,0.99
-6.21481,34,8731.218097,False,0.99
-7.607139,35,8732.974303,False,0.99
54.064331,10,8733.472398,True,0.99
59.074839,24,8734.700982,True,0.99
-25.047704,37,8736.574423,False,0.99
-27.645631,42,8738.707895,False,0.99
58.525692,22,8739.839723,True,0.99
-5.590895,41,8741.90476,False,0.99
57.857439,19,8742.872493,True,0.99
-20.542209,32,8744.500351,False,0.99
-22.069032,35,8746.286955,False,0.99
-12.364476,36,8748.078871,False,0.99
-2.373712,43,8750.204915,False,0.99
-23.673685,35,8751.961671,False,0.99
-11.100981,40,8753.971765,False,0.99
-6.214103,34,8755.720314,False,0.99
59.570008,23,8756.910644,True,0.99
60.365651,23,8758.095031,True,0.99
-11.410788,41,8760.149309,False,0.99
59.85621,23,8761.335563,True,0.99
58.574031,25,8762.600302,True,0.99
54.515029,13,8763.265028,True,0.99
56.754279,15,8764.035672,True,0.99
1.048654,35,8765.816895,False,0.99
56.610508,17,8766.679876,True,0.99
-15.566875,39,8768.659874,False,0.99
62.310082,29,8770.182395,True,0.99
-3.820093,36,8772.020386,False,0.99
56.811291,16,8772.832663,True,0.99
-1.882784,38,8774.760358,False,0.99
-3.754983,38,8776.679515,False,0.99
0.285965,37,8778.581186,False,0.99
60.600453,23,8779.774436,True,0.99
-4.213366,38,8781.731698,False,0.99
56.249904,16,8782.532413,True,0.99
-24.446239,39,8784.531384,False,0.99
-14.365256,42,8786.657662,False,0.99
60.738008,23,8787.837112,True,0.99
2.224653,37,8789.718666,False,0.99
62.043821,26,8791.036394,True,0.99
61.314789,24,8792.263176,True,0.99
53.82639,11,8792.836436,True,0.99
-21.791274,41,8794.874424,False,0.99
55.297561,13,8795.548107,True,0.99
-3.57664,37,8797.454802,False,0.99
63.492618,30,8798.965374,True,0.99
-8.387345,39,8800.93922,False,0.99
59.891309,22,8802.075681,True,0.99
-3.331957,42,8804.191186,False,0.99
-16.652241,39,8806.176235,False,0.99
-26.353831,41,8808.266429,False,0.99
63.295262,32,8809.895674,True,0.99
-16.776957,42,8812.017487,False,0.99
55.157675,18,8812.957459,True,0.99
57.524659,17,8813.822271,True,0.99
57.88885,19,8814.775987,True,0.99
-10.780894,44,8817.031334,False,0.99
-18.117057,52,8819.657151,False,0.99
0.810354,37,8821.534841,False,0.99
60.368804,20,8822.565354,True,0.99
-26.013943,35,8824.333097,False,0.99
-10.366227,39,8826.31912,False,0.99
-21.397452,49,8828.762379,False,0.99
-2.118381,37,8830.643348,False,0.99
-24.667204,41,8836.527787,False,0.99
56.824839,17,8837.405552,True,0.99
-12.89844,42,8839.519482,False,0.99
-12.937879,37,8841.384012,False,0.99
-8.86171,40,8843.468227,False,0.99
-2.562543,38,8845.40369,False,0.99
60.599843,27,8846.782203,True,0.99
55.117536,12,8847.409962,True,0.99
-6.418982,39,8849.404356,False,0.99
-1.01978,39,8851.333219,False,0.99
59.362985,24,8852.557926,True,0.99
-11.689251,46,8854.893201,False,0.99
-9.033927,40,8856.91744,False,0.99
-1.06296,40,8858.885169,False,0.99
-4.462302,38,8860.851733,False,0.99
-24.079146,39,8862.825721,False,0.99
-15.985999,40,8864.861811,False,0.99
-25.225304,39,8866.830457,False,0.99
-24.223541,41,8868.933415,False,0.99
55.138791,13,8869.598763,True,0.99
-9.071604,39,8871.553336,False,0.99
-7.676073,39,8873.560784,False,0.99
61.960314,26,8874.896218,True,0.99
-4.639738,40,8876.93128,False,0.99
-15.273391,37,8878.790174,False,0.99
-6.893714,36,8880.620401,False,0.99
-26.994307,48,8883.036164,False,0.99
61.31096,24,8884.263312,True,0.99
-2.564229,37,8886.164613,False,0.99
-16.338595,43,8888.341278,False,0.99
-17.053401,37,8890.202251,False,0.99
-24.360095,49,8892.669825,False,0.99
56.192393,16,8893.506224,True,0.99
61.125047,26,8894.814173,True,0.99
-7.938127,37,8896.692317,False,0.99
50.426716,1,8896.759888,True,0.99
-16.391693,43,8898.914433,False,0.99
61.806635,29,8900.414044,True,0.99
-15.352119,43,8902.578658,False,0.99
-19.232346,38,8904.516326,False,0.99
-11.864865,41,8906.598112,False,0.99
-25.698996,39,8908.555942,False,0.99
-19.71593,38,8910.469407,False,0.99
56.641731,17,8911.327498,True,0.99
-26.088098,40,8913.334271,False,0.99
60.121887,22,8914.450616,True,0.99
-10.357369,37,8916.330687,False,0.99
53.391615,10,8916.853672,True,0.99
-25.147329,43,8919.009351,False,0.99
54.25797,11,8919.57978,True,0.99
-18.502554,40,8921.596978,False,0.99
-11.535696,42,8923.686671,False,0.99
-6.292367,45,8925.975239,False,0.99
61.732251,29,8927.442483,True,0.99
61.174417,27,8928.823489,True,0.99
-13.509765,46,8931.170352,False,0.99
61.616888,26,8932.495119,True,0.99
-2.711993,36,8934.316947,False,0.99
-10.015156,38,8936.206558,False,0.99
-14.605186,42,8938.330619,False,0.99
60.596575,24,8939.555844,True,0.99
59.676534,24,8944.698476,True,0.99
59.573674,22,8945.827016,True,0.99
56.33944,15,8946.619785,True,0.99
-25.735812,41,8948.694299,False,0.99
62.331593,29,8950.183208,True,0.99
-15.948478,39,8952.149671,False,0.99
0.010229,40,8954.178978,False,0.99
-8.856112,40,8956.227785,False,0.99
62.938183,29,8957.711939,True,0.99
-0.243146,41,8959.84003,False,0.99
53.050762,8,8960.255476,True,0.99
-7.737324,41,8962.315779,False,0.99
-1.384059,38,8964.255023,False,0.99
-28.520199,46,8966.588382,False,0.99
-3.996712,39,8968.599527,False,0.99
-16.155681,41,8970.64964,False,0.99
-5.546475,40,8972.71643,False,0.99
60.269012,22,8973.873789,True,0.99
-6.149676,38,8975.790301,False,0.99
1.590612,37,8977.675899,False,0.99
-7.440835,35,8979.495179,False,0.99
-5.865544,37,8981.396214,False,0.99
-26.547862,40,8983.400788,False,0.99
56.682047,16,8984.22404,True,0.99
58.095533,22,8985.357893,True,0.99
0.55106,38,8987.29491,False,0.99
-6.770611,40,8989.315306,False,0.99
-26.430774,41,8991.356484,False,0.99
-26.99494,39,8993.290938,False,0.99
59.335968,19,8994.261122,True,0.99
54.222879,11,8994.815756,True,0.99
54.674616,10,8995.35769,True,0.99
61.000062,31,8996.940408,True,0.99
-10.691274,39,8998.89456,False,0.99
-16.261541,48,9001.308632,False,0.99
-9.339486,43,9003.511264,False,0.99
55.097516,12,9004.12682,True,0.99
-5.876708,41,9006.205496,False,0.99
55.996801,14,9006.916891,True,0.99
-6.275015,41,9008.979611,False,0.99
-8.110796,42,9011.07597,False,0.99
-26.889051,46,9013.385654,False,0.99
-12.155361,44,9015.60808,False,0.99
-11.528865,34,9017.344069,False,0.99
55.581059,13,9017.998017,True,0.99
-5.091866,41,9020.090706,False,0.99
-17.70002,40,9022.105737,False,0.99
-7.148422,45,9024.346157,False,0.99
-24.824671,44,9026.583282,False,0.99
-14.549179,37,9028.475354,False,0.99
-5.202461,42,9030.612209,False,0.99
-1.596821,39,9032.605322,False,0.99
-18.791637,44,9034.830381,False,0.99
-2.222419,42,9036.983329,False,0.99
58.15614,20,9037.995895,True,0.99
56.602889,16,9038.79793,True,0.99
57.920202,19,9039.762434,True,0.99
-3.741687,37,9041.641214,False,0.99
-17.105108,43,9043.835254,False,0.99
56.695336,15,9044.610654,True,0.99
59.673811,22,9045.726935,True,0.99
-11.873065,44,9047.93933,False,0.99
-13.626026,41,9053.819886,False,0.99
60.009368,23,9054.991394,True,0.99
61.779559,28,9056.43535,True,0.99
-6.004203,35,9058.205244,False,0.99
54.63375,14,9058.924182,True,0.99
-21.507488,42,9061.065754,False,0.99
-0.058249,36,9062.903806,False,0.99
55.089035,10,9063.431161,True,0.99
-11.968067,38,9065.638577,False,0.99
-0.594446,37,9067.501504,False,0.99
-15.153885,41,9069.596826,False,0.99
-9.647875,36,9071.409184,False,0.99
-3.884316,37,9073.286324,False,0.99
-7.307173,41,9075.378003,False,0.99
62.047724,32,9077.003413,True,0.99
-7.795504,37,9078.897663,False,0.99
62.279278,29,9080.371311,True,0.99
-14.085479,40,9082.394732,False,0.99
-26.838252,39,9084.367276,False,0.99
-6.22365,35,9086.173901,False,0.99
-5.976909,41,9088.276322,False,0.99
-16.622147,46,9090.598504,False,0.99
-12.78027,36,9092.41592,False,0.99
61.295907,25,9093.711176,True,0.99
-20.951138,42,9095.802137,False,0.99
-9.366103,36,9097.627032,False,0.99
53.869094,11,9098.187896,True,0.99
49.836007,1,9098.257612,True,0.99
-5.704274,40,9100.308658,False,0.99
59.347547,20,9101.328322,True,0.99
-4.465321,38,9103.243717,False,0.99
-25.919944,35,9104.981838,False,0.99
-14.769374,38,9106.873435,False,0.99
-14.191219,38,9108.7929,False,0.99
-4.819961,41,9110.87533,False,0.99
-25.685619,39,9112.849167,False,0.99
-5.687077,37,9114.740341,False,0.99
60.255832,23,9115.919919,True,0.99
-28.470034,44,9118.13687,False,0.99
60.746787,23,9119.316301,True,0.99
-11.9546,35,9121.062811,False,0.99
55.30297,13,9121.717396,True,0.99
61.129809,24,9122.943581,True,0.99
54.314197,12,9123.558022,True,0.99
62.733269,27,9124.91568,True,0.99
-16.959461,39,9126.875837,False,0.99
58.797422,21,9127.963632,True,0.99
-8.042899,39,9129.945464,False,0.99
54.387267,11,9130.511182,True,0.99
-16.165694,40,9132.501252,False,0.99
61.675858,26,9133.821563,True,0.99
53.525521,10,9134.335847,True,0.99
-4.475999,43,9136.558304,False,0.99
-19.481432,37,9138.426607,False,0.99
60.915035,22,9139.554446,True,0.99
-9.029194,46,9141.90161,False,0.99
59.16919,21,9143.011025,True,0.99
53.503386,9,9143.47526,True,0.99
-12.70813,37,9145.358669,False,0.99
-3.512867,35,9147.13116,False,0.99
-26.093168,41,9149.20798,False,0.99
-26.206792,36,9151.010473,False,0.99
-7.631144,39,9152.972044,False,0.99
-9.198195,42,9155.120703,False,0.99
-15.920916,45,9161.165234,False,0.99
-4.056999,40,9163.208054,False,0.99
62.650352,29,9164.684321,True,0.99
-1.500201,45,9166.897012,False,0.99
-24.763261,49,9169.387823,False,0.99
-9.930788,40,9171.430464,False,0.99
2.381675,38,9173.377522,False,0.99
-8.856276,48,9175.859981,False,0.99
62.975883,29,9177.332244,True,0.99
58.068189,19,9178.304085,True,0.99
-15.958543,47,9180.662817,False,0.99
61.393905,26,9182.031604,True,0.99
-0.657161,43,9184.245056,False,0.99
-3.752712,39,9186.244455,False,0.99
53.384423,8,9186.65675,True,0.99
63.674978,31,9188.269219,True,0.99
-8.394299,44,9190.486346,False,0.99
-10.769924,45,9192.76807,False,0.99
56.543818,16,9193.615295,True,0.99
55.620021,13,9194.273243,True,0.99
53.614645,8,9194.68682,True,0.99
-17.551203,42,9196.805745,False,0.99
-5.525499,37,9198.700012,False,0.99
-5.312776,37,9200.579615,False,0.99
-17.35934,46,9202.860678,False,0.99
56.398769,14,9203.57575,True,0.99
-21.319675,43,9205.754616,False,0.99
1.315529,39,9207.742622,False,0.99
-11.325525,40,9209.711908,False,0.99
-13.147109,45,9211.95378,False,0.99
-11.544488,43,9214.134156,False,0.99
-11.023214,46,9216.474237,False,0.99
53.662867,10,9217.002399,True,0.99
-21.405937,42,9219.126846,False,0.99
-24.726948,53,9221.816581,False,0.99
57.506122,22,9222.948107,True,0.99
-33.042325,59,9225.880807,False,0.99
55.429245,14,9226.59216,True,0.99
-8.951157,42,9228.738851,False,0.99
57.755296,21,9229.802856,True,0.99
-9.078668,38,9231.734885,False,0.99
55.092011,13,9232.388075,True,0.99
0.283971,39,9234.352302,False,0.99
57.251592,18,9235.292407,True,0.99
56.3016,15,9236.064151,True,0.99
-27.936027,42,9238.153156,False,0.99
-12.361186,43,9240.345287,False,0.99
-8.193827,40,9242.404681,False,0.99
-0.255935,43,9244.623961,False,0.99
53.325161,8,9245.046908,True,0.99
55.476031,18,9245.980763,True,0.99
50.845824,2,9246.095445,True,0.99
64.475267,32,9247.710502,True,0.99
-10.648499,43,9249.885344,False,0.99
-6.403927,37,9251.766283,False,0.99
-26.454821,51,9254.358475,False,0.99
57.985455,21,9255.436505,True,0.99
62.796855,31,9256.995264,True,0.99
55.087169,12,9257.634206,True,0.99
-7.754046,47,9259.987874,False,0.99
2.433735,40,9262.053212,False,0.99
55.312147,18,9262.96476,True,0.99
61.165667,25,9268.497573,True,0.99
-10.831343,47,9270.85436,False,0.99
-10.298289,38,9272.752959,False,0.99
2.637027,43,9274.954842,False,0.99
-3.333959,43,9277.14386,False,0.99
-11.665479,49,9279.584762,False,0.99
1.891894,46,9281.912697,False,0.99
-7.386643,48,9284.381549,False,0.99
62.819299,32,9286.04156,True,0.99
-16.776822,49,9288.53107,False,0.99
59.235634,30,9290.071997,True,0.99
62.472715,27,9291.439712,True,0.99
-29.148459,55,9294.184347,False,0.99
-15.171021,44,9296.411838,False,0.99
58.150649,18,9297.336056,True,0.99
0.055476,44,9299.53437,False,0.99
61.302428,24,9300.750222,True,0.99
58.319854,20,9301.764941,True,0.99
63.196296,34,9303.480886,True,0.99
-26.074891,43,9305.67186,False,0.99
59.059268,22,9306.800235,True,0.99
63.664511,32,9308.427196,True,0.99
-4.874992,53,9311.038795,False,0.99
60.586476,25,9312.34243,True,0.99
-31.917628,54,9315.042436,False,0.99
-4.359678,46,9317.377787,False,0.99
-8.892411,55,9320.106049,False,0.99
54.991098,14,9320.829368,True,0.99
63.026085,30,9322.350925,True,0.99
62.614324,27,9323.737711,True,0.99
-21.871289,46,9326.055809,False,0.99
-3.22212,50,9328.618991,False,0.99
57.747543,24,9329.838165,True,0.99
-21.760018,42,9331.964055,False,0.99
-1.543153,53,9334.613915,False,0.99
-7.859641,38,9336.559267,False,0.99
0.024571,41,9338.685851,False,0.99
55.279404,15,9339.445989,True,0.99
55.042037,14,9340.159245,True,0.99
-11.556596,41,9342.230856,False,0.99
-14.927535,57,9345.065521,False,0.99
57.369358,20,9346.104013,True,0.99
-5.593294,46,9348.450842,False,0.99
-5.284272,40,9350.480853,False,0.99
53.462247,9,9350.947692,True,0.99
-13.290911,50,9353.480739,False,0.99
-19.199542,53,9356.124732,False,0.99
62.871295,28,9357.555022,True,0.99
52.545314,16,9358.357375,True,0.99
-5.184052,47,9360.763486,False,0.99
61.505925,31,9362.382671,True,0.99
-9.090735,44,9364.614267,False,0.99
-13.547954,39,9366.58015,False,0.99
-5.973811,44,9368.839186,False,0.99
57.418329,19,9369.805677,True,0.99
-28.05294,45,9376.461369,False,0.99
-17.939225,54,9379.156676,False,0.99
57.231286,22,9380.268909,True,0.99
-15.697507,44,9382.464881,False,0.99
-29.206896,47,9384.796476,False,0.99
58.110604,19,9385.771336,True,0.99
60.634973,26,9387.094399,True,0.99
54.942547,14,9387.804368,True,0.99
-9.438412,41,9389.83916,False,0.99
-8.895292,48,9392.274574,False,0.99
-20.094191,55,9394.996371,False,0.99
-18.56721,63,9398.174845,False,0.99
-0.977259,45,9400.461928,False,0.99
63.343384,29,9401.926522,True,0.99
-8.496739,58,9404.835763,False,0.99
-6.413213,40,9406.881106,False,0.99
61.175387,32,9408.491,True,0.99
62.649838,30,9410.027223,True,0.99
-23.889639,49,9412.491568,False,0.99
0.86544,42,9414.602283,False,0.99
-6.867385,41,9416.680233,False,0.99
58.548104,22,9417.804317,True,0.99
-26.645323,47,9420.148884,False,0.99
1.779311,42,9422.273501,False,0.99
55.165986,13,9422.940375,True,0.99
54.651654,14,9423.647399,True,0.99
54.261007,11,9424.208116,True,0.99
-10.762749,40,9426.207686,False,0.99
-4.502568,44,9428.430327,False,0.99
57.667454,17,9429.297663,True,0.99
-18.396564,54,9432.027102,False,0.99
-16.157924,44,9434.278368,False,0.99
-28.856676,56,9437.08045,False,0.99
-11.844819,50,9439.616842,False,0.99
-27.751001,58,9442.512043,False,0.99
61.858437,27,9443.877662,True,0.99
59.17795,22,9445.031307,True,0.99
57.665801,27,9446.382469,True,0.99
-13.356309,51,9448.933028,False,0.99
-12.173792,44,9451.159255,False,0.99
60.45506,32,9452.791886,True,0.99
-10.847528,43,9454.982427,False,0.99
-24.507547,39,9456.956886,False,0.99
56.051765,17,9457.826082,True,0.99
56.486306,18,9458.73629,True,0.99
-17.277437,46,9461.057958,False,0.99
-3.958739,53,9463.773561,False,0.99
-11.038104,45,9466.038751,False,0.99
1.639595,45,9468.334324,False,0.99
55.33925,14,9469.061303,True,0.99
-3.190609,45,9471.343748,False,0.99
56.031701,14,9472.077999,True,0.99
60.815302,27,9473.452826,True,0.99
-6.369551,43,9475.61198,False,0.99
-4.590738,49,9478.056709,False,0.99
-4.642678,41,9484.608671,False,0.99
55.322723,17,9485.466994,True,0.99
-30.491197,58,9488.358099,False,0.99
56.338721,26,9489.695937,True,0.99
-14.631308,48,9492.12734,False,0.99
-22.416003,67,9495.458246,False,0.99
3.118082,47,9497.834774,False,0.99
-16.168536,63,9500.99408,False,0.99
62.641216,35,9502.749558,True,0.99
-0.052162,40,9504.730605,False,0.99
54.085568,12,9505.338657,True,0.99
62.500704,34,9507.102498,True,0.99
56.246461,16,9507.929041,True,0.99
62.960383,31,9509.552228,True,0.99
55.912082,14,9510.267557,True,0.99
61.900943,28,9511.683533,True,0.99
62.939878,30,9513.206934,True,0.99
57.154603,16,9514.016207,True,0.99
59.769353,22,9515.132491,True,0.99
-26.314602,52,9517.728538,False,0.99
-7.287547,48,9520.163193,False,0.99
54.12597,11,9520.730432,True,0.99
-13.032756,55,9523.449038,False,0.99
62.392149,26,9524.79571,True,0.99
58.856667,21,9525.85326,True,0.99
54.308931,12,9526.48162,True,0.99
-17.65559,59,9529.420229,False,0.99
-24.461138,60,9532.463845,False,0.99
54.271169,11,9533.041724,True,0.99
-27.82325,56,9535.827083,False,0.99
60.521339,23,9537.006801,True,0.99
-11.996425,63,9540.11065,False,0.99
2.663669,42,9542.239301,False,0.99
-18.562849,55,9545.025443,False,0.99
58.912071,21,9546.099245,True,0.99
64.665951,37,9547.976885,True,0.99
55.16965,13,9548.64052,True,0.99
61.127756,29,9550.120858,True,0.99
62.293835,32,9551.74854,True,0.99
2.456633,45,9554.031195,False,0.99
-25.876682,43,9556.213834,False,0.99
-11.322155,233,9567.924219,False,0.99
-27.47004,47,9570.300045,False,0.99
53.837204,11,9570.855133,True,0.99
61.593348,24,9572.062356,True,0.99
-7.890702,61,9575.150445,False,0.99
59.48518,24,9576.408633,True,0.99
59.660622,25,9577.69129,True,0.99
60.264135,29,9579.154891,True,0.99
55.109867,16,9579.975713,True,0.99
-15.952772,55,9582.805172,False,0.99
-7.820516,42,9584.948446,False,0.99
-20.984293,55,9587.728908,False,0.99
59.649999,24,9595.091104,True,0.99
53.088022,7,9595.465963,True,0.99
-20.487042,43,9597.620607,False,0.99
59.285197,23,9598.774473,True,0.99
62.854997,36,9600.59594,True,0.99
1.2925,47,9602.919646,False,0.99
-15.795885,52,9605.60259,False,0.99
-27.882699,52,9608.235806,False,0.99
-8.157346,52,9610.874803,False,0.99
59.321215,22,9612.018184,True,0.99
-1.570116,45,9614.325185,False,0.99
57.362226,19,9615.303495,True,0.99
62.024386,27,9616.674613,True,0.99
-32.668896,61,9619.724875,False,0.99
-10.392014,43,9621.90899,False,0.99
-16.761889,57,9624.753508,False,0.99
-16.180846,52,9627.351804,False,0.99
-5.894598,46,9629.687366,False,0.99
56.615946,17,9630.565016,True,0.99
-5.634829,55,9633.326483,False,0.99
55.82812,13,9634.008303,True,0.99
-7.455453,47,9636.39758,False,0.99
-11.205703,43,9638.590622,False,0.99
-4.452708,46,9640.926752,False,0.99
57.401888,18,9641.83501,True,0.99
60.551755,26,9643.14991,True,0.99
63.687085,33,9644.844451,True,0.99
2.965169,41,9646.940404,False,0.99
-8.412893,43,9649.085318,False,0.99
-1.447833,41,9651.186271,False,0.99
59.12782,21,9652.247082,True,0.99
-21.543386,68,9655.684395,False,0.99
65.391321,37,9657.554096,True,0.99
63.1509,30,9659.083837,True,0.99
-4.300481,52,9661.771666,False,0.99
1.770401,39,9663.766433,False,0.99
-12.952139,45,9666.019154,False,0.99
-16.670777,59,9668.982025,False,0.99
63.416084,29,9670.463716,True,0.99
-3.722749,50,9673.004954,False,0.99
-18.802595,40,9675.042296,False,0.99
-26.247256,39,9677.01961,False,0.99
-12.108663,53,9679.661608,False,0.99
-25.044005,48,9682.063512,False,0.99
57.552007,17,9682.925648,True,0.99
54.93862,14,9683.642533,True,0.99
-19.367929,65,9686.882515,False,0.99
60.652761,24,9688.103383,True,0.99
-1.380719,41,9690.173496,False,0.99
-26.521812,43,9692.382106,False,0.99
52.972774,10,9692.894459,True,0.99
-24.269416,73,9696.542152,False,0.99
-11.085542,65,9704.792593,False,0.99
2.842386,57,9707.614072,False,0.99
-6.39321,46,9709.916045,False,0.99
-30.015278,60,9712.911291,False,0.99
63.958857,33,9714.602328,True,0.99
-9.199029,53,9717.246664,False,0.99
-19.931273,57,9720.094809,False,0.99
-23.252161,77,9724.005617,False,0.99
-9.035565,51,9726.596734,False,0.99
-21.113693,81,9730.707487,False,0.99
-11.309861,74,9734.436212,False,0.99
53.674733,13,9735.097241,True,0.99
-29.827514,52,9737.724334,False,0.99
0.659828,44,9739.982036,False,0.99
-21.873703,65,9743.270637,False,0.99
57.768475,20,9744.304692,True,0.99
-4.996902,41,9746.384012,False,0.99
62.324665,27,9747.755619,True,0.99
-7.636284,56,9750.593016,False,0.99
-29.676599,50,9753.083956,False,0.99
63.036063,28,9754.522137,True,0.99
-29.532211,51,9757.100958,False,0.99
1.458849,51,9759.707809,False,0.99
-6.078846,49,9762.148886,False,0.99
59.779771,25,9763.412811,True,0.99
56.474146,25,9764.693669,True,0.99
-19.546179,217,9775.636464,False,0.99
-29.476193,72,9779.249478,False,0.99
1.68662,45,9781.530308,False,0.99
63.182815,33,9783.202881,True,0.99
-12.932904,49,9785.700254,False,0.99
-25.167591,40,9787.738645,False,0.99
50.48976,1,9787.799926,True,0.99
57.34699,21,9788.854327,True,0.99
-3.603086,41,9790.928482,False,0.99
-3.261362,45,9793.237808,False,0.99
60.591558,28,9794.66156,True,0.99
60.15228,23,9795.873607,True,0.99
-19.121636,54,9798.568202,False,0.99
59.173926,23,9799.711265,True,0.99
-29.541278,56,9802.538346,False,0.99
-6.828108,44,9804.774123,False,0.99
58.202855,31,9812.588418,True,0.99
-24.724558,50,9815.057411,False,0.99
63.668535,34,9816.785597,True,0.99
58.770619,21,9817.836191,True,0.99
54.480819,15,9818.60568,True,0.99
-13.57036,54,9821.314063,False,0.99
56.827769,16,9822.119487,True,0.99
-29.093246,45,9824.397468,False,0.99
61.469795,29,9825.874843,True,0.99
55.411944,17,9826.736125,True,0.99
58.076039,20,9827.762933,True,0.99
62.447011,29,9829.23028,True,0.99
-3.5142,43,9831.411728,False,0.99
60.162015,24,9832.634235,True,0.99
60.272236,22,9833.738966,True,0.99
50.157075,1,9833.806869,True,0.99
61.667805,27,9835.181584,True,0.99
-8.716917,49,9837.656395,False,0.99
-2.7578,34,9839.404075,False,0.99
60.645696,29,9840.897964,True,0.99
-25.26406,38,9842.843281,False,0.99
-1.825522,42,9845.002377,False,0.99
-8.047314,47,9847.365315,False,0.99
-20.819205,76,9851.20562,False,0.99
-6.285995,41,9853.267236,False,0.99
60.995594,28,9854.696661,True,0.99
56.60751,21,9855.751371,True,0.99
62.88446,30,9857.297578,True,0.99
-7.144435,47,9859.670832,False,0.99
-27.205686,47,9862.015979,False,0.99
61.233361,25,9863.280483,True,0.99
-11.010608,38,9865.221713,False,0.99
60.243225,24,9866.500675,True,0.99
55.4946,15,9867.254667,True,0.99
-12.025799,46,9869.588807,False,0.99
55.149093,15,9870.346443,True,0.99
-25.897866,51,9872.936381,False,0.99
57.850141,21,9874.015709,True,0.99
59.374915,23,9875.189997,True,0.99
-6.625945,41,9877.26192,False,0.99
57.227037,21,9878.329085,True,0.99
-10.697208,54,9881.030497,False,0.99
56.856472,17,9881.904251,True,0.99
62.489655,35,9883.672357,True,0.99
-16.267038,49,9886.164342,False,0.99
-31.019419,58,9889.126833,False,0.99
59.328235,21,9890.184325,True,0.99
-22.658545,97,9895.066303,False,0.99
-7.08021,40,9897.082656,False,0.99
53.481704,13,9897.751813,True,0.99
-1.188884,42,9899.903609,False,0.99
-7.550712,41,9901.977043,False,0.99
56.421367,16,9902.80112,True,0.99
56.14962,16,9903.614133,True,0.99
-1.642818,40,9905.634046,False,0.99
57.837756,16,9906.463895,True,0.99
-26.199983,42,9908.590745,False,0.99
-26.551225,62,9911.709059,False,0.99
-29.652575,55,9914.492351,False,0.99
59.808287,25,9915.777364,True,0.99
63.749787,32,9922.419409,True,0.99
63.639062,30,9923.94735,True,0.99
-5.606688,43,9926.124869,False,0.99
-14.755149,44,9928.367858,False,0.99
57.915412,21,9929.435312,True,0.99
-6.424617,45,9931.715122,False,0.99
53.548122,9,9932.190089,True,0.99
-20.249293,60,9935.189977,False,0.99
-11.64972,42,9937.303188,False,0.99
56.119653,16,9938.135792,True,0.99
56.577808,17,9939.010691,True,0.99
-5.887717,50,9941.539374,False,0.99
-0.548224,43,9943.704135,False,0.99
-24.71751,54,9946.404748,False,0.99
58.566534,29,9947.893365,True,0.99
-4.728395,52,9950.538168,False,0.99
61.051357,32,9952.176249,True,0.99
55.572441,14,9952.891836,True,0.99
50.486511,1,9952.9589,True,0.99
-30.63846,56,9955.81147,False,0.99
-27.244998,49,9958.255154,False,0.99
-12.08682,54,9961.020014,False,0.99
-4.333042,44,9963.244721,False,0.99
-12.494853,42,9965.381741,False,0.99
-30.362633,51,9967.971113,False,0.99
-11.22864,48,9970.376159,False,0.99
-6.170507,41,9972.441356,False,0.99
-12.041938,51,9974.998715,False,0.99
55.943878,15,9975.757455,True,0.99
-24.573172,47,9978.133029,False,0.99
61.765102,25,9979.403627,True,0.99
55.879591,15,9980.186707,True,0.99
58.666722,20,9981.189373,True,0.99
59.25114,24,9982.423784,True,0.99
58.893844,20,9983.438452,True,0.99
58.363284,22,9984.573329,True,0.99
-24.753373,39,9986.579137,False,0.99
57.779949,20,9987.591948,True,0.99
-8.299856,47,9989.983539,False,0.99
59.591456,26,9991.32036,True,0.99
-16.924164,53,9994.023224,False,0.99
-26.351609,60,9997.003196,False,0.99
-5.432494,53,9999.709986,False,0.99
56.81203,19,10000.669297,True,0.99
-11.679486,52,10003.320267,False,0.99
-14.357826,43,10005.513311,False,0.99
59.888072,26,10006.822,True,0.99
-5.109212,48,10009.264561,False,0.99
-0.969645,44,10011.553143,False,0.99
57.346071,19,10012.515768,True,0.99
-10.986825,44,10014.744596,False,0.99
59.693938,21,10015.831695,True,0.99
-12.406566,50,10018.293917,False,0.99
62.14608,31,10019.889611,True,0.99
-8.721211,41,10021.967615,False,0.99
58.304233,22,10023.104119,True,0.99
-5.589598,48,10030.043454,False,0.99
0.332427,37,10031.951883,False,0.99
56.773166,23,10033.113389,True,0.99
-22.052975,54,10035.848556,False,0.99
60.582932,28,10037.296268,True,0.99
52.969757,8,10037.702739,True,0.99
0.857363,46,10040.022595,False,0.99
-2.99865,54,10042.733988,False,0.99
-25.40391,53,10045.401704,False,0.99
-31.779653,59,10048.359444,False,0.99
-7.642657,45,10050.621872,False,0.99
-14.585933,43,10052.782956,False,0.99
-7.091932,44,10055.008404,False,0.99
56.530598,19,10055.975551,True,0.99
-31.648166,61,10059.083258,False,0.99
-5.38302,56,10061.8942,False,0.99
-0.065607,44,10064.094266,False,0.99
59.71617,26,10065.452351,True,0.99
55.52677,12,10066.370659,True,0.99
-6.597764,45,10068.67466,False,0.99
56.957729,21,10069.740468,True,0.99
58.329117,19,10070.711489,True,0.99
63.031645,29,10072.192204,True,0.99
-10.081586,51,10074.731533,False,0.99
-16.917472,50,10077.265394,False,0.99
56.573037,21,10078.34309,True,0.99
-28.465659,53,10080.986481,False,0.99
-16.728088,53,10083.63274,False,0.99
0.625209,48,10086.072477,False,0.99
61.105031,30,10087.594069,True,0.99
-10.323724,51,10090.174981,False,0.99
-11.95354,55,10092.953535,False,0.99
-4.803684,44,10095.173269,False,0.99
-23.909781,48,10097.569706,False,0.99
-23.114841,56,10100.365905,False,0.99
-26.51117,44,10102.606329,False,0.99
64.184113,36,10104.424276,True,0.99
55.299339,13,10105.085905,True,0.99
63.238925,28,10106.512094,True,0.99
0.29408,48,10108.963685,False,0.99
-25.85389,58,10111.906867,False,0.99
-23.464481,117,10117.692455,False,0.99
55.763344,17,10118.561388,True,0.99
-18.736152,51,10121.126324,False,0.99
53.427007,8,10121.540176,True,0.99
-27.661025,47,10123.88627,False,0.99
56.991547,17,10124.749367,True,0.99
-11.081881,42,10126.899985,False,0.99
-29.002859,50,10129.37691,False,0.99
59.649464,22,10130.521229,True,0.99
63.385623,45,10132.743571,True,0.99
-6.595789,48,10140.335914,False,0.99
56.06074,14,10141.04731,True,0.99
63.909422,30,10142.5779,True,0.99
54.695973,12,10143.187751,True,0.99
-9.29364,68,10146.579257,False,0.99
63.385048,30,10148.104366,True,0.99
63.929181,32,10149.741416,True,0.99
60.790579,24,10150.951142,True,0.99
-18.101608,46,10153.293553,False,0.99
-2.588039,48,10155.739176,False,0.99
-5.209147,58,10158.658973,False,0.99
-8.179452,60,10161.679935,False,0.99
-15.995791,47,10164.071354,False,0.99
-30.665994,61,10167.132185,False,0.99
-9.830166,56,10169.925964,False,0.99
62.641978,30,10171.452094,True,0.99
55.737559,12,10172.060832,True,0.99
63.026388,28,10173.486933,True,0.99
-24.263759,51,10176.048025,False,0.99
-17.141999,54,10178.765121,False,0.99
-3.522889,40,10180.797598,False,0.99
61.946528,29,10182.272027,True,0.99
60.267956,27,10183.647427,True,0.99
-8.36883,59,10186.612934,False,0.99
1.975141,54,10189.308322,False,0.99
-17.342526,50,10191.833784,False,0.99
-11.156489,49,10194.286853,False,0.99
62.621598,33,10195.996034,True,0.99
-22.482661,43,10198.132041,False,0.99
-24.742224,47,10200.469586,False,0.99
-10.917876,52,10203.113264,False,0.99
62.845682,30,10204.649145,True,0.99
-14.78638,49,10207.085075,False,0.99
-6.526764,46,10209.376003,False,0.99
-17.319189,44,10211.61095,False,0.99
-34.460856,81,10215.729825,False,0.99
61.538028,28,10217.152898,True,0.99
-9.891023,57,10219.990846,False,0.99
-0.623748,37,10221.875563,False,0.99
-9.835199,55,10224.673061,False,0.99
-30.11081,55,10227.432318,False,0.99
60.621714,26,10228.754032,True,0.99
-0.006349,41,10230.833911,False,0.99
61.057897,26,10232.181133,True,0.99
54.914612,11,10232.764857,True,0.99
63.249131,29,10234.234015,True,0.99
63.323717,32,10235.865018,True,0.99
61.988199,32,10237.482286,True,0.99
55.090723,14,10238.203202,True,0.99
58.377259,20,10239.223499,True,0.99
-18.208031,77,10248.011029,False,0.99
-6.724124,39,10249.984503,False,0.99
-22.597376,45,10252.243599,False,0.99
63.569001,33,10253.918116,True,0.99
55.510215,15,10254.694368,True,0.99
0.035142,42,10256.831881,False,0.99
58.612206,20,10257.867404,True,0.99
63.16388,32,10259.533772,True,0.99
-24.281959,88,10263.93865,False,0.99
58.069287,17,10264.817074,True,0.99
-0.105757,43,10266.961795,False,0.99
59.581058,26,10268.26238,True,0.99
57.458139,16,10269.092782,True,0.99
0.780555,55,10271.932312,False,0.99
-23.201321,77,10275.767839,False,0.99
55.530562,19,10276.750814,True,0.99
54.940531,14,10277.464935,True,0.99
-10.509409,42,10279.595003,False,0.99
0.130701,50,10282.14367,False,0.99
-26.500905,43,10284.296079,False,0.99
3.482699,45,10286.631042,False,0.99
0.218489,53,10289.309248,False,0.99
-10.042131,62,10292.471225,False,0.99
62.835855,31,10294.052143,True,0.99
60.777629,27,10295.398368,True,0.99
60.185805,26,10296.739898,True,0.99
60.356825,24,10297.959669,True,0.99
62.917103,32,10299.596833,True,0.99
-28.740082,52,10302.225544,False,0.99
59.526284,20,10303.232865,True,0.99
62.018877,25,10304.506311,True,0.99
60.635663,30,10306.046399,True,0.99
53.64646,11,10306.607199,True,0.99
55.975227,14,10307.322215,True,0.99
55.780516,16,10308.134358,True,0.99
-9.897299,46,10310.452549,False,0.99
57.799424,18,10311.386715,True,0.99
55.519379,14,10312.121893,True,0.99
62.758793,30,10313.671765,True,0.99
64.93102,38,10315.597991,True,0.99
-13.566872,51,10318.156548,False,0.99
56.475689,19,10319.110936,True,0.99
62.55905,29,10320.569657,True,0.99
-28.593614,53,10323.218066,False,0.99
57.627739,18,10324.127468,True,0.99
-29.664421,52,10326.737391,False,0.99
55.947471,30,10328.253326,True,0.99
61.177428,31,10329.819372,True,0.99
-20.694388,55,10332.614733,False,0.99
-19.878169,45,10334.895144,False,0.99
-5.04176,43,10337.103231,False,0.99
60.635087,23,10338.276054,True,0.99
60.265286,28,10339.689346,True,0.99
-5.653986,49,10342.132288,False,0.99
62.971996,30,10343.68267,True,0.99
58.849742,21,10344.791234,True,0.99
-16.743629,42,10346.912619,False,0.99
-5.485291,49,10349.406116,False,0.99
-27.638569,50,10356.816559,False,0.99
-12.118266,80,10360.906844,False,0.99
56.49396,17,10361.776612,True,0.99
54.018368,14,10362.491416,True,0.99
61.755071,28,10363.910059,True,0.99
64.695904,37,10365.76669,True,0.99
-13.215113,51,10368.382813,False,0.99
55.977719,19,10369.35004,True,0.99
-27.176493,50,10371.901384,False,0.99
-16.206246,68,10375.292063,False,0.99
64.185259,41,10377.334652,True,0.99
63.625547,35,10379.125161,True,0.99
60.204257,45,10381.387177,True,0.99
-5.206321,48,10383.800198,False,0.99
62.477798,29,10385.271032,True,0.99
-3.432824,49,10387.764683,False,0.99
-3.284385,49,10390.232385,False,0.99
55.556702,13,10390.895412,True,0.99
56.566676,18,10391.824969,True,0.99
-33.270231,104,10397.105006,False,0.99
-20.282827,46,10399.442967,False,0.99
-22.825234,57,10402.294311,False,0.99
59.605876,23,10403.471109,True,0.99
-29.619759,56,10406.302951,False,0.99
-14.546191,59,10409.303784,False,0.99
62.969133,46,10411.643104,True,0.99
-28.186435,75,10415.424685,False,0.99
58.457552,19,10416.385549,True,0.99
61.391971,26,10417.738517,True,0.99
-11.639895,73,10421.390583,False,0.99
-10.712727,51,10424.00533,False,0.99
55.807961,17,10424.870726,True,0.99
-20.956968,101,10429.936255,False,0.99
-24.230952,56,10432.813439,False,0.99
-10.091837,52,10435.451443,False,0.99
56.31878,16,10436.300595,True,0.99
55.448384,19,10437.274059,True,0.99
-12.326783,58,10440.226305,False,0.99
-2.392696,52,10442.867539,False,0.99
62.612041,28,10444.257507,True,0.99
55.312617,13,10444.904937,True,0.99
-11.349855,64,10448.088837,False,0.99
-24.390659,53,10450.730659,False,0.99
-11.789181,46,10453.082655,False,0.99
56.133901,21,10454.156713,True,0.99
57.779316,19,10455.129224,True,0.99
57.711306,19,10456.092223,True,0.99
59.331033,19,10457.056192,True,0.99
62.070862,28,10458.467506,True,0.99
-29.048389,70,10467.894908,False,0.99
60.743463,30,10469.423533,True,0.99
-28.475548,53,10472.118422,False,0.99
-13.183219,45,10474.403931,False,0.99
-7.822025,54,10477.15245,False,0.99
-10.780797,56,10479.986648,False,0.99
53.488062,10,10480.495372,True,0.99
60.929157,26,10481.833262,True,0.99
-4.887084,192,10491.520636,False,0.99
53.858289,9,10491.983631,True,0.99
-10.390426,53,10494.679627,False,0.99
-22.778401,56,10497.492153,False,0.99
-19.305004,54,10500.219717,False,0.99
4.288402,61,10503.313497,False,0.99
56.457637,15,10504.084334,True,0.99
-28.989061,53,10506.751168,False,0.99
4.449675,44,10508.974638,False,0.99
62.570278,38,10510.895527,True,0.99
-21.377581,59,10513.90575,False,0.99
-18.106929,58,10516.85274,False,0.99
53.880252,12,10517.47833,True,0.99
63.790176,35,10519.247014,True,0.99
62.998355,30,10520.763117,True,0.99
59.949909,21,10521.853467,True,0.99
-18.532765,53,10524.581123,False,0.99
-25.228085,55,10527.320664,False,0.99
59.255589,22,10528.460597,True,0.99
64.502463,39,10530.452441,True,0.99
62.560977,27,10531.844136,True,0.99
-25.921675,151,10539.373505,False,0.99
61.64362,25,10540.63898,True,0.99
53.362653,8,10541.049786,True,0.99
55.164341,15,10541.828727,True,0.99
-21.27329,57,10544.713966,False,0.99
62.976055,27,10546.090934,True,0.99
61.370413,25,10547.364183,True,0.99
62.607269,32,10548.991615,True,0.99
-14.519325,87,10553.35888,False,0.99
57.997685,22,10554.482152,True,0.99
-9.671464,50,10557.019287,False,0.99
63.746479,39,10559.002156,True,0.99
-29.189908,70,10562.563015,False,0.99
60.8315,32,10564.188151,True,0.99
54.252637,9,10564.637539,True,0.99
59.279387,138,10578.52689,True,0.99
-5.18248,50,10581.068005,False,0.99
58.469051,21,10582.130227,True,0.99
61.521426,29,10583.621053,True,0.99
-25.158587,102,10588.775969,False,0.99
-4.32322,74,10592.445057,False,0.99
-26.84604,86,10596.795117,False,0.99
60.862382,29,10598.263374,True,0.99
63.366599,44,10600.505454,True,0.99
59.307818,22,10601.629125,True,0.99
-17.835252,67,10605.008701,False,0.99
54.475338,14,10605.740774,True,0.99
55.763021,14,10606.464805,True,0.99
60.891076,31,10608.066494,True,0.99
4.70585,51,10610.606663,False,0.99
-28.981701,104,10615.857324,False,0.99
-13.746101,70,10619.365908,False,0.99
-0.361543,49,10621.859859,False,0.99
61.083989,155,10629.690485,True,0.99
59.868399,24,10630.891478,True,0.99
63.215327,145,10638.220491,True,0.99
59.840058,143,10645.416521,True,0.99
-3.530523,204,10655.727053,False,0.99
61.562348,25,10656.986161,True,0.99
58.400234,148,10664.414613,True,0.99
59.262279,26,10665.725197,True,0.99
58.685373,27,10667.087426,True,0.99
62.112794,30,10668.654726,True,0.99
57.083839,25,10669.942213,True,0.99
-4.058168,57,10672.839374,False,0.99
64.508577,143,10689.605336,True,0.99
65.573758,47,10692.022562,True,0.99
-26.189071,70,10695.537719,False,0.99
62.736124,35,10697.317356,True,0.99
63.127587,48,10699.739303,True,0.99
-31.201043,68,10703.147196,False,0.99
59.840043,31,10704.741881,True,0.99
64.575126,46,10707.006431,True,0.99
-23.827022,69,10710.53141,False,0.99
-5.806477,189,10720.138152,False,0.99
59.07718,27,10721.525217,True,0.99
60.579039,28,10722.96528,True,0.99
61.863063,169,10731.418094,True,0.99
61.028958,26,10732.757957,True,0.99
59.732994,28,10734.175688,True,0.99
56.723073,24,10735.403286,True,0.99
53.417098,143,10742.472013,True,0.99
62.325629,33,10744.149621,True,0.99
-14.807439,75,10747.906706,False,0.99
60.118168,27,10749.292994,True,0.99
54.493682,14,10749.992511,True,0.99
63.25922,33,10751.67533,True,0.99
60.690225,37,10753.554562,True,0.99
61.961325,146,10760.882669,True,0.99
-5.686347,54,10763.6216,False,0.99
-13.31717,65,10766.922477,False,0.99
62.069888,52,10769.57268,True,0.99
-3.306452,104,10774.851516,False,0.99
-22.751116,72,10778.512395,False,0.99
62.59343,30,10780.043641,True,0.99
58.2864,166,10788.428418,True,0.99
54.302352,14,10789.132755,True,0.99
-0.539651,45,10791.425255,False,0.99
60.179331,25,10801.684435,True,0.99
58.320791,19,10802.649983,True,0.99
60.754135,29,10804.121919,True,0.99
64.556629,120,10810.192412,True,0.99
-11.191846,160,10818.334204,False,0.99
55.560875,22,10819.447677,True,0.99
60.379705,31,10821.023995,True,0.99
62.005244,30,10822.563642,True,0.99
63.067092,60,10825.585593,True,0.99
-24.033668,145,10832.917343,False,0.99
60.754657,26,10834.24211,True,0.99
64.369445,33,10835.917159,True,0.99
62.732405,36,10837.736246,True,0.99
67.064642,69,10841.255187,True,0.99
55.831982,36,10843.037446,True,0.99
61.779843,36,10844.880351,True,0.99
60.173738,22,10845.999157,True,0.99
65.494092,43,10848.158706,True,0.99
56.468727,187,10857.509469,True,0.99
58.88176,102,10862.611443,True,0.99
-10.910714,168,10871.103349,False,0.99
59.737072,35,10872.887304,True,0.99
59.150298,117,10878.845355,True,0.99
64.367551,53,10881.567385,True,0.99
59.918296,41,10883.660201,True,0.99
62.864135,46,10886.018126,True,0.99
62.855969,36,10887.851556,True,0.99
55.103266,14,10888.563313,True,0.99
59.677232,27,10889.926771,True,0.99
-24.027921,81,10893.993128,False,0.99
55.667115,84,10898.259911,True,0.99
59.611963,77,10902.17118,True,0.99
-28.826224,178,10920.604152,False,0.99
58.724647,27,10921.963235,True,0.99
55.586822,14,10922.69117,True,0.99
61.695953,46,10925.010141,True,0.99
58.816607,37,10926.874455,True,0.99
59.45423,34,10928.584004,True,0.99
57.53983,25,10929.843638,True,0.99
56.960444,40,10931.842793,True,0.99
59.001007,25,10933.090832,True,0.99
63.117719,36,10934.933729,True,0.99
61.555764,37,10936.768775,True,0.99
66.187129,59,10939.763106,True,0.99
57.234402,95,10944.491508,True,0.99
64.398122,37,10946.378256,True,0.99
52.741449,8,10946.785407,True,0.99
56.941473,21,10947.841472,True,0.99
58.283319,19,10948.806783,True,0.99
-7.616641,52,10951.4566,False,0.99
60.898467,26,10952.79071,True,0.99
-8.825319,143,10959.988704,False,0.99
58.938903,76,10963.855908,True,0.99
63.356737,33,10965.544741,True,0.99
64.514315,108,10970.882472,True,0.99
58.622749,23,10972.043562,True,0.99
53.932898,12,10972.668816,True,0.99
60.210454,24,10973.891993,True,0.99
58.279288,24,10975.147229,True,0.99
60.416628,28,10976.580438,True,0.99
56.762822,20,10977.585456,True,0.99
63.320912,57,10980.438457,True,0.99
-14.63209,77,10984.351269,False,0.99
61.064059,111,10989.911857,True,0.99
66.427494,44,10992.118524,True,0.99
59.303733,28,10993.55311,True,0.99
58.727419,37,10995.426406,True,0.99
57.782413,36,10997.244105,True,0.99
58.448477,24,10998.492472,True,0.99
56.998377,87,11002.858789,True,0.99
56.37264,29,11004.31364,True,0.99
55.811881,28,11005.712487,True,0.99
54.131613,9,11006.173019,True,0.99
62.338007,37,11008.035278,True,0.99
57.778342,18,11008.958755,True,0.99
-10.413208,55,11011.75212,False,0.99
61.185324,80,11015.735718,True,0.99
55.602455,16,11016.547902,True,0.99
62.935146,35,11025.623039,True,0.99
53.461565,88,11030.059388,True,0.99
62.19311,35,11031.828397,True,0.99
62.433447,102,11036.960452,True,0.99
61.733418,149,11044.336919,True,0.99
61.061792,30,11045.861692,True,0.99
57.087413,83,11050.017424,True,0.99
62.796055,30,11051.554534,True,0.99
59.043456,26,11052.865264,True,0.99
56.48332,19,11053.84152,True,0.99
63.326949,201,11063.858166,True,0.99
62.392681,30,11065.383677,True,0.99
54.248083,10,11065.90625,True,0.99
61.060111,32,11067.531811,True,0.99
63.775004,187,11077.035197,True,0.99
55.116808,12,11077.653165,True,0.99
58.942214,26,11079.010221,True,0.99
60.417133,110,11084.560781,True,0.99
57.066429,19,11085.521016,True,0.99
59.1198,111,11091.004402,True,0.99
63.766321,179,11099.829161,True,0.99
64.742945,114,11105.506291,True,0.99
61.823006,31,11107.085522,True,0.99
57.258882,229,11118.421448,True,0.99
60.919874,25,11119.685081,True,0.99
58.851584,50,11122.186546,True,0.99
59.735239,105,11127.524282,True,0.99
58.264615,26,11139.362938,True,0.99
62.130636,30,11140.893821,True,0.99
65.588723,307,11156.16745,True,0.99
62.810123,36,11158.021296,True,0.99
65.331566,44,11160.259715,True,0.99
59.970444,26,11161.580227,True,0.99
-7.197846,55,11164.34484,False,0.99
58.552077,22,11165.49195,True,0.99
53.914046,9,11165.948391,True,0.99
58.154989,28,11167.359779,True,0.99
57.19469,200,11177.391825,True,0.99
60.179534,25,11178.681292,True,0.99
63.2901,35,11180.401333,True,0.99
65.062482,97,11185.274912,True,0.99
57.415871,214,11196.060548,True,0.99
64.258512,34,11197.775338,True,0.99
72.643187,253,11210.390524,True,0.99
59.360227,24,11211.605723,True,0.99
-16.888991,202,11221.770768,False,0.99
65.460682,70,11225.288085,True,0.99
54.825583,15,11226.054997,True,0.99
65.110393,134,11232.818012,True,0.99
55.883359,97,11237.752261,True,0.99
62.294874,34,11239.5051,True,0.99
1.453693,117,11256.557744,False,0.99
60.429247,202,11266.620849,True,0.99
64.572986,43,11268.799497,True,0.99
55.093607,84,11273.021921,True,0.99
-6.70549,219,11284.110216,False,0.99
49.926189,1,11284.176968,True,0.99
59.654602,42,11286.304524,True,0.99
60.356197,91,11290.91112,True,0.99
2.998411,337,11307.802994,False,0.99
60.496706,139,11314.837036,True,0.99
57.287744,31,11316.396779,True,0.99
57.070457,22,11317.5288,True,0.99
58.275698,24,11318.742847,True,0.99
63.390319,34,11320.47308,True,0.99
66.014044,348,11338.071073,True,0.99
64.359653,111,11343.708981,True,0.99
58.721248,183,11352.957357,True,0.99
63.250789,92,11367.969557,True,0.99
56.901767,21,11369.032991,True,0.99
65.218426,47,11371.41645,True,0.99
58.855391,96,11376.285511,True,0.99
63.069012,44,11378.533653,True,0.99
59.935723,33,11380.210619,True,0.99
57.391159,18,11381.130306,True,0.99
58.192657,18,11382.033159,True,0.99
60.682927,29,11383.514665,True,0.99
60.079974,108,11388.905554,True,0.99
55.774487,80,11392.959394,True,0.99
64.293379,37,11394.838028,True,0.99
61.311917,37,11396.727546,True,0.99
59.480272,24,11397.938216,True,0.99
58.839721,101,11403.07734,True,0.99
63.592086,33,11404.761813,True,0.99
14.538426,334,11421.448603,False,0.99
59.784509,24,11422.655512,True,0.99
-2.031472,210,11433.350432,False,0.99
56.569965,84,11437.60128,True,0.99
51.120933,3,11437.765021,True,0.99
-4.630061,221,11448.930457,False,0.99
66.776763,79,11452.867713,True,0.99
59.917628,35,11454.647725,True,0.99
55.517641,95,11459.397982,True,0.99
66.14705,230,11481.304054,True,0.99
58.983227,162,11489.395295,True,0.99
58.190074,96,11494.278656,True,0.99
61.189069,108,11499.74268,True,0.99
62.015548,169,11508.339557,True,0.99
63.815948,39,11510.364524,True,0.99
56.605176,17,11511.234777,True,0.99
60.244739,22,11512.368762,True,0.99
61.641674,103,11517.546039,True,0.99
59.524668,38,11519.479937,True,0.99
60.757966,150,11527.05721,True,0.99
60.676663,150,11534.493786,True,0.99
-29.374184,216,11545.291335,False,0.99
61.255919,35,11547.051955,True,0.99
67.009222,54,11549.80269,True,0.99
60.687917,35,11551.571933,True,0.99
60.92389,26,11552.897368,True,0.99
56.342896,83,11557.054901,True,0.99
61.490845,101,11562.131081,True,0.99
64.207247,213,11572.644648,True,0.99
54.875467,13,11573.294064,True,0.99
61.431742,95,11578.012573,True,0.99
61.996749,31,11579.587595,True,0.99
58.434566,90,11594.391605,True,0.99
68.39575,106,11599.661054,True,0.99
65.408091,106,11604.963024,True,0.99
64.688454,54,11607.787451,True,0.99
57.493971,18,11608.718645,True,0.99
64.309368,40,11610.772269,True,0.99
-10.355136,369,11628.962418,False,0.99
61.448455,180,11637.866015,True,0.99
58.672658,25,11639.119637,True,0.99
58.210496,204,11649.301907,True,0.99
64.312325,39,11651.239872,True,0.99
58.500076,115,11656.966998,True,0.99
67.268876,133,11663.709411,True,0.99
57.828967,27,11665.07518,True,0.99
57.683245,109,11670.57529,True,0.99
59.941997,26,11671.90959,True,0.99
57.694351,22,11673.040204,True,0.99
57.473459,39,11675.02787,True,0.99
65.28275,215,11685.928247,True,0.99
62.736918,35,11687.733471,True,0.99
64.409953,42,11689.882903,True,0.99
61.139738,35,11691.678192,True,0.99
62.653234,43,11693.911112,True,0.99
61.36147,28,11695.3403,True,0.99
19.672113,600,11735.922125,False,0.99
11.286094,600,11765.4851,False,0.99
71.706023,595,11795.237131,True,0.99
13.045205,600,11831.01424,False,0.99
14.669668,600,11860.653455,False,0.99
14.467958,600,11890.965208,False,0.99
11.286374,600,11926.486011,False,0.99
13.592813,600,11956.386213,False,0.99
13.483478,600,11986.485649,False,0.99
14.205223,600,12016.495843,False,0.99
13.922188,600,12053.774926,False,0.99
9.489359,600,12083.322658,False,0.99
12.242846,600,12113.099486,False,0.99
34.023202,600,12149.052755,False,0.99
88.063043,209,12159.555161,True,0.99
84.000889,222,12170.74844,True,0.99
70.634875,169,12179.197845,True,0.99
92.045474,509,12204.656755,True,0.99
75.223885,186,12213.91722,True,0.99
82.028576,390,12233.194823,True,0.99
77.946024,167,12241.521749,True,0.99
41.086472,600,12283.079077,False,0.99
30.35079,600,12313.563241,False,0.99
38.019299,600,12343.882238,False,0.99
36.169723,600,12379.78734,False,0.99
35.97979,600,12410.676971,False,0.99
73.025358,257,12423.613749,True,0.99
29.694296,600,12454.07445,False,0.99
42.297529,600,12491.779707,False,0.99
35.097487,600,12521.856776,False,0.99
65.644939,303,12536.847305,True,0.99
86.613541,519,12562.778745,True,0.99
74.69713,419,12590.712003,True,0.99
94.432325,236,12602.629033,True,0.99
104.302696,356,12620.688385,True,0.99
132.38319,543,12647.895815,True,0.99
23.414598,600,12677.680572,False,0.99
67.819035,353,12704.165189,True,0.99
65.724604,185,12713.302653,True,0.99
68.159358,289,12727.478807,True,0.99
82.089205,400,12747.535588,True,0.99
76.47563,216,12758.385505,True,0.99
55.72992,36,12760.208538,True,0.99
78.514807,314,12775.709971,True,0.99
77.815235,139,12782.729755,True,0.99
75.993553,125,12789.046859,True,0.99
14.717417,600,12829.915298,False,0.99
-30.937957,540,12856.677103,False,0.99
2.939834,447,12878.916647,False,0.99
-49.286217,248,12891.203918,False,0.99
22.39075,600,12928.833151,False,0.99
72.384351,202,12938.898098,True,0.99
69.728905,104,12944.191123,True,0.99
74.095064,133,12950.906201,True,0.99
2.492932,301,12965.939131,False,0.99
85.902163,529,12992.50047,True,0.99
82.370312,196,13002.450402,True,0.99
65.806193,72,13006.136968,True,0.99
-0.688762,284,13031.088478,False,0.99
95.819213,554,13058.480791,True,0.99
61.457139,75,13062.248366,True,0.99
61.396756,65,13065.470394,True,0.99
75.280014,217,13076.345529,True,0.99
66.156628,86,13080.671582,True,0.99
58.097787,35,13082.435196,True,0.99
77.924673,141,13089.457072,True,0.99
81.367467,277,13103.184025,True,0.99
71.696871,99,13108.237478,True,0.99
67.051267,64,13111.49333,True,0.99
53.276076,12,13112.105603,True,0.99
83.112993,258,13125.010303,True,0.99
55.086579,20,13126.026563,True,0.99
70.20503,223,13147.743431,True,0.99
82.160123,511,13173.387781,True,0.99
62.878875,48,13175.802199,True,0.99
69.744342,149,13183.298132,True,0.99
76.315854,217,13194.032588,True,0.99
77.574968,290,13208.348718,True,0.99
66.449955,151,13215.942559,True,0.99
76.730504,115,13221.769205,True,0.99
65.636479,423,13242.657764,True,0.99
69.495464,69,13256.861381,True,0.99
66.423424,61,13259.947615,True,0.99
62.68817,49,13262.466644,True,0.99
59.758285,44,13264.701088,True,0.99
59.929239,197,13274.499294,True,0.99
54.419448,82,13278.524298,True,0.99
78.14342,195,13288.460968,True,0.99
5.218834,309,13303.748014,False,0.99
62.653901,145,13310.894362,True,0.99
65.474038,84,13315.035626,True,0.99
61.514696,127,13321.269103,True,0.99
69.932079,204,13331.299673,True,0.99
75.914912,343,13348.062917,True,0.99
60.432438,179,13356.808769,True,0.99
67.517727,71,13371.580946,True,0.99
65.256748,68,13374.933307,True,0.99
64.032419,141,13381.817744,True,0.99
66.747436,198,13391.514037,True,0.99
74.424832,105,13396.685046,True,0.99
55.200317,470,13419.619733,True,0.99
68.863051,167,13427.815311,True,0.99
63.11448,84,13431.939668,True,0.99
70.184812,95,13436.628039,True,0.99
64.845159,50,13439.129892,True,0.99
70.192749,77,13442.941623,True,0.99
59.339747,31,13444.506482,True,0.99
66.572454,60,13447.491731,True,0.99
71.661872,324,13463.379066,True,0.99
66.027673,66,13466.713878,True,0.99
57.618307,26,13468.049275,True,0.99
67.000621,66,13480.370715,True,0.99
73.650175,112,13486.028959,True,0.99
67.409617,318,13501.627676,True,0.99
56.723175,35,13503.354209,True,0.99
65.031712,231,13514.988762,True,0.99
64.618998,110,13520.419727,True,0.99
70.340879,79,13524.377685,True,0.99
-26.473372,481,13547.848056,False,0.99
55.66399,18,13548.753987,True,0.99
62.673016,197,13558.378968,True,0.99
-0.225602,69,13561.820179,False,0.99
67.872239,101,13566.972312,True,0.99
65.406292,72,13570.548219,True,0.99
58.113163,129,13576.87222,True,0.99
69.335402,76,13590.171317,True,0.99
66.391869,66,13593.448258,True,0.99
66.295117,63,13596.57935,True,0.99
62.588138,46,13598.852791,True,0.99
70.988103,164,13607.207823,True,0.99
64.916234,67,13610.545808,True,0.99
66.834753,55,13613.409248,True,0.99
68.493408,106,13618.671638,True,0.99
54.149315,16,13619.492814,True,0.99
60.072748,47,13621.81517,True,0.99
71.131111,105,13627.191488,True,0.99
54.964764,25,13628.457678,True,0.99
73.481934,220,13639.225541,True,0.99
71.674233,205,13649.274066,True,0.99
62.036685,216,13659.926745,True,0.99
58.042281,52,13662.520343,True,0.99
61.484701,41,13664.5768,True,0.99
53.967292,15,13665.323946,True,0.99
73.288767,81,13669.332945,True,0.99
66.795608,59,13672.316169,True,0.99
62.610714,55,13675.023535,True,0.99
67.854704,73,13678.656865,True,0.99
66.17067,60,13681.690731,True,0.99
63.29241,50,13684.198383,True,0.99
65.425058,171,13703.057553,True,0.99
67.961237,200,13712.899535,True,0.99
58.251627,28,13714.355887,True,0.99
65.212138,52,13716.974817,True,0.99
68.77073,220,13727.785927,True,0.99
61.789058,42,13729.905103,True,0.99
68.023474,224,13741.181494,True,0.99
64.299745,134,13747.916161,True,0.99
66.807674,216,13758.492836,True,0.99
66.58645,123,13764.623729,True,0.99
60.366221,34,13766.36298,True,0.99
67.58221,286,13780.464382,True,0.99
67.451648,138,13787.435351,True,0.99
57.218938,71,13790.939122,True,0.99
62.344631,124,13797.125981,True,0.99
69.015174,66,13800.562361,True,0.99
66.669566,154,13820.101218,True,0.99
62.667184,151,13827.571262,True,0.99
65.935785,53,13830.222762,True,0.99
64.565862,41,13832.307057,True,0.99
2.433372,96,13837.084641,False,0.992
61.447931,36,13838.9191,True,0.992
61.405607,66,13842.145921,True,0.992
64.575585,179,13851.000889,True,0.992
61.989046,35,13852.756713,True,0.992
58.206502,41,13854.791135,True,0.992
59.377421,45,13857.024499,True,0.992
61.46112,37,13858.903022,True,0.992
60.109337,135,13865.574223,True,0.992
-3.524428,166,13873.861734,False,0.992
57.116845,25,13875.117599,True,0.992
71.051267,83,13879.292547,True,0.992
63.59094,47,13881.641176,True,0.992
61.766118,41,13883.726182,True,0.992
72.012992,261,13896.544989,True,0.992
60.611372,37,13898.380782,True,0.992
9.482579,180,13907.225746,False,0.992
64.486533,281,13932.027307,True,0.992
63.91137,54,13934.726276,True,0.992
71.205711,459,13957.725485,True,0.992
63.079445,61,13960.708608,True,0.992
61.976679,139,13967.633534,True,0.992
61.422645,74,13971.25161,True,0.992
65.155267,158,13979.080302,True,0.992
54.312565,92,13983.615562,True,0.992
56.606327,21,13984.668614,True,0.992
54.942316,16,13985.475394,True,0.992
-4.638513,337,14002.252877,False,0.992
64.067623,183,14011.223614,True,0.992
66.02664,51,14013.814023,True,0.992
62.253664,40,14015.797302,True,0.992
60.323288,35,14017.558866,True,0.992
67.05492,64,14020.783537,True,0.992
66.902211,57,14023.680794,True,0.992
67.853697,188,14043.152476,True,0.992
-5.17231,72,14046.762306,False,0.992
57.919535,34,14048.445452,True,0.992
67.792594,65,14051.68995,True,0.992
57.649401,93,14056.311234,True,0.992
60.081246,42,14058.377411,True,0.992
57.124537,29,14059.824214,True,0.992
64.579549,50,14062.369359,True,0.992
60.407302,29,14063.829962,True,0.992
62.154942,38,14065.731737,True,0.992
58.16549,24,14066.959509,True,0.992
-9.708576,97,14071.776912,False,0.992
67.395919,61,14074.816155,True,0.992
65.095021,162,14082.775597,True,0.992
58.561382,98,14087.683239,True,0.992
65.960187,51,14090.276873,True,0.992
65.580236,54,14092.995335,True,0.992
60.238179,41,14095.028339,True,0.992
53.484225,12,14095.636336,True,0.992
64.551339,49,14098.128376,True,0.992
63.594816,48,14100.519879,True,0.992
-11.978547,72,14104.115531,False,0.992
65.082316,162,14112.035506,True,0.992
56.19226,29,14113.481924,True,0.992
60.848954,98,14118.32629,True,0.992
58.110234,128,14124.720131,True,0.992
65.504244,68,14128.283103,True,0.992
-9.748822,170,14136.720144,False,0.992
-11.764043,72,14140.327129,False,0.992
70.292574,103,14154.05708,True,0.992
55.694141,75,14157.753417,True,0.992
60.704661,51,14160.286357,True,0.992
67.024774,83,14164.524711,True,0.992
72.068025,286,14178.80643,True,0.992
68.937972,185,14188.217179,True,0.992
58.862386,57,14191.05904,True,0.992
66.548272,69,14194.562855,True,0.992
-17.921319,185,14203.677416,False,0.992
69.236845,253,14216.278226,True,0.992
64.176499,46,14218.6258,True,0.992
49.626949,1,14218.691428,True,0.992
61.907157,162,14226.822148,True,0.992
58.20254,93,14231.438109,True,0.992
56.178941,104,14236.656918,True,0.992
62.643377,106,14241.966767,True,0.992
62.589792,41,14244.047987,True,0.992
66.730531,58,14247.078232,True,0.992
62.702645,43,14249.239041,True,0.992
66.308276,50,14252.057503,True,0.992
56.202611,34,14253.787333,True,0.992
67.609216,72,14267.317651,True,0.992
64.777022,54,14270.06143,True,0.992
70.145398,227,14281.432339,True,0.992
-7.009445,213,14292.269459,False,0.992
63.901552,51,14294.906173,True,0.992
68.037896,242,14307.228543,True,0.992
2.850722,172,14315.890403,False,0.992
71.217043,180,14324.845383,True,0.992
73.583398,177,14333.629327,True,0.992
64.474173,144,14340.846136,True,0.992
65.62146,148,14348.253963,True,0.992
70.574958,323,14364.5361,True,0.992
68.40847,153,14384.68808,True,0.992
60.89796,44,14386.88235,True,0.992
57.35789,46,14389.210182,True,0.992
57.974131,19,14390.19245,True,0.992
3.01339,273,14403.899725,False,0.992
61.153992,59,14406.862706,True,0.992
69.400346,315,14422.525784,True,0.992
55.89032,23,14423.688215,True,0.992
66.074286,53,14426.393234,True,0.992
70.158428,321,14442.362774,True,0.992
60.175757,152,14449.930626,True,0.992
58.565799,49,14452.379276,True,0.992
69.95474,72,14456.045704,True,0.992
63.198226,257,14468.843294,True,0.992
67.396631,173,14477.333223,True,0.992
64.871131,53,14480.003896,True,0.992
68.28889,63,14494.236128,True,0.992
-27.87003,116,14499.974026,False,0.992
67.842268,222,14511.065558,True,0.992
67.277459,107,14516.443707,True,0.992
-22.390473,88,14520.872001,False,0.992
67.414508,68,14524.281745,True,0.992
-33.577789,150,14531.724088,False,0.992
65.697641,87,14536.058835,True,0.992
54.813612,13,14536.737434,True,0.992
64.151204,38,14538.645487,True,0.992
65.970505,53,14541.308083,True,0.992
58.982844,57,14544.164192,True,0.992
54.427226,13,14544.824503,True,0.992
-11.893236,97,14549.648416,False,0.992
-5.179395,101,14554.705934,False,0.992
62.315039,163,14562.785045,True,0.992
61.584558,39,14564.759852,True,0.992
61.363958,31,14566.339853,True,0.992
66.422791,49,14568.805539,True,0.992
62.548496,47,14571.170122,True,0.992
62.508586,94,14575.877042,True,0.992
-24.72769,103,14581.0076,False,0.992
58.396122,25,14582.304143,True,0.992
65.411687,82,14586.484884,True,0.992
56.211477,22,14587.600679,True,0.992
66.544755,168,14605.260601,True,0.992
61.585769,46,14607.588039,True,0.992
57.75703,27,14608.939901,True,0.992
64.79456,170,14617.380097,True,0.992
61.124879,35,14619.161311,True,0.992
55.648057,19,14620.132406,True,0.992
61.964709,120,14626.159335,True,0.992
66.803125,50,14628.725154,True,0.992
56.177475,18,14629.633428,True,0.992
56.263955,23,14630.802197,True,0.992
60.50772,45,14633.052904,True,0.992
65.011642,99,14637.994951,True,0.992
68.493587,70,14641.46962,True,0.992
59.666332,39,14643.476155,True,0.992
61.890317,43,14645.655963,True,0.992
58.129871,28,14647.06416,True,0.992
66.130136,172,14655.716181,True,0.992
62.91592,59,14658.70876,True,0.992
63.12078,46,14661.074327,True,0.992
69.33153,101,14666.338854,True,0.992
63.178777,47,14668.642119,True,0.992
63.915887,49,14671.051851,True,0.992
65.292708,82,14675.071814,True,0.992
55.273886,20,14676.069381,True,0.992
60.441202,38,14677.996024,True,0.992
57.2688,21,14679.052945,True,0.992
49.585866,1,14679.122673,True,0.992
63.068367,87,14683.406916,True,0.992
2.797361,148,14690.805698,False,0.992
-4.838124,317,14706.561679,False,0.992
54.165021,13,14707.229749,True,0.992
-0.386517,168,14725.388535,False,0.992
-18.667692,229,14736.689148,False,0.992
57.934046,37,14738.499291,True,0.992
62.373242,134,14745.163358,True,0.992
2.584849,104,14750.278752,False,0.992
65.221031,60,14753.278528,True,0.992
65.496296,203,14763.32088,True,0.992
58.92075,129,14769.672077,True,0.992
-6.933067,174,14778.219098,False,0.992
64.431938,46,14780.648164,True,0.992
64.572664,137,14787.421464,True,0.992
62.071489,104,14792.559241,True,0.992
64.468385,49,14795.113273,True,0.992
63.830191,44,14797.3387,True,0.992
64.003851,48,14799.787027,True,0.992
66.945573,67,14803.076714,True,0.992
64.62147,61,14806.116478,True,0.992
67.323567,56,14809.256959,True,0.992
65.84208,132,14815.712432,True,0.992
56.485514,29,14817.176333,True,0.992
62.06018,44,14819.360914,True,0.992
57.317269,21,14830.846468,True,0.992
63.288467,40,14832.887028,True,0.992
-0.936381,155,14840.585546,False,0.992
66.953644,331,14856.939939,True,0.992
58.074179,26,14858.262492,True,0.992
66.848321,235,14869.911487,True,0.992
3.841345,347,14887.123175,False,0.992
65.441172,45,14889.481858,True,0.992
59.911253,32,14891.103092,True,0.992
59.243444,117,14896.904128,True,0.992
55.573216,17,14897.759945,True,0.992
67.988814,157,14905.760075,True,0.992
68.879804,218,14916.640171,True,0.992
69.062063,282,14930.674308,True,0.992
64.199981,208,14952.891245,True,0.992
62.893565,36,14954.708303,True,0.992
59.943729,33,14956.369237,True,0.992
61.574856,44,14958.613037,True,0.992
67.038458,227,14969.747609,True,0.992
68.081044,61,14972.992022,True,0.992
65.977761,58,14975.872174,True,0.992
56.606111,34,14977.55071,True,0.992
58.509121,29,14979.020514,True,0.992
61.936446,106,14984.277077,True,0.992
71.826893,165,14992.487513,True,0.992
65.955106,132,14999.032809,True,0.992
65.902087,58,15001.959061,True,0.992
-0.229237,256,15014.583428,False,0.992
65.501721,148,15021.933855,True,0.992
61.138118,37,15023.807558,True,0.992
53.696329,11,15024.379472,True,0.992
70.436248,211,15035.219193,True,0.992
63.267528,132,15041.841682,True,0.992
54.028196,12,15042.464173,True,0.992
70.87297,281,15067.917112,True,0.992
65.158504,51,15070.511045,True,0.992
59.703297,161,15078.43284,True,0.992
58.344692,191,15087.961358,True,0.992
60.681819,27,15089.331233,True,0.992
72.256405,77,15093.239198,True,0.992
61.032606,34,15094.971719,True,0.992
59.745574,61,15097.96163,True,0.992
-9.388035,101,15103.11255,False,0.992
-23.19687,159,15110.852463,False,0.992
-0.184825,250,15123.353403,False,0.992
3.659725,355,15140.984205,False,0.992
58.895888,301,15155.828994,True,0.992
57.308106,48,15158.216787,True,0.992
59.057051,32,15171.240156,True,0.992
68.796991,79,15175.190706,True,0.992
60.766321,30,15176.703888,True,0.992
59.617101,28,15178.113669,True,0.992
76.717333,467,15200.999715,True,0.992
-6.598715,199,15210.953408,False,0.992
59.890582,53,15213.592724,True,0.992
68.456033,71,15217.225324,True,0.992
64.729842,53,15219.907225,True,0.992
62.72122,49,15222.404233,True,0.992
70.648231,478,15245.847001,True,0.992
62.482066,42,15247.941738,True,0.992
69.09445,171,15256.469499,True,0.992
-10.568777,93,15261.158252,False,0.992
53.385879,133,15267.731935,True,0.992
71.600806,266,15289.965357,True,0.992
68.117529,65,15293.267025,True,0.992
68.118997,293,15307.618851,True,0.992
62.022286,162,15315.675076,True,0.992
65.257025,60,15318.659586,True,0.992
57.946153,26,15319.98206,True,0.992
53.342868,8,15320.404231,True,0.992
61.887335,42,15322.495646,True,0.992
72.109526,207,15332.98715,True,0.992
67.64624,162,15341.076627,True,0.992
-25.690885,378,15359.901998,False,0.992
70.782351,303,15374.895771,True,0.992
67.675522,79,15378.926205,True,0.992
61.34106,42,15381.055235,True,0.992
-16.054953,240,15404.128846,False,0.992
66.229203,60,15407.163182,True,0.992
61.447335,308,15422.525536,True,0.992
70.615985,155,15430.517873,True,0.992
-1.072959,132,15437.159077,False,0.992
59.480959,379,15456.018678,True,0.992
-28.975067,117,15461.822668,False,0.992
14.235351,298,15476.522366,False,0.992
68.571107,64,15479.770247,True,0.992
63.795677,142,15486.930328,True,0.992
-4.089011,90,15491.459148,False,0.992
-30.850934,244,15513.242708,False,0.992
-31.492926,101,15518.2056,False,0.992
-9.531274,103,15523.432629,False,0.992
-16.453621,115,15529.235319,False,0.992
-20.153593,218,15539.976115,False,0.992
-20.469109,261,15552.851039,False,0.992
58.232068,33,15554.55968,True,0.992
-13.727726,91,15559.196603,False,0.992
-29.488531,90,15563.652996,False,0.992
-4.979553,82,15567.74765,False,0.992
-9.989903,73,15571.489793,False,0.992
-14.84592,102,15576.579762,False,0.992
-0.654189,114,15582.276915,False,0.992
-36.861105,159,15590.154642,False,0.992
67.227671,54,15592.88745,True,0.992
55.644806,41,15594.919178,True,0.992
66.930388,70,15598.502678,True,0.992
61.51946,41,15600.572356,True,0.992
-25.162872,100,15605.661363,False,0.992
49.860302,1,15605.727375,True,0.992
-1.475111,70,15609.270029,False,0.992
-38.340371,137,15626.132639,False,0.992
-8.677638,161,15634.241479,False,0.992
71.329777,174,15642.879488,True,0.992
-8.014866,84,15647.147,False,0.992
-10.516825,96,15652.018211,False,0.992
-32.690054,91,15656.523732,False,0.992
-32.132391,134,15663.174436,False,0.992
-2.595851,298,15678.190391,False,0.992
64.72923,50,15680.7139,True,0.992
58.400897,31,15682.278339,True,0.992
-14.136991,118,15688.237149,False,0.992
60.067222,41,15690.312753,True,0.992
-26.963307,168,15698.655969,False,0.992
-20.577287,199,15708.525043,False,0.992
-20.423049,147,15715.928967,False,0.992
50.118305,1,15715.991972,True,0.992
66.611391,73,15719.743498,True,0.992
70.555032,106,15735.76263,True,0.992
-24.630333,157,15743.611684,False,0.992
55.084345,18,15744.518581,True,0.992
59.657868,52,15747.113988,True,0.992
77.817319,127,15753.513051,True,0.992
-27.027173,370,15771.718956,False,0.992
71.507814,109,15777.098771,True,0.992
60.525145,37,15778.992034,True,0.992
72.745258,122,15785.144722,True,0.992
-3.22948,247,15797.278522,False,0.992
62.36686,50,15799.781952,True,0.992
56.446467,123,15805.887989,True,0.992
63.003536,43,15808.079255,True,0.992
69.469783,76,15811.899318,True,0.992
11.675516,298,15826.515712,False,0.992
2.686369,122,15832.654679,False,0.992
-20.666188,96,15848.373008,False,0.992
67.91156,454,15870.942346,True,0.992
-4.381232,99,15875.954259,False,0.992
61.871709,47,15878.338528,True,0.992
5.364827,286,15893.046624,False,0.992
65.068513,59,15895.962161,True,0.992
72.905742,89,15900.384784,True,0.992
64.600938,203,15910.350991,True,0.992
57.897882,23,15911.496196,True,0.992
57.642894,30,15912.983417,True,0.992
57.402517,33,15914.625857,True,0.992
65.744072,82,15918.702116,True,0.992
-15.598958,307,15933.753957,False,0.992
64.128009,61,15936.815268,True,0.992
-24.835117,135,15943.4901,False,0.992
61.088123,38,15945.373416,True,0.992
56.669337,35,15947.097588,True,0.992
73.492579,163,15965.744435,True,0.992
70.145278,221,15976.829289,True,0.992
72.358653,282,15990.697002,True,0.992
73.498701,299,16005.46147,True,0.992
71.344757,205,16015.632437,True,0.992
54.0621,12,16016.250854,True,0.992
58.163082,36,16018.076683,True,0.992
69.880724,169,16026.520617,True,0.992
65.31099,181,16035.434698,True,0.992
51.507411,152,16042.897027,True,0.992
59.77413,41,16044.936059,True,0.992
70.755303,312,16071.04546,True,0.992
68.360026,158,16078.799285,True,0.992
60.745845,54,16081.432349,True,0.992
-2.998716,125,16087.636838,False,0.992
67.853726,163,16095.626993,True,0.992
70.556666,180,16104.512308,True,0.992
64.429368,135,16111.180272,True,0.992
61.550001,119,16117.036874,True,0.992
56.764184,26,16118.31606,True,0.992
65.465802,51,16121.001175,True,0.992
57.910954,33,16122.656961,True,0.992
50.48599,1,16122.721403,True,0.992
73.519918,255,16135.929155,True,0.992
-22.399668,154,16143.741215,False,0.992
67.105033,92,16148.377162,True,0.992
59.106492,34,16150.09716,True,0.992
0.372905,300,16164.798676,False,0.992
64.222922,46,16167.08603,True,0.992
-5.358159,232,16190.101701,False,0.992
52.829486,50,16192.563582,True,0.992
52.307007,111,16197.995494,True,0.992
-6.297101,237,16209.670309,False,0.992
65.442982,46,16211.968718,True,0.992
60.598074,49,16214.395543,True,0.992
65.601769,69,16217.880913,True,0.992
7.375861,303,16232.817644,False,0.992
67.243753,144,16239.924267,True,0.992
-20.614264,356,16257.288196,False,0.992
55.975657,25,16258.558004,True,0.992
64.982782,104,16263.675303,True,0.992
58.54997,39,16265.584214,True,0.992
63.527018,54,16268.275196,True,0.992
68.427044,59,16271.227838,True,0.992
49.512987,1,16271.298493,True,0.992
59.871558,92,16275.847644,True,0.992
56.535821,24,16277.060844,True,0.992
59.124971,37,16278.894297,True,0.992
69.587624,456,16311.68951,True,0.992
-0.11792,223,16322.729254,False,0.992
57.626715,34,16324.437196,True,0.992
57.793104,70,16327.838281,True,0.992
-7.457161,386,16346.890272,False,0.992
61.466166,40,16348.869043,True,0.992
-8.935676,112,16354.342417,False,0.992
64.610335,278,16367.961746,True,0.992
63.635868,40,16370.001192,True,0.992
59.965723,154,16377.628659,True,0.992
62.721963,50,16380.132715,True,0.992
66.831872,61,16383.342571,True,0.992
64.640904,133,16389.82979,True,0.992
73.465134,371,16418.492836,True,0.992
68.024375,65,16421.896209,True,0.992
74.130053,367,16440.00536,True,0.992
64.108816,72,16443.587653,True,0.992
68.067127,62,16446.673357,True,0.992
65.56318,46,16449.002836,True,0.992
-15.017893,194,16458.522981,False,0.992
66.324603,148,16465.886039,True,0.992
60.883574,143,16472.938449,True,0.992
58.328793,25,16474.18365,True,0.992
-26.242081,281,16487.902486,False,0.992
67.380743,150,16495.391553,True,0.992
67.138378,134,16502.017552,True,0.992
67.529104,111,16507.500461,True,0.992
59.188286,43,16520.712707,True,0.992
68.330674,65,16524.070429,True,0.992
63.997305,72,16527.63749,True,0.992
-17.990518,116,16533.406977,False,0.992
70.03221,73,16537.045437,True,0.992
4.504225,177,16545.713286,False,0.992
-28.778948,345,16562.53243,False,0.992
63.226561,203,16572.542424,True,0.992
78.272087,368,16590.645397,True,0.992
70.620029,123,16596.70122,True,0.992
59.059204,46,16598.998302,True,0.992
73.246871,322,16615.205498,True,0.992
59.071267,63,16618.341459,True,0.992
59.298771,33,16619.98619,True,0.992
60.328746,207,16639.68876,True,0.992
65.865243,62,16642.762776,True,0.992
4.033255,427,16663.791936,False,0.992
62.223898,43,16665.996669,True,0.992
63.230964,288,16680.045476,True,0.992
64.548734,97,16684.93359,True,0.992
50.382845,1,16684.994899,True,0.992
-8.077301,215,16695.705188,False,0.992
68.960797,85,16699.947087,True,0.992
67.701599,153,16707.462546,True,0.992
62.243142,52,16710.053665,True,0.992
65.340543,53,16712.705653,True,0.992
56.873983,23,16713.86004,True,0.992
63.144462,197,16723.66759,True,0.992
-18.198267,391,16753.414419,False,0.992
81.956986,292,16767.756888,True,0.992
-31.744548,459,16790.251166,False,0.992
71.567974,277,16803.793432,True,0.992
61.363782,94,16808.454615,True,0.992
55.465937,18,16809.37825,True,0.992
65.231529,48,16811.827133,True,0.992
8.332986,131,16818.388059,False,0.992
-1.256962,380,16837.307607,False,0.992
65.536697,50,16839.852083,True,0.992
71.053693,189,16859.370552,True,0.992
61.316158,59,16862.274887,True,0.992
58.803206,31,16863.840502,True,0.992
65.513849,126,16870.10903,True,0.992
-3.209031,157,16877.971774,False,0.992
60.830227,144,16885.156898,True,0.992
80.860234,371,16903.472908,True,0.992
67.933904,252,16916.066178,True,0.992
61.095325,43,16918.232798,True,0.992
62.195706,219,16928.974919,True,0.992
71.819214,267,16942.465183,True,0.992
70.077587,276,16968.005637,True,0.992
74.075222,264,16981.223725,True,0.992
57.991314,24,16982.434032,True,0.992
75.580418,339,16999.022814,True,0.992
69.410077,73,17002.672778,True,0.992
71.540845,81,17006.816493,True,0.992
84.106271,351,17024.005168,True,0.992
59.250748,59,17026.951141,True,0.992
57.907806,126,17033.148358,True,0.992
71.847605,526,17058.917174,True,0.992
64.004856,217,17079.491853,True,0.992
65.057697,52,17082.140705,True,0.992
67.660286,88,17086.527431,True,0.992
58.734718,48,17088.921014,True,0.992
69.02113,416,17109.50272,True,0.992
60.761042,99,17114.355433,True,0.992
69.606567,183,17123.402297,True,0.992
68.925711,178,17132.200255,True,0.992
63.768577,55,17135.000767,True,0.992
71.917,203,17145.534027,True,0.992
8.514563,179,17154.496398,False,0.992
-14.84957,109,17159.918146,False,0.992
63.420276,50,17162.457167,True,0.992
56.570824,45,17164.675795,True,0.992
67.12308,68,17168.106483,True,0.992
67.178425,214,17178.828582,True,0.992
62.91305,92,17194.910159,True,0.992
65.142748,48,17197.394977,True,0.992
65.752049,49,17199.872937,True,0.992
62.468829,38,17201.806022,True,0.992
-0.29757,64,17205.061184,False,0.992
64.892522,81,17209.142651,True,0.992
-19.631182,96,17213.927038,False,0.992
56.859613,25,17215.218373,True,0.992
64.648328,70,17218.73038,True,0.992
-7.244403,384,17237.691287,False,0.992
64.67086,41,17239.78407,True,0.992
67.814894,64,17243.006517,True,0.992
63.019263,40,17245.006562,True,0.992
62.32471,174,17253.735559,True,0.992
66.278948,169,17262.175249,True,0.992
62.631846,149,17269.692137,True,0.992
61.25083,55,17272.44779,True,0.992
-16.540322,406,17292.587402,False,0.992
61.505304,32,17303.478845,True,0.992
68.137745,71,17307.139179,True,0.992
-5.029843,362,17325.25558,False,0.992
59.045984,32,17326.900421,True,0.992
-6.254911,101,17332.041937,False,0.992
60.387227,129,17338.49211,True,0.992
60.52046,42,17340.632688,True,0.992
67.887404,98,17345.527349,True,0.992
63.007564,111,17351.050475,True,0.992
60.711642,89,17355.524741,True,0.992
68.465173,57,17358.426663,True,0.992
68.860209,126,17364.786799,True,0.992
56.466565,22,17365.906722,True,0.992
62.083029,38,17367.834866,True,0.992
70.4642,161,17375.970025,True,0.992
66.011824,54,17378.727982,True,0.992
6.379991,380,17397.528153,False,0.992
61.731944,37,17399.423599,True,0.992
61.452154,36,17401.236761,True,0.992
4.846606,83,17405.404354,False,0.992
64.134503,137,17421.473175,True,0.992
65.616888,50,17424.014716,True,0.992
5.862418,78,17427.937579,False,0.992
57.745976,28,17429.363142,True,0.992
64.050291,164,17437.583329,True,0.992
62.249843,175,17446.183142,True,0.992
63.04756,191,17455.576269,True,0.992
63.922134,46,17457.951323,True,0.992
-9.91417,435,17479.472276,False,0.992
56.323587,24,17480.6796,True,0.992
64.96828,99,17485.567533,True,0.992
4.164678,141,17492.535606,False,0.992
60.471081,130,17498.984511,True,0.992
56.456133,16,17499.799338,True,0.992
60.299889,26,17501.119509,True,0.992
-10.724759,104,17506.307775,False,0.992
71.598489,211,17516.733207,True,0.992
0.02947,190,17536.006941,False,0.992
3.586497,86,17540.497605,False,0.992
59.166295,132,17546.961048,True,0.992
56.302452,93,17551.501849,True,0.992
67.155751,54,17554.218718,True,0.992
64.368419,45,17556.446285,True,0.992
-18.080635,101,17561.385924,False,0.992
70.695578,253,17573.888273,True,0.992
54.849368,16,17574.707476,True,0.992
52.463406,10,17575.220381,True,0.992
54.470033,17,17576.078229,True,0.992
58.635978,23,17577.236544,True,0.992
-3.406453,81,17581.249478,False,0.992
-1.675548,124,17587.335408,False,0.992
62.112098,56,17590.098716,True,0.992
55.050319,16,17590.918592,True,0.992
59.670454,30,17592.403718,True,0.992
58.504503,24,17593.623355,True,0.992
-0.411582,82,17597.696728,False,0.992
-13.588431,74,17601.361711,False,0.992
58.140816,35,17603.136208,True,0.992
62.80285,35,17604.862182,True,0.992
55.674359,18,17605.782717,True,0.992
60.258972,34,17607.492695,True,0.992
-30.000637,209,17617.700151,False,0.992
59.672655,31,17619.260617,True,0.992
63.021487,40,17621.24554,True,0.992
-1.713945,77,17625.148557,False,0.992
60.339683,204,17645.081484,True,0.992
-9.79447,138,17652.101852,False,0.992
56.995701,191,17661.466929,True,0.992
56.202675,109,17666.841812,True,0.992
50.329482,1,17666.910003,True,0.992
49.992282,1,17666.974502,True,0.992
64.29512,171,17675.878074,True,0.992
59.103847,153,17683.44138,True,0.992
68.563901,63,17686.640535,True,0.992
-17.289526,81,17690.634587,False,0.992
57.938592,46,17692.88674,True,0.992
62.196817,37,17694.779216,True,0.992
-23.506011,89,17699.19543,False,0.992
49.546575,1,17699.261761,True,0.992
66.564945,53,17701.911716,True,0.992
-4.037774,69,17705.350515,False,0.992
-13.248969,69,17708.7476,False,0.992
59.82588,36,17710.526683,True,0.992
62.146649,54,17713.183539,True,0.992
8.334671,204,17723.306808,False,0.992
59.393501,115,17728.995689,True,0.992
65.098412,43,17731.157158,True,0.992
64.446319,62,17734.373603,True,0.992
59.449987,41,17736.403539,True,0.992
64.802838,53,17739.077973,True,0.992
62.666256,62,17751.7461,True,0.992
54.508629,12,17752.351294,True,0.992
-19.512506,162,17760.362178,False,0.992
63.910132,53,17763.007898,True,0.992
66.742734,298,17777.828467,True,0.992
63.371364,40,17779.847283,True,0.992
53.916037,14,17780.560788,True,0.992
-10.843343,173,17789.266986,False,0.992
56.281427,13,17789.928774,True,0.992
-0.658823,64,17793.182715,False,0.992
55.355551,35,17794.908281,True,0.992
59.66084,28,17796.327374,True,0.992
-22.757476,114,17801.991203,False,0.992
5.210522,477,17825.308343,False,0.992
-19.370465,201,17835.239263,False,0.992
70.223148,183,17844.757169,True,0.992
58.174861,23,17845.931591,True,0.992
58.557932,25,17847.183987,True,0.992
-3.735219,159,17865.423236,False,0.992
59.238596,26,17866.750312,True,0.992
49.574619,1,17866.8185,True,0.992
60.271,69,17870.232937,True,0.992
59.679263,80,17874.176148,True,0.992
56.990517,18,17875.092075,True,0.992
65.524797,54,17877.855835,True,0.992
66.229341,52,17880.443449,True,0.992
60.250352,29,17881.892507,True,0.992
56.518741,19,17882.841024,True,0.992
66.232225,51,17885.404961,True,0.992
60.223723,135,17892.067097,True,0.992
63.247785,41,17894.11967,True,0.992
60.40491,30,17895.650997,True,0.992
56.445707,20,17896.660344,True,0.992
54.290355,138,17903.427664,True,0.992
68.754967,258,17916.079068,True,0.992
-2.35812,88,17920.52425,False,0.992
68.442472,147,17928.080461,True,0.992
63.714831,155,17935.817174,True,0.992
-16.644689,449,17957.920939,False,0.992
63.503184,118,17963.721527,True,0.992
58.533886,116,17979.488183,True,0.992
50.306885,1,17979.552349,True,0.992
58.933298,28,17980.945857,True,0.992
-14.156196,74,17984.652998,False,0.992
59.496114,134,17991.287474,True,0.992
56.370714,24,17992.511592,True,0.992
59.389169,27,17993.874245,True,0.992
57.992452,23,17995.027132,True,0.992
58.615,28,17996.458997,True,0.992
-10.535839,70,17999.93448,False,0.992
63.100992,129,18006.290867,True,0.992
57.55223,38,18008.166703,True,0.992
58.29702,42,18010.24967,True,0.992
66.866575,65,18013.505851,True,0.992
1.139067,80,18017.491898,False,0.992
63.263009,109,18022.871673,True,0.992
63.18167,39,18024.803102,True,0.992
53.971389,15,18025.548987,True,0.992
53.93047,16,18026.361502,True,0.992
57.913782,25,18027.625437,True,0.992
65.955011,58,18030.600608,True,0.992
58.679211,32,18032.210127,True,0.992
60.856692,31,18033.793018,True,0.992
51.518178,3,18033.963782,True,0.992
67.534617,183,18043.103115,True,0.992
62.490331,42,18045.202321,True,0.992
57.211427,27,18046.566343,True,0.992
64.605273,56,18049.349254,True,0.992
63.931359,119,18055.342863,True,0.992
-15.209457,78,18059.286526,False,0.992
69.818664,223,18070.458393,True,0.992
65.500406,161,18087.503323,True,0.992
54.6495,13,18088.162247,True,0.992
57.763356,53,18090.784993,True,0.992
63.305105,55,18093.582294,True,0.992
54.564155,12,18094.206045,True,0.992
58.546979,86,18098.47432,True,0.992
57.039794,24,18099.655424,True,0.992
67.556254,191,18109.065581,True,0.992
67.387289,68,18112.676532,True,0.992
54.754886,31,18114.231723,True,0.992
55.288744,13,18114.896202,True,0.992
63.149884,112,18120.435343,True,0.992
59.386489,35,18122.207907,True,0.992
0.490516,319,18138.133303,False,0.992
-3.583526,67,18141.507562,False,0.992
61.117846,134,18148.152736,True,0.992
62.793833,127,18154.444433,True,0.992
63.002806,51,18157.0018,True,0.992
-8.571558,220,18167.999395,False,0.992
68.949768,68,18171.455935,True,0.992
59.728102,29,18172.923231,True,0.992
60.900917,139,18179.813002,True,0.992
-4.411649,238,18202.05739,False,0.992
53.308223,9,18202.523269,True,0.992
56.470439,22,18203.639141,True,0.992
3.481445,188,18213.045502,False,0.992
-22.99926,285,18227.123251,False,0.992
64.45803,54,18229.882252,True,0.992
59.819431,42,18232.000176,True,0.992
64.744399,146,18239.297468,True,0.992
61.161986,35,18241.070601,True,0.992
64.342124,37,18242.936985,True,0.992
63.113155,140,18249.869417,True,0.992
61.085455,53,18252.558549,True,0.992
62.333671,39,18254.521699,True,0.992
0.37696,341,18271.429074,False,0.992
4.445497,155,18279.251093,False,0.992
68.402003,318,18294.971234,True,0.992
-27.8626,278,18318.926501,False,0.992
61.255981,37,18320.794108,True,0.992
-10.951293,292,18335.458955,False,0.992
64.446465,70,18338.974025,True,0.992
66.965696,89,18343.543414,True,0.992
62.020377,50,18346.07356,True,0.992
8.611713,600,18376.081519,False,0.992
63.879605,39,18378.072046,True,0.992
59.118561,40,18380.084056,True,0.992
10.16221,231,18391.533049,False,0.992
63.707267,196,18401.223489,True,0.992
60.594734,99,18406.14095,True,0.992
50.228853,1,18406.208609,True,0.992
65.823469,258,18428.561803,True,0.992
56.234291,16,18429.384929,True,0.992
62.590647,146,18436.703043,True,0.992
-20.96009,255,18449.402471,False,0.992
66.592611,55,18452.205812,True,0.992
54.670347,12,18452.822994,True,0.992
65.167721,138,18459.764992,True,0.992
-10.899888,177,18468.687855,False,0.992
55.80817,14,18469.402235,True,0.992
64.19157,132,18476.055533,True,0.992
61.248366,127,18482.363943,True,0.992
58.168527,22,18483.497002,True,0.992
61.363987,128,18489.930434,True,0.992
62.495717,56,18492.745738,True,0.992
56.87107,69,18496.182963,True,0.992
55.678118,14,18496.90305,True,0.992
67.253801,167,18505.217991,True,0.992
56.998985,94,18509.961932,True,0.992
70.907829,473,18543.487771,True,0.992
60.06537,30,18545.017452,True,0.992
55.940236,17,18545.866121,True,0.992
60.243426,35,18547.651153,True,0.992
-16.199834,61,18550.738944,False,0.992
2.021545,152,18558.371701,False,0.992
55.156272,20,18559.381181,True,0.992
-6.640997,81,18563.421696,False,0.992
1.058857,600,18592.999247,False,0.992
57.601857,24,18594.227564,True,0.992
-2.854773,61,18597.328691,False,0.992
50.205649,1,18597.391125,True,0.992
66.273678,52,18600.036095,True,0.992
54.277812,14,18600.743498,True,0.992
65.664867,56,18603.596066,True,0.992
-14.644122,65,18606.840473,False,0.992
-15.13275,144,18614.002843,False,0.992
64.10622,65,18617.336861,True,0.992
53.247724,9,18617.792151,True,0.992
0.941268,56,18620.589955,False,0.992
60.494299,32,18622.211967,True,0.992
56.264112,15,18622.96325,True,0.992
60.388523,27,18624.339541,True,0.992
63.09445,35,18626.117908,True,0.992
-0.292136,76,18629.946422,False,0.992
58.942615,36,18631.767293,True,0.992
57.227741,22,18632.888668,True,0.992
63.685321,38,18634.830229,True,0.992
58.571551,21,18635.887366,True,0.992
66.707105,73,18648.183526,True,0.992
59.637272,31,18649.756972,True,0.992
6.740126,198,18659.682147,False,0.992
55.68719,65,18662.888467,True,0.992
56.179093,19,18663.8479,True,0.992
58.493898,26,18665.174541,True,0.992
65.151071,155,18672.944669,True,0.992
-0.440493,62,18676.085308,False,0.992
-8.592213,91,18680.663249,False,0.992
66.154189,137,18687.734185,True,0.992
66.486158,55,18690.548426,True,0.992
66.652495,125,18696.725478,True,0.992
-20.595023,518,18722.29786,False,0.992
60.329973,49,18724.75239,True,0.992
67.250384,56,18727.551984,True,0.992
68.009831,217,18738.372391,True,0.992
57.812549,24,18739.588957,True,0.992
60.254037,67,18742.877841,True,0.992
3.253712,168,18761.568889,False,0.992
59.176876,41,18763.59117,True,0.992
1.890985,195,18773.198797,False,0.992
1.892525,229,18784.475143,False,0.992
59.188838,26,18785.793221,True,0.992
65.834444,163,18793.804119,True,0.992
61.152394,32,18795.40986,True,0.992
64.915845,168,18803.738219,True,0.992
1.880493,378,18822.38288,False,0.992
62.065592,46,18824.690502,True,0.992
-9.302682,110,18830.287314,False,0.992
-16.63889,56,18833.082412,False,0.992
55.629983,16,18833.885715,True,0.992
1.188334,92,18838.40212,False,0.992
61.640689,63,18841.480277,True,0.992
60.003213,73,18845.059398,True,0.992
59.487128,153,18852.608559,True,0.992
60.912141,36,18854.402463,True,0.992
55.33183,14,18855.109106,True,0.992
58.260305,137,18871.992266,True,0.992
64.654334,45,18874.253377,True,0.992
64.721135,136,18881.028106,True,0.992
63.143225,150,18888.457383,True,0.992
61.306209,112,18894.005132,True,0.992
65.034272,56,18896.805727,True,0.992
64.375303,41,18898.882495,True,0.992
62.620043,41,18900.986292,True,0.992
64.527477,41,18903.063943,True,0.992
55.525272,18,18903.972801,True,0.992
59.566941,36,18905.761584,True,0.992
65.61402,236,18917.348738,True,0.992
60.371195,30,18918.88039,True,0.992
69.584682,80,18922.85345,True,0.992
56.095499,18,18923.772294,True,0.992
63.812467,34,18925.4684,True,0.992
-8.224922,202,18935.446605,False,0.992
64.083389,131,18941.963999,True,0.992
64.829304,265,18954.910988,True,0.992
6.97301,73,18958.48384,False,0.992
52.891469,7,18958.858459,True,0.992
62.23431,151,18966.330748,True,0.992
66.817939,93,18971.065379,True,0.992
9.999774,370,18999.766222,False,0.992
5.432703,99,19004.721854,False,0.992
59.589767,24,19005.931505,True,0.992
54.477207,14,19006.639803,True,0.992
62.29483,42,19008.730678,True,0.992
-0.048882,65,19011.95223,False,0.992
55.510376,15,19012.697808,True,0.992
59.596889,36,19014.482293,True,0.992
63.338756,41,19016.559593,True,0.992
66.524048,171,19025.085368,True,0.992
-0.080451,297,19039.739234,False,0.992
62.090347,40,19041.772921,True,0.992
61.849972,139,19048.606252,True,0.992
71.328408,266,19061.533745,True,0.992
57.762968,100,19066.444645,True,0.992
54.020085,10,19066.959105,True,0.992
-6.423636,177,19075.651938,False,0.992
-5.460838,178,19095.256622,False,0.992
60.436428,115,19100.932511,True,0.992
62.860061,44,19103.176127,True,0.992
62.844212,36,19105.007531,True,0.992
55.634171,24,19106.21787,True,0.992
63.53177,40,19108.209315,True,0.992
58.26263,35,19109.958976,True,0.992
63.975066,186,19119.036843,True,0.992
57.025286,42,19121.121481,True,0.992
-7.671496,146,19128.351039,False,0.992
51.684289,99,19133.312611,True,0.992
61.25723,44,19135.512664,True,0.992
60.086197,191,19144.953933,True,0.992
69.047192,200,19154.836455,True,0.992
-17.507951,323,19170.807286,False,0.992
0.637585,127,19177.156273,False,0.992
68.316852,241,19189.073378,True,0.992
7.484747,248,19213.054385,False,0.992
50.011114,1,19213.119601,True,0.992
61.716498,39,19215.103652,True,0.992
58.792252,42,19217.193707,True,0.992
1.425347,68,19220.595591,False,0.992
69.509796,230,19231.857029,True,0.992
-10.056534,167,19240.168351,False,0.992
61.796548,30,19241.663427,True,0.992
-3.443817,128,19247.891096,False,0.992
58.66226,17,19248.772465,True,0.992
2.413025,210,19259.148194,False,0.992
56.767703,30,19260.649591,True,0.992
59.373645,101,19265.631905,True,0.992
55.620328,48,19267.990902,True,0.992
62.611014,31,19269.567461,True,0.992
-12.00109,328,19285.659361,False,0.992
55.966005,15,19286.412683,True,0.992
56.474102,280,19300.212082,True,0.992
61.020089,131,19306.672082,True,0.992
-2.195549,157,19325.856111,False,0.992
64.865748,138,19332.839345,True,0.992
59.956878,33,19334.5217,True,0.992
58.210764,192,19344.078313,True,0.992
59.620593,312,19359.550775,True,0.992
62.658267,29,19361.017308,True,0.992
64.629396,128,19367.464494,True,0.992
60.786077,173,19376.052296,True,0.992
57.215097,19,19377.032086,True,0.992
69.258057,289,19391.190558,True,0.992
59.826338,48,19393.567592,True,0.992
65.532309,53,19396.240028,True,0.992
60.526208,99,19401.18748,True,0.992
63.624266,135,19408.014391,True,0.992
64.698653,302,19433.201499,True,0.992
57.40747,22,19434.303223,True,0.992
58.005865,103,19439.421645,True,0.992
60.424735,42,19441.498069,True,0.992
-19.829025,282,19455.36612,False,0.992
4.275134,72,19459.012279,False,0.992
61.606331,31,19460.582802,True,0.992
65.139899,44,19462.795105,True,0.992
56.486528,17,19463.629111,True,0.992
66.096927,393,19483.040192,True,0.992
64.744401,141,19490.081111,True,0.992
-9.327134,280,19503.855736,False,0.992
51.958965,12,19504.470063,True,0.992
68.1863,360,19522.135481,True,0.992
59.04486,22,19523.243472,True,0.992
58.636917,25,19524.506504,True,0.992
6.350272,508,19559.587991,False,0.992
69.685678,264,19572.564655,True,0.992
4.681224,166,19580.775886,False,0.992
-15.15181,228,19592.21531,False,0.992
58.945438,21,19593.301976,True,0.992
65.590639,46,19595.627632,True,0.992
64.407462,59,19598.543139,True,0.992
53.102045,11,19599.097591,True,0.992
51.557644,4,19599.3078,True,0.992
54.054942,10,19599.814492,True,0.992
58.970013,108,19605.185748,True,0.992
58.517618,56,19607.993714,True,0.992
56.336331,23,19609.159263,True,0.992
56.720268,26,19610.448807,True,0.992
66.908778,459,19633.125148,True,0.992
65.330552,58,19636.078795,True,0.992
62.360273,36,19637.906594,True,0.992
59.815708,32,19639.512182,True,0.992
60.18048,43,19641.654474,True,0.992
57.804363,23,19642.817051,True,0.992
54.085468,10,19643.336513,True,0.992
51.480837,3,19643.504406,True,0.992
68.039593,62,19657.140663,True,0.992
63.15078,59,19660.069004,True,0.992
-28.117242,287,19674.163467,False,0.992
57.218326,20,19675.162124,True,0.992
66.238749,49,19677.643742,True,0.992
50.509219,1,19677.706381,True,0.992
66.344691,191,19687.192716,True,0.992
63.359239,41,19689.301207,True,0.992
57.899956,25,19690.568801,True,0.992
55.234571,15,19691.345407,True,0.992
62.718359,38,19693.277209,True,0.992
58.191115,36,19695.070277,True,0.992
55.484308,24,19696.269864,True,0.992
57.05182,20,19697.295717,True,0.992
61.306616,153,19705.162206,True,0.992
58.146573,115,19710.831042,True,0.992
64.644702,41,19712.907367,True,0.992
61.725452,67,19716.21204,True,0.992
55.911539,17,19717.076954,True,0.992
62.058885,130,19723.540233,True,0.992
-0.742576,165,19731.73369,False,0.992
64.134088,43,19734.001959,True,0.992
58.007932,30,19735.551366,True,0.992
68.752958,347,19753.406573,True,0.992
64.522131,44,19755.652836,True,0.992
67.747219,229,19777.900195,True,0.992
64.135124,42,19780.004622,True,0.992
-20.42875,108,19785.287298,False,0.992
65.064087,46,19787.614076,True,0.992
58.155023,22,19788.744069,True,0.992
63.40988,40,19790.775288,True,0.992
-8.878458,160,19798.665591,False,0.992
59.235564,23,19799.833773,True,0.992
57.269698,32,19801.433341,True,0.992
-7.25077,81,19805.428271,False,0.992
74.467108,429,19826.569825,True,0.992
55.829744,19,19827.527873,True,0.992
69.78321,145,19834.757402,True,0.992
66.484387,147,19842.097502,True,0.992
55.977968,18,19843.016432,True,0.992
58.678164,31,19844.637958,True,0.992
63.643749,138,19851.579702,True,0.992
66.107205,59,19854.443984,True,0.992
61.326037,60,19857.402134,True,0.992
68.025349,200,19867.3595,True,0.992
58.121887,28,19868.745699,True,0.992
0.326064,87,19882.343468,False,0.992
60.835222,35,19884.098048,True,0.992
63.550281,41,19886.166863,True,0.992
57.617793,26,19887.483629,True,0.992
63.0631,112,19893.087521,True,0.992
59.952991,32,19894.717049,True,0.992
60.307525,81,19898.716824,True,0.992
-2.313968,420,19919.490213,False,0.992
63.796386,52,19922.117684,True,0.992
58.454675,52,19924.737364,True,0.992
57.772341,25,19925.983621,True,0.992
67.016188,148,19933.421533,True,0.992
64.155258,55,19936.187906,True,0.992
61.405335,131,19942.675442,True,0.992
62.940452,107,19948.046605,True,0.992
65.766678,154,19955.86378,True,0.992
53.1639,9,19956.316943,True,0.992
69.965457,181,19965.616514,True,0.992
67.609882,169,19973.923416,True,0.992
54.253577,11,19974.504421,True,0.992
-3.471758,424,20005.653289,False,0.992
62.677519,286,20019.886563,True,0.992
64.882336,44,20022.119926,True,0.992
66.193366,56,20024.875173,True,0.992
62.226132,204,20035.182559,True,0.992
63.123305,47,20037.570771,True,0.992
56.14675,23,20038.744632,True,0.992
68.049,205,20048.985812,True,0.992
64.592554,47,20051.402477,True,0.992
63.139309,40,20053.410615,True,0.992
69.189946,284,20067.677908,True,0.992
68.137628,126,20073.950448,True,0.992
70.10284,197,20083.728736,True,0.992
62.940169,60,20086.793665,True,0.992
64.118106,43,20088.986627,True,0.992
2.926991,196,20110.846536,False,0.992
58.926396,23,20112.01039,True,0.992
65.977296,50,20114.539951,True,0.992
66.812997,58,20117.459942,True,0.992
61.364168,242,20129.551289,True,0.992
56.274455,32,20131.18675,True,0.992
55.718317,111,20136.776657,True,0.992
0.764942,79,20140.842151,False,0.992
60.394375,34,20142.578239,True,0.992
64.144102,52,20145.21231,True,0.992
51.593863,9,20145.667557,True,0.992
71.907618,107,20151.05348,True,0.992
67.588895,160,20159.014887,True,0.992
66.599092,45,20161.326797,True,0.992
56.798148,20,20162.341142,True,0.992
57.788306,26,20163.669485,True,0.992
58.20228,32,20165.300832,True,0.992
62.392908,142,20172.37436,True,0.992
67.453309,72,20176.20564,True,0.992
57.970266,24,20177.409883,True,0.992
50.461583,1,20177.472863,True,0.992
56.409099,146,20184.633538,True,0.992
66.534646,134,20191.183725,True,0.992
61.89204,50,20193.662786,True,0.992
63.351435,32,20195.254889,True,0.992
66.781342,327,20221.130651,True,0.992
62.944157,40,20223.164815,True,0.992
61.988571,57,20226.003525,True,0.992
64.960171,43,20228.195192,True,0.992
66.802417,160,20236.157855,True,0.992
56.699656,26,20237.462175,True,0.992
53.143485,7,20237.826039,True,0.992
57.510714,22,20238.928191,True,0.992
12.057199,230,20250.210141,False,0.992
-6.188704,71,20253.682419,False,0.992
61.358795,310,20268.820997,True,0.992
60.92004,45,20271.101312,True,0.992
-3.31106,40,20273.069241,False,0.992
65.254785,45,20275.334516,True,0.992
64.500813,52,20277.972642,True,0.992
67.720739,129,20284.280926,True,0.992
66.263706,83,20288.364933,True,0.992
61.619733,245,20300.304177,True,0.992
56.191719,21,20301.371089,True,0.992
59.663575,31,20302.910743,True,0.992
58.662992,195,20312.417636,True,0.992
68.436919,63,20315.527901,True,0.992
-3.498768,47,20317.939956,False,0.992
54.043663,97,20333.772968,True,0.992
-5.628159,85,20338.006004,False,0.992
60.61546,240,20349.712271,True,0.992
65.564752,59,20352.635366,True,0.992
60.002135,32,20354.219781,True,0.992
49.676046,1,20354.287989,True,0.992
13.302317,241,20366.050809,False,0.992
67.176734,55,20368.765302,True,0.992
-16.175081,99,20373.639929,False,0.992
60.020768,34,20375.350911,True,0.992
-14.481763,276,20388.829242,False,0.992
64.715342,41,20390.883599,True,0.992
-27.193516,365,20408.752738,False,0.992
58.421399,28,20410.175235,True,0.992
61.980131,69,20413.576071,True,0.992
59.038987,31,20415.121133,True,0.992
59.09665,125,20421.297251,True,0.992
63.076621,123,20427.406491,True,0.992
-17.615068,85,20431.578643,False,0.992
65.596951,60,20445.644295,True,0.992
70.143313,72,20449.247608,True,0.992
59.024806,64,20452.383678,True,0.992
-24.473711,188,20461.517233,False,0.992
71.516843,250,20473.82889,True,0.992
-0.78327,108,20479.152397,False,0.992
57.094714,22,20480.283016,True,0.992
55.352875,107,20485.575597,True,0.992
56.584214,17,20486.421324,True,0.992
62.479122,41,20488.505132,True,0.992
66.519143,126,20494.729481,True,0.992
61.443133,37,20496.584642,True,0.992
68.8714,69,20500.220435,True,0.992
-27.706431,118,20506.030345,False,0.992
65.349202,50,20508.554374,True,0.992
-6.203895,164,20516.914057,False,0.992
-7.271181,180,20525.788478,False,0.992
67.496129,202,20536.233974,True,0.992
60.393777,66,20539.457584,True,0.992
69.229742,77,20543.304457,True,0.992
62.866119,44,20545.472714,True,0.992
65.849296,48,20558.243891,True,0.992
65.465407,197,20567.859942,True,0.992
1.279402,262,20580.75582,False,0.992
61.387598,32,20582.400049,True,0.992
67.187429,60,20585.377174,True,0.992
65.156629,55,20588.209158,True,0.992
67.407424,65,20591.432143,True,0.992
62.776569,47,20593.787294,True,0.992
-6.897624,71,20597.347096,False,0.992
67.240873,82,20601.587363,True,0.992
68.914095,109,20607.048613,True,0.992
-19.637662,200,20616.853336,False,0.992
61.245534,45,20619.108407,True,0.992
61.120893,43,20621.291605,True,0.992
64.405953,41,20623.363277,True,0.992
54.786659,13,20624.032528,True,0.992
-20.896793,109,20629.540242,False,0.992
-10.671466,97,20634.401673,False,0.992
67.837179,281,20648.250438,True,0.992
-29.475852,238,20671.022407,False,0.992
-19.929466,344,20687.921318,False,0.992
64.72275,141,20694.929398,True,0.992
58.96541,100,20699.929183,True,0.992
55.66653,45,20702.154573,True,0.992
69.246142,92,20706.728194,True,0.992
61.437678,126,20712.971074,True,0.992
70.163721,315,20728.454939,True,0.992
-9.203624,283,20742.883571,False,0.992
57.873648,23,20744.043474,True,0.992
56.248323,89,20748.42186,True,0.992
62.012584,95,20753.163557,True,0.992
67.011877,62,20756.308627,True,0.992
59.959249,30,20757.824343,True,0.992
-4.870689,165,20766.067821,False,0.992
66.586581,123,20783.424657,True,0.992
69.203056,348,20800.473881,True,0.992
67.249378,70,20803.94687,True,0.992
61.685526,34,20805.679828,True,0.992
59.858919,29,20807.158942,True,0.992
59.910682,26,20808.487338,True,0.992
63.074123,44,20810.72643,True,0.992
65.822067,50,20813.266813,True,0.992
63.219928,38,20815.20715,True,0.992
57.435856,18,20816.12634,True,0.992
63.866766,153,20823.754123,True,0.992
57.651061,29,20825.200794,True,0.992
58.605286,24,20826.394393,True,0.992
63.832669,48,20828.837726,True,0.992
61.148435,30,20830.361452,True,0.992
66.649928,54,20833.106133,True,0.992
58.757797,24,20834.329089,True,0.992
74.265822,366,20852.246983,True,0.992
57.481124,28,20853.661407,True,0.992
6.1804,335,20870.267061,False,0.992
62.582667,40,20872.330398,True,0.992
52.993871,7,20872.690752,True,0.992
-13.522963,64,20875.878355,False,0.992
62.771951,38,20877.800201,True,0.992
-2.822552,172,20896.052835,False,0.992
60.999349,27,20897.421165,True,0.992
54.844399,11,20897.980648,True,0.992
0.186276,73,20901.583953,False,0.992
59.07037,128,20907.946113,True,0.992
63.8562,127,20914.303922,True,0.992
60.844451,25,20915.57399,True,0.992
61.036766,44,20917.767281,True,0.992
56.432361,19,20918.726164,True,0.992
64.198546,48,20921.159657,True,0.992
66.524369,79,20925.068446,True,0.992
59.895124,24,20926.296373,True,0.992
63.467062,161,20934.292176,True,0.992
56.019066,53,20936.921917,True,0.992
56.570136,115,20942.580539,True,0.992
1.579418,56,20945.37817,False,0.992
56.533038,16,20946.187677,True,0.992
60.014533,30,20947.702543,True,0.992
57.523418,28,20949.103085,True,0.992
54.881907,14,20949.838347,True,0.992
-7.792841,74,20953.510627,False,0.992
65.527367,156,20961.32311,True,0.992
64.238171,52,20964.001022,True,0.992
54.250001,13,20964.64082,True,0.992
57.442781,18,20965.543497,True,0.992
57.299149,21,20966.614348,True,0.992
61.183208,31,20968.204711,True,0.992
-20.988658,91,20972.674132,False,0.992
52.704015,7,20973.040994,True,0.992
5.030626,59,20976.048469,False,0.992
-6.960296,48,20978.542402,False,0.992
-27.371761,167,20986.810974,False,0.992
-23.03883,147,20994.076221,False,0.992
-17.529788,149,21010.794878,False,0.992
-0.364428,91,21015.285967,False,0.992
57.625869,34,21016.98468,True,0.992
65.114444,119,21022.929489,True,0.992
55.581591,37,21024.826206,True,0.992
56.946894,17,21025.693424,True,0.992
60.401574,153,21033.318923,True,0.992
55.195308,34,21035.019152,True,0.992
56.69245,17,21035.880351,True,0.992
60.718575,28,21037.306976,True,0.992
68.388803,153,21044.970885,True,0.992
-25.058986,152,21052.553764,False,0.992
54.606346,11,21053.123498,True,0.992
62.469567,39,21055.097986,True,0.992
55.888773,17,21055.953384,True,0.992
55.896177,15,21056.722465,True,0.992
57.057771,218,21067.508219,True,0.992
56.979281,20,21068.533977,True,0.992
4.075856,335,21084.932181,False,0.992
57.242975,44,21087.098746,True,0.992
65.733395,279,21101.072491,True,0.992
-6.852237,174,21120.49244,False,0.992
65.32744,146,21127.751796,True,0.992
56.906404,57,21130.610165,True,0.992
57.895642,21,21131.683136,True,0.992
56.982371,39,21133.611015,True,0.992
60.144757,52,21136.170252,True,0.992
50.506118,1,21136.236279,True,0.992
60.593373,123,21142.356213,True,0.992
66.002923,478,21165.994388,True,0.992
5.715407,157,21173.895792,False,0.992
55.327491,26,21175.21516,True,0.992
57.395006,103,21180.361968,True,0.992
49.532273,1,21180.421506,True,0.992
64.871989,51,21183.016031,True,0.992
64.483534,53,21185.656313,True,0.992
56.946322,17,21186.527908,True,0.992
1.238907,70,21190.01005,False,0.992
61.785352,123,21196.180056,True,0.992
63.247605,213,21206.959582,True,0.992
-3.312469,600,21246.782377,False,0.992
62.94123,186,21256.096284,True,0.992
58.979307,23,21257.251938,True,0.992
63.731054,53,21259.963774,True,0.992
53.343823,9,21260.414557,True,0.992
49.831296,1,21260.477903,True,0.992
63.992552,44,21262.677462,True,0.992
57.592876,21,21263.743329,True,0.992
63.069118,36,21265.580287,True,0.992
65.565434,189,21275.054821,True,0.992
-0.080368,160,21283.137198,False,0.992
66.253381,46,21285.447988,True,0.992
63.019722,47,21287.821271,True,0.992
60.382865,114,21293.47294,True,0.992
-10.269176,188,21302.812305,False,0.992
60.501843,28,21304.208025,True,0.992
64.95799,176,21312.828379,True,0.992
65.022963,128,21319.194865,True,0.992
73.054144,157,21326.991937,True,0.992
54.118708,13,21327.647294,True,0.992
56.608277,15,21328.401466,True,0.992
57.021003,21,21329.460079,True,0.992
60.021937,50,21331.957018,True,0.992
59.630953,26,21333.287455,True,0.992
61.962924,36,21346.180524,True,0.992
-32.449651,82,21350.258371,False,0.992
59.988446,33,21351.935347,True,0.992
-12.378395,194,21361.580296,False,0.992
70.451718,83,21365.715151,True,0.992
62.977703,44,21367.951441,True,0.992
62.139351,36,21369.790455,True,0.992
-14.168923,284,21383.915635,False,0.992
57.329602,45,21386.159473,True,0.992
59.74984,45,21388.42643,True,0.992
64.551595,48,21390.888079,True,0.992
67.725745,132,21397.540439,True,0.992
-0.096451,159,21405.467914,False,0.992
63.442229,119,21411.545663,True,0.992
61.382329,43,21413.706885,True,0.992
56.135793,21,21414.789469,True,0.992
61.066686,42,21416.929651,True,0.992
60.279406,47,21419.281069,True,0.992
59.881593,46,21421.592218,True,0.992
62.501399,62,21424.651841,True,0.992
65.940835,173,21433.165069,True,0.992
63.524731,42,21435.303018,True,0.992
58.02978,30,21436.826736,True,0.992
60.985704,36,21438.650097,True,0.992
58.60486,26,21439.964791,True,0.992
65.20503,204,21460.023302,True,0.992
56.500327,86,21464.280876,True,0.992
58.04975,20,21465.300926,True,0.992
70.846743,206,21475.62899,True,0.992
-26.387448,161,21483.6467,False,0.992
57.239096,117,21489.444691,True,0.992
57.046546,44,21491.625441,True,0.992
-1.272763,66,21494.988458,False,0.992
-9.366519,73,21498.686916,False,0.992
57.803647,28,21500.124984,True,0.992
60.59826,58,21503.067791,True,0.992
60.019723,25,21504.354801,True,0.992
63.807923,42,21506.48686,True,0.992
3.990261,67,21509.886678,False,0.992
66.482219,49,21512.370564,True,0.992
2.924209,70,21515.882177,False,0.992
-30.927364,66,21519.184239,False,0.992
65.045651,55,21521.985532,True,0.992
59.305805,27,21523.37696,True,0.992
56.686109,51,21525.977183,True,0.992
59.751231,36,21527.767135,True,0.992
53.174948,9,21528.224761,True,0.992
0.99601,84,21532.370781,False,0.992
65.199845,111,21537.821092,True,0.992
57.308763,22,21538.90978,True,0.992
60.78208,29,21540.3476,True,0.992
57.560927,26,21541.655446,True,0.992
58.299369,30,21543.139119,True,0.992
56.05681,15,21543.897923,True,0.992
64.234013,39,21545.848997,True,0.992
60.955371,35,21547.598507,True,0.992
-17.018014,201,21557.403284,False,0.992
66.460137,218,21576.739519,True,0.992
-26.24799,167,21584.927106,False,0.992
59.703743,69,21588.321794,True,0.992
69.016498,62,21591.388546,True,0.992
63.25536,39,21593.344008,True,0.992
-14.279912,62,21596.421443,False,0.992
0.116372,59,21599.34854,False,0.992
-16.726115,195,21608.886621,False,0.992
-3.611462,160,21616.758475,False,0.992
64.04995,33,21618.410605,True,0.992
54.269782,13,21619.061114,True,0.992
58.076218,31,21620.597614,True,0.992
62.227236,35,21622.328379,True,0.992
60.282821,23,21623.491082,True,0.992
53.333477,194,21633.013402,True,0.992
-22.637859,79,21636.883388,False,0.992
57.333507,18,21637.794254,True,0.992
-33.609654,181,21646.617892,False,0.992
61.063106,108,21651.950885,True,0.992
73.046327,97,21656.706529,True,0.992
60.12026,25,21657.958637,True,0.992
60.400812,55,21660.695589,True,0.992
63.347099,35,21662.420024,True,0.992
58.3772,28,21663.830207,True,0.992
65.748815,146,21681.300391,True,0.992
58.428828,20,21682.307967,True,0.992
57.33675,37,21684.121336,True,0.992
64.658328,47,21686.546884,True,0.992
-0.265948,139,21693.360901,False,0.992
-1.321193,150,21700.716249,False,0.992
63.116798,37,21702.566585,True,0.992
65.171908,56,21705.354604,True,0.992
-22.875698,163,21713.330869,False,0.992
56.600484,15,21714.082716,True,0.992
55.153986,20,21715.093619,True,0.992
5.069479,234,21726.554579,False,0.992
62.788358,31,21728.116417,True,0.992
-14.693186,185,21737.129891,False,0.992
61.344709,34,21738.822943,True,0.992
67.701191,58,21741.768989,True,0.992
60.768821,32,21743.357212,True,0.992
61.802032,38,21745.319682,True,0.992
65.135196,81,21749.297537,True,0.992
-7.880909,178,21758.040235,False,0.992
-15.1956,67,21761.352036,False,0.992
60.628586,31,21762.913147,True,0.992
-9.863191,318,21778.438525,False,0.992
58.097888,21,21779.494231,True,0.992
59.828893,220,21801.01449,True,0.992
53.837552,10,21801.519549,True,0.992
62.485684,43,21803.70133,True,0.992
60.469573,96,21808.453981,True,0.992
56.29541,18,21809.349595,True,0.992
58.299177,105,21814.487457,True,0.992
61.428926,41,21816.524951,True,0.992
57.642896,25,21817.768179,True,0.992
61.696773,37,21819.601174,True,0.992
62.154838,137,21826.318404,True,0.992
61.453719,105,21831.505151,True,0.992
2.768594,140,21838.450677,False,0.992
58.549646,110,21843.825325,True,0.992
58.813654,82,21847.844058,True,0.992
67.526333,268,21861.732873,True,0.992
63.634702,212,21872.074972,True,0.992
67.303638,152,21879.848114,True,0.992
67.580446,61,21882.922363,True,0.992
66.471843,169,21891.189223,True,0.992
60.783984,71,21905.619275,True,0.992
74.604665,162,21913.574335,True,0.992
57.05598,35,21915.312621,True,0.992
60.855258,39,21917.221107,True,0.992
53.063578,8,21917.638316,True,0.992
-1.948945,183,21926.975355,False,0.992
53.848646,13,21927.627917,True,0.992
65.682501,233,21939.002338,True,0.992
68.823608,189,21948.43887,True,0.992
62.540252,142,21955.387289,True,0.992
61.784877,36,21957.231235,True,0.992
64.174676,93,21961.792934,True,0.992
61.96725,35,21963.533844,True,0.992
-15.5639,138,21970.302657,False,0.992
58.042007,107,21975.537253,True,0.992
62.56073,201,21985.371716,True,0.992
-4.939863,342,22002.142198,False,0.992
60.119252,221,22024.22529,True,0.992
68.191485,214,22034.677157,True,0.992
59.522715,26,22035.990957,True,0.992
56.971405,21,22037.058373,True,0.992
1.712432,161,22045.198923,False,0.992
67.56256,81,22049.158329,True,0.992
58.118218,39,22051.069908,True,0.992
53.95707,43,22053.175752,True,0.992
56.747785,111,22058.620706,True,0.992
63.794589,41,22060.694791,True,0.992
-0.353891,69,22064.161142,False,0.992
62.066684,133,22070.773952,True,0.992
-6.718821,402,22090.468251,False,0.992
64.936795,51,22093.003026,True,0.992
58.536551,33,22094.636236,True,0.992
65.73625,58,22097.585796,True,0.992
53.385909,8,22097.991373,True,0.992
-1.067284,200,22107.814708,False,0.992
63.893041,72,22111.367584,True,0.992
57.099337,28,22112.739625,True,0.992
6.177877,342,22139.530036,False,0.992
61.513533,131,22145.920347,True,0.992
-5.18568,67,22149.254035,False,0.992
68.138702,83,22153.50454,True,0.992
50.536971,2,22153.62502,True,0.992
57.798793,136,22160.328792,True,0.992
-17.597281,68,22163.733658,False,0.992
59.800045,398,22183.274129,True,0.992
60.720078,29,22184.735637,True,0.992
59.907055,27,22186.107904,True,0.992
62.277856,102,22191.120461,True,0.992
59.737692,39,22193.056788,True,0.992
73.631925,223,22203.980725,True,0.992
-35.639373,108,22209.256022,False,0.992
-25.357623,65,22212.439656,False,0.992
63.359566,168,22220.714176,True,0.992
51.788183,96,22225.435353,True,0.992
-24.106029,174,22244.288915,False,0.992
55.867925,35,22246.03522,True,0.992
63.970141,38,22247.97276,True,0.992
59.170998,47,22250.307744,True,0.992
49.630154,1,22250.372603,True,0.992
64.127243,135,22256.987718,True,0.992
-2.834912,72,22260.565991,False,0.992
57.915389,78,22264.388326,True,0.992
59.1846,41,22266.39293,True,0.992
59.523755,118,22272.181251,True,0.992
62.379737,124,22278.345646,True,0.992
6.606983,90,22282.809876,False,0.992
-28.464831,91,22287.286228,False,0.992
68.045244,207,22297.406348,True,0.992
-6.866447,166,22305.609255,False,0.992
-3.768695,64,22308.766981,False,0.992
-1.426006,72,22312.313687,False,0.992
61.502261,29,22313.787516,True,0.992
63.330329,42,22315.972317,True,0.992
56.26298,21,22317.030606,True,0.992
-1.918646,68,22320.419249,False,0.992
60.665857,33,22322.054729,True,0.992
58.454547,25,22323.327627,True,0.992
64.442586,314,22338.756775,True,0.992
-3.500856,63,22351.986074,False,0.992
63.127064,33,22353.652621,True,0.992
58.208781,21,22354.710093,True,0.992
67.254407,53,22357.358806,True,0.992
56.655475,34,22359.020598,True,0.992
50.410715,1,22359.085751,True,0.992
66.367673,47,22361.41686,True,0.992
62.30477,129,22367.831715,True,0.992
57.950373,19,22368.805583,True,0.992
57.515591,23,22369.962911,True,0.992
7.483859,68,22373.342491,False,0.992
57.547991,21,22374.396275,True,0.992
58.792874,121,22380.336521,True,0.992
64.45154,47,22382.757405,True,0.992
-2.132897,157,22390.783812,False,0.992
68.220305,140,22398.032033,True,0.992
-0.687419,146,22405.416035,False,0.992
64.412501,112,22411.067086,True,0.992
66.479469,143,22418.1062,True,0.992
56.806149,51,22420.621157,True,0.992
56.545582,104,22425.750675,True,0.992
55.984248,63,22428.839817,True,0.992
64.179779,60,22431.790505,True,0.992
67.753894,59,22434.892295,True,0.992
63.309112,190,22444.201527,True,0.992
66.586796,153,22451.838444,True,0.992
59.283472,101,22466.418514,True,0.992
68.505664,125,22472.525955,True,0.992
66.951779,51,22475.069648,True,0.992
66.789091,459,22497.526935,True,0.992
62.633017,245,22509.648319,True,0.992
4.998086,334,22526.020814,False,0.992
67.037678,316,22541.461149,True,0.992
56.545192,24,22542.666417,True,0.992
64.170412,56,22545.517117,True,0.992
68.477588,113,22551.102714,True,0.992
61.884062,63,22554.196626,True,0.992
57.703864,53,22556.85555,True,0.992
62.744698,54,22559.560155,True,0.992
55.26002,22,22560.66945,True,0.992
-8.021274,171,22579.880306,False,0.992
54.836197,14,22580.590664,True,0.992
-3.566101,76,22584.407416,False,0.992
60.857346,53,22587.05744,True,0.992
7.400922,83,22591.121207,False,0.992
58.394647,24,22592.325368,True,0.992
59.733912,27,22593.668069,True,0.992
57.206421,191,22603.021586,True,0.992
60.67891,36,22604.831914,True,0.992
-13.240509,65,22608.122984,False,0.992
58.239251,24,22609.332507,True,0.992
63.138006,53,22611.994111,True,0.992
56.60154,17,22612.844489,True,0.992
70.852636,117,22618.605369,True,0.992
56.392666,20,22619.586223,True,0.992
57.625637,100,22624.489585,True,0.992
-9.092205,179,22633.408933,False,0.992
3.143795,211,22643.881678,False,0.992
66.167399,64,22647.249074,True,0.992
60.13276,30,22648.75446,True,0.992
55.859555,16,22649.565445,True,0.992
-3.529673,67,22652.868992,False,0.992
63.954747,37,22654.745692,True,0.992
63.430371,34,22656.483947,True,0.992
7.657524,79,22660.452503,False,0.992
66.922127,54,22663.190093,True,0.992
-27.594165,110,22668.573124,False,0.992
62.563239,123,22674.625583,True,0.992
56.993,20,22685.210278,True,0.992
-29.168149,73,22688.79021,False,0.992
-1.098849,60,22691.742532,False,0.992
54.693527,12,22692.336189,True,0.992
-29.636426,66,22695.608748,False,0.992
60.572696,137,22702.40738,True,0.992
57.76613,22,22703.515239,True,0.992
61.454746,30,22705.018774,True,0.992
61.704754,43,22707.131823,True,0.992
-27.987024,70,22710.572881,False,0.992
-33.145987,83,22714.637262,False,0.992
59.390186,40,22716.609689,True,0.992
-10.994849,157,22724.332146,False,0.992
62.228993,119,22730.189236,True,0.992
60.007895,92,22734.740768,True,0.992
-16.732264,84,22738.902397,False,0.992
-9.60178,173,22747.398662,False,0.992
62.87312,35,22749.146416,True,0.992
66.502671,54,22751.877576,True,0.992
62.098056,60,22754.859282,True,0.992
-23.861159,221,22765.688697,False,0.992
59.223197,25,22766.949577,True,0.992
64.758887,52,22769.599796,True,0.992
60.154016,24,22770.81488,True,0.992
-12.925921,68,22774.195841,False,0.992
-2.21461,74,22777.944263,False,0.992
58.849788,46,22780.221355,True,0.992
62.18341,30,22781.744854,True,0.992
60.383077,29,22783.210548,True,0.992
62.765942,133,22798.819403,True,0.992
66.934855,75,22802.640233,True,0.992
55.844959,99,22807.509572,True,0.992
61.388074,48,22809.969858,True,0.992
65.31248,60,22813.002737,True,0.992
63.464096,151,22820.558861,True,0.992
55.037028,14,22821.262383,True,0.992
63.533043,37,22823.145761,True,0.992
-2.996814,59,22826.092511,False,0.992
59.973791,32,22827.69474,True,0.992
68.869842,257,22840.266931,True,0.992
56.664657,23,22841.423167,True,0.992
58.254003,110,22846.864124,True,0.992
63.591294,317,22862.607017,True,0.992
-20.20407,274,22876.18843,False,0.992
59.318237,26,22877.497707,True,0.992
62.708319,110,22883.033957,True,0.992
63.40142,95,22887.766343,True,0.992
-8.473787,166,22896.067251,False,0.992
66.429701,49,22908.771829,True,0.992
60.416453,96,22913.544644,True,0.992
65.063816,130,22920.010607,True,0.992
65.867468,54,22922.833127,True,0.992
-3.841266,250,22935.095409,False,0.992
62.787099,38,22937.005258,True,0.992
62.501035,37,22938.923092,True,0.992
64.614585,148,22946.330125,True,0.992
60.27965,158,22954.170285,True,0.992
65.776778,53,22956.862172,True,0.992
63.324095,115,22962.628706,True,0.992
63.752652,45,22964.914131,True,0.992
65.420852,151,22972.370987,True,0.992
-10.342591,100,22977.414927,False,0.992
60.879669,33,22979.102386,True,0.992
63.548363,39,22981.077065,True,0.992
60.567072,44,22983.273834,True,0.992
55.440491,18,22984.187149,True,0.992
3.045993,79,22988.500656,False,0.992
58.021012,25,22989.745349,True,0.992
59.130481,36,22991.557795,True,0.992
49.878113,1,22991.629059,True,0.992
52.893905,7,22991.982314,True,0.992
56.402096,24,22993.196436,True,0.992
59.230527,83,22997.301029,True,0.992
59.812129,73,23000.884796,True,0.992
60.695402,42,23002.988557,True,0.992
61.831441,59,23005.982576,True,0.992
56.386571,208,23025.680897,True,0.992
58.653908,27,23027.080294,True,0.992
60.97113,111,23032.625216,True,0.992
60.290909,112,23038.209677,True,0.992
-3.700105,249,23050.818268,False,0.992
-2.891069,195,23060.571125,False,0.992
63.961541,37,23062.464017,True,0.992
-28.008544,189,23071.763032,False,0.992
58.369289,81,23075.77849,True,0.992
56.724825,68,23079.178107,True,0.992
65.017406,123,23085.348829,True,0.992
61.75589,136,23092.128064,True,0.992
62.254965,33,23093.830838,True,0.992
63.106945,41,23095.918483,True,0.992
69.671944,564,23132.827516,True,0.992
55.762881,20,23133.842971,True,0.992
58.780326,35,23135.609029,True,0.992
58.820969,20,23136.6291,True,0.992
60.240014,39,23138.607948,True,0.992
56.242041,33,23140.241259,True,0.992
-9.146618,198,23150.210253,False,0.992
-23.545726,287,23164.546571,False,0.992
62.650266,39,23166.522237,True,0.992
72.903998,279,23180.453706,True,0.992
62.786333,149,23187.866078,True,0.992
67.06869,129,23194.449884,True,0.992
66.802977,185,23203.712467,True,0.992
60.447819,34,23205.417953,True,0.992
2.461155,459,23228.270048,False,0.992
57.986061,38,23230.140473,True,0.992
56.996782,30,23231.661164,True,0.992
14.520882,268,23254.765028,False,0.992
56.215173,15,23255.516364,True,0.992
54.134707,96,23260.245144,True,0.992
66.043834,114,23265.912148,True,0.992
65.747951,48,23268.329811,True,0.992
9.169835,529,23294.470066,False,0.992
67.458445,143,23301.650991,True,0.992
71.260151,135,23308.296973,True,0.992
54.722403,10,23308.828516,True,0.992
57.084752,20,23309.835893,True,0.992
56.439661,39,23311.765634,True,0.992
59.622834,113,23317.375135,True,0.992
64.128039,39,23319.323289,True,0.992
70.425757,198,23329.144269,True,0.992
67.873855,54,23331.837415,True,0.992
58.021686,26,23333.138324,True,0.992
61.277791,109,23338.499074,True,0.992
65.503154,52,23341.209139,True,0.992
63.251757,40,23343.189302,True,0.992
58.013211,30,23354.032517,True,0.992
65.924919,59,23356.942381,True,0.992
64.623432,41,23358.967944,True,0.992
56.21368,86,23363.204489,True,0.992
65.874184,90,23367.61696,True,0.992
0.869498,59,23370.561864,False,0.992
53.04275,10,23371.069767,True,0.992
-6.874812,50,23373.556387,False,0.992
66.046483,56,23376.491863,True,0.992
-20.666168,155,23384.094404,False,0.992
67.094367,71,23387.618019,True,0.992
2.991499,74,23391.246902,False,0.992
62.921866,90,23395.654674,True,0.992
66.000874,49,23398.094623,True,0.992
61.780124,207,23408.235026,True,0.992
-6.635557,200,23418.072332,False,0.992
-23.560857,87,23422.316087,False,0.992
55.661948,72,23425.842491,True,0.992
66.455423,45,23428.120555,True,0.992
3.318164,150,23435.513087,False,0.992
60.877834,32,23437.130691,True,0.992
57.60439,37,23438.973871,True,0.992
-27.885523,68,23442.306644,False,0.992
53.731226,8,23442.723074,True,0.992
53.643567,9,23443.182865,True,0.992
61.07538,32,23444.812774,True,0.992
63.995521,40,23446.799674,True,0.992
64.780494,42,23448.876857,True,0.992
-21.466614,182,23466.767334,False,0.992
57.40249,44,23468.925833,True,0.992
63.268287,47,23471.245946,True,0.992
64.186087,39,23473.194619,True,0.992
66.312115,59,23476.138045,True,0.992
-12.423266,239,23487.852238,False,0.992
67.10832,48,23490.212719,True,0.992
61.376946,65,23493.431055,True,0.992
57.923739,19,23494.380157,True,0.992
64.340337,130,23500.880097,True,0.992
63.75253,48,23503.332752,True,0.992
-7.31323,172,23511.710701,False,0.992
-33.719171,122,23517.677829,False,0.992
61.606757,29,23519.140188,True,0.992
54.401616,22,23520.240664,True,0.992
-10.94205,54,23522.949479,False,0.992
60.410356,40,23524.918541,True,0.992
59.042776,125,23531.041301,True,0.992
58.112686,23,23532.219304,True,0.992
-27.683296,61,23535.221422,False,0.992
-28.686222,164,23543.215022,False,0.992
63.995718,54,23545.88908,True,0.992
51.009856,2,23546.006363,True,0.992
66.086243,62,23549.228685,True,0.992
65.563923,100,23554.173198,True,0.992
69.696773,200,23564.003228,True,0.992
57.287892,27,23575.855535,True,0.992
54.815087,14,23576.574418,True,0.992
-2.593844,232,23588.016454,False,0.992
60.121811,47,23590.344194,True,0.992
65.141999,183,23599.292073,True,0.992
64.318995,162,23607.237666,True,0.992
58.553413,242,23619.05773,True,0.992
61.496026,48,23621.434444,True,0.992
72.960083,174,23630.026278,True,0.992
60.141262,189,23639.31796,True,0.992
61.67883,134,23645.967495,True,0.992
60.629885,87,23650.284287,True,0.992
2.762939,75,23654.023575,False,0.992
62.451012,54,23656.690586,True,0.992
58.983859,23,23657.859785,True,0.992
60.819927,26,23659.177198,True,0.992
64.911051,43,23661.310583,True,0.992
57.919776,30,23662.820417,True,0.992
62.751817,43,23664.973196,True,0.992
58.596278,21,23666.027025,True,0.992
-4.480968,181,23674.983974,False,0.992
58.855353,152,23693.887722,True,0.992
61.917477,105,23699.045801,True,0.992
-0.769261,154,23706.611768,False,0.992
65.510981,117,23712.399919,True,0.992
56.843525,20,23713.427392,True,0.992
54.914539,16,23714.234478,True,0.992
-14.423847,232,23725.648206,False,0.992
62.945515,78,23729.492926,True,0.992
64.775918,98,23734.308088,True,0.992
51.898405,107,23739.518808,True,0.992
61.014271,33,23741.182367,True,0.992
-5.272117,157,23748.921736,False,0.992
66.681015,65,23752.238186,True,0.992
61.406792,48,23754.608021,True,0.992
58.556247,51,23757.111958,True,0.992
66.677069,309,23772.467099,True,0.992
57.828225,21,23773.53573,True,0.992
-3.168601,47,23775.894123,False,0.992
57.663555,24,23777.087445,True,0.992
55.493555,16,23777.904656,True,0.992
66.821575,98,23782.72699,True,0.992
-7.906321,97,23787.548648,False,0.992
-5.787599,76,23801.130169,False,0.992
62.657077,225,23812.241167,True,0.992
63.652636,58,23815.136885,True,0.992
61.825384,140,23822.015272,True,0.992
66.444882,191,23831.473816,True,0.992
65.292535,97,23836.29671,True,0.992
-1.668247,151,23843.729897,False,0.992
58.048755,104,23848.863318,True,0.992
59.748243,31,23850.403476,True,0.992
60.730228,36,23852.183146,True,0.992
64.486079,172,23860.617546,True,0.992
1.695653,143,23867.71931,False,0.992
63.042195,250,23880.017734,True,0.992
55.21213,16,23880.829948,True,0.992
60.494088,32,23882.447111,True,0.992
61.119229,117,23888.247914,True,0.992
60.714535,29,23889.719965,True,0.992
-9.41555,338,23918.119637,False,0.992
60.056754,27,23919.491228,True,0.992
64.816401,46,23921.847462,True,0.992
-28.861926,284,23935.762149,False,0.992
58.401626,134,23942.407702,True,0.992
60.748096,27,23943.753157,True,0.992
57.314023,55,23946.45574,True,0.992
-25.801875,266,23959.455733,False,0.992
63.204529,37,23961.359951,True,0.992
61.944442,94,23965.987788,True,0.992
62.268987,113,23971.564288,True,0.992
2.561585,127,23977.774313,False,0.992
54.137493,12,23978.39551,True,0.992
62.951957,43,23980.590981,True,0.992
52.943433,127,23986.788012,True,0.992
61.624366,37,23988.640723,True,0.992
66.829336,53,23991.358242,True,0.992
62.620625,36,23993.186806,True,0.992
66.72584,175,24001.864349,True,0.992
50.293095,1,24001.929376,True,0.992
56.359194,18,24002.814852,True,0.992
54.048437,10,24003.320789,True,0.992
63.705531,47,24005.705825,True,0.992
59.143682,84,24009.922422,True,0.992
55.130291,337,24036.910404,True,0.992
55.723364,20,24037.936508,True,0.992
50.625765,3,24038.104683,True,0.992
57.450806,22,24039.199191,True,0.992
61.905523,184,24048.260836,True,0.992
70.604049,180,24057.1065,True,0.992
56.481099,20,24058.122742,True,0.992
67.998697,120,24064.072368,True,0.992
63.734409,44,24066.324684,True,0.992
-1.907476,66,24069.623104,False,0.992
66.511976,124,24075.76568,True,0.992
-4.174224,75,24079.487114,False,0.992
-12.084815,181,24088.448725,False,0.992
57.099375,18,24089.365433,True,0.992
-6.812823,68,24092.754514,False,0.992
55.109409,15,24093.516643,True,0.992
61.299865,26,24094.853503,True,0.992
63.665265,36,24096.682147,True,0.992
60.485162,26,24097.99771,True,0.992
63.091328,79,24102.021574,True,0.992
3.820142,239,24113.913851,False,0.992
67.947452,196,24123.567313,True,0.992
66.862543,70,24138.005379,True,0.992
65.85302,155,24145.683326,True,0.992
61.583928,61,24148.801766,True,0.992
62.291836,387,24167.859111,True,0.992
61.611155,46,24170.108655,True,0.992
66.225399,39,24172.080632,True,0.992
0.460297,69,24175.5883,False,0.992
65.856954,49,24178.082243,True,0.992
60.669886,32,24179.712277,True,0.992
55.56128,15,24180.465094,True,0.992
-16.059034,74,24184.136804,False,0.992
68.880729,66,24187.436579,True,0.992
3.142721,90,24191.871699,False,0.992
-15.666016,184,24201.049204,False,0.992
64.033,124,24207.211518,True,0.992
57.933129,23,24208.398655,True,0.992
-25.779055,210,24218.719971,False,0.992
-11.594934,155,24226.389543,False,0.992
-31.451508,72,24229.993494,False,0.992
59.336267,51,24232.530196,True,0.992
-9.628268,63,24235.649879,False,0.992
64.520897,40,24237.679302,True,0.992
63.006778,41,24249.548932,True,0.992
61.0086,59,24252.497601,True,0.992
59.809483,41,24254.545169,True,0.992
63.898744,443,24276.252486,True,0.992
-23.9683,180,24285.054057,False,0.992
64.902652,51,24287.678484,True,0.992
60.90523,123,24293.671408,True,0.992
67.655277,94,24298.306059,True,0.992
-1.900429,156,24306.075788,False,0.992
65.268172,43,24308.262008,True,0.992
57.700072,105,24313.4875,True,0.992
63.376783,133,24319.976587,True,0.992
66.445641,149,24327.428752,True,0.992
55.055993,17,24328.294721,True,0.992
67.442822,174,24337.107776,True,0.992
65.875009,43,24339.2817,True,0.992
56.152438,78,24343.155555,True,0.992
55.870363,22,24344.275099,True,0.992
63.869899,41,24346.386774,True,0.992
-4.932329,160,24364.616323,False,0.992
64.120134,38,24366.552312,True,0.992
65.419245,48,24368.980534,True,0.992
64.087756,127,24375.341348,True,0.992
54.427624,11,24375.898775,True,0.992
59.869871,83,24379.994903,True,0.992
66.831914,231,24391.418164,True,0.992
58.043539,24,24392.615458,True,0.992
70.660152,88,24397.083857,True,0.992
62.299205,175,24405.821685,True,0.992
59.897233,81,24409.823054,True,0.992
60.225441,117,24415.582582,True,0.992
-30.038823,65,24418.878441,False,0.992
0.197458,62,24422.001214,False,0.992
57.074233,20,24423.018561,True,0.992
57.061986,98,24427.955871,True,0.992
63.254235,49,24430.454165,True,0.992
58.320682,138,24437.283402,True,0.992
60.641119,303,24452.197626,True,0.992
61.319066,64,24455.405965,True,0.992
54.86139,13,24456.072358,True,0.992
59.950322,28,24457.496392,True,0.992
61.134582,48,24459.886977,True,0.992
60.090258,31,24461.458802,True,0.992
60.669875,33,24472.557395,True,0.992
60.16847,53,24475.14973,True,0.992
58.599047,22,24476.248961,True,0.992
63.535912,55,24479.059286,True,0.992
55.938836,23,24480.219199,True,0.992
60.385587,34,24481.958672,True,0.992
59.921912,81,24485.922702,True,0.992
10.234824,230,24497.365782,False,0.992
63.559632,48,24499.860493,True,0.992
65.800106,48,24502.306607,True,0.992
67.039178,168,24510.606126,True,0.992
67.713758,150,24518.23339,True,0.992
58.64064,57,24521.102733,True,0.992
65.923544,51,24523.713223,True,0.992
63.10382,35,24525.488436,True,0.992
63.690643,37,24527.379558,True,0.992
69.839335,275,24540.918216,True,0.992
54.037469,13,24541.561698,True,0.992
63.893673,247,24553.760754,True,0.992
59.107504,36,24555.600986,True,0.992
59.694636,27,24556.969754,True,0.992
58.489342,96,24561.737058,True,0.992
58.306478,131,24568.316608,True,0.992
62.040309,43,24570.460281,True,0.992
-8.221748,82,24585.202492,False,0.992
57.304067,15,24585.952557,True,0.992
-11.488344,90,24590.44175,False,0.992
62.531145,127,24596.790089,True,0.992
60.502142,29,24598.261723,True,0.992
-29.302733,64,24601.456718,False,0.992
56.488502,40,24603.441609,True,0.992
-20.641162,67,24606.854326,False,0.992
-25.114944,109,24612.303187,False,0.992
61.054231,236,24623.948494,True,0.992
-32.132032,99,24628.889295,False,0.992
-26.586526,220,24639.842871,False,0.992
-22.97229,56,24642.646078,False,0.992
61.795415,134,24649.313969,True,0.992
63.087064,41,24651.410687,True,0.992
63.748678,43,24653.581172,True,0.992
-26.330771,157,24661.30372,False,0.992
-27.724812,222,24672.314191,False,0.992
61.17543,103,24677.48635,True,0.992
62.788988,68,24680.89667,True,0.992
-10.898536,54,24683.627324,False,0.992
54.464835,15,24684.396847,True,0.992
-15.392521,66,24698.1205,False,0.992
56.051775,84,24702.312703,True,0.992
64.562277,37,24704.194163,True,0.992
-4.153674,210,24714.798482,False,0.992
55.32988,15,24715.580338,True,0.992
64.597477,53,24718.269845,True,0.992
62.325265,108,24723.70871,True,0.992
65.231458,117,24729.617496,True,0.992
-8.622422,333,24746.113976,False,0.992
59.03454,33,24747.758615,True,0.992
0.28731,223,24759.010253,False,0.992
66.759158,118,24765.04274,True,0.992
65.033208,39,24767.040576,True,0.992
56.290771,17,24767.897107,True,0.992
3.421526,310,24783.154756,False,0.992
63.641004,41,24785.25042,True,0.992
66.142844,48,24787.671333,True,0.992
-24.558349,146,24794.92047,False,0.992
67.452572,204,24816.103626,True,0.992
60.166108,104,24821.330815,True,0.992
63.334282,46,24823.664065,True,0.992
62.601338,294,24838.170887,True,0.992
54.260648,12,24838.791492,True,0.992
64.762969,40,24840.830713,True,0.992
61.960882,46,24843.127488,True,0.992
64.136508,57,24846.051854,True,0.992
67.644368,142,24853.034445,True,0.992
62.023982,34,24854.720418,True,0.992
1.200162,223,24865.661935,False,0.992
58.782828,27,24867.003527,True,0.992
53.840399,11,24867.557687,True,0.992
60.970245,30,24869.050197,True,0.992
53.740034,8,24869.457211,True,0.992
63.963348,41,24871.513088,True,0.992
62.382278,115,24877.297629,True,0.992
57.911792,26,24878.589814,True,0.992
62.808309,41,24880.642556,True,0.992
55.34721,22,24881.719139,True,0.992
58.856131,99,24886.627676,True,0.992
61.414947,30,24888.120693,True,0.992
61.036952,29,24889.587717,True,0.992
59.326188,30,24891.083573,True,0.992
54.83791,13,24891.739076,True,0.992
1.146535,54,24894.442147,False,0.992
61.387875,96,24899.173331,True,0.992
72.928618,152,24906.667784,True,0.992
61.436431,36,24908.522496,True,0.992
64.040742,36,24910.340467,True,0.992
67.929333,268,24933.692922,True,0.992
69.209387,154,24941.217689,True,0.992
59.717279,45,24943.430211,True,0.992
62.519091,35,24945.180831,True,0.992
54.676693,14,24945.899917,True,0.992
67.316131,135,24952.617336,True,0.992
69.055389,165,24960.746473,True,0.992
56.767097,36,24962.488821,True,0.992
64.732917,38,24964.39465,True,0.992
67.399394,76,24968.293243,True,0.992
60.248474,113,24973.805936,True,0.992
55.779096,13,24974.458285,True,0.992
59.311259,32,24976.06994,True,0.992
65.757235,127,24982.65224,True,0.992
62.948417,133,24989.17435,True,0.992
62.316696,35,24990.916163,True,0.992
70.977348,254,25003.479769,True,0.992
-23.197175,251,25015.744383,False,0.992
62.212055,105,25020.881299,True,0.992
53.65375,10,25021.390783,True,0.992
61.748047,174,25041.152852,True,0.992
64.563974,122,25047.079028,True,0.992
58.636808,81,25051.071683,True,0.992
71.43134,378,25069.529573,True,0.992
58.026707,90,25073.934868,True,0.992
55.789549,23,25075.079064,True,0.992
72.238202,247,25087.228035,True,0.992
72.669046,365,25105.232971,True,0.992
54.741493,12,25105.842442,True,0.992
11.882416,600,25135.380151,False,0.992
8.678641,311,25159.945456,False,0.992
54.011536,11,25160.500262,True,0.992
65.194723,104,25165.687213,True,0.992
67.763503,237,25177.238674,True,0.992
58.163762,54,25179.883676,True,0.992
67.10594,55,25182.663192,True,0.992
60.33212,32,25184.278393,True,0.992
49.891148,1,25184.34594,True,0.992
7.072726,416,25204.654171,False,0.992
61.665495,129,25210.978932,True,0.992
70.703451,156,25218.676892,True,0.992
55.617698,13,25219.32088,True,0.992
63.049693,128,25225.590498,True,0.992
59.123478,29,25227.071903,True,0.992
64.219152,111,25232.883326,True,0.992
59.455324,31,25234.454852,True,0.992
61.416688,34,25236.15865,True,0.992
-0.743587,451,25268.027086,False,0.992
62.927078,107,25273.289654,True,0.992
59.887688,28,25274.687861,True,0.992
63.776521,432,25295.803085,True,0.992
59.436188,98,25300.598212,True,0.992
68.097446,128,25307.105106,True,0.992
58.381451,39,25309.034199,True,0.992
67.937947,65,25312.238461,True,0.992
63.647731,118,25318.101364,True,0.992
56.54865,223,25329.029456,True,0.992
67.870563,73,25332.862126,True,0.992
61.989092,87,25337.163028,True,0.992
60.400922,95,25341.845083,True,0.992
66.38265,162,25350.146372,True,0.992
57.536555,82,25354.194174,True,0.992
63.18967,191,25372.952794,True,0.992
60.304363,188,25382.135511,True,0.992
60.559898,87,25386.451047,True,0.992
66.392069,117,25392.237886,True,0.992
59.922756,70,25395.706806,True,0.992
65.129351,111,25401.355549,True,0.992
6.595257,367,25420.021548,False,0.992
56.940749,36,25421.807728,True,0.992
9.631976,269,25435.074064,False,0.992
60.65443,93,25439.686157,True,0.992
67.388199,173,25448.16816,True,0.992
61.670931,55,25450.880144,True,0.992
64.010131,230,25462.194402,True,0.992
7.473954,183,25481.497679,False,0.992
64.009434,122,25487.497552,True,0.992
60.562836,47,25489.797863,True,0.992
67.455302,188,25499.032379,True,0.992
63.699314,36,25500.83324,True,0.992
63.527835,164,25508.938785,True,0.992
-19.750365,329,25525.003277,False,0.992
69.000874,272,25538.302976,True,0.992
-6.230827,127,25544.576709,False,0.992
61.102837,48,25546.997564,True,0.992
56.756246,70,25550.442519,True,0.992
59.088667,138,25557.211468,True,0.992
64.434691,117,25563.129482,True,0.992
59.16467,28,25564.53182,True,0.992
64.30248,198,25574.300317,True,0.992
61.414932,318,25601.437387,True,0.992
57.057035,18,25602.338609,True,0.992
59.820927,31,25603.868583,True,0.992
60.453649,37,25605.681464,True,0.992
67.522808,129,25612.116689,True,0.992
62.275129,39,25614.115933,True,0.992
-6.420495,261,25626.887915,False,0.992
-2.77382,308,25642.143158,False,0.992
5.045273,191,25651.633858,False,0.992
67.102018,119,25657.49655,True,0.992
68.114915,118,25663.29745,True,0.992
-9.369088,453,25685.413862,False,0.992
62.855423,115,25691.223769,True,0.992
65.699252,113,25708.653218,True,0.992
58.752238,200,25718.459369,True,0.992
59.417201,59,25721.357693,True,0.992
56.460057,124,25727.447536,True,0.992
67.863501,78,25731.510775,True,0.992
4.340195,600,25760.874336,False,0.992
60.491866,113,25766.413558,True,0.992
67.650222,202,25776.303391,True,0.992
57.406242,27,25777.63676,True,0.992
3.691707,188,25786.878462,False,0.992
-21.152768,360,25804.451591,False,0.992
59.533505,61,25817.931675,True,0.992
55.980061,75,25821.596005,True,0.992
64.090933,121,25827.614341,True,0.992
63.7107,176,25836.24323,True,0.992
66.002582,54,25839.007508,True,0.992
72.95698,468,25861.789622,True,0.992
69.194845,251,25874.118289,True,0.992
62.698497,205,25884.140079,True,0.992
4.186794,288,25898.362275,False,0.992
68.33783,128,25904.713664,True,0.992
60.717046,51,25907.258933,True,0.992
65.882706,210,25929.253892,True,0.992
53.713677,10,25929.770668,True,0.992
57.824959,28,25931.173418,True,0.992
70.71444,233,25942.561127,True,0.992
59.228003,34,25944.266412,True,0.992
64.702494,138,25951.026959,True,0.992
72.070015,155,25958.70678,True,0.992
-13.664287,295,25973.214347,False,0.992
63.941037,186,25982.344271,True,0.992
64.028755,130,25988.72418,True,0.992
73.884478,481,26012.211353,True,0.992
63.613707,51,26014.766193,True,0.992
67.298094,258,26027.478219,True,0.992
-0.179731,293,26053.025393,False,0.992
62.722633,47,26055.389723,True,0.992
64.336305,136,26062.142171,True,0.992
-3.835307,143,26069.196182,False,0.992
62.685608,40,26071.204727,True,0.992
64.191537,61,26074.203686,True,0.992
69.34449,68,26077.609793,True,0.992
65.295071,296,26092.208969,True,0.992
73.991432,267,26105.316997,True,0.992
70.436737,213,26115.915957,True,0.992
58.374179,22,26117.046438,True,0.992
61.422038,39,26119.011784,True,0.992
55.313848,14,26119.727266,True,0.992
62.143986,38,26121.607254,True,0.992
59.497133,26,26122.945827,True,0.992
64.746753,122,26129.002799,True,0.992
56.587745,34,26130.689069,True,0.992
65.272925,65,26133.94413,True,0.992
66.870284,77,26137.7381,True,0.992
63.425525,74,26151.962985,True,0.992
61.131614,254,26164.379957,True,0.992
69.367425,259,26177.777945,True,0.992
61.489958,34,26179.510757,True,0.992
50.073048,1,26179.581561,True,0.992
73.049314,307,26194.575038,True,0.992
54.453391,13,26195.23043,True,0.992
57.727997,26,26196.548333,True,0.992
62.415401,108,26201.912955,True,0.992
56.370662,22,26203.021004,True,0.992
58.409055,36,26204.796941,True,0.992
61.88045,198,26214.608185,True,0.992
71.439228,360,26232.285421,True,0.992
58.105525,132,26238.836004,True,0.992
63.731667,248,26251.169266,True,0.992
62.618986,36,26253.021504,True,0.992
62.009592,35,26267.301589,True,0.992
59.426375,26,26268.618417,True,0.992
55.192893,16,26269.444279,True,0.992
1.04023,57,26272.271079,False,0.992
59.197826,201,26282.200908,True,0.992
5.843928,59,26285.151432,False,0.992
53.325476,10,26285.662121,True,0.992
61.25687,42,26287.774727,True,0.992
60.022284,28,26289.178987,True,0.992
-5.949459,171,26297.571264,False,0.992
61.542672,107,26302.855624,True,0.992
61.021531,31,26304.395195,True,0.992
57.077357,20,26305.433996,True,0.992
-27.940352,272,26318.862226,False,0.992
67.597824,55,26321.656671,True,0.992
63.14173,45,26323.961855,True,0.992
52.500841,27,26325.321395,True,0.992
60.578724,29,26326.794734,True,0.992
59.614571,107,26332.112769,True,0.992
60.907664,52,26334.727368,True,0.992
57.658672,19,26335.695596,True,0.992
-2.887206,220,26346.627539,False,0.992
58.153699,32,26348.250073,True,0.992
-11.532813,149,26355.668252,False,0.992
55.653096,106,26360.915178,True,0.992
62.534294,119,26366.868955,True,0.992
55.949459,37,26379.115979,True,0.992
3.543386,143,26386.255517,False,0.992
59.063058,23,26387.408724,True,0.992
65.459585,43,26389.574879,True,0.992
64.499393,41,26391.654435,True,0.992
60.234418,107,26396.965351,True,0.992
62.653733,41,26399.027551,True,0.992
56.693098,27,26400.39769,True,0.992
61.020281,26,26401.710794,True,0.992
59.725517,26,26403.046069,True,0.992
54.592383,18,26403.956349,True,0.992
63.594103,36,26405.778778,True,0.992
62.061959,33,26407.469266,True,0.992
61.863059,82,26411.505376,True,0.992
66.87122,108,26416.8286,True,0.992
-22.13106,124,26422.916386,False,0.992
55.358746,14,26423.640476,True,0.992
62.80538,141,26430.656144,True,0.992
53.795449,97,26435.400609,True,0.992
62.429533,36,26437.222212,True,0.992
65.487493,225,26448.289176,True,0.992
60.130217,29,26449.789905,True,0.992
70.979416,135,26456.451319,True,0.992
61.719227,90,26460.882306,True,0.992
57.64267,95,26465.645823,True,0.992
-26.529783,171,26474.094211,False,0.992
52.802943,72,26477.655127,True,0.992
61.956182,40,26479.685447,True,0.992
59.505964,116,26495.204751,True,0.992
1.512204,159,26502.972965,False,0.992
-11.650042,272,26516.560222,False,0.992
63.020586,132,26523.086083,True,0.992
59.241175,43,26525.224745,True,0.992
62.449891,44,26527.479947,True,0.992
-2.946839,156,26535.271058,False,0.992
68.362395,96,26540.099077,True,0.992
66.381709,211,26550.671168,True,0.992
55.354162,14,26551.383915,True,0.992
56.648771,20,26552.404583,True,0.992
-22.771975,470,26575.713765,False,0.992
50.40228,1,26575.784655,True,0.992
66.127774,48,26578.201639,True,0.992
64.117287,41,26580.311587,True,0.992
-19.280661,51,26582.860514,False,0.992
-17.021705,368,26612.194515,False,0.992
-23.794067,73,26615.84144,False,0.992
57.663222,226,26627.070369,True,0.992
62.020248,36,26628.90439,True,0.992
66.821388,138,26635.751027,True,0.992
64.056559,72,26639.294758,True,0.992
64.699402,59,26642.289368,True,0.992
-1.883776,67,26645.678745,False,0.992
70.182158,213,26656.229152,True,0.992
61.453242,37,26658.112199,True,0.992
4.594702,53,26660.81423,False,0.992
60.753893,30,26662.340324,True,0.992
49.92624,1,26662.408137,True,0.992
63.200939,32,26664.051189,True,0.992
68.280409,83,26668.147584,True,0.992
60.323332,30,26669.625311,True,0.992
61.128385,63,26672.737839,True,0.992
50.445403,2,26672.857387,True,0.992
56.257859,104,26678.003453,True,0.992
68.294371,165,26686.095582,True,0.992
65.011387,235,26697.595383,True,0.992
54.190848,9,26698.045482,True,0.992
56.529835,21,26699.110092,True,0.992
56.844971,48,26701.484313,True,0.992
56.35808,120,26718.482457,True,0.992
68.106595,216,26729.014289,True,0.992
-10.195974,94,26733.628573,False,0.992
57.240095,45,26735.854846,True,0.992
57.492133,61,26738.830281,True,0.992
66.972538,63,26741.926366,True,0.992
-10.147513,174,26750.482499,False,0.992
59.184849,24,26751.680291,True,0.992
64.996669,59,26754.690116,True,0.992
2.024176,89,26759.020042,False,0.992
-16.612821,55,26761.734833,False,0.992
52.753635,151,26769.114155,True,0.992
65.105172,73,26772.704865,True,0.992
61.878947,30,26774.195597,True,0.992
2.96437,52,26776.768128,False,0.992
55.267286,15,26777.511531,True,0.992
63.785046,34,26779.196692,True,0.992
59.86207,70,26782.631477,True,0.992
-16.932112,190,26791.880839,False,0.992
59.70117,90,26796.319631,True,0.992
-17.106471,162,26804.240885,False,0.992
57.501106,20,26805.249849,True,0.992
0.85373,61,26808.414793,False,0.992
0.613437,59,26811.464195,False,0.992
66.068817,53,26814.102926,True,0.992
-8.055005,532,26849.374935,False,0.992
58.55894,33,26851.019555,True,0.992
66.209664,312,26866.271449,True,0.992
65.163483,122,26872.274829,True,0.992
61.335641,40,26874.298285,True,0.992
-5.652221,206,26884.410811,False,0.992
62.199305,38,26886.305024,True,0.992
57.04444,61,26889.320657,True,0.992
66.966161,56,26892.09794,True,0.992
54.97097,16,26892.914408,True,0.992
62.361643,76,26896.652203,True,0.992
65.31391,44,26898.8248,True,0.992
-3.055021,197,26908.424121,False,0.992
61.132541,117,26914.18648,True,0.992
70.892122,269,26936.493957,True,0.992
56.188085,15,26937.268831,True,0.992
58.242463,53,26939.876228,True,0.992
57.184873,22,26940.974072,True,0.992
58.438672,89,26945.326422,True,0.992
77.179223,532,26971.287596,True,0.992
64.785929,121,26977.212305,True,0.992
56.003428,199,26986.935506,True,0.992
0.239794,133,26993.517932,False,0.992
62.554399,293,27007.78592,True,0.992
60.526032,30,27009.299213,True,0.992
6.981029,65,27012.544456,False,0.992
64.621849,39,27014.475987,True,0.992
59.34418,40,27016.456748,True,0.992
61.619216,36,27018.29107,True,0.992
54.091643,12,27018.909525,True,0.992
55.858394,15,27019.673236,True,0.992
-17.38898,257,27032.482455,False,0.992
57.07176,65,27035.675657,True,0.992
-21.574517,243,27057.386123,False,0.992
67.04021,60,27060.39143,True,0.992
61.933473,38,27062.326395,True,0.992
54.277986,13,27062.981195,True,0.992
59.713078,23,27064.109141,True,0.992
56.27973,13,27064.774832,True,0.992
61.81876,117,27070.511435,True,0.992
62.527982,45,27072.745348,True,0.992
64.366398,62,27075.951528,True,0.992
62.425354,118,27081.737796,True,0.992
0.268347,178,27090.544764,False,0.992
-2.685501,71,27094.098939,False,0.992
-8.948498,193,27103.643432,False,0.992
65.404186,127,27109.816633,True,0.992
-23.875135,90,27114.256899,False,0.992
8.430559,117,27120.039494,False,0.992
-2.30309,178,27128.802482,False,0.992
-30.994912,204,27138.796408,False,0.992
-13.41421,60,27141.82135,False,0.992
60.022541,26,27143.146733,True,0.992
62.257987,40,27145.166476,True,0.992
57.782915,23,27146.302513,True,0.992
66.44492,139,27163.96025,True,0.992
-15.872717,62,27167.069155,False,0.992
62.419173,36,27168.932156,True,0.992
64.033952,43,27171.102465,True,0.992
-22.116985,311,27186.275079,False,0.992
65.645449,59,27189.175657,True,0.992
58.745539,47,27191.514356,True,0.992
66.230112,51,27194.036795,True,0.992
63.439301,36,27195.862499,True,0.992
-1.36033,224,27206.802986,False,0.992
57.267299,20,27207.821711,True,0.992
68.688148,80,27211.824687,True,0.992
64.727632,42,27213.935786,True,0.992
4.057799,142,27220.915336,False,0.992
59.323008,118,27226.717429,True,0.992
60.791679,31,27228.281866,True,0.992
66.990135,156,27236.039689,True,0.992
71.85184,119,27241.851413,True,0.992
-16.60142,224,27252.899132,False,0.992
63.158553,49,27255.325644,True,0.992
-4.001198,54,27258.024262,False,0.992
58.457315,176,27277.239758,True,0.992
62.557812,37,27279.081057,True,0.992
4.381003,67,27282.369707,False,0.992
56.401073,16,27283.18381,True,0.992
54.189784,18,27284.088089,True,0.992
57.24249,20,27285.085138,True,0.992
61.756358,35,27286.858321,True,0.992
-5.117374,72,27290.517101,False,0.992
-10.390991,325,27306.351974,False,0.992
62.496566,35,27308.10868,True,0.992
49.786935,1,27308.175131,True,0.992
69.907434,72,27311.698192,True,0.992
62.328964,289,27325.841578,True,0.992
-9.786461,60,27328.822906,False,0.992
57.618364,25,27330.089342,True,0.992
66.142168,52,27332.70561,True,0.992
68.774455,353,27349.95579,True,0.992
-12.93296,98,27354.76306,False,0.992
60.869604,30,27356.280087,True,0.992
66.961302,63,27359.417057,True,0.992
63.640988,136,27366.099185,True,0.992
58.012037,205,27386.247636,True,0.992
65.240167,138,27393.054068,True,0.992
61.746153,117,27398.81392,True,0.992
63.5937,39,27400.767911,True,0.992
59.435622,24,27401.982671,True,0.992
60.115479,34,27403.67563,True,0.992
61.197581,243,27415.690559,True,0.992
3.99328,260,27428.412659,False,0.992
60.547977,123,27434.496108,True,0.992
64.250385,122,27440.546426,True,0.992
60.185149,37,27442.424819,True,0.992
63.62128,47,27444.835118,True,0.992
59.37415,97,27449.587005,True,0.992
63.177913,46,27451.893885,True,0.992
66.669468,137,27458.669871,True,0.992
60.595113,124,27464.75352,True,0.992
65.48868,47,27467.181692,True,0.992
-0.931816,166,27475.400476,False,0.992
54.254635,13,27476.068203,True,0.992
60.799785,29,27477.525858,True,0.992
59.482565,32,27479.124495,True,0.992
62.403001,150,27496.970231,True,0.992
67.960676,163,27505.585054,True,0.992
69.870933,134,27512.230555,True,0.992
65.548408,116,27517.981148,True,0.992
66.881263,79,27521.888576,True,0.992
65.349721,44,27524.098173,True,0.992
64.616042,64,27527.344153,True,0.992
62.169105,63,27530.457051,True,0.992
65.783697,253,27542.805907,True,0.992
68.785262,250,27555.083157,True,0.992
60.820233,46,27557.393866,True,0.992
62.056213,44,27559.575684,True,0.992
65.040448,140,27566.41786,True,0.992
-14.071176,73,27570.017647,False,0.992
-18.084322,217,27580.804551,False,0.992
62.426019,76,27584.619399,True,0.992
57.894034,23,27585.777005,True,0.992
64.860267,47,27588.118831,True,0.992
66.743589,57,27591.04969,True,0.992
-18.344223,453,27623.618218,False,0.992
7.950944,185,27632.7368,False,0.992
49.923838,1,27632.803851,True,0.992
67.946461,155,27640.467285,True,0.992
64.522556,38,27642.381537,True,0.992
58.14523,110,27647.831238,True,0.992
58.962607,42,27649.904456,True,0.992
55.320121,21,27650.980897,True,0.992
57.205494,18,27651.895,True,0.992
64.972633,105,27657.09619,True,0.992
65.823512,47,27659.423073,True,0.992
70.181074,123,27665.489938,True,0.992
57.061314,18,27666.392912,True,0.992
64.769304,38,27668.327002,True,0.992
62.539643,45,27670.604335,True,0.992
63.012656,591,27699.492268,True,0.992
65.042022,42,27701.641039,True,0.992
64.690065,44,27703.841292,True,0.992
-3.32068,71,27716.475231,False,0.992
-23.17576,71,27719.99345,False,0.992
61.633498,29,27721.450457,True,0.992
56.231896,18,27722.373976,True,0.992
53.854732,12,27723.004965,True,0.992
62.790834,37,27724.934979,True,0.992
57.435705,18,27725.86077,True,0.992
-34.735514,97,27730.71545,False,0.992
-10.297529,84,27734.937084,False,0.992
65.847507,42,27737.060366,True,0.992
-7.495474,61,27740.051601,False,0.992
1.63829,51,27742.623067,False,0.992
-10.162865,62,27745.696018,False,0.992
62.291555,105,27750.905773,True,0.992
-29.21708,74,27754.599957,False,0.992
58.599422,24,27755.800556,True,0.992
-18.76992,64,27759.000382,False,0.992
57.550476,21,27760.061669,True,0.992
-18.264816,359,27777.71947,False,0.992
62.093766,36,27779.536697,True,0.992
-8.081302,58,27782.44244,False,0.992
60.062073,44,27784.630493,True,0.992
-1.446716,63,27787.777766,False,0.992
63.059259,33,27789.411208,True,0.992
63.453066,155,27797.084607,True,0.992
67.831097,83,27801.306131,True,0.992
-13.370278,85,27805.5608,False,0.992
64.090862,115,27811.267437,True,0.992
65.054385,47,27813.61076,True,0.992
63.531439,49,27816.051605,True,0.992
57.885477,26,27825.303058,True,0.992
-8.75983,86,27829.604786,False,0.992
-5.522566,69,27833.015902,False,0.992
53.22595,10,27833.534359,True,0.992
-3.896481,58,27836.435164,False,0.992
-28.230108,55,27839.154907,False,0.992
-19.120025,74,27842.834743,False,0.992
-21.977201,73,27846.715851,False,0.992
58.167566,24,27847.953357,True,0.992
-27.035647,77,27851.741812,False,0.992
-4.833652,58,27854.630397,False,0.992
-20.798683,74,27858.310206,False,0.992
-2.81123,57,27861.176884,False,0.992
67.605894,53,27863.83212,True,0.992
60.04706,34,27865.551467,True,0.992
-28.58652,60,27868.490988,False,0.992
-14.227145,68,27871.863265,False,0.992
53.022118,8,27872.27303,True,0.992
-26.446604,55,27874.997264,False,0.992
3.66737,56,27877.870121,False,0.992
62.29039,33,27879.584823,True,0.992
59.689594,30,27881.0766,True,0.992
58.882467,28,27882.488295,True,0.992
58.279127,33,27884.151291,True,0.992
-12.261884,78,27888.065602,False,0.992
-4.648343,78,27891.979953,False,0.992
59.1694,20,27893.014721,True,0.992
55.698089,14,27893.722814,True,0.992
-1.279417,54,27896.470751,False,0.992
63.132923,34,27898.200114,True,0.992
56.702151,24,27899.425889,True,0.992
-19.341714,54,27902.098232,False,0.992
-31.466384,75,27905.824712,False,0.992
54.521617,14,27906.543313,True,0.992
60.459117,32,27908.149907,True,0.992
-33.822339,84,27912.303086,False,0.992
-27.132503,66,27915.573677,False,0.992
60.219739,24,27916.808284,True,0.992
59.038261,114,27922.448514,True,0.992
-3.796237,75,27926.163719,False,0.992
-3.816457,62,27935.548015,False,0.992
-31.195654,140,27942.479089,False,0.992
-28.913373,125,27948.663532,False,0.992
63.512007,40,27950.689733,True,0.992
59.985087,155,27958.340341,True,0.992
-16.184769,58,27961.29231,False,0.992
55.42094,12,27961.90966,True,0.992
-10.061185,143,27968.939069,False,0.992
57.632981,21,27969.992016,True,0.992
64.881171,40,27972.023114,True,0.992
-11.025767,54,27974.721932,False,0.992
8.626034,65,27977.972886,False,0.992
-2.89531,61,27981.019123,False,0.992
63.345131,57,27983.88133,True,0.992
56.829321,19,27984.843014,True,0.992
-30.941566,75,27988.600235,False,0.992
57.638909,19,27989.558716,True,0.992
61.38442,26,27990.884622,True,0.992
53.00868,7,27991.244631,True,0.992
-6.947655,54,27993.929787,False,0.992
64.33398,37,27995.803789,True,0.992
58.287385,41,27997.847594,True,0.992
61.041146,134,28004.503736,True,0.992
-2.730741,54,28007.262839,False,0.992
61.277533,61,28010.296167,True,0.992
-32.098661,64,28013.444706,False,0.992
-10.601631,58,28016.369224,False,0.992
56.898092,20,28017.381276,True,0.992
-13.382926,62,28020.483406,False,0.992
-20.024141,74,28024.137447,False,0.992
-3.42767,53,28026.827064,False,0.992
-23.598716,61,28029.841705,False,0.992
-8.570393,65,28033.146266,False,0.992
-6.121708,56,28035.942791,False,0.992
-14.717422,76,28047.388292,False,0.992
-12.041052,88,28051.784224,False,0.992
53.630085,10,28052.302646,True,0.992
60.419114,318,28068.075264,True,0.992
59.572249,169,28076.552509,True,0.992
54.842378,13,28077.227676,True,0.992
6.853045,71,28080.768551,False,0.992
65.282566,46,28083.130367,True,0.992
-22.1132,393,28102.587364,False,0.992
-4.179996,90,28107.080167,False,0.992
60.366242,47,28109.464374,True,0.992
65.638844,59,28112.473143,True,0.992
-11.468704,187,28121.761267,False,0.992
5.471142,62,28124.944557,False,0.992
65.230666,304,28140.056557,True,0.992
-4.300163,86,28144.448531,False,0.992
69.898125,130,28160.815518,True,0.992
-4.06053,72,28164.479876,False,0.992
61.922758,149,28171.894491,True,0.992
69.228506,170,28180.291987,True,0.992
-13.576345,94,28185.01785,False,0.992
-12.933086,92,28189.554526,False,0.992
-20.426517,201,28199.486833,False,0.992
-4.756883,76,28203.236199,False,0.992
66.401516,81,28207.303005,True,0.992
67.555028,76,28211.124397,True,0.992
0.596158,197,28220.86008,False,0.992
62.913584,37,28222.755832,True,0.992
65.605749,58,28225.700348,True,0.992
-24.52111,190,28235.105425,False,0.992
-12.726588,106,28240.34541,False,0.992
64.232339,45,28242.634641,True,0.992
67.738169,61,28245.688942,True,0.992
59.97783,241,28257.62128,True,0.992
59.085433,29,28269.506266,True,0.992
61.365344,36,28271.357775,True,0.992
56.253931,22,28272.471331,True,0.992
55.105721,17,28273.324708,True,0.992
61.282873,31,28274.908656,True,0.992
-2.641949,73,28278.570368,False,0.992
-32.142418,107,28283.889271,False,0.992
65.70437,59,28286.912075,True,0.992
66.559827,49,28289.410044,True,0.992
63.853298,40,28291.44623,True,0.992
-32.187259,77,28295.285263,False,0.992
66.764234,79,28299.260777,True,0.992
-4.866647,81,28303.331443,False,0.992
61.266475,31,28304.905053,True,0.992
-10.961963,71,28308.575146,False,0.992
-24.520604,72,28312.226177,False,0.992
-4.732071,67,28315.637409,False,0.992
65.104105,49,28318.169025,True,0.992
58.024749,22,28319.300288,True,0.992
-18.70206,63,28322.47649,False,0.992
-11.891212,54,28325.15493,False,0.992
53.303503,8,28325.579758,True,0.992
59.726961,54,28328.262019,True,0.992
-11.792254,84,28332.41987,False,0.992
66.071182,124,28338.529825,True,0.992
-27.143949,198,28348.207747,False,0.992
67.932379,69,28351.596849,True,0.992
54.957819,14,28352.315815,True,0.992
63.022928,41,28354.383137,True,0.992
-19.763915,91,28358.843913,False,0.992
-20.770237,82,28362.934345,False,0.992
65.861723,47,28365.302937,True,0.992
54.798311,13,28365.949905,True,0.992
58.840969,98,28370.772768,True,0.992
63.277862,40,28380.395226,True,0.992
59.477403,118,28386.140328,True,0.992
60.441026,32,28387.752944,True,0.992
60.18378,106,28392.971422,True,0.992
61.599461,50,28395.437394,True,0.992
61.050342,52,28398.065779,True,0.992
-25.593303,165,28406.159729,False,0.992
-6.695453,68,28409.519575,False,0.992
65.380558,312,28424.900189,True,0.992
62.98074,35,28426.633727,True,0.992
-14.877385,80,28430.579306,False,0.992
60.073912,74,28434.225442,True,0.992
63.62808,60,28437.304462,True,0.992
55.694173,14,28438.01491,True,0.992
63.224109,52,28440.65627,True,0.992
63.690181,99,28445.575648,True,0.992
56.161762,124,28451.629552,True,0.992
59.188662,32,28453.247885,True,0.992
-26.60672,326,28469.305312,False,0.992
52.623709,132,28475.788314,True,0.992
-9.135091,284,28499.586978,False,0.992
62.287564,98,28504.409213,True,0.992
59.543502,23,28505.553404,True,0.992
63.699975,102,28510.595033,True,0.992
-25.061046,68,28513.91546,False,0.992
0.317939,55,28516.762697,False,0.992
-0.419153,81,28520.788069,False,0.992
54.461036,93,28525.372706,True,0.992
61.567301,50,28527.819525,True,0.992
60.692508,30,28529.340929,True,0.992
58.003715,119,28535.23008,True,0.992
-8.934864,179,28543.995239,False,0.992
-28.122426,242,28555.770321,False,0.992
53.677941,9,28556.24102,True,0.992
61.489137,134,28562.854953,True,0.992
-9.699417,70,28566.352685,False,0.992
-27.996659,67,28569.647309,False,0.992
61.746877,57,28572.456908,True,0.992
63.362617,50,28574.987649,True,0.992
60.47965,270,28588.186363,True,0.992
61.720297,53,28601.298602,True,0.992
-9.684249,94,28605.873238,False,0.992
58.334905,135,28612.478046,True,0.992
61.936022,45,28614.698225,True,0.992
59.57339,25,28615.964669,True,0.992
-23.607575,73,28619.552759,False,0.992
59.744188,68,28622.887699,True,0.992
-3.688046,155,28630.469108,False,0.992
65.821047,48,28632.992882,True,0.992
62.18405,31,28634.54096,True,0.992
-26.071403,47,28636.879754,False,0.992
50.289762,1,28636.943906,True,0.992
55.94886,18,28637.847852,True,0.992
-3.834367,50,28640.328554,False,0.992
64.98085,61,28643.338434,True,0.992
-10.777334,138,28650.202867,False,0.992
59.111521,24,28651.409042,True,0.992
58.974013,43,28653.537579,True,0.992
-8.314653,53,28656.178989,False,0.992
3.886532,71,28659.688385,False,0.992
64.996395,47,28662.114116,True,0.992
64.621105,54,28664.816796,True,0.992
-25.212801,70,28668.272296,False,0.992
-21.097144,72,28671.815584,False,0.992
50.9817,2,28671.934033,True,0.992
63.606772,53,28674.534845,True,0.992
57.806843,28,28675.938206,True,0.992
61.686183,103,28681.030321,True,0.992
64.487013,55,28683.793301,True,0.992
52.545679,5,28684.05763,True,0.992
-24.022587,384,28711.567775,False,0.992
-18.552687,230,28722.803607,False,0.992
6.07835,428,28743.74662,False,0.992
62.015347,34,28745.468906,True,0.992
-8.169774,52,28748.04884,False,0.992
62.746935,30,28749.587987,True,0.992
53.905941,11,28750.145314,True,0.992
67.301933,79,28754.029451,True,0.992
60.55333,38,28755.921615,True,0.992
58.231874,216,28766.545087,True,0.992
60.524802,29,28767.990142,True,0.992
62.235189,46,28770.340946,True,0.992
56.488148,17,28771.202373,True,0.992
56.758079,18,28772.111473,True,0.992
-14.387694,86,28776.428024,False,0.992
-15.968978,333,28792.738447,False,0.992
61.289676,31,28794.339727,True,0.992
57.235708,30,28795.8511,True,0.992
-15.828085,165,28804.091698,False,0.992
63.716505,38,28806.035625,True,0.992
55.778899,14,28806.744366,True,0.992
67.513523,135,28824.843169,True,0.992
54.311153,15,28825.610351,True,0.992
64.054167,272,28839.183691,True,0.992
68.256151,133,28845.690141,True,0.992
59.974545,44,28847.867091,True,0.992
62.570652,109,28853.296708,True,0.992
50.351309,1,28853.362503,True,0.992
61.89741,102,28858.450706,True,0.992
68.12462,160,28866.321445,True,0.992
65.07116,196,28876.052787,True,0.992
63.984498,123,28882.13864,True,0.992
66.014123,109,28887.551122,True,0.992
61.164524,44,28889.794852,True,0.992
65.013781,117,28895.737835,True,0.992
67.601281,177,28904.478181,True,0.992
0.924603,220,28915.626344,False,0.992
-8.377382,126,28921.829593,False,0.992
64.76446,39,28923.77903,True,0.992
63.117928,47,28937.489117,True,0.992
3.857329,286,28951.601154,False,0.992
65.851585,176,28960.341804,True,0.992
69.37054,204,28970.371335,True,0.992
2.269196,600,29000.188201,False,0.992
67.286147,469,29023.215726,True,0.992
60.344785,30,29024.748981,True,0.992
59.724699,45,29026.980166,True,0.992
49.496606,1,29027.044843,True,0.992
-4.48581,175,29035.708933,False,0.992
66.231572,126,29052.222303,True,0.992
62.119118,136,29058.877861,True,0.992
58.436892,226,29069.983613,True,0.992
69.068424,194,29079.465995,True,0.992
4.634078,588,29108.357594,False,0.992
67.775132,259,29121.142029,True,0.992
62.129634,92,29125.667712,True,0.992
59.232075,96,29130.381766,True,0.992
65.920481,102,29135.478659,True,0.992
63.560039,119,29141.322918,True,0.992
-15.151926,411,29171.426243,False,0.992
66.304691,105,29176.623796,True,0.992
62.899391,92,29181.148784,True,0.992
70.473703,296,29195.615548,True,0.992
66.048336,260,29208.415277,True,0.992
-0.736775,325,29224.498713,False,0.992
61.770285,205,29234.502911,True,0.992
61.207759,165,29242.628925,True,0.992
-3.846966,190,29252.069304,False,0.992
58.465282,28,29253.472511,True,0.992
61.606909,218,29276.275679,True,0.992
62.259752,111,29281.827447,True,0.992
62.675615,112,29287.336778,True,0.992
65.903112,119,29293.173953,True,0.992
58.344814,31,29294.729081,True,0.992
60.021736,164,29302.881306,True,0.992
63.416927,151,29310.403322,True,0.992
63.082148,113,29316.059912,True,0.992
69.411009,144,29323.127439,True,0.992
5.605285,410,29343.204159,False,0.992
54.916912,13,29343.870268,True,0.992
0.696457,240,29355.899436,False,0.992
59.563573,113,29361.572901,True,0.992
67.380451,120,29367.568234,True,0.992
-6.975646,283,29391.518486,False,0.992
60.343941,34,29393.246508,True,0.992
68.995758,213,29403.887539,True,0.992
53.721708,10,29404.403424,True,0.992
59.301174,47,29406.7655,True,0.992
7.136311,129,29413.239812,False,0.992
64.617329,148,29420.728233,True,0.992
60.988458,51,29423.256063,True,0.992
63.808676,37,29425.127456,True,0.992
61.211412,60,29428.068687,True,0.992
-0.41182,168,29436.633841,False,0.992
63.127004,136,29443.385222,True,0.992
4.740109,165,29451.675072,False,0.992
56.335112,18,29452.592744,True,0.992
54.594112,11,29453.167871,True,0.992
66.030898,477,29476.665775,True,0.992
-5.00251,303,29502.426657,False,0.992
60.916178,38,29504.34951,True,0.992
-3.563695,247,29516.617003,False,0.992
60.41388,107,29521.926462,True,0.992
56.778873,86,29526.15071,True,0.992
59.757978,33,29527.793903,True,0.992
62.331037,37,29529.677055,True,0.992
66.791622,219,29540.745902,True,0.992
57.610269,115,29546.447412,True,0.992
56.828142,116,29552.206254,True,0.992
65.471473,107,29557.514634,True,0.992
58.911275,32,29559.114223,True,0.992
-26.774122,273,29572.630278,False,0.992
60.738605,25,29573.919942,True,0.992
56.545861,34,29575.607428,True,0.992
57.589914,27,29576.992168,True,0.992
58.190882,21,29578.03553,True,0.992
59.53657,74,29581.719293,True,0.992
54.590134,16,29582.543401,True,0.992
57.808472,101,29587.59103,True,0.992
52.474881,12,29588.204791,True,0.992
58.083368,54,29590.887789,True,0.992
63.681466,135,29597.668437,True,0.992
64.412168,61,29611.074174,True,0.992
57.907782,38,29612.95425,True,0.992
64.820917,188,29622.223604,True,0.992
62.902145,33,29623.882716,True,0.992
67.523948,210,29634.232597,True,0.992
65.917432,113,29639.864383,True,0.992
56.613183,35,29641.623214,True,0.992
63.744371,36,29643.503483,True,0.992
66.385828,116,29649.275074,True,0.992
-11.938767,174,29658.02048,False,0.992
49.43574,1,29658.087748,True,0.992
59.643906,229,29669.434757,True,0.992
-10.050409,144,29676.68345,False,0.992
64.894751,50,29679.288713,True,0.992
70.915607,198,29689.126736,True,0.992
63.830126,36,29690.970508,True,0.992
64.907914,138,29697.848653,True,0.992
58.779258,35,29699.596837,True,0.992
63.787074,43,29701.828082,True,0.992
63.354601,42,29703.998976,True,0.992
-1.408191,225,29727.012141,False,0.992
58.175662,108,29732.356878,True,0.992
0.194485,142,29739.614844,False,0.992
50.516947,1,29739.683446,True,0.992
-5.746494,374,29758.686705,False,0.992
53.529739,77,29762.534275,True,0.992
64.589134,112,29768.183546,True,0.992
62.367084,61,29771.235931,True,0.992
-18.255591,272,29784.715752,False,0.992
64.461251,144,29792.045856,True,0.992
53.790791,99,29796.967326,True,0.992
66.474904,130,29803.44718,True,0.992
63.104039,438,29825.197478,True,0.992
54.103981,13,29825.869029,True,0.992
62.54857,41,29838.365914,True,0.992
62.542546,33,29840.036144,True,0.992
58.817125,25,29841.308698,True,0.992
63.269641,49,29843.792809,True,0.992
55.393593,18,29844.725351,True,0.992
63.203098,48,29847.166817,True,0.992
7.477067,69,29850.645435,False,0.992
57.986249,21,29851.722197,True,0.992
61.026602,30,29853.264982,True,0.992
60.398119,33,29854.945143,True,0.992
64.201085,45,29857.239851,True,0.992
64.810632,66,29860.578341,True,0.992
57.753378,75,29864.351772,True,0.992
64.453675,151,29871.852225,True,0.992
64.364319,39,29873.844323,True,0.992
56.503365,43,29875.990383,True,0.992
63.528427,50,29878.529406,True,0.992
60.78194,30,29880.058892,True,0.992
72.118482,81,29884.108806,True,0.992
58.670756,37,29885.986903,True,0.992
60.018667,34,29887.678482,True,0.992
63.043138,33,29889.356905,True,0.992
65.843756,146,29896.689,True,0.992
61.331486,34,29898.410079,True,0.992
64.714791,65,29901.713335,True,0.992
-6.244186,78,29905.635623,False,0.992
66.824329,143,29912.796006,True,0.992
59.539185,39,29914.786342,True,0.992
57.59558,26,29916.156609,True,0.992
59.976732,35,29917.906461,True,0.992
54.615539,17,29918.767694,True,0.992
61.214768,28,29920.164109,True,0.992
54.768358,119,29926.058908,True,0.992
59.520081,42,29928.134531,True,0.992
58.437991,28,29929.546898,True,0.992
2.381964,163,29937.578187,False,0.992
60.302362,93,29950.459862,True,0.992
65.720326,47,29952.778101,True,0.992
-8.480838,67,29956.098303,False,0.992
-14.429251,57,29958.912809,False,0.992
63.153572,38,29960.837729,True,0.992
58.675409,24,29962.0259,True,0.992
53.607911,10,29962.538837,True,0.992
61.747683,42,29964.629919,True,0.992
61.863847,119,29970.489313,True,0.992
-25.878279,137,29977.166184,False,0.992
62.364299,121,29983.17822,True,0.992
61.938554,146,29990.317876,True,0.992
-10.765174,149,29997.623648,False,0.992
61.836932,38,29999.516112,True,0.992
60.068937,54,30002.178901,True,0.992
55.251548,15,30002.936109,True,0.992
67.654079,198,30012.623247,True,0.992
55.182533,15,30013.384537,True,0.992
62.154229,34,30015.089817,True,0.992
65.58625,41,30017.128561,True,0.992
-13.026461,148,30024.489023,False,0.992
64.732306,67,30027.893229,True,0.992
58.942328,36,30029.693045,True,0.992
68.305362,172,30038.157638,True,0.992
56.711574,105,30043.355834,True,0.992
61.815676,127,30059.78186,True,0.992
-8.691718,47,30062.112594,False,0.992
59.717316,26,30063.41459,True,0.992
62.606336,36,30065.218178,True,0.992
-27.6894,83,30069.269697,False,0.992
54.473931,19,30070.210001,True,0.992
66.127623,89,30074.535654,True,0.992
50.476741,1,30074.597862,True,0.992
1.116159,68,30077.915938,False,0.992
-9.736019,97,30082.702948,False,0.992
59.428303,28,30084.099949,True,0.992
60.95805,29,30085.569992,True,0.992
55.148842,16,30086.393833,True,0.992
-2.188209,64,30089.567454,False,0.992
50.419071,1,30089.630557,True,0.992
-15.121982,72,30093.143028,False,0.992
61.307396,135,30099.742775,True,0.992
60.334617,41,30101.820118,True,0.992
60.53247,37,30103.666611,True,0.992
58.226701,19,30104.616755,True,0.992
-6.151861,77,30108.4132,False,0.992
54.560941,13,30109.067216,True,0.992
60.293006,26,30110.382074,True,0.992
60.645506,62,30113.448956,True,0.992
64.059596,45,30115.657083,True,0.992
71.118791,146,30122.8042,True,0.992
61.093609,30,30124.294659,True,0.992
-25.181634,204,30134.259852,False,0.992
51.194607,3,30134.424174,True,0.992
55.759035,17,30135.27381,True,0.992
61.561794,107,30140.53169,True,0.992
58.880421,29,30141.964252,True,0.992
58.984937,69,30145.336707,True,0.992
54.087276,11,30145.899208,True,0.992
64.741085,47,30148.316929,True,0.992
0.251331,59,30151.231756,False,0.992
60.827216,29,30152.678372,True,0.992
-21.533778,64,30155.818926,False,0.992
62.004587,35,30157.556648,True,0.992
61.677107,45,30159.843587,True,0.992
-26.080702,242,30180.298136,False,0.992
-21.59596,272,30193.533158,False,0.992
60.878335,141,30200.425748,True,0.992
59.19188,27,30201.767579,True,0.992
-24.56678,302,30216.537088,False,0.992
65.461818,115,30222.168803,True,0.992
66.007614,53,30224.788662,True,0.992
64.320389,48,30227.217773,True,0.992
68.104305,285,30241.188948,True,0.992
66.206852,55,30244.005133,True,0.992
65.419009,70,30247.470285,True,0.992
58.650948,37,30249.297884,True,0.992
56.882442,21,30250.351911,True,0.992
-10.649002,156,30258.056746,False,0.992
65.055031,123,30264.127038,True,0.992
-4.243883,66,30267.410119,False,0.992
-8.811747,160,30286.659614,False,0.992
68.478645,65,30290.114405,True,0.992
63.779533,37,30291.962368,True,0.992
64.189171,91,30296.439695,True,0.992
57.085468,236,30307.997977,True,0.992
63.060675,45,30310.230153,True,0.992
65.861382,52,30312.825964,True,0.992
64.04768,129,30319.130347,True,0.992
1.2352,176,30327.748389,False,0.992
65.484246,61,30330.848574,True,0.992
66.634455,71,30334.491127,True,0.992
65.265581,190,30343.833581,True,0.992
64.43983,87,30348.101707,True,0.992
60.828845,32,30349.687558,True,0.992
65.510832,69,30353.108232,True,0.992
67.72883,386,30372.014944,True,0.992
59.919425,48,30374.387995,True,0.992
64.728572,51,30376.992141,True,0.992
64.554521,171,30395.734067,True,0.992
58.168252,25,30396.984315,True,0.992
67.344413,56,30399.771185,True,0.992
58.850509,27,30401.141407,True,0.992
60.189258,26,30402.429798,True,0.992
63.801199,49,30404.864991,True,0.992
-7.78085,70,30408.319822,False,0.992
68.478564,251,30420.65084,True,0.992
64.007658,93,30425.203874,True,0.992
57.316862,25,30426.468342,True,0.992
-21.237409,127,30432.695476,False,0.992
60.664835,29,30434.144069,True,0.992
-32.528079,70,30437.583144,False,0.992
-6.808926,62,30440.686187,False,0.992
64.797277,131,30447.112108,True,0.992
66.550609,164,30455.120477,True,0.992
58.168771,25,30456.350551,True,0.992
60.97872,137,30463.16203,True,0.992
-10.647267,93,30467.729585,False,0.992
61.379997,62,30470.820509,True,0.992
-24.805155,86,30475.070347,False,0.992
60.031549,105,30480.239402,True,0.992
65.720358,50,30482.736668,True,0.992
-30.740865,93,30487.278963,False,0.992
60.200036,25,30488.51475,True,0.992
-30.364756,74,30492.147355,False,0.992
57.594011,22,30493.26212,True,0.992
61.421779,183,30511.520955,True,0.992
59.839261,37,30513.342585,True,0.992
65.011351,49,30515.780508,True,0.992
-25.384827,232,30527.156574,False,0.992
58.579997,27,30528.50344,True,0.992
63.418898,150,30535.868173,True,0.992
72.257113,390,30555.03337,True,0.992
-16.918283,157,30562.731728,False,0.992
68.931676,227,30573.851916,True,0.992
62.156979,93,30578.443183,True,0.992
64.475393,257,30591.048759,True,0.992
-28.581791,94,30595.677958,False,0.992
62.315048,38,30597.623421,True,0.992
57.469957,22,30598.726084,True,0.992
64.713779,54,30601.392133,True,0.992
-20.04604,339,30629.421098,False,0.992
53.41275,8,30629.847658,True,0.992
65.309352,77,30633.666223,True,0.992
59.952888,49,30636.091694,True,0.992
4.869748,60,30639.185062,False,0.992
58.145561,26,30640.493968,True,0.992
57.037684,22,30641.595433,True,0.992
54.922344,11,30642.156832,True,0.992
66.239782,55,30644.901374,True,0.992
69.043014,66,30648.170754,True,0.992
61.422238,55,30650.896449,True,0.992
61.528557,26,30652.220475,True,0.992
55.058672,14,30652.937851,True,0.992
56.25505,19,30653.8768,True,0.992
66.168948,51,30656.416294,True,0.992
64.978607,43,30658.538796,True,0.992
64.071411,126,30665.089801,True,0.992
64.02816,110,30670.554515,True,0.992
64.450234,122,30676.575384,True,0.992
59.958992,84,30680.707079,True,0.992
-11.488708,182,30689.711767,False,0.992
62.372561,45,30691.991388,True,0.992
-0.256622,168,30700.260235,False,0.992
60.466851,42,30702.359035,True,0.992
59.493897,20,30703.381038,True,0.992
61.956287,38,30705.320451,True,0.992
65.207268,50,30707.850849,True,0.992
56.081166,21,30708.931145,True,0.992
68.911653,320,30733.228,True,0.992
57.688544,20,30734.243164,True,0.992
67.409357,58,30737.205045,True,0.992
61.760622,111,30742.681486,True,0.992
62.901415,235,30754.191964,True,0.992
55.379673,25,30755.431363,True,0.992
68.9269,218,30766.232801,True,0.992
65.193136,46,30768.528228,True,0.992
54.95778,13,30769.178428,True,0.992
64.223017,121,30775.181123,True,0.992
69.442762,156,30783.427247,True,0.992
76.359029,170,30791.822818,True,0.992
60.266854,26,30793.109717,True,0.992
65.877523,274,30806.55141,True,0.992
66.889781,58,30809.445186,True,0.992
66.937735,220,30820.245738,True,0.992
53.385124,9,30820.7074,True,0.992
5.495601,146,30839.913138,False,0.992
61.660185,36,30841.689728,True,0.992
69.776756,173,30850.331029,True,0.992
56.604001,20,30851.337095,True,0.992
59.844693,86,30855.56021,True,0.992
59.108309,183,30864.504289,True,0.992
-5.263904,346,30881.522276,False,0.992
68.639461,61,30884.602644,True,0.992
66.174219,83,30888.83712,True,0.992
61.453542,43,30890.963054,True,0.992
49.982032,1,30891.025827,True,0.992
64.278436,51,30893.54266,True,0.992
61.487607,110,30898.991303,True,0.992
61.927364,115,30904.690522,True,0.992
55.015866,27,30906.050231,True,0.992
-2.151145,159,30914.103635,False,0.992
59.740626,104,30919.246752,True,0.992
65.119578,125,30925.608793,True,0.992
-7.409805,93,30930.2795,False,0.992
54.265851,13,30930.932375,True,0.992
64.502442,177,30939.599194,True,0.992
55.861499,19,30940.546702,True,0.992
58.766739,101,30955.464916,True,0.992
57.72132,23,30956.638031,True,0.992
55.05468,14,30957.336631,True,0.992
55.495768,211,30967.698773,True,0.992
-7.591438,154,30975.311173,False,0.992
64.502382,133,30981.858169,True,0.992
59.701758,119,30987.768731,True,0.992
67.58071,88,30992.272086,True,0.992
54.161203,18,30993.186299,True,0.992
1.821121,132,30999.733577,False,0.992
63.143985,131,31006.224584,True,0.992
62.114419,111,31011.695981,True,0.992
63.559949,116,31017.439817,True,0.992
57.315467,33,31019.072088,True,0.992
58.298929,111,31024.503315,True,0.992
53.744037,8,31024.925327,True,0.992
67.216243,154,31032.478292,True,0.992
0.956683,600,31071.452383,False,0.992
68.298858,63,31074.636893,True,0.992
58.563393,29,31076.107124,True,0.992
-6.339708,374,31094.4883,False,0.992
64.637778,44,31096.726795,True,0.992
57.953792,113,31102.309526,True,0.992
-6.480052,65,31105.592324,False,0.992
65.125689,41,31107.637167,True,0.992
65.51917,251,31119.891242,True,0.992
56.437745,16,31120.702888,True,0.992
64.356386,43,31122.864213,True,0.992
58.45197,27,31124.238318,True,0.992
-0.763204,252,31136.735355,False,0.992
60.310637,31,31138.278866,True,0.992
63.29419,118,31144.106165,True,0.992
60.003915,104,31149.213972,True,0.992
64.855602,65,31152.419782,True,0.992
5.947673,176,31161.322855,False,0.992
62.640089,134,31179.085123,True,0.992
64.644444,85,31183.312167,True,0.992
61.372821,127,31189.575936,True,0.992
60.857949,33,31191.234859,True,0.992
59.499113,42,31193.334306,True,0.992
55.781763,15,31194.092835,True,0.992
60.026965,27,31195.421553,True,0.992
65.163889,43,31197.606933,True,0.992
-8.107195,95,31202.325552,False,0.992
63.096225,49,31204.772557,True,0.992
64.700944,137,31211.546498,True,0.992
61.745557,29,31213.002985,True,0.992
58.818877,387,31232.045515,True,0.992
50.323747,2,31232.167129,True,0.992
58.937796,103,31237.224804,True,0.992
-24.517184,198,31247.007109,False,0.992
56.873671,24,31248.209737,True,0.992
66.428178,50,31250.990276,True,0.992
59.969644,152,31258.490073,True,0.992
-2.905696,416,31288.573959,False,0.992
61.843374,58,31291.474213,True,0.992
54.393678,12,31292.0787,True,0.992
53.661905,32,31293.689997,True,0.992
55.975539,16,31294.519403,True,0.992
62.775613,33,31296.202448,True,0.992
62.720294,82,31300.205111,True,0.992
65.88417,55,31302.915648,True,0.992
64.264233,48,31305.346077,True,0.992
57.794457,21,31306.41816,True,0.992
-1.99077,136,31313.15324,False,0.992
59.301384,51,31315.66955,True,0.992
61.383544,61,31318.677157,True,0.992
-11.305321,102,31323.692134,False,0.992
56.382876,18,31324.613433,True,0.992
56.388791,20,31325.64715,True,0.992
59.155147,58,31328.541092,True,0.992
56.335754,107,31333.771075,True,0.992
66.570602,220,31344.677382,True,0.992
49.634728,1,31344.747514,True,0.992
52.707946,6,31345.058044,True,0.992
2.145043,80,31349.105937,False,0.992
57.046792,29,31350.593096,True,0.992
54.780664,11,31351.164502,True,0.992
-6.804268,165,31359.370953,False,0.992
61.86499,33,31361.055024,True,0.992
66.31575,60,31364.093904,True,0.992
64.931979,45,31366.382042,True,0.992
64.419256,44,31368.641849,True,0.992
-25.310377,201,31378.534376,False,0.992
64.588859,43,31380.721573,True,0.992
59.174043,40,31382.70596,True,0.992
49.742885,1,31382.775442,True,0.992
68.63107,102,31397.17485,True,0.992
61.289129,89,31401.574298,True,0.992
52.129164,92,31406.086869,True,0.992
66.045332,180,31415.037466,True,0.992
53.184752,74,31418.682423,True,0.992
62.80241,34,31420.394049,True,0.992
60.519483,26,31421.710847,True,0.992
64.197597,236,31433.352327,True,0.992
60.625963,35,31435.112353,True,0.992
62.056095,286,31449.167141,True,0.992
56.738304,30,31450.690045,True,0.992
58.634598,30,31452.20876,True,0.992
62.471128,34,31453.942583,True,0.992
61.87431,44,31456.099559,True,0.992
62.300299,52,31458.791525,True,0.992
-22.40388,68,31462.187889,False,0.992
61.594845,132,31468.797092,True,0.992
58.31473,21,31469.857734,True,0.992
57.329925,20,31470.867357,True,0.992
5.684358,63,31474.017062,False,0.992
-18.778979,224,31485.177484,False,0.992
60.779429,36,31486.988122,True,0.992
66.27311,74,31490.639992,True,0.992
59.521488,33,31492.291743,True,0.992
-16.652736,401,31522.694452,False,0.992
66.126025,48,31525.093659,True,0.992
59.966221,115,31530.834464,True,0.992
-26.313725,299,31545.564073,False,0.992
58.872669,27,31546.912008,True,0.992
63.321512,54,31549.589212,True,0.992
-6.916766,249,31561.806348,False,0.992
64.676988,84,31565.941551,True,0.992
58.064835,23,31567.107471,True,0.992
54.774456,13,31567.760317,True,0.992
55.557765,78,31571.621342,True,0.992
59.210714,38,31573.557781,True,0.992
-4.933089,64,31576.759823,False,0.992
60.47333,145,31583.98377,True,0.992
59.569315,25,31585.243778,True,0.992
59.999405,292,31599.646263,True,0.992
62.595691,129,31606.144443,True,0.992
56.896749,27,31607.523216,True,0.992
60.763725,33,31609.160038,True,0.992
