#{"t_start": 1773982596.0599632, "env_id": "None"}
r,l,t
60.992677,24,5.356773
58.944617,21,8.420742
59.258571,18,11.033779
65.440068,252,47.193919
-26.131657,80,58.669225
57.105826,196,86.882538
57.214638,15,89.114511
61.78648,23,92.463791
55.256263,11,94.111751
53.518155,7,95.150937
59.401696,22,98.343598
59.755881,20,101.269658
60.490453,24,104.701294
62.331886,27,108.580762
60.44916,31,113.114141
61.418232,81,124.956235
62.319306,25,128.619004
62.160947,26,132.571598
56.551185,13,134.507158
57.614547,15,136.814393
54.968646,11,138.44573
58.999336,20,141.467333
62.850732,28,145.735682
59.637002,21,148.802109
57.428199,16,151.228601
58.274498,17,153.761866
58.528866,22,156.93646
61.028132,24,160.452896
63.35935,69,170.613482
62.321468,25,174.42533
59.700748,19,177.227774
59.254191,19,180.031055
62.186071,24,183.613519
55.012725,12,185.380533
66.143789,68,195.857666
56.815415,17,198.729286
58.95959,19,201.959916
60.717095,21,205.52167
58.753477,19,208.704441
53.968296,8,210.065769
59.265166,128,231.280951
66.443466,37,237.451472
60.621119,23,241.365343
58.240603,18,244.370019
56.422404,15,246.855518
50.046856,180,276.650278
60.398332,44,283.903094
61.18868,22,287.560851
60.636455,23,291.408736
67.350036,37,297.547467
59.246405,18,300.538929
58.318846,16,303.200155
58.6175,18,306.187594
57.026501,46,313.881601
54.831024,71,343.387971
57.998657,16,346.187961
61.175971,24,350.389533
58.671843,20,353.732669
55.650704,13,355.890856
57.382366,18,358.904083
62.109873,25,363.067048
55.095334,11,364.90314
56.711326,15,367.467592
61.445603,23,371.355544
57.155342,16,374.016066
56.168969,12,376.010566
59.873229,19,379.210613
55.720394,12,381.302037
57.558645,42,388.454465
59.230491,59,398.651131
62.725712,27,403.265868
61.03197,44,410.674008
64.466422,30,415.815084
60.123528,20,419.237133
56.125603,41,426.288468
62.524485,26,430.729762
61.894132,26,435.010114
57.13528,15,437.561847
60.538107,20,440.96127
61.993626,23,444.94692
56.211203,13,447.166675
56.91993,78,460.161971
58.183471,18,463.175715
65.393791,34,468.783419
57.683928,19,471.945854
63.872688,29,476.780586
58.33382,19,479.948953
58.642428,22,483.596787
58.433777,20,487.008788
54.154979,136,509.641493
52.771606,48,517.700375
54.869806,20,521.061817
60.091798,81,534.423124
58.602325,17,537.264928
49.834471,70,548.792878
59.375718,35,554.570593
63.777411,30,559.435657
57.644443,15,561.946075
58.693598,21,565.46761
67.502885,60,575.386774
56.486312,13,577.570023
65.700083,36,583.566474
57.877886,17,586.463371
57.842484,31,591.717891
53.767254,8,593.08311
64.441606,45,600.687616
63.696439,29,605.560763
55.638548,74,617.949202
59.908329,22,621.631776
56.510592,14,624.016109
59.272017,19,627.219126
55.448783,96,643.251448
60.900534,24,647.28944
60.223717,23,651.043313
57.806417,16,653.755289
59.834878,21,657.295226
52.416243,76,670.03401
59.23499,20,673.40395
63.81658,29,688.566164
55.088707,10,690.354363
54.880431,12,692.467966
59.442195,21,696.1588
61.919177,68,707.378837
57.74373,16,710.101547
50.118021,1,710.292043
61.368878,25,714.312727
61.557551,23,718.159198
57.362739,57,727.649794
50.148205,1,727.84429
58.63744,21,731.272173
60.615249,22,734.9757
54.969313,58,745.342805
66.127988,79,759.014812
58.462764,18,762.080295
64.273228,31,767.224564
57.175812,17,770.084812
60.982346,21,773.568211
61.16785,22,777.392182
62.843345,25,781.666951
58.447048,21,785.216389
54.211732,9,786.79315
57.132086,16,789.502388
58.307322,19,792.64688
55.349043,13,794.791486
61.967465,23,798.580212
60.988469,25,802.751425
56.984687,44,810.013166
54.197281,11,811.831451
56.009029,116,830.877536
61.996956,25,835.00309
58.437318,18,837.991711
54.871256,13,840.163148
57.033742,57,849.597019
60.241916,21,853.087286
64.081811,32,858.332294
55.246216,11,860.172319
56.457129,16,862.828593
58.67189,19,865.992633
60.88882,24,869.990114
60.739087,21,873.460974
61.928373,26,877.562829
62.648564,24,881.523728
62.007981,25,885.686168
62.85495,28,890.236965
59.878503,58,899.858875
62.228436,24,903.831858
57.394758,26,908.147705
62.293885,26,912.512752
62.269423,25,916.77482
63.819348,28,921.492105
55.559755,13,923.74496
60.994798,21,927.336462
58.517237,18,930.385512
53.118067,7,931.59195
64.934614,62,941.988127
60.740304,22,945.745155
63.727483,29,950.729367
62.430719,39,957.353648
60.480445,22,961.067647
66.489134,35,966.969708
56.484926,14,969.351838
62.600341,26,973.711097
62.151261,25,978.024816
-41.243802,146,1002.635477
54.419307,11,1004.548633
61.023869,25,1008.774439
55.080201,10,1010.445888
59.596818,48,1018.42697
61.030315,25,1022.542243
55.84335,14,1024.938043
60.390675,23,1028.788347
62.601452,107,1056.410753
57.972888,17,1059.325402
60.669871,23,1063.058845
53.510159,32,1068.504657
55.238581,12,1070.582164
58.477364,17,1073.518805
56.905695,14,1075.96297
52.981018,6,1077.012882
58.663463,21,1080.600107
60.252608,23,1084.409781
61.872811,23,1088.198439
59.628279,21,1091.683619
58.766876,21,1095.173103
62.639584,26,1099.47177
55.531603,15,1101.953116
63.035505,28,1106.470763
50.603005,83,1120.099383
56.105671,13,1122.247896
57.910501,53,1130.957082
53.017714,6,1131.961576
56.549718,17,1134.769995
63.281996,28,1139.415971
57.138477,14,1141.734952
55.273118,12,1143.744285
56.96355,15,1146.238703
49.604895,1,1146.429827
53.927205,8,1147.76824
52.84617,46,1155.38838
60.668331,23,1159.213155
56.61585,15,1161.713118
61.788204,25,1165.874474
62.831665,26,1170.187672
66.894083,71,1181.947219
59.676642,21,1185.330786
57.135565,15,1187.879616
57.132292,20,1191.25539
57.478325,16,1194.00474
61.597803,24,1198.205911
63.278138,28,1203.046302
52.685166,8,1204.432829
62.404886,26,1208.884837
56.422243,13,1211.14311
61.617393,25,1215.449153
61.708614,26,1219.874059
57.038189,62,1230.279387
54.917473,11,1232.161139
55.217097,11,1234.025222
57.399362,14,1236.399781
62.278009,25,1240.585326
55.897082,15,1243.108562
54.001645,31,1248.252458
64.902881,50,1256.558814
56.151772,15,1259.083972
57.886376,19,1262.308645
55.276589,13,1264.484996
58.278406,18,1267.485011
49.851318,1,1267.679395
54.701956,12,1269.719207
61.524671,24,1273.746944
56.246412,12,1275.76601
55.486399,92,1291.048981
60.192625,22,1294.588857
58.41284,18,1297.644823
55.622884,12,1299.666984
59.622533,19,1302.828089
58.469988,19,1306.013559
59.430613,51,1314.483988
63.419995,29,1319.195955
57.36418,18,1322.20323
63.611471,49,1330.286888
59.090567,21,1333.835508
62.841147,27,1338.41184
60.756851,23,1342.123782
49.49017,1,1342.313639
58.307718,21,1345.850894
58.611596,20,1349.331993
49.551992,1,1349.532053
57.685279,18,1352.613953
60.331417,23,1356.515918
65.997789,36,1362.540288
61.957503,25,1366.828923
50.50939,1,1367.023207
53.931973,72,1379.198903
55.124674,13,1381.407792
52.676547,52,1399.310829
66.082209,34,1405.00875
60.590085,102,1422.125962
59.830414,23,1426.017339
55.037931,60,1436.10493
57.483139,20,1439.482044
54.260741,10,1441.189358
54.008152,8,1442.566662
60.929975,50,1450.984653
58.238193,18,1454.024997
56.86881,16,1456.751697
57.175971,65,1467.725354
59.211036,19,1470.947265
60.700307,24,1475.036566
56.969128,17,1477.92759
53.258299,8,1479.308234
61.220122,24,1483.376373
60.090389,21,1486.934782
53.550948,7,1488.140054
62.61112,26,1492.561018
61.884322,40,1499.42606
59.145335,21,1503.072811
62.295546,25,1507.404099
58.689577,19,1510.733497
54.524335,11,1512.67631
64.277013,30,1517.89263
52.67443,22,1521.735576
53.993553,9,1523.320309
50.519394,35,1529.394738
59.2467,19,1532.720447
54.537251,12,1534.812017
63.279891,31,1540.181781
59.119099,18,1543.328459
61.575044,22,1547.161659
62.417314,26,1551.712749
59.608162,22,1555.537464
61.050053,59,1565.793553
58.880399,61,1576.378179
53.14486,7,1577.617381
63.125735,29,1582.687421
56.08352,12,1584.797557
57.415452,18,1587.939144
56.748542,13,1590.221918
59.764547,20,1593.699256
62.167406,83,1608.126115
61.29167,24,1612.137719
61.365751,23,1616.176783
58.928428,65,1627.480567
57.651039,77,1640.86238
53.834725,11,1642.801478
56.482677,64,1653.940427
63.038512,27,1658.651941
61.281953,23,1662.677277
57.992813,17,1665.651194
55.198293,10,1667.407326
60.65006,27,1672.096316
62.023717,48,1680.424103
61.769592,24,1684.621382
57.994213,17,1687.601197
58.991944,19,1690.918052
59.362014,22,1694.780162
60.32583,23,1698.555371
55.468931,13,1700.813038
57.224067,119,1721.291142
63.773994,28,1726.103482
61.256484,22,1729.86254
58.926404,17,1732.735337
55.337665,11,1734.61882
54.774286,10,1736.338249
61.466863,23,1740.251987
60.030485,21,1743.837261
61.461361,24,1758.174504
55.25956,13,1760.515538
57.138374,17,1763.498004
55.660545,62,1774.228009
57.352673,61,1784.573318
60.091638,20,1787.955578
60.279851,23,1791.684331
60.169241,34,1797.488551
55.785084,15,1800.097133
62.194032,25,1804.449941
57.560185,62,1815.162805
54.281616,11,1817.0641
58.868141,20,1820.558606
63.534422,66,1831.816879
55.745349,12,1833.937864
62.477515,26,1838.421116
55.484528,44,1846.098508
59.129025,20,1849.546141
57.585364,15,1852.086116
58.47722,16,1854.809826
59.582638,19,1858.031025
57.565047,15,1860.592601
58.592333,18,1863.616276
60.500094,21,1867.196026
58.455095,18,1870.22924
63.950973,118,1890.211623
62.742664,75,1902.906069
64.08754,31,1908.154069
57.678986,20,1911.512814
56.784079,60,1921.611078
58.659323,19,1924.841979
59.692049,21,1928.213014
66.982189,69,1939.925104
57.676951,20,1943.352511
63.388227,29,1948.302492
55.240447,14,1950.67191
56.334656,13,1952.87324
61.273392,71,1965.100195
59.22946,34,1970.781188
62.505032,59,1980.661309
61.022691,25,1984.881852
59.005226,21,1988.418412
61.937029,23,1992.264175
59.364297,20,1995.626512
59.54562,21,1999.058894
61.350735,25,2003.271856
58.348179,24,2007.292929
59.496953,75,2019.829658
60.757787,24,2023.893754
58.951568,21,2027.443574
59.822648,22,2031.150914
59.504796,20,2034.513336
56.655682,13,2036.713145
62.204715,26,2041.098807
54.855299,12,2043.127172
64.572601,68,2054.482037
55.666574,13,2056.683264
64.944737,36,2062.691266
56.152372,14,2065.057973
56.063823,15,2067.64941
62.172408,25,2071.981022
61.310717,55,2081.477617
56.115513,13,2083.737934
63.318005,31,2089.072546
57.927716,15,2091.677051
64.461571,30,2096.885441
61.280557,24,2101.055277
63.632756,29,2115.83447
60.717933,21,2119.473069
54.014112,8,2120.86937
55.416429,43,2128.294642
60.97924,22,2132.104345
57.274856,18,2135.23339
60.599592,34,2141.097794
61.696431,23,2145.084801
60.356381,21,2148.736279
54.840427,10,2150.492759
63.680963,29,2155.513662
63.03335,27,2160.195551
62.550882,35,2166.22717
61.406674,24,2170.402867
62.509852,48,2178.451661
56.98734,15,2181.062604
59.358332,21,2184.634397
59.11618,63,2195.414589
62.089493,29,2200.318826
60.696935,24,2204.124339
58.471998,20,2207.5065
61.366815,61,2217.674034
54.688607,67,2228.86276
59.33447,19,2232.066633
59.83879,33,2237.576045
54.425661,11,2239.463292
62.900882,46,2247.171074
58.476964,21,2250.703166
63.040249,28,2255.431834
60.126554,23,2259.302558
60.565094,22,2263.046601
59.559864,20,2266.438321
55.110406,12,2268.478619
59.857239,19,2271.683923
57.70825,18,2274.744667
52.596997,29,2279.635857
63.612931,28,2284.440209
58.786898,48,2292.751975
59.840769,23,2296.713673
56.483762,13,2298.923181
58.036232,17,2301.783706
55.627927,11,2303.637728
60.16897,22,2307.139503
56.297195,12,2309.159069
49.741265,1,2309.355645
66.830204,52,2318.029209
59.861872,22,2321.651231
55.479384,12,2323.681184
55.971863,13,2325.867332
67.948991,39,2332.329663
53.975355,62,2342.642831
60.752455,22,2346.324374
58.111143,17,2349.187942
57.603187,15,2351.70577
64.140753,71,2363.554365
53.686751,7,2364.747209
60.599532,73,2376.889764
54.205543,9,2378.414981
58.475495,20,2381.78537
64.556697,63,2392.320465
57.339364,70,2404.009007
59.723641,19,2407.191976
64.30738,70,2418.919848
56.325742,15,2421.485735
59.490773,18,2424.521572
53.811496,39,2431.050903
62.74157,78,2444.069402
58.730582,22,2447.774189
60.599106,22,2451.461013
57.665548,20,2454.818204
57.87125,17,2457.701746
61.785015,24,2469.847153
62.850696,38,2476.199799
65.600382,74,2488.583745
56.480117,63,2499.115489
59.362687,21,2502.693791
58.4699,18,2505.759419
62.692923,28,2510.472335
64.893243,31,2515.652939
61.710136,25,2519.690015
60.563536,41,2526.542038
59.116177,18,2529.579913
59.447723,22,2533.266531
61.402741,25,2537.441284
63.621123,28,2542.170745
62.840761,28,2546.758141
59.827724,20,2550.119656
60.510131,23,2553.787787
63.472325,68,2565.193952
60.279021,21,2568.711817
63.705967,30,2573.623782
59.010481,19,2576.81038
67.288277,37,2582.951924
66.826813,86,2597.36711
59.568311,21,2600.900804
63.174121,34,2606.580097
56.120308,16,2609.262727
53.142015,7,2610.456171
60.827612,22,2614.159105
56.718065,17,2617.009055
59.09306,18,2620.038059
60.356472,48,2628.099909
57.611939,19,2631.369147
57.948564,15,2633.973417
63.768794,59,2644.166784
58.573105,17,2647.11758
54.650761,10,2648.867136
57.746976,18,2651.969195
58.393124,16,2654.750157
59.052919,67,2666.308184
52.364739,59,2676.41614
62.427709,25,2680.738432
60.803983,69,2692.608161
63.697401,29,2697.620833
61.193739,22,2701.42156
61.618865,22,2705.210809
59.519937,22,2709.02575
58.583188,17,2711.965158
66.594342,69,2723.854765
56.681302,14,2726.284763
54.36201,11,2728.196689
61.331644,23,2732.144698
61.114644,62,2742.825856
59.286916,19,2746.098898
58.305639,20,2749.540172
59.479652,18,2752.65355
60.446293,24,2756.762152
54.819086,11,2758.673625
57.350999,15,2761.270957
60.769333,65,2772.448659
59.62336,23,2776.400864
51.606814,40,2783.256999
54.447648,10,2785.007483
61.655494,69,2796.874126
59.744273,21,2800.317826
53.022392,6,2801.384314
60.687103,23,2805.360274
61.995096,63,2825.237261
61.759694,26,2829.703306
55.443288,28,2834.533422
57.805614,19,2837.827541
62.513889,25,2842.193951
61.350047,24,2846.353707
57.97068,17,2849.288778
61.847911,26,2853.813775
60.194891,20,2857.287645
58.179005,21,2860.902032
66.110573,35,2866.899426
60.42088,50,2875.525714
60.843713,24,2879.666232
58.612311,18,2882.79782
59.076032,18,2885.914942
59.984781,22,2889.748343
62.475345,34,2895.598722
63.046041,50,2904.210605
57.123651,32,2909.734198
63.572394,28,2914.589794
61.141766,24,2918.76205
60.394449,21,2922.412068
61.577399,24,2926.570808
61.366475,23,2930.557806
56.321459,15,2933.155559
55.270705,11,2935.069221
59.721742,23,2939.063132
58.606266,17,2942.023983
57.568318,19,2945.296724
60.723532,21,2948.921303
60.306032,22,2952.742824
61.714507,24,2956.909012
62.574196,26,2961.402958
58.847254,20,2964.855492
60.452616,24,2969.017203
63.583128,53,2978.143418
55.833748,38,2984.685234
63.289218,28,2989.58336
57.676171,20,2993.039599
61.641618,24,2997.20406
66.829555,84,3011.683615
57.373447,16,3014.463167
62.108076,25,3018.807789
63.573169,80,3032.603198
55.350994,14,3035.027303
56.632767,63,3045.910277
63.080568,60,3056.271883
68.120434,39,3062.940595
56.426711,14,3065.380376
55.658702,62,3076.097094
60.260556,20,3079.563303
55.149713,59,3089.745006
50.213908,1,3089.945466
63.524608,29,3094.936604
54.045994,9,3096.516656
58.651555,19,3099.820564
59.478827,22,3103.60322
63.345805,28,3108.464265
61.829085,25,3112.813348
50.920609,2,3113.188506
56.706601,14,3115.623876
59.832544,22,3119.328991
58.003136,18,3122.440137
58.110121,18,3125.582924
60.779012,22,3129.403866
57.33574,14,3131.840711
58.893084,21,3135.494429
61.987705,24,3139.630416
59.136266,18,3142.769912
60.736653,22,3146.596336
60.396825,22,3150.410245
56.378245,63,3161.298519
59.470522,21,3164.816346
55.360784,66,3176.220526
52.905594,6,3177.280015
58.245883,17,3187.650388
59.391118,49,3196.110669
58.384205,20,3199.585365
63.103848,27,3204.253546
61.067194,23,3208.241918
54.895935,10,3209.993975
61.953548,48,3218.276233
57.74901,18,3221.38677
57.969478,19,3224.704799
57.459777,18,3227.854799
59.462602,59,3238.035264
57.085977,17,3240.980928
57.976647,63,3251.84627
62.051616,24,3255.987191
60.430218,21,3259.63116
50.442345,1,3259.831642
59.070236,45,3267.610637
58.773595,52,3276.602879
62.716846,27,3281.293541
53.039551,6,3282.351822
59.690672,19,3285.659193
56.92937,17,3288.627718
53.70944,7,3289.854302
55.678331,12,3291.952103
57.476374,18,3295.090075
60.253674,23,3299.063318
55.571947,15,3301.659468
57.411366,16,3304.445179
58.421553,20,3307.926003
61.901729,62,3318.771791
63.42175,29,3323.673389
52.420984,5,3324.569569
61.437318,24,3328.742681
62.713416,27,3333.427022
61.161701,22,3337.231103
53.158222,6,3338.292258
58.191289,19,3341.572577
62.533868,26,3346.096256
60.753272,23,3349.887362
57.04349,56,3359.590254
61.011628,24,3363.775378
59.941626,19,3367.066748
55.046894,12,3369.161235
51.951651,27,3373.83702
58.950803,19,3377.146795
61.945213,23,3381.120528
61.570371,24,3385.292557
58.29699,17,3388.25011
56.645065,17,3391.220793
63.499828,28,3396.081072
61.000884,51,3404.881916
54.518322,10,3406.620797
56.342111,75,3419.601861
60.592554,22,3423.426624
60.084305,22,3427.273333
56.300555,15,3429.876021
52.888811,30,3435.064979
63.658174,28,3439.895968
55.010865,69,3451.823001
60.972419,29,3456.827466
62.37978,27,3461.528052
59.887171,58,3471.537258
59.992404,23,3475.516034
56.980237,17,3478.457824
59.959169,56,3488.119086
58.984991,20,3491.601626
60.192256,22,3495.409985
61.372442,23,3499.382741
64.931134,46,3507.293543
63.696799,29,3512.320074
52.569052,5,3513.210719
60.38382,24,3517.379114
57.014936,14,3519.81733
60.225996,22,3523.433372
54.528854,9,3524.995857
59.852711,66,3536.355309
60.903929,24,3540.487243
62.02801,66,3559.922031
60.860093,24,3563.890813
62.659167,27,3568.58039
56.796366,14,3571.013613
57.270131,17,3573.968397
60.448879,22,3577.769874
61.382229,24,3581.942938
56.263941,17,3584.913953
59.459899,22,3588.69495
58.094619,18,3591.796143
64.20805,30,3596.999696
61.09217,24,3601.16901
58.199138,20,3604.659954
57.29824,15,3607.270318
57.61935,15,3609.87879
62.900884,25,3614.19755
59.989997,20,3617.677896
59.973706,24,3621.828013
56.85112,14,3624.267811
54.285601,11,3626.183072
57.252598,15,3628.80083
66.631695,52,3637.764641
55.569835,13,3640.039648
58.088657,25,3644.362648
55.643623,58,3654.390605
62.786519,28,3659.266513
57.112194,16,3662.054035
58.620905,18,3665.178076
55.748553,11,3667.099482
59.581149,21,3670.686394
64.831446,31,3676.02208
63.530124,83,3690.36869
57.557054,17,3693.304409
60.342993,22,3697.130061
53.981665,11,3699.04314
52.977146,35,3705.070502
56.820417,18,3708.179899
63.039907,27,3712.869107
58.294697,20,3716.333551
58.537283,21,3719.965539
51.331912,35,3726.011436
57.601402,20,3729.463695
57.419991,14,3731.910794
51.616685,43,3739.339302
64.996844,31,3744.682759
58.608595,19,3747.971741
61.102108,61,3758.548538
58.439883,19,3761.869514
61.820646,26,3766.434128
64.225413,30,3771.703607
59.133834,18,3774.875246
57.025229,14,3777.329979
62.514345,25,3781.693113
60.490834,22,3785.551771
53.919922,9,3787.140087
63.719749,29,3792.232785
57.211194,17,3795.23973
54.561544,10,3797.011849
56.161065,16,3799.808627
59.480509,21,3803.509294
58.294703,17,3806.496175
58.421796,17,3809.4845
59.719082,22,3813.321484
54.938598,11,3815.271199
57.995708,19,3818.593549
62.141232,26,3823.164067
57.815006,45,3831.005694
54.244151,10,3832.770208
63.821581,28,3837.637476
68.243483,40,3844.569238
59.339781,28,3849.456079
62.316618,25,3853.837478
60.103799,22,3857.701921
62.382715,26,3862.264329
61.514426,24,3866.472239
60.412559,21,3870.133215
53.151423,22,3873.975392
63.827411,29,3879.067092
61.176332,24,3883.143978
61.407597,25,3887.651385
59.539469,64,3898.621717
64.243515,48,3913.505163
56.938697,37,3919.752449
63.906984,71,3931.702056
58.383767,20,3935.086169
51.217797,58,3944.828052
55.131446,13,3947.025832
58.660141,19,3950.235828
61.475687,25,3954.469094
60.19451,20,3957.851215
60.724412,21,3961.401437
60.333573,22,3965.126498
58.763209,20,3968.489504
59.344833,22,3972.214619
61.347227,58,3981.951561
55.107564,57,3991.54573
63.268695,28,3996.246882
50.47886,1,3996.440786
63.24014,30,4001.50879
57.197209,17,4004.395428
55.715034,15,4006.92396
59.345172,21,4010.564636
58.951382,19,4013.870912
55.954442,12,4015.972506
62.015461,51,4024.810244
53.348762,8,4026.227224
63.73542,30,4031.492864
57.1885,17,4034.464483
63.723229,29,4039.561187
60.857699,25,4044.009787
57.46954,16,4046.84686
61.540121,25,4051.250952
57.674134,15,4053.87242
62.993252,28,4058.566244
56.916003,21,4062.206408
53.764188,8,4063.621388
55.253088,12,4065.716454
57.353566,15,4068.335162
55.18469,13,4070.595806
63.670733,64,4081.497322
62.999961,26,4085.885368
64.601157,31,4091.116336
59.495692,50,4099.524147
61.65224,27,4104.083829
53.156892,6,4105.111638
56.269077,13,4107.314462
58.810037,61,4117.579019
61.531087,23,4121.466959
57.49173,18,4124.523555
56.105119,13,4126.720031
55.258888,14,4129.115897
60.413059,24,4133.183397
64.823448,66,4144.456431
63.908909,30,4149.481306
57.235737,16,4152.200876
56.873624,14,4154.592146
64.305197,30,4159.643337
57.070589,14,4162.040094
61.864806,25,4166.293716
62.879338,60,4176.445619
62.551931,71,4188.550362
62.2692,24,4192.796001
59.448331,34,4198.756752
57.116279,18,4201.864516
58.981605,18,4204.927494
63.043242,26,4209.34429
60.528304,24,4213.408253
54.629881,12,4215.461037
59.775106,21,4219.03542
65.559832,69,4230.716374
57.361775,18,4233.769818
58.333955,16,4236.467571
66.635504,52,4245.181371
59.457138,19,4248.393119
59.433232,19,4251.598338
62.428852,27,4256.174934
55.553595,16,4258.862573
58.580354,64,4277.612096
58.359425,20,4280.971561
65.170682,48,4289.025006
56.8734,15,4291.563374
52.795423,6,4292.588274
61.585447,23,4296.447649
62.222702,27,4300.820043
59.038368,21,4304.37803
58.479191,16,4307.087053
55.426243,11,4308.953049
62.518146,26,4313.350424
65.347368,51,4321.89925
54.562319,9,4323.436248
63.04341,26,4327.916761
63.378647,48,4336.188373
58.13503,19,4339.478258
61.226047,23,4343.489136
55.331837,12,4345.612657
59.354989,20,4349.117362
62.292223,24,4353.298472
63.392981,29,4358.250419
59.22681,48,4366.629665
61.43431,24,4370.821913
57.374557,19,4374.145372
55.114814,58,4384.276178
63.723786,28,4389.176649
55.984296,14,4391.647751
63.217177,28,4396.577162
58.680855,20,4400.074718
60.387859,20,4403.532623
55.646782,66,4414.93484
62.733099,27,4419.635775
66.649033,38,4426.151017
61.36007,25,4430.489499
55.835274,64,4441.55429
60.535545,24,4445.692683
61.639725,26,4450.18272
54.937367,26,4454.691633
54.492342,11,4456.641424
59.643116,19,4459.961918
58.031746,17,4462.938131
57.727408,15,4465.577175
58.70016,20,4469.078945
62.210218,26,4473.647186
58.870489,44,4481.315735
63.848501,34,4487.221198
60.180854,52,4496.27732
59.347781,21,4499.944968
66.041863,36,4506.186997
57.676976,19,4509.501605
61.982529,26,4513.870502
61.924103,24,4518.075604
63.044781,26,4522.589185
62.171451,25,4526.949503
56.02608,16,4529.729376
61.96036,24,4533.880513
62.066334,25,4538.220439
61.111747,24,4542.394187
60.731838,24,4546.562692
61.313013,25,4550.709288
61.081012,25,4555.016478
55.994331,15,4557.644241
59.788752,20,4561.110589
58.841852,26,4565.601914
55.398799,11,4567.526776
58.941088,19,4570.836012
64.872444,31,4576.185927
61.126454,22,4580.012275
53.906664,8,4581.418312
57.94172,16,4584.214425
58.791191,19,4587.514592
60.390999,23,4591.526088
61.129843,21,4595.163779
54.27467,11,4597.076726
59.864243,20,4600.548035
57.667686,17,4603.508601
60.734758,22,4607.323857
57.546211,16,4610.109174
60.780131,24,4614.288286
60.176969,21,4617.934266
57.54541,19,4621.224328
62.446779,26,4632.647324
55.13859,11,4634.581882
56.717377,18,4637.695932
62.326973,26,4642.215806
49.831942,42,4649.527862
63.7438,29,4654.612628
52.370331,50,4663.353762
58.747426,20,4666.845311
62.428999,49,4675.385627
53.315385,55,4684.973461
53.836626,10,4686.725252
59.064771,21,4690.395704
63.277912,28,4695.317173
57.838563,17,4698.302617
61.088686,23,4702.34056
62.247944,24,4706.547684
61.763303,24,4710.736896
58.046128,19,4714.090227
55.156375,13,4716.370537
55.142288,54,4725.786818
59.604002,20,4729.29696
54.508883,12,4731.404889
58.249301,20,4734.885533
60.452664,24,4739.073064
57.639368,57,4749.027884
59.662599,21,4752.71376
54.7651,9,4754.316273
57.114802,18,4757.460895
62.511405,27,4762.206592
52.472628,48,4770.628793
55.532065,13,4772.930422
57.916881,18,4776.103666
64.512769,36,4782.350681
56.609777,17,4785.329923
61.127184,21,4789.001042
53.199977,55,4798.604353
63.843255,30,4803.875572
61.675124,25,4808.282793
59.386595,22,4812.159133
61.665127,23,4816.175201
60.817703,23,4820.205702
52.069223,52,4829.294281
60.489384,24,4833.50917
55.372314,11,4835.454142
61.70195,25,4839.853129
60.879254,24,4844.020708
63.99321,46,4852.005717
58.20337,33,4857.74434
60.509483,28,4862.603767
63.646719,28,4867.476336
59.738666,42,4874.790451
60.587024,23,4878.84136
62.398575,25,4883.221908
62.89478,50,4891.921998
57.432681,15,4894.553267
59.684509,22,4898.404499
63.778291,28,4903.306167
57.218992,19,4906.608208
53.484858,8,4908.013149
60.430136,21,4911.672854
62.916552,28,4916.44723
56.88994,13,4918.723296
51.95733,20,4922.208146
54.182321,9,4923.800807
62.876609,27,4928.595938
56.604933,16,4931.409081
64.746308,68,4943.151925
58.56093,17,4946.107832
60.009923,21,4949.744351
55.021682,10,4951.49078
55.993823,15,4954.085422
59.778645,20,4957.554983
59.520246,20,4961.035213
59.306277,19,4964.327757
62.699813,28,4969.212282
56.791414,14,4971.650768
66.327838,36,4977.828694
60.222896,22,4981.465
52.999379,6,4982.524163
62.193022,27,4994.278868
60.772314,24,4998.465795
58.265614,20,5001.923319
57.774894,20,5005.410134
53.424941,56,5015.10994
62.952246,27,5019.792436
60.693584,25,5024.153183
59.967904,19,5027.458167
61.532267,22,5031.265385
56.394378,17,5034.214761
59.581739,21,5037.883764
57.359519,16,5040.684542
60.022597,20,5044.165688
53.690764,42,5051.424432
67.217181,38,5057.952721
50.62192,45,5065.733371
55.544272,65,5076.982307
55.521017,12,5079.087209
56.940397,15,5081.69101
60.285299,21,5085.365092
62.795256,26,5089.869855
58.738055,18,5093.001832
59.33833,21,5096.64583
58.421202,20,5100.132377
54.309297,58,5110.178597
58.055866,16,5112.971586
56.229254,45,5120.880357
53.935693,54,5130.23174
63.095757,27,5134.92957
53.851761,9,5136.509965
59.96692,34,5142.380183
59.67846,21,5146.053765
55.47185,12,5148.140181
60.027407,21,5151.847693
63.675958,28,5156.759386
63.299,70,5168.959296
62.460677,27,5173.685152
53.66703,8,5175.109811
61.939294,89,5190.631082
62.52309,26,5195.193896
57.159883,15,5197.841135
58.495376,18,5201.006708
55.178762,13,5203.3032
54.709447,41,5210.468407
61.127035,24,5214.697407
60.134111,22,5218.578268
61.537106,53,5227.892826
53.02474,6,5228.965982
61.051942,22,5232.823651
58.409698,18,5235.978807
55.301589,14,5238.413424
53.051194,6,5239.489584
59.44827,19,5242.820943
63.399983,35,5248.886874
54.885691,57,5258.76573
53.494331,7,5260.008736
56.760915,17,5262.988615
62.415308,27,5267.445695
54.780966,13,5269.721901
57.622361,18,5272.848317
58.605978,19,5276.174655
63.13252,30,5281.399579
59.629232,53,5290.549881
60.144011,23,5294.557606
58.462689,18,5297.71212
57.247682,14,5300.165822
56.285243,15,5302.776664
61.068783,21,5306.44606
59.707949,21,5310.102106
60.57499,21,5313.742284
61.675223,25,5318.102094
64.361159,30,5323.280697
62.774019,27,5327.982887
57.15063,24,5332.151343
62.748531,41,5339.244734
60.247404,23,5343.233743
56.60731,16,5346.029704
59.44761,21,5357.647729
60.834369,24,5361.76401
64.047776,45,5369.539099
55.049,12,5371.639048
54.686593,21,5375.285878
59.207426,19,5378.589955
61.761194,25,5382.77459
58.411979,16,5385.566223
51.210974,39,5392.332299
59.433276,21,5395.962675
57.823236,54,5405.313335
56.35368,13,5407.599997
51.338096,44,5415.203501
58.724709,18,5418.340965
58.917418,21,5421.976226
58.649419,19,5425.278831
54.752248,10,5427.039325
60.149102,20,5430.523397
57.215708,17,5433.490651
60.455614,65,5444.753772
59.03044,20,5448.232411
60.799226,73,5460.833233
56.001484,14,5463.269584
60.917735,26,5467.792701
61.699424,25,5472.152653
61.80724,25,5476.502766
52.045922,54,5485.869201
52.462846,5,5486.753603
62.782441,44,5494.366315
63.09043,27,5499.062927
52.575271,38,5505.649941
58.429665,17,5508.624663
58.934445,63,5519.5509
57.999636,17,5522.525971
63.551985,28,5527.366339
64.305126,50,5536.011953
55.891791,13,5538.27904
62.013781,25,5542.628336
61.06905,25,5546.98837
61.844061,24,5551.175858
53.620556,8,5552.582847
53.633161,30,5557.771996
53.72778,43,5565.217884
55.581205,33,5570.939245
57.531407,17,5573.894653
62.587608,26,5578.417526
63.814644,28,5583.261106
59.139158,40,5590.179066
58.912929,58,5600.28282
57.228993,19,5603.603728
53.628964,53,5612.869892
54.348988,10,5614.650227
60.838038,56,5624.446405
59.66856,20,5627.961696
59.884201,20,5631.476477
50.287476,44,5639.145293
57.076357,17,5642.116547
56.320366,14,5644.593688
58.792613,20,5648.076757
62.971215,30,5653.325052
59.33444,19,5656.664335
56.923108,15,5659.298362
61.635934,25,5663.737562
58.008158,57,5673.717487
63.297755,28,5678.628315
63.361247,30,5683.906004
56.053965,67,5695.657491
58.75449,21,5699.371512
54.988861,60,5709.866572
54.81227,11,5711.820397
62.979267,28,5724.64715
59.619962,19,5727.964757
57.153065,15,5730.587855
54.822312,35,5736.648757
61.253135,25,5741.012483
56.45695,16,5743.793891
52.627583,5,5744.683033
53.031901,8,5746.103973
61.554761,22,5749.920794
57.016053,14,5752.369219
58.076296,16,5755.174043
62.955576,60,5765.585619
65.176117,65,5776.886029
57.355689,18,5780.022664
58.562263,17,5782.98429
56.719559,18,5786.110653
60.403184,20,5789.593326
60.665056,65,5800.876554
57.750098,35,5806.959783
54.909504,11,5808.893395
59.352551,18,5812.034186
59.736635,23,5816.024262
60.106415,23,5820.0558
62.910608,29,5825.102078
60.977808,24,5829.296046
65.832491,69,5841.267779
62.346985,27,5845.785632
56.063787,12,5847.888375
57.601781,54,5857.250434
60.282354,23,5861.243625
58.561093,19,5864.549911
61.964994,25,5868.918962
59.906412,21,5872.59018
57.214106,17,5875.54079
64.41424,31,5880.910074
54.596273,15,5883.517332
64.371054,30,5888.754977
62.059261,26,5893.154147
61.395388,25,5897.522098
59.096094,18,5900.666161
65.066084,76,5913.849231
58.089339,19,5917.164243
56.969053,17,5920.108376
54.850816,10,5921.85515
61.102033,29,5926.847034
51.201726,29,5931.74022
56.425059,14,5934.126432
62.585692,26,5938.552021
61.329852,25,5942.804419
62.999538,27,5947.377304
59.466111,22,5951.122812
60.193383,20,5954.508475
62.387992,27,5959.080693
63.718071,30,5964.169422
52.315565,10,5965.877359
58.606636,21,5969.438775
55.811334,19,5972.643013
63.184897,29,5977.45039
62.179979,26,5981.85406
67.318058,38,5988.222674
59.457135,19,5991.453566
61.309982,25,5995.50884
58.009631,21,5999.047909
56.64237,60,6009.179407
58.535393,20,6012.554878
54.541954,9,6014.094148
61.871662,24,6018.150596
57.165483,16,6020.885915
53.921124,8,6022.262422
59.62019,19,6025.488505
58.072192,19,6028.713945
59.014839,26,6033.111757
62.325441,40,6039.855005
61.829598,23,6043.755761
57.297044,17,6046.641431
63.374111,47,6054.8112
55.931799,15,6057.444149
60.480636,21,6061.107322
54.031534,9,6062.696299
60.843878,23,6066.701872
61.78096,24,6070.883567
63.117503,51,6087.066434
56.28523,13,6089.340144
57.546315,15,6091.96607
63.532261,48,6100.294781
56.792643,15,6102.908191
61.977417,26,6107.442689
62.208976,27,6111.990539
63.358673,55,6121.537994
62.153772,24,6125.753416
61.790367,67,6137.488286
57.744635,16,6140.319445
58.08925,21,6144.00499
57.061273,57,6154.020387
57.797491,18,6157.184789
61.500173,23,6161.201877
59.332681,19,6164.522445
55.323454,12,6166.635664
58.717126,21,6170.372998
54.264136,9,6171.983633
58.112033,56,6181.847749
60.495004,62,6192.818277
61.850479,24,6197.090466
65.042687,49,6205.692423
59.588767,19,6209.016561
55.263082,21,6212.691418
52.425272,43,6220.173855
55.888449,15,6222.791677
55.462895,65,6234.114866
65.978242,55,6243.665975
56.695943,16,6246.486291
64.16409,31,6251.913489
58.476718,21,6255.558249
55.433698,13,6257.843371
61.884177,24,6262.0321
52.537083,5,6262.924677
52.959964,6,6264.028056
58.936245,71,6276.794653
59.781385,22,6280.57479
67.394979,38,6286.999684
62.30407,26,6291.361232
68.546835,54,6300.376487
58.54584,17,6303.236118
58.916858,55,6312.427061
53.009732,6,6313.520458
53.510559,8,6314.952745
55.221519,13,6317.130924
54.994712,58,6326.84584
58.625014,65,6337.729524
59.477869,19,6340.935141
59.537684,22,6344.642041
60.497207,55,6353.853731
66.714567,67,6365.065105
60.112261,23,6368.939777
59.18472,63,6379.490512
62.700563,26,6383.860141
60.665089,21,6387.399208
58.654247,19,6390.596627
56.608202,16,6393.275696
57.149442,14,6395.634268
54.966473,41,6402.515336
59.872956,23,6406.463799
62.718787,49,6414.912401
61.365781,23,6418.888264
55.624771,11,6420.824045
62.123919,70,6432.891717
53.835449,9,6434.467507
57.192646,16,6445.317344
58.099677,20,6448.776566
57.480616,15,6451.395334
61.268862,25,6455.560517
61.855612,26,6459.909993
61.393375,22,6463.707031
63.620355,82,6477.835762
56.799849,61,6488.374904
52.645478,44,6495.977513
60.995928,28,6500.808385
60.823297,47,6508.925762
60.65913,21,6512.566231
57.641699,19,6515.870219
59.598131,22,6519.674228
61.452396,23,6523.671607
63.27301,27,6528.366439
59.862151,22,6532.166508
56.067819,20,6535.623394
55.28253,11,6537.554214
67.780543,83,6551.872653
57.116747,14,6554.336975
61.855709,24,6558.504763
60.967057,22,6562.312247
55.37373,22,6566.135565
57.625079,17,6569.082292
52.376915,48,6577.390537
61.006941,23,6581.386615
58.896786,49,6589.870867
57.468745,16,6592.648599
56.215115,15,6595.252024
68.288545,40,6602.118343
59.183858,19,6605.421592
57.407232,16,6608.204026
55.397311,12,6610.301788
56.189334,63,6621.192028
50.058434,1,6621.395425
59.649221,26,6625.904408
61.41452,59,6636.106825
55.19631,12,6638.20694
59.886058,62,6648.929712
54.213669,11,6650.84337
61.899956,26,6655.373775
63.046743,46,6663.318722
61.825525,48,6671.598335
57.499834,15,6674.211726
57.484552,19,6677.50262
53.865061,9,6679.083042
55.327688,11,6681.016129
66.450519,52,6690.000398
54.533255,9,6691.583593
56.301687,15,6694.21055
54.168494,9,6695.780279
61.728224,26,6700.294614
57.534021,15,6702.919402
58.554253,58,6712.95305
59.433403,22,6716.766731
55.291604,42,6724.040303
58.799979,20,6727.516464
52.683289,26,6732.011263
58.826502,17,6734.968009
59.09525,18,6738.102942
58.205477,20,6741.590035
61.447951,58,6751.625877
64.467736,51,6760.430857
62.280715,26,6764.813256
59.429809,63,6775.714863
53.012751,6,6776.783185
58.878526,20,6780.256835
61.672645,24,6784.422992
62.102672,28,6789.241785
53.554237,8,6790.658378
59.277793,43,6806.144994
60.886036,23,6810.137943
63.353587,30,6815.349193
57.005806,15,6817.959137
55.689237,11,6819.881099
53.516625,7,6821.119831
61.006748,23,6825.108236
58.883078,19,6828.416009
56.296706,17,6831.380795
59.041916,18,6834.51639
61.461041,26,6839.045184
58.960169,21,6842.680413
62.172252,25,6847.020695
60.624189,21,6850.670897
62.20947,27,6855.226746
66.980904,50,6863.870238
66.637286,54,6873.204932
54.479254,9,6874.783638
61.449386,23,6878.77167
64.138073,44,6886.377163
53.032844,6,6887.443849
59.993458,20,6890.927837
60.371813,22,6894.755703
50.497931,1,6894.96065
57.6904,61,6905.540552
56.356284,12,6907.623005
58.799393,18,6910.765073
54.609722,9,6912.348971
60.082437,23,6916.448211
64.906728,43,6923.914728
62.920469,28,6928.69643
56.807812,14,6931.141235
62.659994,26,6935.656417
54.544942,9,6937.227965
61.684284,24,6941.407701
56.661385,14,6943.844933
62.213119,25,6948.187224
59.011544,18,6951.32869
67.832057,70,6963.402032
53.676434,8,6964.808863
55.357382,14,6967.255134
49.767879,1,6967.454632
60.793315,56,6977.120441
55.279655,10,6978.87263
64.912197,32,6984.423786
55.631838,30,6989.591698
67.128982,53,6998.729633
57.375116,16,7001.521542
61.692771,25,7005.86406
59.092227,50,7014.522951
60.035314,23,7018.533541
56.797762,13,7020.792391
56.122233,14,7023.233572
61.022448,48,7031.510747
60.046948,22,7035.330594
59.750522,20,7038.805774
58.567064,17,7041.761205
61.170146,24,7045.926349
64.566008,44,7053.502448
57.925632,20,7056.969163
53.625868,13,7059.229737
56.883794,16,7062.021492
65.777714,76,7075.197363
62.639427,27,7079.791744
66.232548,67,7091.430567
57.759559,19,7094.765551
57.894797,26,7099.27739
58.274264,17,7102.25187
66.425578,36,7108.52768
62.717486,70,7120.676583
49.63864,41,7127.790354
59.997302,23,7131.770149
53.859926,9,7133.371677
60.323313,21,7137.017558
63.559591,42,7144.306174
54.372277,10,7146.073065
59.191634,38,7152.658899
56.581145,13,7154.944458
62.737451,25,7159.300882
51.646522,13,7169.131519
62.223877,26,7173.658578
58.807121,21,7177.300597
57.018132,16,7180.105926
58.731031,20,7183.586721
57.29943,17,7186.554176
58.993925,18,7189.688901
58.463386,18,7192.827634
67.85255,39,7199.549674
56.823424,16,7202.326645
56.348572,14,7204.779756
60.521158,24,7208.971764
54.236462,9,7210.556776
59.563684,22,7214.406046
60.613205,24,7218.596376
61.381591,24,7222.779111
59.511572,19,7226.105985
58.311705,48,7234.459087
59.338364,19,7237.774457
56.051953,14,7240.217356
56.791963,14,7242.672675
60.171516,23,7246.672084
57.943463,16,7249.469514
57.70199,17,7252.437815
57.963124,20,7256.229167
59.176017,44,7263.875275
50.46357,1,7264.074849
59.861176,22,7267.914782
53.747519,9,7269.499985
56.475525,13,7271.773315
60.810174,35,7277.857218
60.705559,23,7281.875826
59.664007,22,7285.727225
58.455906,16,7288.512509
66.677847,70,7300.681418
56.402101,20,7304.177911
60.09996,41,7311.278635
56.34391,57,7321.177291
60.736019,66,7332.654385
63.137431,28,7337.52745
62.458852,46,7345.517001
58.075681,16,7348.318274
59.734898,21,7351.992189
64.40519,30,7357.243204
62.255067,28,7362.100542
60.083424,42,7369.404449
60.328556,21,7373.061277
59.97291,21,7376.744592
61.625912,25,7381.117883
61.281738,63,7392.066859
67.783732,70,7404.25548
54.544092,12,7406.375566
58.729996,21,7410.049397
53.364705,8,7411.468791
63.686328,37,7417.906967
62.589423,27,7422.631625
54.226954,9,7424.222689
56.2132,48,7432.578131
64.170499,30,7437.833819
59.859045,20,7441.331758
55.930167,63,7452.312489
57.86944,17,7455.29985
61.409729,24,7459.511171
58.953486,19,7462.835295
54.281478,11,7464.778104
62.537444,25,7469.15412
61.814138,40,7476.12301
62.483922,27,7480.853489
61.962618,24,7485.052804
58.153585,18,7488.199464
58.617833,58,7498.321512
55.714475,14,7500.783231
63.976971,61,7511.429515
57.03176,62,7522.376543
62.734624,52,7539.040398
60.387018,23,7543.074373
61.281301,26,7547.638073
63.682743,30,7552.891958
58.583247,17,7555.877783
54.088478,9,7557.477005
59.393334,20,7560.974086
63.847223,30,7566.213438
57.245045,17,7569.209567
56.293326,13,7571.484349
57.525889,37,7577.939435
63.566767,63,7588.960447
58.10966,18,7592.09492
61.794483,23,7596.103038
59.111746,21,7599.814787
58.069413,21,7603.47775
57.355189,17,7606.463231
59.214931,54,7615.896867
53.555237,7,7617.144631
57.135214,17,7620.139149
58.941371,19,7623.46554
62.007591,69,7635.519517
54.641384,9,7637.113777
54.640665,12,7639.225716
50.571888,31,7644.633335
61.700253,27,7649.397774
60.559916,21,7653.073393
58.017965,18,7656.304436
59.500444,20,7659.895968
61.287708,26,7664.443637
57.064034,15,7667.066764
60.635025,21,7670.800474
56.712464,16,7673.627019
61.963453,24,7677.83041
61.690482,50,7686.545216
57.610532,45,7694.390271
55.285932,18,7697.547909
56.419875,14,7700.010484
57.367427,69,7712.103562
59.820863,23,7716.140684
63.774072,28,7721.023115
60.895685,46,7729.046066
61.822788,75,7742.120706
58.854195,54,7751.535453
57.775986,18,7754.700865
57.152876,15,7757.338628
58.942014,49,7765.868117
54.029983,10,7767.639192
64.104748,29,7772.679847
58.410815,20,7776.163032
58.54559,18,7779.328026
59.477769,20,7782.837979
61.67898,25,7787.221006
62.550447,28,7792.131948
60.276786,23,7796.155604
58.031168,16,7798.964638
61.866786,25,7803.342267
64.446722,30,7808.583974
63.364708,29,7813.687165
59.492551,39,7820.499082
58.240149,26,7825.084515
54.171881,10,7826.846433
59.032577,22,7830.692114
54.72699,12,7832.801465
62.383111,25,7837.165256
61.301326,23,7841.198951
55.171458,12,7843.324988
64.26274,31,7848.765731
56.924185,16,7851.600893
54.758594,10,7853.373358
54.42602,10,7855.141701
59.76885,19,7858.473076
56.556357,17,7861.45536
62.064232,24,7865.630692
60.082965,21,7869.325933
56.875382,18,7872.489528
62.506785,28,7877.40325
58.914991,21,7881.078779
55.1456,14,7883.556138
63.357255,47,7891.740772
63.301042,29,7904.020214
59.073978,20,7907.531784
59.526086,20,7911.041811
56.80133,61,7921.722541
55.661777,12,7923.845089
60.976056,24,7927.915607
62.605209,64,7939.143437
61.111935,24,7943.233207
60.389382,23,7947.247945
58.030686,16,7950.071775
61.962928,24,7954.281392
66.859973,51,7963.189854
61.27152,51,7972.103244
58.869669,18,7975.262935
63.693124,35,7981.366868
57.306848,16,7984.172127
55.215399,12,7986.285657
66.271006,54,7995.775784
62.633521,27,8000.543425
54.588613,19,8003.8745
52.022857,15,8006.511249
60.353092,22,8010.37653
62.147981,70,8022.626116
56.910565,15,8025.269534
55.299342,10,8027.034843
61.105796,24,8031.267545
52.960595,54,8040.728907
59.326757,18,8043.887099
62.261973,28,8048.775982
61.253999,25,8053.188828
60.820081,22,8057.038615
58.145195,18,8060.224694
55.304447,50,8068.995808
57.143905,16,8071.820356
60.023627,19,8075.160576
56.940571,59,8085.50557
62.854255,27,8090.251432
59.33073,22,8094.10942
62.121223,25,8098.494878
60.834985,25,8102.873288
63.212118,27,8107.618466
59.212559,18,8110.793438
55.523399,57,8120.932312
60.977161,40,8127.944993
63.6038,29,8133.055554
56.809415,17,8136.048122
58.343846,16,8138.874284
63.645014,30,8144.157219
51.783308,49,8152.804825
58.383612,21,8156.49998
61.805406,24,8160.713348
63.935913,32,8166.304708
54.034718,8,8167.735001
62.69619,27,8172.50424
55.020769,45,8180.40115
61.89788,26,8184.834759
60.282738,21,8188.55233
57.232611,19,8191.894783
56.206181,15,8194.556324
62.724987,26,8199.116973
62.978921,35,8205.288067
56.69395,33,8211.095004
58.007092,20,8214.623804
60.379372,21,8218.329623
55.425908,11,8220.288756
59.519712,18,8223.453533
54.615345,10,8225.233988
56.970092,51,8234.20301
67.600083,53,8243.514589
52.474413,5,8244.42032
64.182689,46,8252.496023
59.891416,23,8256.546079
54.479191,10,8258.3345
54.221241,11,8267.709064
56.146721,14,8270.183909
60.344111,23,8274.23109
62.314447,24,8278.47422
62.247953,25,8282.890445
63.898404,80,8296.965955
58.171549,18,8300.150496
57.932579,19,8303.503626
60.646637,23,8307.447654
61.348926,25,8311.732431
57.419972,14,8314.214495
53.693778,8,8315.64359
62.634854,27,8320.407685
56.743392,14,8322.894053
54.673392,12,8325.027334
57.208315,19,8328.372863
60.623046,24,8332.609583
58.223892,20,8336.16077
58.424781,18,8339.36506
62.562979,27,8344.161013
63.840576,29,8349.267815
62.694257,44,8357.044967
58.461994,18,8360.242806
57.001053,71,8372.719224
65.85046,48,8381.170658
60.177768,23,8385.249171
57.187402,54,8394.763782
55.485819,12,8396.90323
58.375856,17,8399.906512
59.29351,21,8403.621371
57.292717,17,8406.634423
65.224277,51,8415.608018
57.311089,16,8418.444915
60.0447,19,8421.825049
62.11997,26,8426.461307
59.512858,19,8429.822561
55.078042,10,8431.604232
62.512294,25,8436.018997
58.946356,21,8439.744272
58.267543,19,8443.136481
67.621169,52,8452.294956
59.651275,21,8455.932949
58.497803,21,8459.630524
52.482982,5,8460.540283
55.769392,11,8462.506133
62.467808,27,8467.303312
63.399581,30,8472.597038
66.131917,36,8478.999168
61.65292,25,8483.441428
63.302406,69,8495.641515
59.889643,22,8499.536464
61.956621,24,8503.778434
53.285245,8,8505.218827
62.379792,25,8509.614003
64.31464,30,8514.921109
60.94099,26,8519.396438
61.414533,25,8523.82125
59.096059,22,8527.707674
55.799466,15,8530.363755
67.07909,59,8540.767246
50.636242,59,8551.194444
58.672569,18,8554.397035
59.971386,67,8566.28433
57.418772,19,8569.67324
62.683309,27,8574.462939
60.687888,24,8578.727677
59.665814,24,8582.968886
59.044492,22,8586.854996
63.970415,29,8591.982929
53.893216,27,8596.774089
58.992722,21,8600.50225
63.049097,27,8605.295168
60.725049,23,8609.382477
55.060921,10,8611.179933
61.280325,72,8623.907956
57.66705,17,8626.926073
57.271687,14,8637.759542
54.266685,10,8639.539558
59.742306,33,8645.405529
62.822818,28,8650.377351
56.087993,16,8653.222754
64.360098,30,8658.541598
57.948502,19,8661.914376
61.064232,21,8665.638632
58.575923,57,8675.731214
61.785316,24,8679.993091
62.708091,26,8684.601812
52.726773,19,8687.997523
54.601298,11,8689.970854
62.911805,36,8696.366351
60.081319,21,8700.105455
53.004017,6,8701.199803
56.903587,15,8703.874146
63.481108,28,8708.852586
60.829277,25,8713.382623
50.912182,49,8722.115153
62.733922,27,8726.932504
60.619112,25,8731.397512
63.648262,28,8736.372778
61.76995,24,8740.653569
52.884993,56,8750.653432
57.562959,18,8753.881086
61.801197,24,8758.140381
58.901004,20,8761.716707
56.375709,16,8764.566943
61.235389,22,8768.496293
57.44424,15,8771.161749
61.197217,24,8775.444821
54.211855,9,8777.077089
55.896557,34,8783.134394
65.170471,37,8789.745811
54.577361,11,8791.715414
50.945644,8,8793.160663
59.877587,20,8796.726506
62.04377,26,8801.39907
67.72246,54,8810.993331
56.020614,14,8813.501538
54.280331,9,8815.122183
63.596314,29,8820.262194
63.950686,29,8825.431546
60.87319,23,8829.550168
62.715515,27,8834.389144
55.274815,11,8836.371135
59.593627,22,8840.330122
55.807176,11,8842.309448
58.978742,85,8857.460425
57.649965,71,8870.213545
60.536182,24,8874.501334
60.225766,23,8878.591797
66.960604,50,8887.502804
61.894797,25,8891.965875
62.721407,27,8896.792261
61.508478,22,8900.720089
54.982859,12,8902.871201
56.25404,14,8905.397372
56.170616,19,8908.795908
57.529524,19,8912.17858
57.513955,17,8915.207907
55.903395,13,8917.549285
56.350693,16,8920.418601
60.359992,24,8924.684069
57.478485,18,8927.929429
56.665075,16,8930.797861
55.706542,13,8933.149854
61.379375,65,8944.740207
59.037373,21,8948.500411
57.013936,14,8951.016633
53.544948,8,8952.469221
59.457406,20,8956.057522
60.535726,22,8960.007601
62.673526,78,8973.894077
60.509302,21,8977.654846
62.554139,26,8982.300495
57.363709,18,8985.544375
61.316393,22,8989.514692
63.745313,28,8994.519373
60.164045,22,8998.475993
59.891207,21,9011.534313
56.676934,14,9014.039927
53.028651,21,9017.877864
56.059913,12,9020.050373
56.141526,12,9022.203295
56.070862,12,9024.37065
65.571871,35,9030.5906
59.311181,20,9034.171687
55.667685,55,9044.017713
61.197119,22,9047.952438
57.253471,16,9050.836381
56.881482,15,9053.529996
58.307559,20,9057.115688
59.629895,35,9063.373652
62.430072,26,9068.023477
59.855796,22,9071.960461
58.664954,17,9075.014708
56.429872,16,9077.909122
59.112947,18,9081.208237
62.572227,25,9085.806065
63.275312,39,9093.06051
53.92254,8,9094.56305
53.021057,6,9095.69676
56.972566,17,9098.83442
62.733118,27,9103.861708
52.159323,16,9106.817545
62.688385,25,9111.465831
58.880901,19,9114.992618
61.145427,28,9120.402983
63.245716,29,9126.008491
61.704793,25,9130.566475
60.103911,20,9134.18432
62.352854,25,9138.649179
59.822422,21,9142.421662
53.719132,51,9151.607579
62.733199,68,9163.759921
59.19117,19,9167.179302
63.743337,29,9172.40015
56.776803,17,9175.530072
60.629356,21,9179.299149
63.051251,27,9184.149616
59.555386,20,9187.745642
57.718919,17,9190.804049
54.502895,11,9192.801812
64.649329,36,9199.245495
54.089888,10,9201.062043
54.656929,11,9203.061789
59.882162,77,9216.885009
57.201844,61,9227.840396
59.714094,22,9231.818084
59.57653,19,9235.246034
56.903648,14,9237.782691
63.186201,29,9243.016291
61.063795,32,9248.765893
57.539128,17,9251.845672
54.86174,12,9254.022444
57.486186,17,9257.08972
63.099674,26,9261.770778
63.0262,59,9272.388592
58.239596,16,9275.288217
61.06908,25,9279.790717
62.233038,26,9284.494075
60.494289,21,9288.266458
61.442656,25,9292.78241
51.513555,31,9298.357719
58.949321,21,9302.154863
54.086646,9,9303.811685
62.012037,25,9308.305262
60.795891,23,9312.451381
59.092348,18,9315.844748
55.45393,12,9318.008809
54.579012,11,9320.016814
65.802846,36,9326.548421
63.012515,29,9331.787254
60.935623,21,9335.57081
66.80081,48,9344.205323
61.143814,22,9348.171884
50.52887,1,9348.387766
61.712634,25,9352.915172
60.725215,22,9356.905011
62.770076,27,9361.776915
50.134137,22,9365.751728
64.159433,38,9372.597977
61.863239,26,9377.301845
57.997277,54,9395.602794
58.04371,16,9398.495502
61.466204,55,9408.422005
62.532926,28,9413.469679
61.049656,64,9424.988917
58.300358,62,9436.181144
54.305919,11,9438.188627
59.08887,68,9450.880888
59.328065,21,9454.817337
59.48803,19,9458.346109
59.782848,23,9462.752895
60.059993,20,9467.310221
64.824664,69,9481.0332
62.937193,29,9486.768693
59.994093,79,9502.204565
56.828255,13,9504.731059
56.456589,14,9507.384562
57.541677,15,9510.189633
61.066307,21,9514.141246
54.634541,9,9515.813871
57.308276,14,9518.406803
59.175025,20,9522.098852
60.330882,23,9526.363297
58.4918,18,9529.829011
63.670128,29,9535.258255
60.251759,47,9544.012157
62.048882,25,9548.580022
54.262835,58,9559.14678
60.839007,44,9567.187679
62.511625,62,9578.491045
55.581626,41,9586.112977
61.197149,24,9591.370243
57.982606,19,9595.346539
56.86342,59,9607.703058
56.333516,15,9610.689392
60.500852,24,9615.54941
59.805288,20,9619.626557
61.076488,57,9631.054834
59.626885,21,9635.494961
60.030193,21,9639.907309
61.840706,25,9645.3787
59.88352,21,9650.159897
58.826776,20,9654.445421
63.590482,50,9664.430024
58.105808,20,9668.412878
61.064934,23,9672.969028
54.14726,57,9684.922218
62.33998,31,9691.937232
59.483955,19,9695.777608
54.91626,11,9697.982527
59.455712,22,9702.689227
56.814957,16,9705.872593
57.631385,19,9710.097366
61.033382,25,9714.927313
62.935331,28,9720.452145
55.922103,59,9731.748809
56.218837,30,9737.48816
50.138222,1,9737.713583
64.024866,31,9743.681301
58.670462,18,9747.278636
53.148892,49,9757.530018
56.643594,41,9765.831571
54.610642,11,9768.021779
56.842953,13,9770.608297
62.120378,24,9775.249592
61.826644,24,9780.241361
58.47998,16,9783.648734
54.307904,25,9788.869122
55.451033,40,9807.342954
51.28307,4,9808.219856
49.512814,1,9808.463212
59.469143,23,9813.451745
58.859205,20,9817.66464
59.685131,20,9821.673593
56.889574,41,9830.161085
60.998943,24,9836.053197
57.907039,18,9840.238377
61.554008,24,9845.026675
58.294793,21,9849.56934
61.885761,26,9855.225561
69.550089,58,9866.960903
59.859525,22,9871.424731
62.348506,26,9876.534755
62.702349,26,9881.632613
58.27411,17,9885.078172
56.492619,57,9896.956537
60.450163,36,9904.207246
52.017032,4,9905.013576
57.591027,18,9908.529852
62.221942,36,9915.668957
61.764256,24,9920.397579
56.076775,80,9936.279787
58.910613,22,9940.607305
61.958035,25,9945.477119
62.767344,26,9950.755221
63.34074,28,9956.454543
60.000694,20,9960.474229
57.530087,17,9963.900156
58.44333,21,9968.156125
61.46322,24,9973.00037
64.193515,30,9978.977717
55.542893,15,9982.018441
52.698959,37,9989.556792
55.43185,13,9992.270005
60.756424,21,9996.51547
54.547536,9,9998.369039
60.498949,24,10003.46757
62.002858,54,10014.705837
59.431358,25,10019.721013
62.189871,23,10024.387092
54.473527,10,10026.389716
62.728004,25,10031.592149
56.177739,14,10034.492328
60.103281,46,10044.627168
54.761828,10,10046.85
61.34094,23,10051.85777
59.920892,19,10055.857649
60.523499,24,10060.700356
55.601366,56,10071.893522
64.596645,35,10078.924537
64.538478,36,10086.096238
60.692916,22,10090.458866
58.34768,16,10093.657611
61.852484,24,10098.466995
64.444118,31,10105.07572
58.093435,18,10108.607713
55.043907,62,10121.177061
59.456668,19,10125.093735
62.523746,26,10130.06704
56.392608,66,10142.130086
53.975513,8,10143.61066
57.371188,14,10146.160104
58.770229,55,10156.199782
60.924618,22,10160.203076
55.247497,11,10162.230529
58.949908,20,10165.961292
59.932864,23,10170.138926
58.073328,55,10180.156788
62.196838,25,10184.714576
65.376257,68,10197.060763
57.802166,16,10199.996527
57.03882,15,10202.751721
63.865564,73,10225.248405
59.020334,22,10229.410161
59.748953,20,10233.27237
59.916112,21,10237.26821
65.230295,60,10248.823545
62.992239,68,10262.198252
60.39249,23,10266.597442
62.052032,26,10271.61809
61.922422,25,10276.275988
58.531754,65,10288.481739
61.700732,23,10292.76681
56.486355,13,10295.216888
61.034359,25,10299.960034
59.520777,20,10303.771953
59.815146,32,10310.043448
52.995044,7,10311.428182
50.810182,47,10320.577344
61.504242,24,10325.18036
56.325501,78,10339.801741
57.659968,19,10343.372591
61.046819,53,10353.368774
62.311328,36,10360.172414
58.506493,17,10363.342549
56.809429,13,10365.792168
54.111386,21,10369.799585
60.173626,23,10374.142752
57.697414,18,10377.515868
55.225091,14,10380.159073
52.719573,6,10381.320087
57.996472,25,10385.99376
61.232929,35,10392.565047
53.866021,9,10394.265536
60.211336,20,10398.022272
61.34025,23,10402.359233
62.733433,27,10407.41817
62.482264,25,10412.088976
67.323694,39,10419.385369
62.887987,27,10424.447414
62.445858,25,10429.154587
61.640672,24,10433.696534
62.031241,89,10450.418319
55.049133,13,10452.876068
61.44684,22,10456.993874
64.171811,30,10462.623541
54.944346,13,10465.102831
62.021468,51,10474.646708
61.852747,26,10479.563122
55.954898,12,10481.835618
61.97344,26,10486.749988
55.74018,11,10488.83364
57.036023,15,10491.654843
57.92541,17,10494.868525
59.001537,21,10498.840299
60.759665,24,10503.345319
57.868847,19,10506.943967
68.15972,55,10517.461496
53.691544,9,10519.181739
62.890077,27,10524.359211
63.194483,28,10529.643411
60.229042,22,10533.776997
57.347937,18,10537.193327
60.97881,23,10541.535459
66.623029,52,10551.334104
54.969193,58,10562.281734
54.304911,53,10572.314661
56.505643,64,10584.396952
55.363283,78,10599.147775
58.826605,56,10619.8676
55.294978,14,10622.537671
60.62917,24,10627.092774
55.12497,13,10629.585537
61.698932,31,10635.420023
55.534363,11,10637.534597
58.08803,18,10640.964005
61.594174,25,10645.703846
58.51812,19,10649.301857
64.159652,92,10666.728297
59.401765,22,10670.902764
58.1767,19,10674.519098
59.537562,23,10678.893897
49.818818,1,10679.116214
55.007409,12,10681.416142
61.919855,23,10685.775839
55.827224,11,10687.874012
55.732598,15,10690.74315
56.233695,24,10695.347838
58.565454,17,10698.596707
54.897206,12,10700.917723
56.662243,14,10703.594918
61.596789,79,10718.580696
63.973218,30,10724.283902
57.411678,19,10727.90219
57.344084,66,10740.477981
57.346027,19,10744.08325
52.990807,6,10745.25123
57.22905,16,10748.303059
57.612033,29,10753.858154
57.53171,15,10756.719035
62.33845,25,10761.50426
61.17626,51,10771.204295
57.779913,15,10774.076124
66.293012,54,10784.358386
64.761093,34,10790.813369
56.39986,23,10795.21824
55.383893,13,10797.712277
56.305468,61,10809.348316
59.619538,19,10812.987906
59.603901,19,10816.59833
63.318245,38,10823.871083
56.977305,16,10826.929972
60.747555,23,10831.331762
50.106686,1,10831.556625
66.642123,36,10838.468066
60.715552,24,10843.076358
58.641194,19,10846.728954
57.86949,17,10850.011245
57.417161,14,10852.705707
56.375553,13,10855.216045
63.871676,32,10861.346641
58.018384,17,10864.644024
60.604702,21,10868.662526
58.032934,16,10871.734269
56.437207,14,10874.418784
54.72448,10,10876.343921
61.679326,25,10881.124128
60.159537,22,10885.354023
55.165717,50,10894.917215
59.072752,20,10898.75421
55.876971,13,10901.274207
62.758304,26,10906.223303
59.967683,21,10910.246465
61.070946,22,10914.450759
62.734206,26,10919.450395
57.504374,43,10927.666829
56.418325,13,10930.192919
61.055781,61,10941.863738
57.483636,16,10944.955941
60.791145,25,10949.764321
54.749052,10,10951.706432
53.539647,7,10953.071764
63.61999,28,10958.428656
62.833072,28,10963.794374
58.531513,51,10973.601002
60.726209,21,10977.630183
58.584093,18,10981.079294
68.266615,54,10991.422525
58.793883,19,10995.112211
65.87568,37,11002.230036
61.190737,56,11022.268725
59.522477,54,11032.644116
63.743676,32,11038.863228
62.792779,26,11043.864293
57.685462,17,11047.148534
59.969193,23,11051.610946
55.835627,15,11054.512095
62.209884,25,11059.359125
63.546029,28,11064.744913
56.137172,14,11067.481876
60.36715,22,11071.716862
57.612699,23,11076.173244
58.285689,19,11079.875739
62.791818,53,11090.196923
67.650737,57,11101.172194
61.871302,26,11106.176612
62.978385,27,11111.372646
60.803823,22,11115.759875
55.457683,14,11118.504729
63.479967,42,11126.713152
62.927356,75,11141.249663
58.986136,23,11145.705951
57.445341,58,11157.020125
56.359919,12,11159.336015
56.029344,15,11162.258179
59.0052,18,11165.764965
58.108831,18,11169.247952
56.593564,14,11171.974009
63.735872,47,11181.075904
55.419914,14,11183.826176
54.286074,11,11185.998581
52.012502,4,11186.803835
56.433745,14,11189.511686
59.890721,23,11193.993304
54.413706,11,11196.158885
58.461156,17,11199.454582
62.831026,27,11204.741574
50.34189,44,11213.296585
59.653708,21,11217.380284
63.574339,28,11222.81581
57.315862,47,11231.952004
62.3457,26,11237.114163
64.671298,81,11254.265786
59.549908,23,11259.303532
56.968687,46,11269.293831
63.832178,29,11275.511236
58.715705,18,11279.34731
58.459969,16,11282.801541
59.36698,22,11287.544239
60.998733,45,11297.230032
58.770573,63,11310.666522
56.114753,15,11313.896842
53.121219,7,11315.410833
62.998609,50,11326.136275
54.912194,11,11328.507346
53.665675,7,11330.031455
61.47715,64,11343.778578
62.160103,60,11356.608488
60.716658,23,11361.529242
58.669998,23,11366.461062
54.904135,11,11368.830063
60.020138,23,11373.781417
62.744579,30,11380.207743
63.240587,28,11386.25431
62.083324,24,11391.39109
61.171681,22,11396.145367
57.09554,14,11399.165235
59.535933,18,11403.030885
57.913208,20,11407.332766
58.543021,17,11410.981805
58.559354,17,11414.643276
59.373589,20,11418.933726
54.190328,10,11421.108467
60.381701,20,11425.414049
57.855001,18,11429.314179
57.079526,15,11432.587582
59.070815,20,11447.948185
61.389534,26,11453.537583
57.828533,17,11457.218237
65.465495,47,11467.307895
59.66569,67,11481.72649
61.786081,25,11487.110476
61.187423,24,11492.401731
65.029257,33,11499.606687
62.406034,25,11505.2367
60.022553,22,11510.061909
60.222956,21,11514.63402
55.379842,13,11517.564126
61.288919,24,11522.910206
60.582504,22,11527.772149
55.499372,28,11533.92018
59.184956,19,11538.108235
60.389228,22,11543.01148
60.392643,21,11547.705991
61.43262,23,11552.722986
60.381591,36,11560.561389
63.741612,41,11569.480863
64.127262,61,11582.62675
63.790019,29,11589.316023
60.845419,21,11594.493932
62.693431,27,11600.577858
60.56203,79,11618.089735
62.448446,27,11624.066947
61.047912,21,11628.732302
60.919331,22,11633.624957
57.939534,17,11637.324165
62.351372,27,11643.184694
64.913854,36,11651.317479
62.736872,25,11656.825837
59.666462,19,11660.951964
51.411898,28,11667.014735
65.512598,33,11674.147295
63.645721,28,11680.204335
59.06818,22,11684.96101
61.508106,25,11690.356923
50.131167,1,11690.610785
65.644318,68,11705.312822
59.29724,19,11709.462429
59.91208,23,11714.527165
58.564982,18,11718.564108
58.886076,23,11723.601852
57.711289,15,11726.881637
57.924879,17,11730.621415
58.930425,18,11734.537431
56.568524,13,11737.383523
66.695524,48,11747.836404
61.455847,38,11756.134968
57.834461,26,11761.922841
59.071598,18,11766.076973
56.820854,13,11768.998013
62.819643,48,11779.612566
56.685039,51,11791.442729
58.831583,20,11795.929315
56.785631,13,11798.83895
59.994159,21,11803.586408
55.995965,12,11806.267292
59.053141,18,11810.288898
56.130915,13,11813.212339
54.708335,9,11815.234167
55.901252,63,11829.740445
53.951291,47,11840.326694
58.41052,18,11844.278785
50.204861,1,11844.535192
59.053201,22,11849.440208
53.750527,9,11851.444719
57.738552,18,11855.428462
62.700391,36,11863.434608
56.882764,16,11867.065889
61.466049,24,11872.420223
62.437914,27,11878.35206
60.854459,27,11884.277859
62.178819,25,11889.905477
54.86647,12,11892.665323
60.175904,42,11912.763398
54.780245,10,11914.967911
65.864209,51,11926.253295
57.54213,15,11929.552187
61.565724,23,11934.667415
59.933818,22,11939.576497
64.212355,31,11946.577944
61.563945,74,11963.124024
59.63453,21,11967.78257
60.002509,23,11972.861225
62.201987,26,11978.622061
56.007231,62,11992.325481
61.166408,22,11997.179748
57.255772,72,12013.455757
55.203542,14,12016.622395
64.019072,49,12027.610556
54.266063,9,12029.623643
65.444087,62,12043.331949
64.045305,30,12049.947891
63.701311,47,12060.362243
57.17208,17,12064.154086
58.826338,20,12068.620124
60.342605,24,12074.084456
49.966428,1,12074.345088
60.070027,23,12079.571349
62.146057,26,12085.356714
53.496379,7,12086.942853
61.00478,24,12092.269726
58.377806,21,12096.951433
69.511875,55,12109.373517
60.071682,22,12114.307449
63.038815,27,12120.381531
57.949025,19,12124.631924
58.079327,19,12128.885711
53.692467,28,12135.119581
60.859013,22,12140.021604
61.49178,24,12145.384811
53.971087,8,12147.278644
53.498769,8,12149.150192
58.753717,22,12154.381918
62.229478,24,12159.760412
57.787108,17,12163.71378
53.816336,9,12165.763448
62.23285,25,12171.226304
52.669569,49,12181.908686
61.606829,24,12187.087984
56.649948,16,12190.545745
60.405997,80,12207.886637
62.878015,27,12213.684099
60.412024,24,12218.876803
61.713362,24,12224.096251
59.92461,21,12228.635871
57.863493,68,12243.884036
54.732953,10,12246.147572
54.258797,9,12248.18172
67.407235,38,12256.694732
60.63999,23,12261.849634
62.246211,72,12278.247985
55.238274,14,12281.408946
56.609102,15,12284.803972
62.555495,48,12295.54718
54.568212,27,12301.599331
58.418325,20,12306.121843
62.472627,27,12312.354572
62.315574,24,12318.225267
60.420864,24,12324.046842
60.72622,21,12329.062669
58.13934,50,12340.722169
61.11247,23,12346.850276
61.410701,23,12352.331088
60.725813,21,12357.184088
59.665895,19,12361.539331
55.064303,58,12387.453701
51.144008,32,12394.754063
57.523169,15,12398.213732
57.288429,39,12407.261635
63.75544,28,12413.53512
52.500743,5,12414.693878
57.33926,14,12417.883536
54.650778,12,12420.594982
56.922377,20,12425.103121
59.136273,18,12429.165254
54.646914,12,12431.869263
66.371313,36,12440.083277
54.239982,8,12441.936336
58.604256,17,12445.852869
61.777333,24,12451.282854
59.637139,19,12455.63282
61.717627,25,12461.463017
62.009366,25,12467.329211
60.672559,22,12472.338876
50.505012,1,12472.603999
57.716103,19,12477.008702
63.722886,28,12483.315296
59.46557,20,12487.840132
63.320379,29,12494.350641
57.540145,20,12498.900712
57.898926,18,12502.96436
55.957371,15,12506.400034
54.992205,13,12509.347825
61.865971,24,12514.735595
61.625182,26,12520.656086
59.871274,67,12535.740312
63.502845,28,12542.063593
60.687012,23,12547.43109
59.308301,19,12551.716476
56.588637,16,12555.394163
63.966822,52,12567.286451
52.93271,42,12577.63778
58.417734,19,12581.841831
58.451655,17,12585.67654
59.115839,23,12590.920052
63.842278,33,12598.596589
62.710297,27,12604.768809
62.165908,31,12611.920742
58.852741,21,12616.715255
51.115481,26,12622.566486
60.912683,21,12627.294601
57.225044,18,12631.369786
61.048172,23,12636.806193
58.72331,20,12641.463255
61.466191,23,12646.785975
56.945224,18,12650.923406
58.65173,20,12655.551373
61.133869,24,12660.937701
61.370542,23,12666.079147
57.239571,18,12670.139403
57.29878,15,12673.565816
57.453559,50,12685.236274
56.713319,70,12701.785953
55.100386,13,12704.867293
63.7709,29,12711.824407
58.965378,19,12716.524678
53.281611,8,12718.56121
63.16023,28,12725.566971
61.25358,23,12731.162039
60.320086,55,12744.708056
55.947562,44,12755.23765
54.65391,10,12757.532426
57.546319,15,12760.939544
62.259322,26,12767.037005
54.860734,13,12770.137906
56.221468,16,12774.026034
56.878892,62,12788.815879
61.384012,23,12794.124124
62.482452,50,12805.416759
58.417644,20,12809.931441
54.509149,11,12812.478075
53.099461,6,12813.856662
61.544084,27,12819.956601
61.77158,23,12825.217395
60.088843,21,12829.967517
60.351612,62,12844.39042
62.128237,23,12849.664243
53.227533,8,12851.524479
61.140995,24,12857.205024
58.606289,17,12871.317669
60.332047,23,12876.992747
61.489546,22,12882.062638
55.335093,54,12894.353541
68.153763,54,12906.514779
61.070042,22,12911.43243
62.670378,26,12917.558056
58.75745,20,12922.423793
55.605999,13,12925.558498
62.312473,68,12941.755631
61.32625,25,12947.557795
57.911431,20,12952.27492
57.882731,18,12956.556354
59.642623,19,12961.181468
58.589671,19,12965.806352
60.83833,30,12973.242479
64.026232,31,12980.721562
61.880945,24,12986.372499
61.609691,23,12991.781591
59.172118,53,13004.547719
54.789915,12,13007.283509
57.777889,17,13011.143894
63.791092,30,13017.899333
55.043213,10,13020.27764
57.431232,21,13025.463932
53.740021,9,13027.562296
57.243974,15,13031.359118
62.606751,38,13040.35323
59.864006,20,13045.195616
62.306023,27,13051.801062
59.795888,34,13059.629729
61.700509,24,13065.549946
55.768338,14,13068.951878
56.093215,13,13071.991233
51.875686,47,13083.3521
61.780042,67,13098.658476
60.289263,23,13103.85171
57.956218,17,13107.873944
54.985035,21,13112.823013
62.637378,26,13118.968239
62.772738,27,13125.347594
55.740447,15,13128.966669
58.640739,22,13134.062509
54.482749,9,13136.145064
49.935748,1,13136.423352
63.398517,29,13143.104789
61.677915,23,13148.559002
57.934621,18,13153.023729
58.83128,29,13159.608294
62.780609,27,13165.77264
63.143745,28,13172.141973
55.685155,14,13175.335052
56.21335,55,13187.755264
52.888214,6,13189.192674
59.494105,20,13193.780192
63.167157,28,13200.180121
58.699418,19,13204.446529
58.669663,22,13209.468513
61.700389,23,13214.957708
57.68232,54,13227.630093
62.080856,25,13233.372791
54.786292,59,13247.005632
54.531475,9,13249.078285
52.426801,21,13254.059607
54.493895,11,13256.725206
61.707098,26,13266.848653
57.087363,46,13278.733363
58.104005,60,13292.968059
63.340983,28,13299.617188
59.798914,22,13304.851867
55.86653,12,13307.718891
61.133301,23,13313.62887
59.159431,19,13318.420486
61.961098,24,13324.775418
59.361574,22,13330.625426
54.682848,13,13333.953652
62.922181,27,13340.941619
54.365901,10,13343.472823
55.777759,15,13347.306455
59.779246,23,13353.038682
62.117676,25,13371.240522
59.880426,20,13376.063523
62.788589,26,13382.586496
60.476511,22,13388.118075
57.988376,18,13392.775319
57.275501,15,13396.611874
60.31687,21,13401.973261
54.951487,10,13404.514957
63.798492,63,13420.817825
70.095028,56,13435.238466
60.889024,21,13440.532565
63.246943,38,13450.112227
57.765009,35,13458.606519
53.583708,8,13460.547974
62.433477,27,13467.408072
58.495542,17,13471.611766
54.490333,11,13474.176025
61.984544,25,13479.999594
59.72076,61,13494.303913
63.432736,28,13501.194016
56.222421,12,13504.329894
60.832973,22,13509.774093
54.751623,10,13512.289979
55.299701,10,13515.06637
61.467096,23,13520.770779
54.721591,58,13535.496664
51.618304,51,13547.622701
61.204052,24,13553.120458
61.012996,22,13558.241901
62.229535,25,13564.660916
59.868945,33,13572.810542
60.997095,22,13578.067926
56.354756,16,13581.709563
59.785335,24,13587.150425
54.670536,10,13589.434266
61.785056,23,13594.628188
58.524535,18,13598.671163
66.02112,50,13609.937708
54.374238,56,13622.996982
54.894766,10,13625.291155
55.147474,14,13628.557996
65.003404,33,13636.261726
56.273735,12,13639.081546
62.508561,27,13645.22436
56.800181,16,13649.114392
59.92459,22,13654.444417
54.335229,36,13662.753925
60.359716,23,13668.354455
60.158774,21,13673.355631
54.508176,11,13675.908514
53.638121,9,13678.022675
58.258161,18,13682.367596
60.33978,20,13687.346124
57.406293,16,13691.289176
58.536576,19,13695.793645
58.918997,22,13700.959344
65.097573,32,13708.496448
59.726416,22,13713.830729
61.226981,23,13719.214131
60.680295,23,13724.495186
62.722948,27,13730.613849
60.998566,41,13740.493341
56.172903,14,13743.956811
64.187127,30,13751.11186
57.802446,18,13755.32747
63.439524,28,13761.729151
56.912057,45,13772.629409
54.72966,10,13775.268766
61.055746,24,13781.254669
60.879226,24,13787.059688
57.189836,17,13790.958038
64.381385,79,13809.260503
57.293294,15,13812.779221
59.577764,21,13817.838193
62.064324,25,13823.937246
54.768164,58,13837.85007
60.494373,24,13843.648617
61.680117,29,13850.361153
60.904618,23,13855.677227
62.906396,26,13861.900083
62.999103,28,13879.812728
61.775401,48,13890.735389
56.408245,14,13893.946768
62.967236,26,13899.868252
57.434043,17,13903.763552
55.056878,42,13913.354313
64.528469,42,13922.988413
54.979431,74,13940.764782
60.140317,21,13945.901364
58.410523,20,13950.712177
52.505183,5,13951.93672
60.552907,23,13957.521158
56.679854,17,13961.80883
66.074834,36,13970.509052
55.898559,50,13982.136755
54.95252,57,13995.376714
58.348306,18,13999.512418
53.526739,7,14001.128365
55.247225,14,14004.33786
60.398442,22,14009.339063
60.428132,21,14014.098916
57.628214,73,14030.679105
55.729515,61,14044.512125
56.850403,18,14048.61685
62.683839,29,14055.180388
59.575878,21,14059.961973
55.635023,11,14062.515142
60.611676,22,14067.655534
58.537047,22,14072.930372
63.031093,26,14079.285212
54.229699,9,14081.488721
56.087064,68,14098.204048
60.869352,24,14103.930458
54.786205,62,14118.978865
56.809075,63,14133.696421
59.437813,22,14138.945335
63.912921,30,14145.970444
63.997699,29,14152.934204
54.080067,43,14163.133405
60.334294,24,14168.84902
60.335134,22,14174.097319
58.24502,19,14178.864011
61.611741,25,14185.345846
52.735065,57,14198.678071
56.101995,12,14201.510994
68.017098,55,14214.33994
60.132152,20,14218.932914
61.081063,23,14224.274277
58.560531,17,14228.178269
61.970881,26,14234.127398
61.054575,44,14244.255529
60.116267,23,14249.816662
49.706085,1,14250.099649
59.080727,19,14254.533267
54.030136,8,14256.395787
56.481455,13,14259.500886
55.764374,12,14262.432782
61.933264,26,14268.558511
58.737227,22,14273.79345
61.027177,24,14279.320152
57.062288,14,14282.560086
55.334998,11,14285.109103
56.8345,17,14289.05624
57.015526,14,14292.289343
61.443278,25,14298.030832
52.668562,30,14304.978478
54.603924,9,14307.072125
60.513584,23,14312.391698
56.952695,18,14316.545148
54.672674,12,14319.343413
55.808757,12,14322.133981
63.001683,27,14328.325361
59.840911,20,14333.004486
55.031276,12,14336.172107
52.853581,6,14337.655036
63.203184,27,14344.057357
60.333653,21,14349.21608
61.554304,23,14354.635782
62.940122,27,14375.601146
67.621537,54,14389.238784
61.564211,23,14394.991072
55.813884,13,14398.244515
50.646858,19,14403.124268
60.780211,24,14409.098109
57.016328,14,14412.448535
57.377158,68,14429.330483
57.786575,63,14444.605495
56.602138,16,14448.355402
58.384374,20,14453.049645
55.463017,14,14456.36703
61.381744,24,14461.972502
52.579663,17,14466.033873
56.287979,44,14476.342823
62.419847,25,14482.189065
63.501552,36,14490.749711
61.500612,24,14496.494125
60.5938,21,14501.473078
55.876156,13,14504.581482
54.647956,54,14517.178036
62.180514,24,14522.750704
57.789608,22,14527.867998
66.796634,36,14536.340428
63.427183,34,14544.417231
63.061344,26,14550.533253
57.17145,19,14555.011691
60.265544,23,14560.387832
62.587797,70,14576.739483
58.888226,18,14580.945472
56.81903,60,14595.209423
57.17403,67,14611.419001
63.550197,30,14618.74274
58.567917,19,14623.421613
61.441241,24,14629.248799
61.647325,25,14635.150519
59.779259,22,14640.374436
56.686106,18,14644.555904
63.695672,29,14651.28867
59.67433,22,14656.387843
56.928453,16,14660.122716
56.486269,14,14663.395779
60.517362,23,14668.863405
55.859584,12,14671.840703
59.905702,29,14678.950044
61.598017,24,14684.965286
54.268248,9,14687.232731
57.636162,16,14691.266095
61.977024,63,14706.871878
58.911611,21,14712.141992
56.803189,68,14729.587534
57.920592,45,14740.539299
59.521523,20,14745.338521
53.70725,7,14747.053702
59.620482,26,14753.214214
55.789331,12,14756.126601
60.564057,25,14762.059273
60.978364,23,14767.591443
54.634689,12,14770.467342
58.707645,58,14784.238376
60.853509,21,14789.418079
59.209915,22,14794.955429
60.594891,21,14800.258172
58.859151,20,14805.237422
66.368663,37,14814.600413
55.480848,11,14817.405493
59.608442,19,14822.115639
65.156109,49,14834.367836
60.780632,24,14840.47059
55.356306,12,14843.346427
61.189182,30,14850.67055
56.15372,14,14854.034618
63.367155,29,14861.270574
55.171529,14,14864.818109
60.755596,23,14882.11221
62.486335,27,14888.767174
56.463211,13,14891.994345
57.179149,36,14900.914863
62.014859,25,14906.888278
56.207381,14,14910.238775
57.676677,17,14914.357835
56.883003,18,14919.013026
55.821416,14,14922.457954
62.836855,38,14932.188978
55.747299,14,14935.808444
59.803183,23,14941.244108
63.367419,29,14948.060901
57.648498,16,14951.843146
57.032082,16,14955.67115
53.003978,6,14957.164203
62.479537,26,14963.435026
62.534775,25,14969.726444
58.120662,18,14974.413447
56.764773,33,14982.811401
63.887337,29,14990.214678
61.437532,26,14996.601599
57.947521,15,15000.258818
60.713231,23,15005.717646
60.426478,21,15010.741768
63.367076,29,15017.819538
57.169805,15,15021.476023
64.527329,35,15029.941628
60.094041,20,15034.846507
60.150226,21,15039.988706
62.386939,27,15046.567651
56.170902,14,15050.027547
64.251287,30,15057.342464
63.641796,28,15063.950893
59.012871,60,15078.322149
59.814655,21,15083.584728
61.771335,24,15089.453975
59.009466,17,15093.560144
55.981618,14,15096.938114
60.325242,23,15102.642627
62.961836,59,15117.112957
56.171432,14,15120.520228
49.686185,1,15120.805755
60.444286,27,15127.422558
62.691004,26,15133.85245
57.040684,17,15138.091998
60.19399,20,15143.091873
59.60659,21,15148.269449
65.698127,49,15160.329418
56.374512,38,15169.569376
57.534644,19,15174.308253
64.665528,76,15192.860878
56.442381,20,15197.794641
60.004826,23,15203.583816
57.585551,17,15207.82243
58.811048,18,15212.261804
62.824257,25,15218.385906
56.299523,14,15221.848642
61.892996,64,15237.403503
57.290411,61,15252.819888
60.692778,23,15258.354015
63.054068,27,15265.009575
57.987191,18,15269.480086
59.208901,46,15280.702876
62.928515,73,15298.595047
60.094237,23,15304.48099
60.434146,20,15309.361167
57.163772,16,15313.363977
63.59872,28,15320.609158
52.431233,38,15330.780718
60.404659,63,15346.19522
62.814806,68,15363.093675
56.981383,16,15367.110654
60.480954,22,15372.738843
54.926255,13,15375.969808
61.550418,24,15381.875895
54.656026,10,15396.056818
58.374854,16,15400.050034
59.381196,22,15405.551137
64.287349,50,15418.036175
62.677003,27,15424.767006
61.095887,22,15430.253742
55.237297,11,15433.025031
61.843438,26,15439.509468
57.598095,17,15443.778693
59.546952,23,15449.505451
53.375373,7,15451.268836
58.639877,19,15456.154506
61.040095,22,15461.820539
57.523555,15,15465.514498
58.479082,16,15469.626872
60.9612,23,15475.493922
51.651576,36,15484.396097
58.450689,20,15489.517437
54.655629,10,15492.166116
60.046048,23,15498.908502
60.012079,22,15504.451763
60.855815,28,15511.478721
65.836905,50,15523.702561
62.392023,50,15535.765625
61.94408,34,15543.980094
57.566771,40,15553.918782
52.388093,6,15555.394198
56.096704,17,15559.496701
53.649039,7,15561.196989
53.982946,36,15569.882102
59.281008,18,15574.193304
54.885907,73,15591.760549
53.303594,7,15593.482912
59.825074,22,15598.879287
57.084719,15,15602.547017
61.201157,23,15608.220834
57.725424,16,15612.459586
56.156856,15,15616.183593
51.905692,48,15628.143692
63.376734,29,15635.505165
62.094037,25,15641.995189
58.06309,62,15658.000815
60.90865,28,15665.270935
56.950282,17,15669.735415
63.454493,29,15676.796661
51.47107,47,15688.252233
63.085115,27,15694.782937
62.27123,24,15700.726616
56.920578,14,15704.320084
54.599631,10,15706.795391
55.296053,13,15709.948558
55.276494,11,15712.650568
62.072774,74,15730.596632
58.052387,18,15734.963182
62.922707,27,15741.733324
62.844133,50,15754.080383
60.620773,34,15762.295274
53.752154,8,15764.238679
60.192832,20,15769.073741
62.409357,26,15775.741557
57.741292,16,15779.713375
56.604316,15,15783.502355
60.309946,22,15788.959464
56.82693,13,15792.121732
57.059415,16,15796.021681
57.69124,17,15800.149815
64.784514,31,15807.906257
54.709534,9,15810.186106
63.542359,42,15820.679775
62.559888,25,15826.897918
60.609715,23,15832.595896
56.826362,14,15836.068245
63.037982,27,15842.649875
54.191869,8,15844.643159
61.360998,43,15855.104511
54.86829,10,15857.56754
58.283603,20,15862.439505
56.762635,14,15865.901718
58.582199,17,15870.194088
60.51234,24,15876.356175
60.393098,21,15881.637483
55.174226,12,15884.806267
59.237405,21,15890.226376
49.543362,1,15890.528681
59.716844,39,15900.447864
60.947161,25,15919.016508
62.582331,25,15925.249294
58.428677,49,15938.367201
57.7893,17,15942.762677
56.245645,28,15950.109321
63.443955,35,15959.090109
54.451783,10,15961.673443
53.828219,45,15973.085534
58.452568,20,15978.330004
55.924828,13,15981.685441
61.000236,23,15987.944417
56.781893,13,15991.426667
56.890914,16,15995.883957
61.591836,23,16002.028763
62.468543,27,16009.748712
61.40112,24,16016.134121
56.340577,65,16033.287597
63.650065,29,16040.851274
59.914225,20,16046.002497
60.663331,21,16051.343117
56.982199,17,16055.70961
62.412272,68,16072.904798
57.689418,63,16088.432651
55.137744,11,16091.155315
60.20928,23,16096.770825
56.742369,35,16105.490804
58.974741,65,16121.457502
55.395296,13,16124.669783
56.416163,19,16129.344919
61.997345,24,16135.223752
58.507669,18,16139.677407
61.675417,25,16146.015319
60.42096,23,16152.044836
58.600111,22,16157.733594
57.751991,62,16174.070366
55.431678,58,16189.292438
61.157263,22,16194.768011
60.83387,24,16201.224048
62.678568,70,16219.028293
57.825538,15,16222.741858
62.160657,42,16233.04548
56.973413,59,16247.447924
62.69987,26,16253.829075
57.425852,48,16265.480051
54.48474,11,16268.128867
60.916102,24,16273.776849
62.062818,26,16279.89726
60.771043,22,16285.092523
55.084407,10,16287.486218
61.029122,25,16293.337698
60.038742,23,16298.721371
58.680627,21,16303.692322
60.187997,22,16309.009098
53.50118,8,16311.027349
63.573352,34,16319.525144
58.884878,18,16324.070318
61.790413,61,16338.770319
59.857839,23,16344.195063
62.491346,27,16350.694445
60.779134,23,16356.106327
60.766993,22,16361.306002
61.761227,68,16377.442257
65.791821,50,16389.404817
60.018187,23,16394.924751
57.639952,18,16399.266969
55.906621,15,16402.881277
63.990067,30,16410.072793
61.233555,25,16416.083136
59.565392,20,16420.87934
61.754453,25,16426.878573
61.766226,66,16453.736737
60.739281,23,16459.291813
64.263496,35,16467.669695
60.555385,20,16472.438115
52.833801,36,16481.094736
55.25801,11,16483.764993
59.359772,27,16490.258501
51.369988,44,16500.897923
58.489967,51,16513.231525
60.601661,39,16522.70371
56.298866,17,16526.876653
62.315522,26,16533.133018
57.325345,18,16537.507549
54.098145,9,16539.718536
58.833707,20,16544.588969
64.178663,29,16551.564868
61.136755,22,16556.882638
63.554971,29,16563.86036
59.171457,19,16568.45927
59.287279,24,16574.229742
58.67426,21,16579.334066
60.175278,22,16584.623436
59.266444,22,16589.919051
57.860335,19,16594.596081
57.532734,51,16606.957777
58.05889,48,16618.539931
61.98142,23,16624.084964
64.625471,32,16631.751812
57.805566,18,16636.114438
62.701429,26,16642.509621
61.162167,47,16653.888344
55.407647,14,16657.294156
57.286075,19,16661.882695
59.1934,22,16667.190972
57.345009,16,16671.058539
57.630925,16,16674.9042
61.027788,23,16680.479614
59.136144,18,16684.848621
63.771568,28,16691.559717
64.277811,41,16701.433177
60.728747,25,16707.470437
58.323064,21,16712.536221
59.656667,21,16717.604229
63.79571,29,16724.594003
60.527197,24,16730.373326
49.49715,1,16730.6662
62.739607,27,16737.237524
55.65717,13,16740.436013
61.46054,23,16745.960476
51.064712,43,16756.394206
62.561811,26,16762.694391
64.828621,31,16770.227236
54.616002,12,16773.160438
65.11812,65,16788.897101
52.857494,30,16796.168646
59.083189,21,16801.265618
53.53155,7,16802.991011
55.705569,14,16806.394042
57.320096,15,16810.041184
61.454461,43,16820.489983
59.724629,59,16834.928362
59.859964,20,16839.824528
55.299332,14,16843.248154
61.440215,23,16848.84594
62.673452,26,16855.157816
58.85392,17,16859.307467
53.873278,10,16861.742611
52.521753,5,16863.001099
49.77174,1,16863.285089
61.01317,23,16868.826582
63.30111,28,16875.716463
57.015343,14,16879.139757
57.066251,18,16883.50444
58.836267,19,16888.167404
56.373487,16,16892.102271
66.515672,35,16900.644493
54.915645,13,16903.839478
55.581272,11,16906.53066
57.903693,17,16910.793202
58.954988,19,16915.393063
64.458335,31,16922.905931
58.856016,18,16927.366697
53.557139,7,16929.093373
56.8772,61,16953.18736
56.673667,15,16956.843786
49.698077,1,16957.129047
61.661211,24,16962.959023
54.983728,12,16965.891951
53.669346,8,16967.872701
56.974787,17,16972.00859
56.401301,50,16984.144387
55.199322,48,16995.7823
58.853374,19,17000.395612
60.209961,23,17006.042701
63.73093,30,17013.297
63.937002,35,17021.780007
58.496644,19,17026.420674
63.859225,29,17033.441662
65.449567,49,17045.351574
64.007161,42,17055.87113
62.688302,28,17062.987735
63.46202,28,17070.159677
55.158774,11,17073.038412
60.42338,23,17078.912961
64.460255,43,17089.96892
62.416428,39,17099.785206
60.423183,21,17104.95686
56.109444,16,17108.915237
56.440351,14,17112.396177
57.463908,19,17117.203561
51.39489,47,17128.763316
55.285727,24,17134.700352
59.666321,19,17139.504344
59.171046,19,17144.228904
59.646819,20,17149.165077
55.755147,12,17152.123503
57.298499,16,17156.082731
57.685671,18,17160.515128
53.813347,9,17162.767299
58.856808,18,17167.242772
54.342963,11,17169.955705
55.30982,14,17173.438621
56.557369,13,17176.657878
66.72046,50,17188.977611
54.914527,13,17192.213069
61.671918,58,17206.551636
52.850225,40,17216.462898
60.216951,23,17222.152622
58.665273,65,17238.165627
54.633779,11,17240.904636
59.312437,29,17248.119111
66.27968,78,17267.287669
57.015225,14,17270.753865
64.233355,46,17282.118668
60.950581,54,17295.425406
58.470934,20,17300.360249
58.470289,17,17304.577227
63.995853,29,17311.735181
59.072767,18,17316.175006
57.918145,16,17320.159615
60.778186,43,17330.796232
62.081736,27,17337.457567
53.874646,10,17339.97334
59.491926,37,17349.122485
53.050732,6,17350.63745
57.920255,19,17355.400362
60.897787,28,17362.384439
57.0932,14,17365.875129
53.33425,7,17367.627408
59.28793,19,17372.330764
49.964832,1,17372.622311
64.379464,152,17410.295025
62.536617,24,17416.247099
63.232574,27,17422.975272
54.576145,9,17425.24354
61.054796,24,17431.224106
56.608279,16,17435.199634
57.689396,18,17439.716891
57.472839,46,17451.200508
67.222514,54,17476.370122
55.021176,23,17482.095155
64.930202,33,17490.320714
56.639455,17,17494.545744
59.116483,18,17499.037036
56.181191,12,17502.03511
53.051016,6,17503.563866
67.129333,52,17516.490646
56.078179,14,17519.997491
61.700728,24,17525.964898
54.246117,10,17528.482936
58.83603,20,17533.426411
56.066021,13,17536.709863
60.641229,24,17542.682495
57.570248,17,17546.966054
62.680253,26,17553.441231
60.277889,21,17558.687627
60.376614,22,17564.157541
53.080736,7,17565.935132
57.82611,63,17582.139693
62.400493,26,17589.019741
55.915695,63,17605.53451
60.550084,21,17611.048523
55.277395,10,17613.717364
68.472254,82,17634.162788
67.701189,70,17651.672786
53.669955,9,17653.949305
54.041846,8,17655.975186
61.438179,58,17670.456342
60.873654,23,17676.204268
59.068225,45,17687.463945
55.155497,10,17690.007154
57.32513,17,17694.29579
64.948295,31,17702.114236
55.794976,13,17705.379396
54.561828,9,17707.642107
59.967026,22,17713.240625
57.162096,16,17717.275834
61.235077,42,17727.842124
59.853131,23,17733.681779
61.083064,24,17739.650683
61.893343,26,17746.103618
62.789753,26,17752.575847
56.323867,15,17756.316002
61.242256,24,17762.281303
53.688279,9,17764.549891
60.371554,21,17769.791201
57.874245,20,17774.766548
57.522487,53,17787.956393
58.380733,20,17792.951896
59.531082,21,17798.162007
54.215616,45,17809.36824
50.789881,2,17809.909931
57.199895,16,17813.924262
61.491636,23,17819.647998
62.165797,24,17825.60301
62.878238,27,17832.304163
61.526809,23,17838.026334
62.271163,27,17844.740505
61.328577,22,17850.213989
58.200217,19,17854.939637
57.321093,16,17858.947232
53.456624,9,17861.234237
57.648788,63,17876.875503
57.856142,18,17881.411335
60.888873,24,17887.395573
66.022161,36,17896.478575
60.121441,21,17901.714187
62.811881,29,17908.928066
53.004767,6,17910.458478
62.061501,47,17922.179478
63.812642,28,17929.147074
62.30237,26,17935.756678
61.983933,24,17941.759703
59.052898,21,17947.004066
59.849119,22,17952.510013
57.041136,17,17956.771078
59.695515,21,17962.020258
58.99211,21,17967.29264
64.009818,40,17977.296358
54.005121,9,17979.560983
61.88172,26,17996.941022
58.555899,21,18002.325785
63.532829,67,18019.075795
58.1842,18,18023.586686
61.465042,23,18029.356646
62.391628,26,18035.854109
60.940838,22,18041.381359
55.781504,11,18044.155689
57.685514,22,18049.806861
59.154707,20,18054.836958
59.163256,63,18070.644159
65.153481,47,18082.421247
51.107583,37,18091.744067
55.928375,12,18094.799234
64.401034,42,18105.32182
58.285561,17,18109.579656
59.777216,20,18114.614354
61.948355,23,18120.368396
60.032647,37,18129.666985
59.589969,32,18137.69959
58.66614,21,18142.964272
55.219494,14,18146.51639
53.8135,9,18148.788521
55.207834,11,18151.56274
60.168298,23,18157.446089
61.980818,26,18163.981967
54.702095,11,18166.769906
49.889843,1,18167.068313
57.463466,55,18181.013516
59.751179,20,18186.062841
61.64305,24,18192.102968
63.432982,56,18206.29937
60.591253,23,18212.062594
62.711944,29,18219.332283
57.019447,16,18223.396805
63.887661,29,18230.669885
56.624565,16,18234.736961
59.479466,20,18239.826741
55.889393,12,18242.865391
53.831666,9,18245.158007
56.172067,14,18248.696
60.815068,22,18254.245746
64.276728,30,18261.96841
61.436222,69,18280.313016
62.214261,26,18287.13435
58.810959,19,18292.173766
63.920846,49,18304.953334
61.237353,43,18315.977482
57.947134,62,18331.79176
60.638835,23,18337.625904
56.421549,66,18354.421086
50.405789,1,18354.716352
60.352303,22,18360.350749
60.555774,22,18365.938262
57.585456,17,18370.292315
56.624414,16,18374.365503
57.885093,19,18379.228275
56.033694,14,18382.787689
63.38253,29,18390.201967
58.781851,21,18395.525678
53.174103,7,18397.339263
57.932875,21,18402.678632
57.170755,16,18406.769404
55.808089,14,18410.343775
53.115563,44,18421.572155
55.128818,12,18424.643508
52.397759,30,18432.286884
55.642556,16,18436.481198
61.431791,23,18442.688739
61.927069,26,18449.63253
60.870365,24,18456.016284
58.005578,26,18462.776748
56.869859,13,18466.126344
61.135055,67,18483.283086
55.359358,14,18486.873616
58.254346,19,18491.722824
53.350666,42,18502.434034
58.39618,21,18507.857911
61.166096,24,18524.837862
60.701662,23,18530.676095
62.149364,23,18536.507101
60.364965,65,18553.335729
63.626967,29,18560.733027
58.289327,19,18565.590768
61.671794,59,18580.62162
60.568066,23,18586.509888
55.019173,13,18589.838197
57.830961,20,18594.974476
61.857222,25,18601.380944
62.086104,24,18607.505757
61.916953,26,18614.136504
53.30273,11,18616.973734
55.940596,57,18631.560482
55.424594,11,18634.386167
57.51858,16,18638.496071
57.218985,60,18653.837413
57.52337,15,18657.707773
49.535832,1,18658.00319
54.558696,10,18660.579257
61.494271,24,18666.753288
59.045695,18,18671.349694
58.582097,17,18675.719983
55.759573,14,18679.322721
58.877797,21,18684.705983
53.15818,6,18686.290882
59.430726,21,18691.683031
55.338854,11,18694.561057
60.623707,24,18700.7003
57.820651,40,18711.10042
56.492828,14,18714.720414
59.668133,37,18724.207827
60.716793,23,18730.094825
59.622085,40,18740.344761
63.010371,28,18747.524018
61.674046,26,18754.187373
59.386008,21,18759.647569
59.253573,39,18769.566777
62.536044,26,18776.180862
58.583188,19,18781.044103
56.468633,20,18786.108535
63.451462,28,18793.227744
61.23301,22,18798.812029
57.21607,64,18815.091887
58.396258,17,18819.401978
62.99119,27,18826.27068
57.991878,20,18831.375867
59.90449,19,18836.198678
54.488156,10,18838.768514
56.161719,13,18842.140796
62.054409,25,18848.553917
59.922283,20,18853.681421
53.280136,50,18866.427742
56.949652,15,18870.272222
60.293644,22,18875.873559
53.56219,7,18877.678219
62.144037,24,18883.786344
54.618708,10,18886.385776
55.712711,14,18889.978113
59.714187,20,18895.104964
58.199578,18,18899.719412
60.119279,27,18906.644359
53.707561,7,18908.471968
57.362974,19,18913.454933
59.576031,19,18918.39133
54.764431,49,18931.089013
61.494854,23,18937.014043
62.528827,26,18943.710235
55.140743,12,18946.829816
57.926414,19,18951.720537
59.700671,22,18957.402363
65.695939,67,18974.727413
53.681679,10,18977.349304
58.150896,17,18981.693299
59.022594,18,18986.348576
57.091908,45,18997.873541
68.194104,40,19008.113652
60.187355,23,19014.050751
57.163465,15,19017.946973
59.939013,21,19023.401165
64.567756,63,19039.574486
56.466096,14,19043.205667
57.916199,21,19048.667386
59.669907,21,19064.888587
50.332802,1,19065.189616
56.829051,63,19082.043649
57.335146,17,19086.733663
61.118882,40,19097.675462
61.222519,24,19104.176968
60.379499,23,19110.403883
57.080596,16,19114.699708
62.327665,27,19121.716622
55.134474,10,19124.380919
63.139034,60,19140.563312
62.874746,31,19148.844225
62.184546,24,19155.137768
59.656159,23,19161.076038
62.719395,25,19167.606697
63.75102,34,19176.391031
59.987388,34,19185.238035
59.564189,21,19190.690161
59.804605,21,19196.137536
61.152648,22,19201.861178
61.520801,27,19208.854341
60.439084,23,19214.813041
62.403212,28,19222.089846
58.709255,19,19227.038136
61.967088,60,19243.132203
64.340313,30,19251.247468
50.530365,42,19262.350432
56.484884,14,19266.013711
58.260269,19,19270.95753
62.148541,28,19278.236409
59.653919,19,19283.22389
59.950399,19,19288.221999
57.874528,19,19293.180526
53.459142,8,19295.317728
58.277553,68,19312.956766
60.399424,22,19318.67772
63.686025,75,19338.09617
56.514189,13,19341.497017
57.894257,20,19346.827803
61.411819,23,19353.063422
60.576885,23,19359.367277
56.939258,54,19373.741174
61.650934,25,19380.271037
65.78757,65,19397.159762
59.753314,23,19403.165753
59.56048,21,19408.659132
50.476958,1,19408.95642
54.873832,10,19411.581131
54.336487,10,19414.208941
60.755319,23,19420.195589
57.182074,53,19433.937199
56.200293,56,19448.521808
51.652265,40,19458.947298
55.360094,14,19462.64934
60.98008,22,19468.385116
57.922433,64,19485.065981
58.649085,21,19490.637123
57.468776,16,19494.965837
56.695043,61,19511.848564
60.553867,23,19518.102633
54.907926,10,19520.840526
56.03941,15,19524.751732
58.049776,18,19529.511967
58.729178,19,19534.434129
53.75936,25,19541.400072
55.804216,16,19545.712152
58.520451,24,19552.317442
59.934762,27,19559.777747
59.761695,22,19565.902378
54.756616,12,19569.235678
60.32394,20,19574.738449
64.176402,30,19582.971181
56.808351,57,19598.269038
55.569476,11,19601.274542
65.908866,49,19627.191133
53.388265,16,19631.430534
63.235146,28,19638.721884
55.9894,13,19642.183422
55.744614,12,19645.335902
59.814432,22,19651.151882
63.233808,75,19670.7081
61.454258,23,19676.698498
58.479536,16,19680.885651
58.750806,20,19686.119575
49.599373,1,19686.42406
62.363772,61,19702.432539
57.403136,15,19706.378623
58.836378,18,19711.115605
67.05386,81,19732.078734
58.969432,17,19736.500846
58.01474,17,19740.923131
50.700854,46,19752.881868
59.642384,19,19757.924407
57.969204,17,19762.490555
59.102607,19,19767.701261
61.32772,25,19774.598743
67.482831,38,19784.883203
58.287125,20,19790.19204
57.820179,23,19796.42492
64.424643,30,19804.653188
58.467638,21,19810.361843
60.759084,23,19816.60295
64.394921,30,19824.498693
52.626297,5,19825.833518
58.256624,21,19831.401568
53.212487,7,19833.263404
61.927882,25,19839.770764
59.211269,66,19857.110917
62.593443,27,19864.141364
62.788176,26,19870.922213
58.604741,17,19875.377419
63.230387,27,19882.406949
57.785053,16,19886.613085
50.69077,2,19887.184056
57.597438,15,19891.106521
59.409786,39,19901.307827
60.933271,28,19908.621332
61.013286,25,19915.154239
58.720773,21,19920.631796
62.023985,61,19936.539646
60.977944,23,19942.535096
61.901012,25,19949.054122
61.963116,25,19955.543396
53.851581,8,19957.667276
63.043243,26,19964.434927
57.953782,19,19969.406759
57.255071,15,19973.328756
62.369961,25,19979.874668
57.966481,64,19996.535328
58.052287,16,20000.721227
50.030269,1,20001.031456
60.137815,35,20010.195693
60.832047,22,20015.932869
60.26139,21,20021.407334
61.091474,22,20027.13797
60.639949,22,20032.871361
57.532981,32,20041.257064
63.613932,30,20049.111518
61.623079,24,20055.378576
63.45281,65,20072.346567
54.42629,10,20074.987571
59.090212,18,20079.685385
55.749653,20,20084.950672
64.339753,34,20093.829205
61.691961,25,20100.398909
59.327562,27,20107.482353
60.492908,24,20113.85513
57.59439,59,20129.473173
58.246864,19,20134.471764
57.517979,17,20138.963845
60.208346,21,20144.468195
58.383912,20,20149.733459
59.100902,43,20173.27702
67.721392,54,20188.021758
53.261545,8,20190.152598
63.142695,27,20197.246131
62.74328,32,20205.630101
62.626863,27,20212.706457
60.172761,20,20217.969473
62.633841,26,20224.803741
57.207714,15,20228.852072
63.194291,28,20236.547036
60.105928,22,20242.610618
58.472207,17,20247.321642
55.587943,15,20251.407918
59.30967,37,20261.261415
53.671506,17,20265.902961
57.01838,64,20282.772913
63.143965,27,20289.877239
66.918897,67,20307.460642
55.57371,11,20310.356949
61.592365,24,20316.669327
55.741786,11,20319.582668
59.82896,19,20324.577525
53.299796,7,20326.437847
51.875893,42,20337.522964
54.729292,9,20339.919117
63.994122,30,20347.779168
57.318665,18,20352.523781
61.534279,49,20365.396289
50.19182,1,20365.704664
52.283594,32,20374.164193
57.642519,19,20379.188041
57.864511,19,20384.227667
63.194788,28,20391.594809
62.206851,59,20407.130209
59.382899,28,20414.543787
63.807324,40,20425.085078
62.864293,26,20431.967979
55.117706,11,20434.86858
56.687571,57,20449.924884
56.301053,16,20454.149117
61.374475,25,20460.764296
60.858474,24,20467.092221
65.811115,65,20484.249336
62.934988,70,20502.741944
59.005731,17,20507.24201
62.55833,26,20514.113175
56.032625,57,20529.182571
59.130644,19,20534.194386
65.181842,36,20543.713951
57.192887,15,20547.72212
59.973644,21,20553.286436
60.062558,20,20558.563661
58.927977,19,20563.603643
56.109925,16,20567.849597
54.114359,10,20570.527064
53.492561,7,20572.411383
58.335275,20,20577.697629
61.697322,24,20584.048846
61.774372,24,20590.477573
56.73972,16,20594.746259
63.689163,75,20614.542764
60.631323,21,20620.112658
55.494944,12,20623.345197
59.854688,22,20629.164034
60.491926,24,20635.543781
53.73356,9,20637.962188
63.010459,27,20645.116418
60.305832,21,20650.675305
57.452328,16,20654.943004
53.934986,10,20657.61485
56.567122,15,20661.603458
60.65122,22,20667.471626
56.873665,15,20671.474263
57.791463,17,20675.975346
58.586469,17,20680.473729
59.891863,21,20686.069318
59.861674,22,20691.91503
59.797214,20,20697.25631
53.41689,8,20699.388044
57.744985,18,20704.199527
61.517962,22,20720.91181
57.337438,60,20736.855568
57.16277,54,20751.294345
61.707157,24,20757.665918
59.92348,19,20762.741834
53.931224,9,20765.177794
63.569889,64,20782.164932
60.956824,62,20798.678548
65.235463,35,20808.016212
59.689979,20,20813.34765
57.04838,16,20817.63887
59.147941,18,20822.469379
60.228269,22,20828.310297
55.557461,11,20831.253614
58.27514,41,20842.201991
58.320867,18,20847.021639
62.016919,59,20862.701377
52.992702,18,20867.532163
64.687212,75,20887.482645
55.141086,11,20890.456433
61.18629,25,20897.138056
54.850227,44,20908.879806
60.375804,24,20915.262711
60.28522,21,20920.897878
57.714352,15,20924.898149
60.195117,22,20930.758037
64.017029,44,20942.491508
56.824822,13,20945.992204
58.37619,18,20950.808236
53.125812,7,20952.735921
61.494472,25,20959.429437
60.597954,21,20965.067851
59.984885,59,20980.777158
51.064522,38,20990.952973
57.801884,16,20995.267987
55.988327,12,20998.496696
59.26787,22,21004.394282
55.238773,11,21007.371733
53.046913,6,21009.002251
58.840553,62,21025.640986
63.950295,30,21033.651609
58.167204,18,21038.497837
61.287235,25,21045.194263
55.681887,13,21048.703013
59.579211,19,21053.805233
60.149065,20,21059.185593
59.578408,20,21064.535184
62.855646,27,21071.749489
58.418352,20,21077.152134
64.827868,86,21100.132342
67.913384,38,21110.295667
59.095362,18,21115.137496
63.238015,29,21122.92134
60.324125,24,21129.32906
56.274897,15,21133.368342
59.733294,21,21138.991453
60.639126,21,21144.629503
65.530264,49,21157.764921
63.139134,28,21165.269228
62.686057,28,21172.771786
58.028552,18,21177.607282
58.754146,21,21183.247801
58.799322,21,21188.856474
58.002247,30,21196.915932
65.803881,34,21206.01459
62.864652,27,21213.29034
59.333309,77,21233.92806
55.699968,13,21237.45668
56.031141,14,21241.276361
55.189679,10,21243.989569
60.338122,24,21250.437095
62.98379,27,21257.705364
57.85136,19,21262.827017
53.71149,9,21265.279297
58.989323,19,21282.046788
62.169212,24,21288.513173
60.580492,21,21294.184129
54.892376,21,21299.873036
59.851875,22,21305.806226
55.0161,51,21319.666356
58.443169,29,21327.524601
62.281789,26,21334.545575
59.933276,21,21340.236475
63.143082,28,21347.789773
57.51675,18,21352.660951
62.324351,24,21359.158272
54.89841,13,21362.674019
55.697493,12,21365.936403
58.803536,18,21370.820399
56.429925,57,21386.17337
59.413703,19,21391.397302
61.235237,24,21397.883658
53.042345,6,21399.557348
60.555157,24,21406.076489
51.515476,42,21417.514643
60.919368,22,21423.516279
61.373662,24,21430.013963
61.329107,64,21447.360827
60.457555,23,21453.57119
63.591441,28,21461.185726
59.396958,22,21467.165969
58.023753,20,21472.595019
65.566352,47,21485.349332
58.457381,19,21490.515112
64.842479,31,21498.916615
61.724056,26,21505.997488
52.468146,6,21507.674541
55.290115,12,21510.955921
62.181846,24,21517.478554
58.058585,51,21531.306608
58.155665,16,21535.655616
61.119625,22,21541.610505
66.612619,78,21562.702065
62.46638,27,21570.066995
64.867247,48,21583.11516
58.557076,30,21591.300259
55.922571,15,21595.732043
56.642118,16,21600.115307
54.793118,12,21603.42418
62.756445,26,21610.48157
63.281864,28,21618.115725
57.16447,60,21634.499357
58.824055,35,21644.059865
63.43666,61,21660.692531
61.328744,24,21667.244085
55.826145,14,21671.087982
60.569484,21,21676.861551
58.200083,16,21681.265527
61.933207,25,21688.115012
57.999024,20,21693.570423
63.008928,28,21701.21069
63.621261,28,21709.089762
51.17159,4,21710.234758
61.289419,23,21716.685864
58.398602,19,21721.944852
56.171027,13,21725.582024
59.686834,21,21731.386459
61.932375,25,21738.275681
53.316643,7,21740.287603
61.620374,24,21746.882864
62.092254,25,21753.809441
57.176174,18,21758.890566
63.454638,60,21775.092882
58.989804,60,21791.357775
61.417322,47,21804.14568
61.727253,25,21810.899103
59.836962,23,21817.142338
58.94156,18,21821.997002
57.082671,15,21826.094707
59.842436,22,21832.035568
61.669356,24,21849.426368
55.795402,18,21854.300137
62.076718,27,21861.630941
60.350572,21,21867.364702
55.020464,11,21870.352252
60.035424,21,21876.062868
61.547673,24,21882.642302
59.858983,22,21888.73486
61.518414,26,21895.878551
62.316223,24,21902.48052
63.782659,44,21914.682109
60.496057,21,21920.53308
61.446974,25,21927.476695
63.261247,28,21935.162249
64.349128,59,21951.384935
56.869901,13,21954.995948
63.1131,28,21962.6976
59.129573,20,21968.228767
63.696581,30,21976.513611
63.68209,29,21984.4875
60.01087,20,21989.988812
62.279794,59,22006.345619
53.742769,9,22008.840382
56.884104,14,22012.725095
54.432176,9,22015.243535
60.418744,23,22021.597725
59.475684,20,22027.12601
60.231135,38,22037.602618
62.957327,57,22053.375161
60.996929,25,22060.290246
66.056403,64,22078.038336
62.846345,25,22085.042813
63.084668,28,22092.826743
57.92552,16,22097.28882
61.819484,25,22104.245625
54.848331,13,22107.893622
61.11032,24,22114.58474
56.246245,13,22118.23596
64.365818,73,22138.549418
61.626501,24,22145.226338
59.760114,20,22150.798798
61.228628,23,22157.237061
58.740532,22,22163.411022
57.867077,16,22168.143448
59.557979,21,22174.159851
50.268648,1,22174.482658
61.336055,23,22180.993466
54.875029,13,22184.688556
59.94363,21,22190.520731
54.768728,11,22193.673209
55.713563,14,22197.841546
49.484507,26,22205.218458
61.408872,24,22211.952084
62.677984,26,22219.259924
58.474604,17,22224.029023
57.80449,16,22228.538749
58.653985,21,22234.394372
55.733207,13,22238.370028
60.585829,23,22245.159087
56.114903,59,22262.57449
62.211191,27,22270.034873
59.313802,18,22275.007521
56.693716,18,22279.993685
58.354024,16,22284.433805
59.845641,23,22290.803631
63.044297,26,22297.974408
55.960131,13,22301.576566
56.447196,17,22306.293755
60.424021,21,22312.080462
60.516634,23,22318.484844
60.837877,22,22324.610115
62.911182,28,22332.349816
66.343959,35,22342.217996
54.916253,13,22346.02216
51.754049,25,22353.473613
57.029811,31,22362.721038
61.730343,25,22370.053263
58.537853,21,22376.197809
61.453945,26,22383.727822
53.429264,7,22385.808016
59.890504,23,22392.284892
57.015577,14,22396.233967
61.443474,24,22402.958551
55.426217,11,22406.063238
58.130225,17,22410.888308
51.101991,49,22434.610266
56.232494,15,22438.80839
58.758832,21,22444.688825
60.866501,23,22451.098566
52.912152,6,22452.808607
62.261365,40,22463.990236
62.333999,25,22471.014633
58.828749,20,22476.61438
62.12726,57,22492.63782
62.012627,49,22506.366915
59.007199,21,22512.255385
59.781761,19,22517.682164
53.044127,6,22519.434794
54.414826,11,22522.573361
60.562202,22,22528.729566
65.589062,64,22546.694933
57.772366,20,22552.303811
58.280189,24,22559.054996
62.544845,27,22566.666291
53.80853,59,22583.19006
58.579207,43,22595.250923
54.261086,24,22602.002916
59.008519,17,22606.789652
55.75721,12,22610.176837
59.911509,21,22616.076771
58.018523,21,22622.082094
59.55545,50,22636.054144
60.412748,50,22650.120026
63.248668,51,22664.403839
63.101679,28,22672.245263
55.052353,10,22675.079041
66.432189,78,22697.184206
54.718541,10,22700.016116
52.338718,49,22713.767065
58.052118,16,22718.276016
57.830261,57,22734.285527
53.552859,7,22736.304281
55.762192,56,22752.162923
61.388062,23,22758.723443
60.286068,21,22764.847904
61.754665,25,22772.079589
58.598732,18,22777.30835
56.492212,14,22781.321388
54.507306,12,22784.760098
57.576538,19,22790.137681
62.779915,27,22797.775712
60.989691,25,22804.827147
59.550256,62,22822.346987
59.11581,20,22828.036587
48.62503,20,22833.717144
59.659063,23,22840.22186
57.770137,20,22845.894571
56.812219,15,22850.166991
65.451845,47,22863.432353
63.770833,29,22871.645429
56.974499,16,22876.189806
62.229091,24,22882.990409
62.750999,28,22890.956094
54.588207,10,22893.816844
62.040092,26,22901.214799
62.876148,27,22908.889115
56.660771,14,22912.92628
60.867659,24,22919.865406
57.693073,18,22925.018152
62.036612,24,22931.940645
55.841308,15,22936.264655
61.639218,22,22942.588471
57.111696,19,22948.065802
60.155883,22,22954.375084
62.571077,27,22962.217031
62.135223,25,22969.39386
55.610898,13,22973.131896
55.324333,13,22976.922427
56.816721,19,22982.391033
50.469264,1,22982.726369
58.079964,20,22988.548425
64.942387,31,22997.52099
61.113381,24,23004.4056
57.677465,16,23009.024279
58.233586,59,23036.540931
56.494401,62,23054.30796
56.299765,53,23069.566326
62.479068,25,23076.745744
61.972355,26,23084.252301
55.169561,13,23088.034546
58.744705,29,23096.399086
61.842719,23,23103.072041
64.636199,45,23116.161389
59.958855,22,23122.530046
58.415037,24,23129.483782
56.356369,12,23132.972912
56.288164,15,23137.323256
60.873753,24,23144.608356
57.009121,14,23148.641936
61.904219,26,23156.181165
64.609153,40,23167.703393
62.68437,27,23175.486866
63.353457,28,23183.596412
57.04138,18,23188.809648
63.918916,63,23206.949448
52.726275,40,23218.481807
56.712241,23,23225.153227
61.742743,23,23231.797393
60.851208,23,23238.456197
56.488664,15,23242.824868
55.633461,51,23257.645226
60.986257,23,23264.328532
58.347187,22,23270.696103
63.450137,29,23279.078333
61.782751,23,23285.74056
57.524319,15,23290.230301
57.485724,18,23295.431863
54.009594,10,23298.356546
61.651512,23,23304.963959
51.779187,38,23316.002802
59.483895,20,23321.77806
61.512604,40,23333.257684
56.641408,14,23337.30269
58.751876,54,23352.839843
61.798374,25,23360.034561
54.017967,8,23362.366902
53.113944,36,23372.760238
56.421644,14,23376.834265
64.842145,62,23394.739846
61.108715,21,23400.812441
58.049502,21,23406.873894
62.917324,27,23414.650851
56.872469,17,23419.630386
59.158892,21,23425.724736
61.335691,23,23432.363714
56.185875,14,23436.436276
60.039116,51,23451.13497
58.97471,19,23456.652456
53.041318,6,23458.440989
62.688824,29,23466.81327
57.800836,16,23471.421786
61.294728,25,23478.689727
62.342876,26,23486.20644
61.738059,25,23493.416215
58.633188,18,23498.619942
58.904116,22,23505.039476
60.557993,21,23511.091085
57.129329,19,23516.627531
63.922089,29,23525.023484
61.622304,25,23532.223577
56.850671,18,23537.453458
60.059624,23,23544.13554
59.3125,19,23549.622443
59.250336,19,23555.134384
59.439662,19,23560.682109
65.250988,50,23575.18868
58.329263,36,23585.61775
59.223935,22,23591.984175
62.020814,26,23599.502272
61.609078,24,23606.463895
62.037459,27,23614.269063
61.854385,24,23631.355327
51.439794,12,23634.86726
59.461532,22,23641.278909
54.806224,13,23645.083518
60.847005,51,23659.892643
62.156094,27,23667.713993
61.795013,49,23681.915695
55.197778,56,23698.188041
61.351658,22,23704.631648
60.635263,23,23711.307355
58.769323,17,23716.438104
65.834691,67,23736.060045
56.716444,16,23740.753753
57.930992,57,23757.401505
60.664842,49,23771.672771
55.163085,12,23775.201373
61.671976,25,23782.485725
61.206338,25,23789.84349
50.283576,1,23790.186025
50.329271,1,23790.532329
58.27453,17,23795.522144
59.620053,19,23801.072064
64.490061,60,23818.666785
58.624308,19,23824.225898
59.294197,20,23830.114838
53.451472,7,23832.175746
61.815392,25,23839.372458
58.596732,19,23844.871287
59.53274,22,23851.251639
61.519512,66,23870.298085
57.83552,19,23875.795684
58.367141,17,23880.725344
63.351761,28,23888.807583
55.875702,15,23893.178408
50.488433,1,23893.52423
61.366209,23,23900.151208
56.376278,17,23905.131068
60.433252,22,23911.495578
58.30602,20,23917.309377
59.817856,20,23923.123923
54.422266,10,23926.052321
61.398453,42,23938.222625
59.487621,26,23945.792795
59.487379,22,23952.21521
60.533239,23,23959.011762
62.144858,44,23971.960769
61.236587,28,23980.186142
57.544762,15,23984.6245
58.949501,22,23991.099407
62.865981,26,23998.724759
56.356931,12,24002.305691
57.877196,53,24017.83246
57.853886,17,24022.875896
59.931624,23,24029.695974
57.801034,16,24034.39474
58.916676,19,24039.994634
52.484005,31,24049.137642
58.211426,20,24054.994642
59.724118,21,24061.20967
57.837025,18,24066.542254
64.30051,31,24075.679304
58.825395,19,24081.296454
60.329504,21,24087.513318
53.015151,6,24089.331564
61.612993,51,24104.342134
54.557106,11,24107.621492
57.642044,16,24112.348931
68.923668,56,24128.893163
62.333009,24,24135.968486
58.562614,17,24141.02064
56.571021,58,24158.167188
53.504118,7,24160.283975
56.544786,13,24164.154439
58.276518,18,24169.486937
55.823687,12,24173.047532
56.527176,16,24177.804151
64.44661,30,24186.671196
58.134133,18,24192.140615
51.695923,33,24202.019805
61.677927,28,24210.32877
60.404453,21,24216.588599
55.245194,11,24219.854141
59.470486,21,24226.119278
60.568848,55,24253.268069
63.669097,28,24261.564269
57.858974,18,24266.946436
58.297922,17,24272.004038
62.525981,27,24280.002971
61.973292,25,24287.425238
56.621638,15,24291.911961
56.343254,14,24296.119583
62.059619,23,24302.991219
62.995359,46,24316.755308
58.303893,17,24321.826988
57.635247,20,24327.802653
57.12472,18,24333.174165
61.187989,24,24340.332127
57.728214,17,24345.402951
63.217247,28,24353.771877
61.421035,22,24360.35911
60.474168,22,24366.914396
58.301868,17,24372.002484
54.971763,11,24375.330759
54.245282,9,24378.072497
61.081714,23,24384.944913
55.224732,14,24389.159454
57.774999,16,24393.975321
56.353178,20,24399.994661
61.97964,33,24409.854596
52.807266,41,24422.124819
56.461573,16,24426.952492
61.51224,22,24433.558901
56.835408,16,24438.366325
62.313787,24,24445.544201
60.288379,21,24451.848285
59.161945,20,24457.83616
58.623659,58,24475.201329
60.599993,20,24481.192776
57.277031,18,24486.59221
55.815079,14,24490.801879
58.83798,20,24496.819458
60.912862,24,24504.018454
59.060438,19,24509.754118
59.469015,20,24515.750593
57.939782,16,24520.549217
58.327832,17,24525.680842
58.140547,18,24531.09854
57.560653,17,24536.212918
59.828004,23,24543.104583
58.596994,19,24548.849806
57.079723,15,24553.399791
56.131986,15,24557.943373
60.226139,22,24564.527771
56.089352,41,24576.87397
62.469618,25,24584.368173
60.331941,23,24591.278972
60.329508,20,24597.28593
57.585345,15,24601.793772
51.961712,39,24613.536589
60.478801,61,24631.895535
50.264119,1,24632.257839
63.208564,28,24640.662421
58.482057,20,24646.693734
53.654568,8,24649.137296
58.34136,18,24654.565494
59.098529,18,24660.00222
60.862219,22,24666.633145
56.473391,15,24671.155198
58.418205,62,24689.840497
58.472297,63,24708.76588
58.027049,16,24713.603141
65.944312,35,24724.157981
56.490634,36,24735.052592
53.3641,27,24743.248275
61.983269,24,24750.483358
59.451174,36,24761.380153
51.999572,4,24762.637421
58.07068,18,24768.075305
59.011206,19,24773.798884
61.280306,24,24781.093961
58.079702,63,24800.106698
57.401425,45,24813.742773
61.481241,25,24821.300591
64.971113,31,24830.680867
58.797728,20,24836.761747
62.790102,28,24845.211574
60.505622,24,24852.451848
54.759538,10,24865.518992
58.232402,17,24870.686591
60.702565,23,24877.630045
59.149171,27,24885.812421
60.097584,24,24893.089424
61.716342,26,24901.004272
53.68596,9,24903.768041
53.389928,8,24906.222824
60.358668,24,24913.538142
55.070202,13,24917.605471
63.444357,29,24926.327062
59.783265,22,24932.952166
55.614397,11,24936.30079
55.934712,12,24939.963004
60.58296,21,24946.310614
54.056142,8,24948.76293
56.639307,14,24953.033209
60.67807,24,24960.309346
61.431951,25,24967.859082
62.328702,27,24976.022557
59.371303,21,24982.390854
54.556278,9,24985.154088
58.64007,19,24990.89194
58.655566,19,24996.638219
60.316864,20,25002.696249
62.064364,24,25009.933365
57.786539,15,25014.481522
61.761103,23,25021.396963
62.677999,24,25028.621843
55.568157,21,25034.99992
58.846508,20,25041.052022
59.599345,21,25047.414941
56.717945,16,25052.289448
60.919942,24,25059.565404
61.908729,25,25067.10883
60.949708,23,25074.094341
56.498195,14,25078.371011
51.556933,32,25088.045175
57.437852,17,25093.230694
58.725016,58,25110.790197
59.438605,20,25116.852981
53.661967,7,25119.038088
61.956669,26,25126.919245
53.709919,7,25129.09191
57.870377,20,25135.187766
53.616415,14,25139.479105
56.21723,28,25147.985729
57.489337,16,25152.954865
57.601028,18,25158.45034
63.104004,55,25175.158254
59.208736,20,25181.240346
59.638015,21,25187.641507
63.814338,29,25196.456185
59.007408,18,25201.939697
60.311893,23,25208.959641
57.419964,14,25213.243563
58.86455,20,25219.375928
65.909737,35,25230.016431
59.768572,23,25237.021792
53.469423,8,25239.494968
56.814159,17,25244.680918
54.372904,23,25251.759425
59.522246,20,25257.891583
63.79916,65,25277.65343
53.847253,36,25288.645685
58.500198,17,25293.835118
57.252478,16,25298.726767
62.232675,26,25306.681514
62.85818,27,25314.914947
62.734645,70,25336.713188
60.837061,22,25343.371122
57.526188,18,25348.863905
56.48411,13,25352.880776
61.017924,23,25360.109221
62.460068,31,25369.918274
59.474183,22,25376.779871
60.861644,22,25383.512928
61.402629,25,25391.096956
59.539906,18,25396.600326
60.703055,21,25402.962894
55.040803,12,25406.634851
57.979102,18,25412.105507
60.520005,23,25419.081229
59.339646,20,25425.167843
59.129668,44,25438.534537
64.504335,30,25447.655801
57.674482,15,25452.226758
56.341791,16,25457.100068
54.02076,43,25470.213484
58.008999,19,25475.99214
62.186673,24,25483.321552
62.965838,52,25508.693189
54.003649,9,25511.486392
60.783102,25,25519.305793
60.345692,47,25533.653883
62.762235,45,25547.367863
52.439655,53,25563.54743
54.890296,11,25566.940214
57.685844,18,25572.504711
59.383034,20,25578.899006
57.55646,20,25585.769889
64.929749,47,25600.898152
60.712891,23,25607.99207
63.923154,76,25631.277748
55.401683,14,25635.530362
61.64977,23,25642.533725
60.74255,24,25649.841507
57.265946,35,25660.460907
58.377479,61,25678.957701
57.722716,54,25695.496964
65.647405,41,25707.940363
57.821816,18,25713.411831
59.265947,21,25719.852493
53.577725,8,25722.350821
59.230404,19,25728.192169
55.739932,16,25733.119294
60.131683,21,25739.578694
61.98222,24,25746.929401
62.717621,27,25755.192416
55.719585,39,25767.234996
64.201522,34,25778.153562
55.163836,13,25782.433559
58.125888,21,25788.958392
60.552876,24,25796.498352
49.938006,1,25796.848535
53.644213,10,25800.001936
62.07362,62,25819.477139
54.191914,8,25821.984614
56.232501,13,25825.94626
55.830926,15,25830.353607
63.322747,28,25838.901034
58.41887,20,25845.503296
60.220456,22,25852.472601
61.19567,24,25859.918905
61.917672,26,25867.991991
57.522203,15,25872.676988
62.379636,25,25880.634685
61.104206,22,25888.269569
56.320165,15,25893.254718
59.588719,22,25901.81984
59.777958,23,25909.678696
55.442286,12,25913.588478
63.655059,28,25922.506179
61.014681,23,25929.589582
59.379659,20,25935.774575
57.129055,18,25941.326647
59.430526,20,25947.507216
63.445692,37,25959.046002
56.929912,56,25976.226342
59.170366,37,25987.609536
62.753344,57,26005.141852
62.056037,25,26012.859592
60.513819,24,26020.359447
62.100465,63,26039.942504
56.463513,13,26043.975005
58.31602,17,26049.215091
59.323763,22,26056.013844
56.100564,14,26060.349746
58.395491,16,26065.302249
63.141918,28,26073.983238
54.457096,54,26090.979555
58.255196,19,26096.907942
56.248924,58,26114.908609
57.580893,18,26120.489966
59.852973,20,26126.724754
64.337036,48,26153.340115
63.617858,58,26171.606667
53.150992,50,26187.65285
61.645116,25,26195.615722
57.051872,60,26214.766202
60.583704,56,26232.573422
62.566356,27,26241.154628
65.270457,64,26261.468636
61.129877,21,26268.229365
61.092994,24,26276.017054
56.228541,14,26280.55727
61.343338,25,26288.633053
53.830554,47,26303.754842
58.267597,16,26308.92053
56.474889,16,26314.064517
57.437822,17,26319.521512
56.844165,56,26337.617801
55.883365,57,26356.017901
60.112486,22,26363.12754
57.491927,39,26375.667894
60.922169,24,26383.332922
62.319734,26,26391.706496
56.492375,17,26397.163126
62.603802,66,26418.250173
64.547524,31,26428.174654
60.264642,23,26435.493855
58.56836,19,26441.593211
60.816465,23,26448.967851
59.131035,18,26454.72831
56.756369,16,26459.881923
55.060323,13,26464.055728
60.459928,24,26471.820015
67.117145,55,26489.40924
59.151013,19,26495.499154
56.548988,14,26500.008563
63.034624,69,26522.021302
65.002712,31,26531.884506
64.52897,30,26541.583461
63.594079,28,26550.523767
61.451882,25,26558.537743
56.477518,16,26563.696259
54.933677,10,26566.928974
50.193176,1,26567.304266
60.052089,21,26574.00635
57.808439,16,26579.164849
58.957071,21,26585.947772
54.287363,11,26589.50283
62.460879,27,26598.268451
55.334573,14,26602.868731
50.415008,1,26603.240141
55.214728,12,26607.105741
56.080603,15,26611.930197
57.544343,18,26617.709511
59.430411,20,26624.111082
63.910732,51,26640.455797
62.68124,26,26648.773036
60.508146,20,26655.149013
65.921724,82,26681.473727
60.84219,63,26701.681908
49.491113,1,26702.060169
53.575006,8,26704.707363
59.001049,21,26711.563624
56.115426,13,26715.977305
59.134137,21,26722.866171
57.900672,21,26729.794214
56.006332,37,26741.959968
55.364755,12,26746.179027
58.323443,19,26752.471328
56.951434,16,26757.724688
59.170646,20,26764.193763
65.255872,33,26774.831735
61.920744,24,26782.58829
59.291029,21,26789.387383
58.433373,18,26795.285766
59.311892,19,26802.493094
53.392563,7,26804.820314
60.052666,21,26825.419492
60.52736,21,26832.057098
64.964917,67,26853.195661
57.92022,49,26868.746358
57.137522,17,26874.10405
63.85155,29,26883.191186
64.948555,32,26893.287992
60.334301,23,26900.596504
54.44467,24,26908.230472
57.483511,53,26925.070077
55.773119,12,26928.965726
59.143692,69,26950.869761
54.69821,10,26954.085963
63.568637,30,26963.648358
60.890216,25,26971.618422
57.145266,54,26988.764373
61.629939,23,26996.160602
60.666352,64,27016.469956
58.624326,19,27022.504544
64.998046,31,27032.297853
57.286164,16,27037.38394
60.707533,64,27057.683756
55.54564,13,27061.956706
55.600444,80,27087.231642
57.865293,15,27091.988581
61.564911,23,27099.261688
56.456339,14,27103.714315
56.684901,14,27108.156677
66.36189,40,27120.863163
57.33082,16,27126.019459
57.868286,19,27132.248882
60.416248,22,27139.269737
60.210198,23,27146.603971
63.163321,59,27165.355841
62.159417,25,27173.351745
58.435202,18,27179.131332
61.285959,24,27186.777233
61.126804,22,27193.826316
52.539928,31,27204.001618
57.489783,18,27209.785894
59.217637,60,27228.910631
55.436605,15,27233.721759
59.998232,22,27240.75822
61.681192,26,27249.073068
54.659322,54,27266.3944
51.86621,21,27273.285797
61.256008,22,27280.318665
60.504743,21,27287.056965
54.03162,8,27289.689473
60.735623,23,27297.051577
50.14534,1,27297.42769
60.363189,24,27305.122238
64.355238,52,27321.917034
59.916004,24,27329.633281
50.321065,1,27330.007728
62.854972,26,27338.460697
63.033177,62,27358.35767
58.481675,22,27365.416532
60.357978,24,27373.105897
59.507027,22,27380.144714
58.759993,18,27385.937492
63.18975,53,27402.892687
64.361007,35,27414.282588
60.113885,23,27421.666999
53.883011,8,27424.26697
58.80285,18,27430.019126
63.770679,50,27446.043978
63.973159,29,27455.322761
64.599025,35,27466.538756
58.342941,41,27493.661049
59.196711,40,27506.48697
61.123007,24,27514.283166
61.518934,22,27521.311762
62.081855,26,27529.64784
55.67751,13,27533.882103
53.532904,7,27536.169348
60.417408,36,27547.9711
63.017055,27,27556.763158
55.633528,13,27560.992194
59.980025,20,27567.489702
53.549395,7,27569.804079
60.88354,24,27577.578699
53.884473,8,27580.195862
55.047615,10,27583.472289
53.979347,10,27586.729261
55.572802,11,27590.305926
58.240384,18,27596.149575
56.631264,14,27600.708326
63.20056,28,27609.752091
50.975959,2,27610.45325
61.884326,23,27618.047364
57.521402,15,27622.985114
54.451399,54,27640.355365
53.932245,15,27645.203937
56.936713,15,27650.089804
58.501195,18,27655.923189
65.868053,53,27672.938211
59.664645,19,27679.065723
56.841758,16,27684.328231
64.505723,33,27695.05117
49.55816,1,27695.425965
57.889407,18,27701.240145
58.533301,20,27707.693429
59.457043,18,27713.481627
62.442253,62,27733.40428
57.05983,15,27738.286662
55.721532,15,27743.128533
62.99651,62,27763.306904
58.005847,18,27769.117227
62.653199,26,27777.473159
52.907621,53,27794.514096
54.397784,45,27809.028425
61.225724,25,27817.106409
60.47408,60,27836.665555
54.505428,12,27840.552091
68.053492,40,27853.371217
59.595796,30,27863.077955
54.258785,49,27878.832706
55.627144,13,27883.079752
54.727339,12,27887.018779
63.13318,117,27925.397679
56.111798,13,27929.640841
62.502988,27,27938.385454
56.791756,15,27943.239998
61.768047,24,27950.992248
62.906242,45,27965.630834
53.020037,6,27967.662516
61.514916,25,27975.785383
59.418751,20,27982.258794
56.589485,13,27986.450694
57.188971,69,28008.702239
59.789394,59,28027.706869
62.426363,42,28041.542318
67.437247,54,28059.160813
56.082326,12,28063.107971
59.42517,69,28085.622753
57.888666,19,28091.871296
55.075318,13,28096.149241
63.164511,27,28105.121617
62.116801,27,28114.054061
57.777924,36,28125.844021
58.769045,42,28139.588921
54.586666,12,28143.543857
56.003853,16,28148.789573
58.284029,19,28155.061639
56.404815,13,28173.352518
55.463938,16,28178.71873
65.707648,48,28194.415653
60.399721,23,28201.978397
59.596993,43,28216.050282
64.05071,30,28225.864743
61.038358,22,28233.099521
61.452983,25,28241.32371
58.822254,17,28246.996992
62.044205,25,28255.252343
56.181447,14,28259.88809
52.777923,6,28261.90098
61.544551,24,28269.780339
61.726731,24,28277.569351
61.378801,23,28284.975034
60.572394,21,28291.753162
54.304649,9,28294.668544
57.744428,16,28299.854511
57.353257,15,28304.698467
58.501366,20,28311.183713
59.620552,26,28319.758462
60.047595,21,28326.540488
57.66946,17,28332.037557
55.306609,12,28335.93505
53.755509,9,28338.869516
62.863681,77,28363.612028
60.815367,25,28371.733109
63.246048,28,28380.865158
50.477418,55,28398.901785
60.001287,21,28405.753008
58.198686,20,28412.254773
58.486966,19,28418.446681
61.71263,72,28441.767978
57.401749,53,28459.16477
63.40185,30,28468.921706
52.940122,6,28470.902718
55.636492,12,28474.812712
60.921208,22,28481.964378
62.596253,26,28490.397414
58.058908,18,28496.24824
50.466005,1,28496.626271
57.851245,29,28506.06314
63.087534,28,28515.214564
53.895692,8,28517.849289
55.823958,12,28521.880619
57.56082,17,28527.55129
55.052519,10,28530.853674
57.445829,31,28540.894024
55.04347,40,28553.793531
61.147578,45,28568.319861
63.163411,28,28577.307081
54.32367,9,28580.253381
57.562615,16,28585.465229
65.863511,54,28603.135092
60.83653,42,28616.717169
57.890498,19,28622.889008
53.935157,8,28625.514957
59.258618,20,28631.997255
55.083852,12,28635.894606
63.449538,28,28644.952372
66.87573,79,28670.762842
61.176542,26,28679.247246
50.63893,55,28697.183823
55.82099,15,28702.109861
61.027515,23,28709.634648
60.677474,24,28717.477126
59.105698,38,28729.871653
49.377693,1,28730.263413
63.043804,26,28738.970204
62.464034,26,28747.424846
49.66968,1,28747.810949
58.525931,20,28754.332525
57.949499,15,28759.260479
59.970323,23,28766.778874
61.54042,24,28774.615498
63.326609,48,28790.309142
54.916897,47,28805.857296
60.27006,21,28812.755336
63.938257,29,28822.237584
64.338786,46,28837.631711
64.007591,30,28859.610988
63.669988,41,28873.117379
62.831398,27,28882.120589
59.33494,21,28889.104338
50.503825,1,28889.489114
53.035504,6,28891.527338
60.790576,25,28899.832194
61.90283,27,28908.772443
58.480169,17,28914.42043
55.788922,15,28919.419783
55.279454,11,28923.101549
60.512168,24,28931.052296
59.611747,22,28938.347753
53.431765,8,28941.092608
57.397689,16,28946.517934
59.517406,22,28953.862346
57.169363,19,28960.170487
57.195156,17,28965.827456
59.674219,21,28972.799987
53.39721,7,28975.160535
55.984918,15,28980.170909
53.483671,7,28982.518655
56.599283,14,28987.176382
62.062118,26,28995.796705
63.991712,29,29005.39508
55.609933,66,29027.438624
60.642317,21,29034.386689
63.365,28,29043.678396
63.04673,28,29052.966804
53.634847,20,29059.619849
57.17545,16,29064.945659
58.392984,19,29071.270136
67.558018,58,29090.652607
63.235169,29,29100.079296
58.112442,18,29105.950331
57.927814,16,29111.19303
57.961976,17,29116.89652
56.688968,47,29132.272798
57.867735,16,29137.542784
63.108266,34,29148.984942
52.50635,5,29150.748205
55.494933,13,29155.280081
57.21257,53,29172.882171
61.088607,47,29189.304976
61.940909,26,29197.869951
56.388303,14,29202.541211
57.492694,16,29207.847414
60.866198,71,29231.57028
58.277117,32,29242.25999
59.781097,23,29249.955774
61.265039,24,29257.947491
57.986804,17,29263.624807
54.982491,12,29267.692168
53.964619,10,29271.056463
63.835925,31,29281.352939
60.394493,21,29288.36802
60.689076,21,29295.516166
57.534197,62,29316.541411
58.17412,50,29333.251168
50.600466,25,29341.63116
61.54337,22,29348.939303
62.897133,26,29357.560957
51.554577,4,29358.940581
61.443211,29,29368.819063
59.509056,22,29376.125568
62.350482,26,29384.764438
61.984172,24,29392.711827
59.667994,21,29399.694129
59.156995,19,29406.024505
62.354083,27,29414.964997
53.978688,9,29417.975223
56.119567,13,29422.339871
58.873462,21,29429.371725
62.544882,26,29438.209503
57.359568,16,29443.556445
57.931811,16,29448.898105
58.669685,54,29467.486087
57.776225,18,29473.478014
57.188548,18,29479.451235
59.509143,21,29486.443771
60.837308,63,29507.605603
59.56497,20,29514.28967
58.548083,18,29520.265754
58.497172,17,29525.926473
61.877736,24,29533.869764
53.055408,6,29548.052393
60.673051,21,29555.029414
61.844056,23,29562.817099
63.935998,29,29572.515808
53.487805,7,29574.932883
54.585623,10,29578.401804
56.547948,61,29598.745493
57.168749,17,29604.500408
68.31715,57,29623.484307
52.476124,16,29628.877646
57.964301,17,29634.581989
57.476006,50,29651.558562
58.427067,36,29663.649005
63.312816,29,29673.415089
61.868438,24,29681.491741
66.715824,77,29707.332931
53.617422,9,29710.44347
58.134716,18,29716.754449
60.640309,22,29724.190449
55.530696,11,29728.10705
60.003143,23,29736.23802
55.257035,37,29748.710086
55.106005,42,29763.065809
57.431775,63,29784.173515
56.907214,16,29789.66323
56.99113,20,29796.342295
56.801074,56,29814.832499
62.042601,30,29824.734606
57.773222,44,29840.365253
60.899228,23,29848.441116
56.570456,16,29854.3226
58.275613,36,29867.630917
63.385152,28,29877.843585
64.164547,30,29888.805797
55.483421,11,29892.918894
61.759921,23,29901.463123
55.606703,13,29906.365278
57.186711,23,29914.998437
53.911419,12,29919.516907
50.990964,42,29935.563455
56.63505,17,29941.820558
54.92518,10,29945.484583
60.805719,25,29954.750103
52.946885,39,29969.238041
60.300249,23,29977.792189
57.603409,60,30000.076709
59.800356,21,30007.919333
62.633383,27,30018.021021
56.01612,12,30022.566612
57.10292,61,30045.434758
56.464991,54,30066.00219
61.887996,24,30075.371925
56.545175,65,30099.82199
60.134219,20,30107.30447
58.599928,17,30113.661052
60.532976,24,30122.578083
64.439755,31,30133.956292
58.801452,20,30141.472431
59.135027,68,30166.993415
57.847585,17,30173.370867
61.365946,25,30182.726677
61.618256,26,30192.400658
55.966888,14,30197.539303
62.052837,25,30207.080055
63.662413,28,30218.119861
57.950484,16,30224.058942
61.550423,23,30232.713739
63.205765,69,30258.12503
55.485475,12,30262.558259
59.987796,21,30270.266538
56.627968,16,30276.196857
57.968075,16,30298.34148
59.52396,22,30306.549175
55.650208,89,30339.783498
54.458214,9,30343.175846
64.009295,31,30354.897389
53.994495,20,30362.39609
64.321882,48,30380.215169
60.030932,22,30388.5224
54.250571,9,30391.936643
59.673204,20,30399.332217
59.01039,23,30407.947798
53.610546,9,30411.313794
59.522163,20,30418.81964
52.086172,5,30420.800868
63.417569,27,30431.150185
62.374142,27,30441.198214
67.20844,60,30463.200643
60.905438,22,30471.322162
57.441779,16,30477.276171
59.866719,20,30484.788143
56.895557,61,30508.232174
57.133785,16,30514.250657
53.790783,9,30517.630561
56.854851,16,30523.590822
57.619426,16,30529.485667
59.804687,22,30537.675324
49.781907,1,30538.116097
63.815634,30,30549.182286
56.81567,17,30555.446793
58.409512,56,30576.374225
60.376454,47,30593.855916
62.106286,40,30608.933174
57.666569,18,30615.659568
61.816876,27,30625.653099
55.967536,13,30630.526209
61.822823,24,30639.80652
59.167259,20,30647.518981
64.3814,30,30658.627914
62.335614,25,30667.909172
60.630757,25,30677.463231
58.391503,62,30700.677508
61.549952,24,30709.437169
54.675554,28,30720.240833
58.387988,19,30726.954108
62.486747,27,30736.123623
60.827465,36,30748.323615
60.197633,22,30755.792659
65.475007,70,30779.520019
52.715564,20,30786.455068
62.380114,27,30795.565062
61.035929,23,30803.327567
59.029534,19,30809.811467
59.74026,21,30816.940797
61.742288,60,30837.281504
54.721867,13,30841.707528
62.375618,42,30857.276134
60.229302,22,30865.221896
54.163743,10,30868.90141
59.252588,21,30876.592607
57.087714,23,30884.973927
54.295065,9,30888.278453
62.307458,26,30897.822747
58.632956,19,30904.803618
55.974448,15,30910.274868
63.241229,47,30928.042423
55.876862,48,30945.688897
57.742687,16,30951.689638
56.867047,13,30956.614173
62.30606,39,30970.946893
62.552106,28,30981.23189
53.361767,8,30984.243767
55.585017,11,30988.373898
61.902415,24,30997.571712
60.098673,23,31006.169708
57.149874,14,31011.359801
61.358036,24,31020.204031
57.133382,46,31037.043679
58.455086,18,31043.731373
61.29002,23,31068.132289
52.720116,19,31075.315284
54.666014,21,31083.185773
63.366039,70,31109.24396
58.385451,18,31115.946923
61.242022,24,31124.63224
57.744332,16,31130.401641
57.183277,15,31136.083915
56.82349,13,31140.969629
59.117477,57,31161.798661
59.527389,19,31168.894698
56.29261,13,31173.801135
57.291619,24,31182.747013
60.881624,25,31192.107111
62.203553,24,31201.096246
55.397708,61,31223.947378
57.419968,14,31229.296984
59.412037,21,31237.254671
61.84044,41,31252.851269
60.874482,22,31261.028017
54.849491,97,31297.411174
63.818242,28,31308.045144
61.298754,23,31316.812571
59.657226,23,31325.437406
57.762571,16,31331.444067
57.828008,18,31337.955912
62.65536,70,31363.711482
63.445974,29,31374.373922
58.570851,17,31380.655045
54.490701,60,31403.197846
62.796507,25,31412.694981
60.442534,24,31421.904402
61.715902,26,31431.779775
57.209093,87,31464.050366
59.433139,55,31484.544353
63.998248,29,31495.690072
60.759133,23,31504.376572
67.971409,52,31523.920696
59.040951,18,31530.701078
63.641317,30,31541.667939
60.370195,23,31550.202717
63.241059,28,31560.602471
62.768587,56,31579.712764
57.117177,17,31585.441967
59.28678,19,31591.805883
64.30081,30,31601.824465
59.788134,19,31608.190641
53.189392,58,31627.627234
56.697519,15,31632.783407
50.24066,1,31633.186055
70.162675,60,31653.273082
57.849111,17,31658.982945
49.788036,1,31659.371441
62.153194,25,31667.740525
54.065887,8,31670.446325
52.980972,6,31672.466652
60.616888,21,31679.503497
58.812446,22,31686.814904
63.706377,56,31705.605632
59.62378,21,31712.665551
59.619133,19,31719.026965
59.944556,19,31725.325993
61.196879,72,31749.149334
65.636609,35,31760.779387
58.005252,16,31766.163016
59.317982,66,31788.681894
58.389586,20,31795.349397
55.483123,13,31799.742346
58.432007,17,31820.312154
60.35248,23,31828.027359
57.219915,64,31849.686141
59.499556,19,31856.078206
55.003027,23,31863.820873
60.735173,23,31871.548311
58.806545,18,31877.595286
57.429929,15,31882.657608
59.018706,21,31889.726003
51.062609,67,31912.348616
61.855881,24,31920.460081
58.123404,18,31926.510622
63.223364,68,31949.33502
55.517371,11,31953.05659
63.184086,29,31962.78827
57.269598,14,31967.48928
59.503261,50,31984.53493
62.055905,27,31993.582881
57.048701,16,31998.955593
61.495928,25,32007.363009
63.987503,67,32029.943872
63.041078,28,32039.323461
57.589894,15,32044.394601
62.731722,47,32060.523698
55.752773,12,32064.655368
59.482537,22,32072.143526
61.178226,24,32080.260597
56.956299,14,32084.999129
62.612223,26,32093.742806
59.514277,21,32100.811581
56.230373,13,32105.203444
61.071576,22,32112.61217
55.367057,15,32117.915586
57.731449,19,32124.489048
53.544678,7,32126.907731
54.149876,9,32129.976769
61.571846,68,32152.931488
60.670297,21,32160.03462
59.562873,19,32166.429476
55.471122,57,32185.814897
56.581397,13,32190.347326
55.726247,54,32208.710912
58.324726,28,32218.256946
63.730398,29,32228.147487
57.579211,16,32233.638614
56.802939,44,32248.611961
60.310688,24,32256.896954
62.916608,27,32266.216807
58.556051,17,32272.008214
59.511269,20,32278.794436
63.42466,28,32288.292288
52.542672,5,32290.035571
61.224331,24,32298.13765
48.985373,31,32308.619824
62.52539,26,32317.443419
56.440869,13,32321.862836
59.632428,27,32331.229888
64.25203,71,32355.186478
56.338222,12,32359.279986
59.236613,22,32366.775433
62.581993,47,32382.689784
59.434261,20,32389.451494
60.856174,22,32397.538278
59.067786,107,32433.674978
52.837167,6,32435.751624
61.13931,25,32444.202025
60.096293,20,32450.991485
58.03173,76,32476.891976
66.869425,37,32489.448221
62.50125,27,32498.550006
56.152492,62,32534.023317
57.534984,23,32542.124238
61.876612,42,32556.5059
60.352363,21,32563.699912
62.711467,27,32573.023446
55.224607,20,32579.952037
63.498008,28,32589.607587
61.970278,49,32606.644888
60.005008,62,32628.167417
62.539007,26,32637.12935
63.261244,28,32646.784732
60.055001,23,32654.723758
59.394171,22,32662.334674
60.406305,24,32670.562546
60.578979,22,32678.234536
60.378427,22,32685.80617
59.086362,18,32691.926058
60.002706,22,32699.417865
55.666784,84,32727.980094
53.453358,7,32730.412035
62.667939,33,32741.682155
59.466311,49,32758.554445
60.454549,24,32766.741123
58.018753,18,32772.893868
52.648429,5,32774.633685
57.248793,18,32780.770744
58.411761,17,32786.566618
58.560621,21,32793.730825
58.991022,19,32800.202606
58.545063,20,32807.015945
61.795233,26,32816.019936
61.158019,71,32840.197344
60.643215,24,32848.350857
59.917668,23,32856.193876
57.265857,16,32861.656799
62.930285,26,32870.493901
54.236302,8,32873.249605
54.479157,88,32903.588612
59.795302,19,32910.152301
54.681321,9,32913.284567
55.212106,49,32930.080524
59.197639,21,32937.304551
58.219928,16,32942.824277
61.35433,24,32951.135478
54.468937,11,32955.046901
61.431683,25,32963.685816
61.101724,26,32972.603312
58.414645,18,32978.798619
64.974229,33,32990.01794
56.160364,14,32994.858982
61.184708,24,33003.069949
60.309624,23,33010.927614
55.671747,46,33026.884894
59.175479,19,33033.416287
61.689407,25,33041.957722
63.044042,26,33050.814373
57.204362,14,33055.584594
64.142464,30,33065.790926
64.3617,32,33076.678977
59.763855,29,33086.583694
54.778342,12,33090.799862
57.224097,17,33096.799835
59.555046,21,33104.000834
56.059713,14,33108.804986
61.019983,26,33117.684351
58.909801,19,33124.185433
61.696315,25,33132.72694
58.236068,17,33138.53241
54.390411,11,33142.307342
59.161682,18,33148.487736
59.761318,20,33155.352392
61.655295,25,33164.075472
59.118176,20,33170.998221
60.99432,25,33179.542082
53.982812,8,33182.328862
59.311858,19,33188.834372
55.382054,14,33193.662858
55.262511,14,33198.52388
63.063469,28,33208.081135
58.306753,17,33213.909684
55.179559,13,33218.362359
62.918928,28,33228.010385
55.096037,13,33245.07704
61.153744,23,33252.930427
57.853489,16,33258.407909
61.139693,23,33266.294831
61.232971,22,33273.870241
65.540671,35,33285.902791
60.962093,60,33306.601351
62.119571,24,33314.869225
58.18672,18,33321.003537
61.100204,22,33328.475148
59.763355,22,33335.97789
61.962649,26,33344.824317
58.476595,159,33398.849214
63.093942,40,33412.438983
63.003837,27,33421.723596
57.760169,15,33426.882688
51.861432,9,33430.03251
61.827799,30,33440.536564
49.359059,49,33457.481437
61.369044,25,33466.112714
60.173978,24,33474.366005
60.489451,24,33482.664774
59.119031,21,33489.891257
53.558975,8,33492.652059
55.307273,11,33496.434555
60.324438,23,33504.275687
59.392829,20,33511.285972
55.575271,11,33515.10439
60.179384,23,33522.960294
58.595972,18,33529.135263
55.283673,14,33533.926733
61.429332,25,33542.524546
55.482652,11,33546.350705
61.575449,22,33553.857099
63.739866,38,33566.745012
60.86319,24,33575.064955
61.790586,148,33625.723444
57.456712,15,33630.923806
60.634724,24,33639.192437
63.985459,56,33658.677556
58.887026,19,33665.244262
58.278581,89,33696.034865
55.719083,14,33701.393515
54.173898,13,33706.365601
59.871421,23,33714.693668
50.405009,1,33715.107614
58.375605,118,33755.610689
56.005726,101,33788.580299
61.702028,23,33796.139259
57.668231,22,33803.5021
60.130434,20,33810.222689
60.381037,30,33820.26579
60.137247,21,33827.244092
56.832769,44,33841.841863
58.582881,17,33847.521634
62.428191,25,33855.839695
60.596166,21,33862.838146
53.536892,7,33865.221296
57.379065,67,33887.470186
55.841099,114,33925.436082
55.69277,63,33965.790255
59.489266,20,33972.592389
62.16262,25,33981.143578
59.40829,20,33987.879517
58.993464,19,33994.345467
51.980372,21,34001.431392
61.85894,26,34010.438669
61.998698,23,34018.518318
60.840046,24,34026.95853
55.151315,13,34031.524369
57.32531,18,34037.859978
55.977731,13,34042.44812
59.388757,18,34048.688975
58.392864,115,34087.314252
56.01093,12,34091.477143
58.018794,65,34114.301476
61.233316,22,34122.111665
64.040819,74,34147.602703
59.641904,19,34154.004268
63.110728,29,34163.767583
58.654322,18,34169.876621
62.324958,27,34179.015886
54.134877,11,34182.772594
49.658004,41,34196.852709
59.942579,45,34212.565744
57.895392,18,34218.957037
61.780421,27,34228.438352
55.369169,14,34233.379995
56.966063,14,34238.277819
59.314877,19,34244.79075
62.01934,26,34253.547879
64.019471,30,34263.702033
62.856792,28,34273.124629
58.668421,93,34305.324861
56.155462,13,34309.777105
59.10887,20,34316.510561
55.403245,63,34337.837645
60.841126,24,34345.965319
61.942805,54,34363.917776
61.575622,22,34371.237606
61.902063,24,34379.207624
62.43284,25,34387.494975
62.721098,26,34396.070919
60.063355,23,34403.679739
54.446659,59,34423.225631
61.618176,82,34450.624799
62.361523,29,34460.214783
59.907255,20,34466.859313
55.961016,13,34471.225454
58.11049,18,34477.405475
62.160655,51,34494.539981
54.185047,11,34498.26378
51.737608,13,34502.689705
58.771813,63,34524.02918
52.551219,8,34526.766641
60.312369,24,34534.85003
62.206802,24,34542.949253
54.063075,8,34545.683347
59.698606,21,34552.751082
57.366592,107,34588.590185
63.218265,28,34598.064904
58.808908,22,34605.536088
57.583621,33,34616.64677
57.55176,17,34622.400577
62.079556,24,34630.479403
57.948649,15,34635.691856
58.69559,20,34642.60535
54.643931,10,34646.086916
62.152526,26,34655.055103
50.973692,68,34693.212714
58.581653,17,34698.859825
58.899773,31,34709.114192
61.486879,23,34716.731069
63.566752,29,34726.32716
62.233256,24,34734.265958
59.232898,24,34742.232148
55.970635,16,34747.550427
60.722345,22,34754.83262
60.009783,23,34762.439622
62.680003,25,34770.728295
54.490307,9,34773.740427
62.366285,27,34782.743271
61.731921,25,34791.121072
56.832095,69,34814.150019
58.757704,19,34820.526363
58.035072,16,34825.968725
61.352597,25,34834.451073
56.881291,17,34840.169059
62.49065,26,34848.870605
63.060114,52,34866.269387
59.135239,67,34888.750582
65.208726,34,34900.137813
58.095399,19,34906.678317
62.729605,41,34920.360271
55.959109,55,34938.565039
53.987333,8,34941.248037
60.953526,24,34949.252554
60.521713,24,34957.265021
60.273346,39,34970.199157
62.956202,26,34978.8249
57.623334,16,34984.18705
61.440874,27,34993.131425
64.742384,51,35010.086309
57.563347,72,35034.100051
52.16665,86,35063.051661
58.049739,19,35069.460284
61.085651,38,35082.200073
59.340846,23,35090.034676
62.594745,27,35099.42036
61.110865,23,35107.10377
60.172316,24,35115.215038
62.513815,28,35124.539547
58.909942,21,35131.55918
53.549773,7,35133.920317
62.623064,55,35152.245324
64.15464,36,35164.220757
54.054733,8,35166.953338
62.180399,26,35175.611627
63.539279,30,35185.964975
62.576128,26,35195.020295
60.731762,23,35203.013259
60.853204,21,35210.329872
59.438794,22,35217.969746
66.282144,118,35258.169193
59.36485,22,35265.640696
61.723038,26,35274.463956
59.481638,22,35282.009876
53.365858,48,35298.366131
55.322896,12,35302.463067
60.124827,25,35310.968316
60.931205,27,35320.252876
60.753649,24,35328.392415
55.798537,37,35341.11123
53.991924,25,35350.386869
62.284837,41,35380.085245
58.33037,37,35393.020962
58.054806,18,35399.210505
62.189963,23,35406.967249
54.403205,11,35410.649248
56.297729,13,35415.02039
60.081302,21,35422.033794
57.386728,15,35427.094172
62.844178,27,35436.130552
54.961898,59,35455.790337
61.082124,35,35467.434982
61.854318,24,35475.455748
56.136262,16,35480.806742
61.901436,24,35488.802197
57.244641,69,35511.759161
57.654705,70,35535.079557
59.781077,24,35543.081935
49.692801,1,35543.47075
58.510619,19,35549.975133
63.37355,30,35560.539828
58.272299,23,35568.332847
62.644498,27,35577.462544
57.867913,15,35582.58651
57.211489,17,35588.336987
61.670981,23,35596.118613
59.296929,22,35603.563681
61.395883,23,35611.478262
61.912714,25,35620.939158
61.804837,84,35649.814461
49.547738,1,35650.217016
58.366807,17,35656.018374
62.311914,24,35664.094266
59.555808,19,35670.5358
57.112072,15,35675.631616
62.713881,29,35685.48633
65.820747,72,35710.08548
56.740088,14,35714.907138
61.085653,23,35722.69543
57.973636,18,35728.773936
57.723493,43,35743.266544
55.298282,10,35746.657364
57.600686,70,35770.068478
58.895358,74,35794.852754
58.322761,21,35801.892716
57.876321,20,35808.628755
58.726008,21,35815.685005
61.299184,23,35823.456794
60.847943,32,35834.322379
52.151127,5,35836.073046
65.611651,35,35847.947049
60.509997,59,35867.990889
56.07944,12,35872.081261
56.342456,14,35876.875055
61.767349,27,35886.059762
57.507815,18,35892.189028
64.987746,31,35902.72444
63.532585,30,35912.92947
61.993891,24,35921.115926
64.192642,50,35938.089821
61.659847,26,35947.004863
55.94199,13,35951.457187
62.141757,27,35960.617077
54.239016,8,35963.389086
59.370072,22,35970.866562
55.68326,12,35974.974248
63.024306,26,35983.828008
58.364324,16,35989.284606
63.768769,28,35998.825046
59.348496,63,36020.237332
59.953215,52,36037.930757
55.103018,12,36042.044225
59.480635,21,36049.217766
62.534606,27,36058.389479
55.306058,17,36064.218079
59.785692,20,36071.045837
61.803685,25,36092.814713
62.047461,46,36108.482688
61.292678,25,36116.988608
60.694243,22,36124.494653
61.591088,24,36132.667563
58.274426,17,36138.485882
64.298275,35,36150.41159
57.742791,16,36155.899758
58.120219,20,36162.71695
50.317058,1,36163.121047
62.070695,26,36171.96163
53.336073,8,36174.738285
61.601741,27,36183.944959
58.327625,17,36189.741791
58.876324,69,36213.216246
63.319091,63,36234.74394
56.028691,63,36256.414378
63.783038,32,36267.296322
53.045768,25,36275.874094
62.071836,27,36285.062881
54.528102,12,36289.186529
62.471726,26,36298.052103
60.000003,19,36304.555627
56.759242,20,36311.368397
54.579125,11,36315.388662
55.173428,40,36329.101054
50.334268,1,36329.500207
56.34288,14,36334.287042
60.474487,22,36341.772747
60.120406,21,36348.940508
60.588814,24,36357.099816
60.58234,22,36364.618937
59.670451,20,36371.441882
59.350481,21,36378.678835
64.310248,30,36388.998623
62.544568,99,36423.019948
60.8299,47,36439.196337
61.56453,24,36447.677448
54.537485,9,36450.868382
62.847,27,36460.129655
56.147484,44,36475.231527
54.117944,8,36478.008466
53.194994,7,36480.471362
60.975367,25,36489.043368
61.865504,24,36497.310692
60.936818,70,36521.595125
55.258471,10,36525.054736
61.614508,24,36533.30688
58.645573,18,36539.516612
59.019593,23,36547.438716
59.274591,19,36553.998854
62.618288,25,36562.537674
58.562906,22,36570.165199
57.314287,16,36575.674612
58.991724,19,36582.185783
59.891068,26,36591.097356
60.676668,60,36611.650357
58.898608,21,36618.871925
58.436255,21,36626.13048
64.331571,35,36638.121268
60.069226,19,36644.660874
62.992682,71,36668.976671
63.585767,28,36678.565652
61.011648,22,36686.133312
61.900581,27,36695.388894
56.260655,14,36700.212645
59.806729,19,36706.744608
52.530458,5,36708.509944
60.068561,19,36715.056937
55.117753,10,36718.509429
59.335498,65,36740.808677
55.829167,15,36746.003486
58.399782,20,36752.90723
60.390128,23,36760.816084
59.134672,21,36768.015905
59.76032,20,36774.905895
59.326381,71,36811.836202
59.24632,19,36818.403584
63.440605,38,36831.474226
56.484063,16,36837.002765
61.375919,22,36844.558111
65.058284,74,36869.926113
49.423267,1,36870.330633
60.674767,69,36893.973568
57.850469,19,36900.543569
60.076583,23,36908.505406
55.753431,15,36913.785589
63.825568,49,36930.730151
57.594081,16,36936.257863
64.006834,37,36948.962602
60.943929,24,36957.149704
60.861274,24,36965.328748
62.729264,27,36974.544374
61.642031,24,36982.720205
56.398483,13,36987.212873
58.460876,34,36998.83266
57.826099,18,37004.964453
62.532058,27,37014.12072
57.74392,18,37020.318503
59.915531,22,37027.861478
58.185752,18,37034.134012
54.511481,9,37037.233653
52.444551,5,37038.982117
50.37837,1,37039.381177
57.520799,17,37045.207294
63.339175,29,37055.105361
60.487296,22,37062.618584
58.545653,21,37069.784567
59.513624,19,37076.268381
59.974009,20,37083.111342
61.134874,65,37105.217193
56.749351,18,37111.397244
57.563813,17,37117.218902
63.671786,40,37130.849194
64.245745,30,37141.074529
53.078656,6,37143.179368
60.772121,25,37151.710098
60.917629,21,37158.872599
62.985737,76,37184.784132
61.103825,24,37192.975721
55.633948,13,37197.453176
62.509173,27,37206.659848
60.068797,22,37214.17244
66.140478,50,37231.42251
50.719998,57,37251.413662
56.814375,16,37257.048698
65.0552,31,37267.884067
61.410417,24,37276.207783
62.586309,25,37284.806937
57.283555,18,37291.007605
59.62796,24,37299.236081
58.975894,24,37307.445122
50.705459,2,37308.207853
62.93822,28,37317.783653
57.370982,15,37322.943795
61.272121,37,37335.638003
59.880366,21,37342.84434
57.929682,20,37349.727548
53.404694,7,37352.153927
59.354216,21,37359.345818
52.944087,6,37361.432276
60.297231,24,37369.670473
54.401167,9,37372.785705
61.483984,22,37380.343175
63.223793,31,37391.008251
63.550783,30,37401.346855
60.113303,21,37408.639259
61.789985,24,37416.977101
60.362322,23,37425.045913
53.77838,9,37428.284849
54.334703,10,37431.931116
57.405993,74,37458.581605
61.458669,63,37480.676034
59.18262,20,37487.519905
62.540045,26,37496.514716
64.255438,31,37507.182124
65.08401,77,37544.857925
61.446032,24,37553.116343
63.79393,31,37563.769474
56.154901,13,37568.300581
56.7761,63,37590.322223
66.137192,52,37608.412814
63.143011,72,37633.429758
61.510772,27,37642.837682
58.745317,20,37649.837486
54.595609,11,37653.700969
62.404736,28,37663.459724
56.443599,13,37668.042504
58.558314,17,37673.985858
54.417991,9,37677.153641
55.657507,52,37695.230864
57.723998,18,37701.504575
56.590431,51,37719.372541
62.700678,26,37728.482716
58.564578,18,37734.763123
54.48054,57,37754.589948
59.374432,49,37771.651974
63.7518,64,37794.025685
54.710573,10,37797.548194
59.167403,18,37803.862972
54.705967,9,37807.031266
50.784448,38,37820.325818
60.043412,19,37826.98908
54.868668,60,37847.797669
60.06208,23,37855.747386
53.842446,9,37858.863605
61.161302,68,37882.414024
57.300269,16,37887.984949
65.292138,49,37905.016862
61.243556,24,37913.378634
52.522997,5,37915.162873
61.851795,24,37923.507076
55.208891,59,37944.19637
56.139358,14,37949.147815
58.022108,21,37956.746991
61.498467,60,37978.504453
55.558425,14,37983.412947
60.697244,23,37991.429345
55.08473,11,37995.293369
61.60323,24,38003.62275
64.361415,71,38028.421673
55.312788,13,38033.024697
63.745261,28,38042.85049
58.475623,19,38049.552931
56.809004,14,38054.472053
61.710842,23,38062.587483
62.109032,25,38071.69986
57.645484,19,38078.680827
62.946007,28,38088.714622
63.636274,31,38099.479145
58.769901,41,38113.833661
51.747335,5,38115.688868
60.899122,23,38123.73933
53.502492,7,38126.265587
58.239891,18,38132.673789
60.672192,71,38158.656683
57.930964,19,38165.189274
58.521383,18,38171.335635
54.931981,13,38175.798069
58.253444,17,38181.571622
57.685515,18,38187.708649
59.943675,20,38194.521623
60.614366,22,38202.03177
56.922195,44,38217.008795
61.854473,26,38225.874089
58.809477,19,38232.322088
64.400315,40,38258.969181
59.042775,35,38270.845835
56.329544,65,38293.466969
60.530978,23,38301.756319
55.955902,45,38317.617428
55.804793,13,38322.31637
60.805887,22,38330.145176
59.588459,56,38349.297809
58.924664,19,38355.900947
52.649357,5,38357.717838
63.042392,26,38366.877955
57.210403,15,38372.166947
55.627026,13,38376.76322
58.798272,21,38384.082126
57.36171,17,38390.086464
50.421231,1,38390.490948
59.236684,20,38397.562394
54.398599,10,38401.096682
64.08685,30,38411.444424
62.584228,27,38420.642209
59.220944,19,38427.161846
54.194586,10,38430.597304
56.053795,16,38436.026685
62.95737,28,38445.520858
56.684501,14,38450.34594
55.97106,14,38455.115408
53.971745,9,38458.213163
51.075198,27,38467.917828
62.142578,26,38477.140836
63.642583,75,38503.533758
61.234366,24,38512.016927
52.845363,6,38514.236169
55.069302,10,38517.884416
66.234281,59,38538.966064
63.029274,28,38548.926441
52.340674,22,38556.79882
63.47069,28,38566.575514
59.889936,22,38574.074013
63.352728,29,38583.947327
60.742855,24,38592.476203
60.496971,21,38599.991862
61.327286,26,38609.597392
63.759724,28,38619.36331
59.917469,22,38627.210685
56.435018,14,38632.091953
61.011457,24,38640.751937
59.688226,23,38649.261796
56.257147,14,38654.395217
60.991031,25,38663.499866
55.011153,11,38667.435391
60.747141,23,38675.481146
62.335974,26,38684.532724
60.133743,23,38692.503536
58.558795,17,38698.451432
56.964345,16,38704.053884
59.129585,21,38711.375564
61.524973,25,38720.226708
52.937442,6,38722.344687
59.85858,21,38729.668814
57.499748,27,38739.259866
60.520936,24,38747.643255
62.361575,25,38756.341454
56.113193,59,38776.861555
56.350137,15,38782.142932
58.030833,62,38803.667791
60.144193,20,38810.610301
59.630662,19,38817.215844
60.332877,69,38841.165626
55.857607,38,38854.395455
64.292981,46,38870.386997
55.052893,11,38874.232978
55.933639,15,38879.499356
62.389381,26,38888.594427
61.882936,25,38897.406035
61.140931,25,38906.32235
61.183435,23,38914.458381
61.56699,71,38939.382939
58.954808,20,38946.425629
56.186116,13,38951.007165
60.87337,24,38959.367027
54.897247,11,38963.25292
57.273866,67,38997.738245
58.70527,22,39005.578079
61.526917,23,39013.616071
58.308616,20,39020.726606
59.742352,22,39028.610633
56.973006,30,39039.486418
60.316578,22,39047.854682
60.284673,21,39055.424881
62.860107,28,39065.425365
62.644899,26,39074.727155
56.495695,13,39079.392569
58.557955,17,39085.940475
51.168723,25,39094.901959
64.015115,42,39110.045187
68.243931,55,39130.036443
63.430482,47,39147.14777
62.984781,26,39156.406014
55.586723,15,39161.850737
62.245506,28,39172.009264
54.88872,12,39176.407575
56.836346,14,39181.749288
56.525169,14,39186.779535
53.690291,9,39189.998695
63.611259,28,39199.975379
62.013063,24,39208.619232
55.829647,11,39212.631591
59.695759,21,39220.252444
56.252377,57,39240.803563
53.177943,6,39242.99812
58.213244,17,39249.333092
61.585819,26,39258.743994
58.336619,57,39279.447231
60.81728,21,39287.128712
53.091652,6,39289.354071
57.866568,19,39296.134965
56.045769,13,39300.825693
58.804546,18,39307.308491
60.487182,21,39315.096362
56.21589,20,39322.559279
63.712602,30,39333.244622
58.477217,19,39339.939045
60.559482,20,39347.010008
64.556516,32,39358.22642
54.084875,10,39361.78531
61.495695,25,39370.419049
56.56607,16,39375.959215
57.030526,16,39381.474139
60.596666,23,39389.434311
58.541729,19,39395.996721
53.613588,27,39405.311902
60.556931,24,39413.577465
62.503352,27,39422.868633
59.355879,46,39438.653059
55.388393,12,39442.81785
60.345825,23,39450.77265
59.20786,22,39458.34423
63.8341,41,39472.457519
57.572091,19,39479.005167
62.300385,26,39487.96304
54.152664,9,39491.115057
64.227824,31,39501.77201
62.471397,35,39513.838886
58.439423,17,39519.710786
57.185149,40,39533.827707
50.248157,1,39534.235869
55.977394,16,39539.937852
60.028405,19,39546.624878
55.906401,18,39552.939114
60.323128,21,39560.19216
61.949856,26,39569.175483
57.456703,16,39574.701683
56.286147,16,39580.242043
58.530722,20,39587.207045
58.250903,19,39593.768353
60.52692,23,39601.726761
60.556026,22,39609.376399
58.114772,16,39614.904506
59.548546,24,39623.177718
58.480574,18,39629.433695
58.147289,66,39652.553015
59.32378,22,39660.548859
60.92005,22,39668.188653
56.186961,16,39673.779594
61.386118,25,39682.717434
64.773588,32,39694.165787
64.244698,33,39715.642196
62.18296,24,39723.959847
58.538465,21,39731.230933
61.574821,25,39739.87104
54.676542,10,39743.38142
59.90656,21,39750.664855
63.210816,28,39760.346137
55.914567,13,39764.886846
55.368399,12,39769.055672
58.406262,21,39776.329557
59.769474,23,39784.31239
59.492805,18,39790.552861
60.627502,22,39798.162294
59.851518,66,39821.041511
58.304428,19,39827.765409
65.160026,49,39845.070296
59.367949,21,39852.484215
57.803051,16,39858.136643
56.206996,17,39864.186553
60.146203,24,39872.673048
57.092009,18,39878.984133
58.396731,19,39885.611969
60.753176,22,39893.211207
58.674448,64,39915.451782
59.453163,40,39929.348796
60.389834,25,39938.004438
64.766324,65,39960.489161
58.913958,21,39967.813115
61.454186,33,39979.262004
58.61543,17,39985.159158
68.726595,55,40004.215375
53.505637,7,40006.732444
59.900248,20,40013.788121
64.239208,46,40029.989277
58.051245,16,40035.674934
61.678917,70,40060.301491
56.959719,17,40066.326897
62.047921,28,40076.195073
67.456867,37,40089.248656
62.589857,72,40114.666562
60.982075,23,40122.90599
62.053534,25,40131.947595
52.914966,6,40134.116729
57.108019,15,40139.461404
59.434512,22,40147.228719
60.952215,60,40168.432512
58.873473,58,40188.996523
60.094486,60,40210.213181
55.023967,58,40230.713884
60.794961,50,40248.253401
53.604048,9,40251.44254
58.78655,19,40258.214128
61.943484,24,40266.972978
61.313663,22,40274.931845
64.691445,52,40293.11089
52.432365,39,40306.690376
60.675009,55,40325.866239
56.63855,61,40347.032104
60.726175,21,40354.438292
62.201956,25,40363.327345
56.834439,17,40369.393862
57.162886,17,40375.454077
58.082558,18,40381.892851
61.814823,26,40391.107324
63.293613,74,40417.281465
55.361656,28,40427.233227
53.811656,8,40430.127453
60.557654,38,40456.536637
52.964731,7,40459.054835
54.921419,58,40479.636351
63.238867,51,40497.739067
59.007096,17,40503.812374
58.141402,24,40512.371678
61.150372,25,40521.345934
64.083275,75,40547.944136
61.5371,72,40573.466249
52.949205,6,40575.639489
60.549681,24,40584.178257
56.868905,14,40589.188687
67.149889,66,40612.596421
56.667634,28,40622.586212
57.562982,18,40629.006014
62.315792,24,40637.538407
63.619813,30,40648.234181
62.779472,27,40657.839119
60.410947,64,40680.611627
63.275313,29,40690.923892
66.435935,66,40714.441802
64.877716,62,40736.675951
58.330299,20,40743.892427
58.841823,19,40750.678903
60.027989,21,40758.184817
66.370752,66,40781.68538
59.634291,19,40788.488011
58.780959,20,40795.633321
63.578004,28,40805.58518
57.3495,16,40811.29935
59.7285,23,40819.508543
61.021798,24,40828.090032
58.744577,21,40835.609425
58.440903,18,40842.042187
60.095273,23,40850.239727
57.966963,16,40855.966613
53.541158,7,40858.513434
58.250238,19,40865.317786
55.983889,13,40869.972107
55.113287,13,40874.639558
56.712669,16,40880.395174
60.160054,20,40887.521165
61.205308,26,40896.795533
54.226084,10,40900.409015
58.543562,22,40908.280545
60.953362,24,40916.829437
63.475016,28,40926.820656
58.539484,17,40932.901969
54.932904,57,40953.215822
59.060127,23,40961.440099
59.614623,20,40968.598557
52.486216,5,40970.430383
61.108707,23,40978.658897
62.628759,26,40987.992264
57.879283,15,40993.363156
59.842821,20,41000.536786
58.556817,40,41014.853137
57.114948,36,41027.915747
59.179044,19,41034.983154
58.348772,19,41042.067704
52.289699,44,41058.427457
59.24477,19,41065.525091
62.257762,26,41074.918104
57.01769,58,41095.619991
57.007084,16,41101.460615
54.694328,11,41105.453133
68.510584,39,41119.52372
57.073391,15,41124.94457
60.762006,21,41132.486248
58.590249,53,41151.93644
55.273839,11,41156.29015
57.254415,19,41163.407146
56.787293,16,41169.895281
59.457158,20,41177.402279
61.261503,23,41199.646067
58.462174,21,41207.911062
56.288881,16,41214.068483
57.886065,19,41221.171906
55.91035,15,41226.771732
65.038531,78,41256.49761
63.992138,44,41272.725798
57.351547,24,41281.587858
56.611316,13,41286.408305
55.43323,13,41291.224099
61.448075,23,41299.683804
52.924223,39,41314.107589
55.525416,14,41319.311339
57.767244,18,41325.957213
60.577281,23,41334.422835
61.314834,24,41343.290225
63.674716,30,41354.275506
58.413417,40,41368.956724
55.070604,10,41372.659882
60.370812,21,41380.36358
57.48064,18,41386.968844
62.322205,28,41397.215964
65.746032,69,41422.667027
57.69889,17,41429.02931
51.997852,4,41430.564219
55.532914,15,41436.156731
60.528184,21,41443.931736
59.710805,23,41452.515003
53.159805,6,41454.790512
55.135238,13,41459.64588
55.346937,13,41464.571268
54.586722,12,41469.071103
55.30093,14,41474.433884
58.543139,20,41481.922334
57.57,17,41488.312114
60.322125,24,41497.50653
54.547218,10,41501.282001
52.466499,34,41513.898707
55.733891,12,41518.350128
59.326377,20,41525.709844
62.092968,26,41535.186101
58.990709,22,41543.231491
61.227065,56,41563.784007
55.277334,10,41567.505083
59.701915,21,41575.235297
64.048354,35,41588.230459
50.030229,1,41588.650029
57.525741,19,41595.733106
56.638762,15,41601.277927
54.590697,10,41604.999309
59.354604,21,41612.762451
56.473706,14,41617.950235
56.946416,18,41624.570627
54.213517,58,41645.97752
61.06859,23,41654.47328
65.152809,85,41685.803966
61.641899,24,41694.688043
61.656996,25,41703.94693
63.149588,30,41715.040514
55.462477,12,41719.55782
65.780622,82,41750.59212
54.385053,37,41764.36487
59.703868,21,41772.19356
63.604695,28,41783.025569
59.43524,74,41811.583745
62.648328,27,41822.101173
61.282478,25,41831.688133
59.668646,21,41839.633657
61.144081,22,41848.009434
56.928041,14,41853.336743
52.992644,6,41855.647451
62.159703,24,41864.669622
56.379989,15,41870.302432
57.85303,19,41877.464846
53.553628,7,41880.133647
54.701652,64,41904.305001
61.456635,25,41913.758145
61.02479,22,41921.965986
55.074659,10,41925.746022
60.68047,21,41933.615272
68.012182,53,41953.581484
61.129551,21,41976.065381
60.601988,41,41991.436473
58.325587,17,41997.81204
54.74068,10,42001.592828
57.275358,14,42006.838637
61.038668,23,42015.441777
62.183184,25,42024.931985
60.588176,22,42033.159932
59.759551,22,42041.361967
56.561848,15,42046.987957
58.641314,17,42053.367094
55.885746,15,42058.989892
63.809841,31,42070.548947
54.058076,8,42073.590631
50.404205,1,42074.019596
62.605135,26,42083.721224
60.257997,22,42091.97064
64.305944,52,42111.659121
59.008367,22,42119.767351
61.644665,26,42129.45102
58.241272,17,42135.783298
62.374383,24,42144.896819
59.31839,18,42151.694422
62.454553,73,42178.849602
59.539984,18,42185.518373
54.90156,12,42190.074527
57.172796,64,42214.00434
66.920392,52,42233.784204
60.786288,25,42243.390278
53.650464,9,42246.943443
55.125597,12,42251.720326
56.141876,15,42257.511745
59.722199,24,42266.735564
53.946303,9,42270.171378
56.603178,33,42282.713538
61.762341,26,42292.331608
54.722013,37,42306.0623
59.799679,22,42314.316794
62.734618,27,42324.388494
59.472558,22,42332.558517
62.65903,35,42345.518387
60.704122,24,42354.367359
55.964171,15,42359.973065
59.581277,19,42367.017482
59.343887,19,42374.018647
58.610984,70,42399.932673
54.157883,8,42402.9771
57.500683,15,42408.602667
58.534707,21,42416.577077
54.717854,10,42420.440774
55.466521,12,42425.012479
54.678027,12,42429.668595
62.847015,27,42439.784332
53.827262,61,42463.516218
61.135677,61,42486.125958
58.748394,23,42494.660721
59.868057,21,42502.481682
58.41769,21,42510.301225
56.529392,15,42515.947951
58.984935,19,42523.084832
53.150041,45,42539.888373
60.666547,21,42547.680644
61.405706,23,42556.260834
53.41724,8,42559.320389
60.867411,24,42568.36869
53.750994,8,42571.435473
55.070286,10,42575.190823
53.494727,8,42578.258193
56.111566,14,42583.58167
54.172656,8,42586.649926
62.033565,25,42596.060107
60.583965,38,42610.394604
54.625237,11,42614.668147
56.752766,13,42619.809555
56.319124,12,42624.536183
60.385044,25,42633.963648
59.542414,23,42642.567405
61.9392,25,42651.859852
63.135277,71,42678.280384
59.688903,22,42686.460692
58.37683,17,42692.765616
54.297134,15,42698.35363
56.941101,17,42704.678865
59.806225,20,42712.076177
61.128569,55,42732.500257
58.670698,21,42740.272509
62.640152,27,42763.277773
54.539921,9,42766.731197
58.816421,21,42774.806213
60.97778,22,42783.498997
60.538876,70,42810.441459
63.205171,50,42829.009403
59.772162,22,42837.219653
54.599688,10,42841.011513
61.699436,24,42849.936113
61.047924,21,42857.734509
54.383846,10,42861.527131
60.788103,23,42870.1032
56.972949,18,42876.852099
55.461202,14,42882.111971
59.092439,18,42888.806152
62.516465,72,42915.804565
55.992125,14,42921.306257
55.462396,19,42928.524335
53.516236,17,42934.861524
67.148314,57,42956.013748
60.344746,24,42964.918572
57.475576,16,42970.880059
53.415522,47,42988.329451
58.922931,18,42994.993112
56.574624,17,43001.338501
60.347926,21,43009.104916
57.677428,18,43015.798348
56.949394,14,43021.023234
63.878636,72,43047.671928
50.480706,1,43048.10789
60.666764,24,43057.009665
58.395879,16,43062.947638
55.848631,13,43067.802439
67.121175,53,43087.482049
59.334467,19,43094.612928
61.487364,47,43112.260505
57.981405,17,43118.617342
59.981343,22,43126.872486
57.580357,16,43132.89304
57.133133,72,43160.230902
57.464556,16,43166.516944
56.599503,17,43173.184282
53.283062,11,43177.479645
62.055426,25,43186.864379
54.563615,9,43190.431341
60.541961,24,43199.653499
64.30167,65,43224.366301
55.252082,13,43229.335589
61.849927,25,43239.079013
58.479991,16,43245.289102
53.57649,7,43248.089279
54.539697,9,43251.516075
62.044118,24,43260.426897
53.791049,8,43263.509955
63.098296,29,43274.52626
58.349909,21,43282.77495
57.558974,16,43289.077545
57.733152,71,43316.575764
60.744586,21,43324.543721
62.067348,25,43334.017513
58.212085,81,43365.320202
56.950648,16,43371.379478
59.800442,20,43378.895606
61.512833,23,43387.577097
57.869882,19,43394.736266
60.244713,22,43402.959459
59.643762,20,43410.487522
58.623887,18,43417.269194
62.470839,27,43427.374075
59.514906,19,43434.578909
62.887514,29,43445.534579
63.691612,30,43457.051208
61.094975,57,43479.151951
56.943128,69,43505.18111
61.860055,26,43515.012449
58.860653,20,43522.570845
57.351232,17,43528.946901
62.900862,28,43553.712267
61.506233,23,43562.31245
58.013398,17,43568.682189
61.334697,42,43584.409563
60.710925,55,43605.038852
57.414184,18,43611.873257
60.74103,24,43620.865492
62.02793,64,43644.916174
58.135901,17,43651.421054
61.591435,24,43660.452134
60.27661,24,43669.906155
61.089965,23,43679.053499
59.408036,18,43685.955993
57.957843,47,43703.663003
65.918715,95,43739.542852
60.07824,23,43748.231131
59.272919,21,43756.173284
66.757152,37,43770.147533
62.217813,24,43779.198668
61.644453,23,43787.937984
62.164965,24,43797.131036
60.190589,31,43808.928211
60.156453,20,43816.571698
58.272161,17,43823.013186
55.016005,13,43828.00675
56.244582,15,43833.784171
61.812549,25,43843.269231
55.829858,13,43848.219993
57.3693,25,43857.667293
56.779614,14,43862.95875
51.471985,5,43864.883989
56.450062,17,43871.337992
55.647455,13,43876.284694
57.847845,15,43881.95542
60.451159,21,43889.891592
64.471227,32,43901.978254
56.318589,15,43907.660114
63.353839,33,43920.095773
53.981197,8,43923.167515
53.178278,6,43925.460006
51.049097,46,43942.891986
63.032303,41,43958.523424
61.551734,24,43967.648958
60.394389,21,43975.530015
58.200988,17,43981.990136
53.462107,7,43984.646198
55.784924,15,43990.402034
68.350885,86,44023.634645
60.986431,66,44048.916332
63.107168,59,44071.36119
61.30191,22,44079.661444
55.371069,94,44115.327317
63.912818,29,44126.316175
56.045598,58,44148.285949
57.274681,14,44153.651399
60.956157,22,44162.08477
62.221593,28,44172.737293
64.309926,41,44188.418364
58.44651,65,44213.514948
63.183702,74,44242.579014
59.649759,21,44250.571409
59.375426,60,44273.251211
57.90571,16,44279.331438
61.721013,27,44289.602005
60.02436,23,44298.440818
60.697671,21,44306.494037
63.756608,35,44319.714684
56.064315,15,44325.410879
57.085269,16,44345.028681
54.094561,9,44348.49458
61.147123,22,44356.862516
54.68987,12,44361.4514
65.568001,47,44379.266645
60.292489,22,44387.671684
49.561618,48,44405.879634
61.399883,50,44425.226135
60.284573,23,44433.766677
60.9153,21,44441.55815
54.865183,61,44464.069609
64.04613,31,44475.496706
53.80529,9,44478.981591
57.518162,48,44496.716439
57.79761,18,44503.378852
64.114809,30,44514.466384
59.335082,21,44522.273369
58.4045,20,44529.649908
63.193277,28,44540.069832
60.706037,24,44549.108769
61.095947,23,44557.789622
60.173978,20,44565.282001
59.71189,41,44580.679484
59.281939,22,44588.999183
61.02609,24,44598.103404
57.007614,15,44603.847493
50.49525,1,44604.285632
61.588876,23,44612.7741
58.591383,22,44620.905189
56.051684,13,44625.73566
52.938161,7,44628.397653
62.711483,27,44638.389096
61.938484,24,44647.355102
55.909909,15,44652.931309
57.856337,47,44670.269176
56.284801,62,44693.347576
63.721908,28,44703.682624
54.723062,11,44707.788721
60.823571,22,44716.028768
60.68139,24,44724.950692
56.222013,61,44747.851334
60.144377,24,44756.871262
57.688553,15,44762.530013
55.355178,13,44767.450521
60.734118,71,44794.083175
56.408988,15,44799.768262
56.654321,15,44805.429335
61.292159,25,44814.854012
49.822841,1,44815.290689
59.043213,19,44822.471085
63.035997,28,44833.01207
58.958368,20,44840.528392
57.17244,17,44847.039303
61.854548,23,44855.650691
61.255363,22,44863.966767
54.00464,9,44867.402345
57.278705,17,44873.802279
60.767621,24,44882.883731
53.15925,7,44885.5359
56.634421,13,44890.442536
60.975385,21,44898.381775
50.423873,1,44898.820549
49.75033,1,44899.260207
62.574078,27,44909.454922
57.055475,23,44918.113477
62.087568,25,44927.589262
58.27414,17,44933.982579
62.474521,25,44943.417053
55.270951,13,44948.354906
55.162378,10,44952.195684
59.489805,18,44958.941069
57.419983,14,44964.252291
55.054889,12,44968.811673
59.00766,65,44993.227473
62.434398,25,45002.653548
61.951346,64,45026.749066
64.152169,62,45050.058579
61.00153,26,45059.882715
55.478321,13,45064.820989
57.793373,64,45088.903388
54.583387,54,45109.26975
