#{"t_start": 1776667505.0688632, "env_id": "None"}
r,l,t,is_success,fusion_alpha
61.283441,32,1.858749,True,0.99
55.991004,77,5.136125,True,0.99
58.348244,27,6.442566,True,0.99
65.092363,212,16.521259,True,0.99
54.668662,34,18.100705,True,0.99
8.233848,267,29.703621,False,0.99
54.231415,114,34.583326,True,0.99
70.259587,202,43.312164,True,0.99
63.832362,59,45.857978,True,0.99
55.089003,14,46.460572,True,0.99
56.264978,24,47.530674,True,0.99
66.935068,132,53.232978,True,0.99
60.756046,79,56.604735,True,0.99
64.71502,46,58.629485,True,0.99
71.513482,134,64.30081,True,0.99
60.050442,90,68.123058,True,0.99
62.655244,38,69.743948,True,0.99
62.202248,37,71.317208,True,0.99
67.019109,52,73.650979,True,0.99
60.065217,39,75.329924,True,0.99
61.148557,88,79.117084,True,0.99
57.898117,28,80.323123,True,0.99
59.373502,106,84.984471,True,0.99
64.182368,110,90.492806,True,0.99
63.774946,50,103.481969,True,0.99
63.053511,37,105.115882,True,0.99
61.679285,32,106.565107,True,0.99
54.902315,36,108.27445,True,0.99
60.738905,25,109.472213,True,0.99
54.485358,24,110.642671,True,0.99
54.319332,12,111.22773,True,0.99
65.974374,154,118.346181,True,0.99
61.575384,48,120.582799,True,0.99
60.287724,37,122.252655,True,0.99
71.194501,375,139.972182,True,0.99
66.107411,253,151.606041,True,0.99
-0.692698,249,163.104625,False,0.99
59.572741,23,164.131992,True,0.99
62.002266,29,165.467166,True,0.99
62.908574,33,166.941498,True,0.99
63.623194,39,168.68556,True,0.99
63.629936,147,175.081189,True,0.99
63.661241,36,176.644314,True,0.99
62.555234,31,177.999042,True,0.99
58.638589,26,179.162606,True,0.99
55.480669,127,184.978988,True,0.99
62.909157,129,190.52513,True,0.99
59.5887,32,191.914019,True,0.99
56.279513,15,192.567961,True,0.99
63.179354,34,194.040508,True,0.99
65.444346,50,207.82741,True,0.99
-1.884302,59,210.372603,False,0.99
56.004718,28,211.599596,True,0.99
63.945636,43,213.471628,True,0.99
55.43513,80,216.994859,True,0.99
-17.179284,65,219.797454,False,0.99
61.913876,30,221.132944,True,0.99
59.732569,34,222.607867,True,0.99
53.861704,11,223.105647,True,0.99
-20.945572,76,226.39472,False,0.99
62.999665,63,229.113152,True,0.99
62.233983,32,230.523494,True,0.99
-6.837005,67,233.407934,False,0.99
63.48193,66,236.267254,True,0.99
54.126888,11,236.756472,True,0.99
56.850825,37,238.362789,True,0.99
64.053179,37,239.962246,True,0.99
-30.694823,93,243.96782,False,0.99
59.542211,35,245.480541,True,0.99
-22.748435,69,248.444205,False,0.99
62.272396,31,249.795629,True,0.99
57.680381,35,251.312249,True,0.99
50.418624,1,251.373942,True,0.99
-7.021493,206,260.299323,False,0.99
53.703414,73,263.492823,True,0.99
62.726328,32,264.874336,True,0.99
61.07776,47,266.914995,True,0.99
66.958046,59,269.463975,True,0.99
60.263214,29,270.730528,True,0.99
-8.464392,78,274.126705,False,0.99
-28.99948,131,279.805044,False,0.99
61.150967,215,289.118162,True,0.99
60.362684,179,305.645101,True,0.99
63.430673,37,307.26653,True,0.99
59.050754,25,308.371619,True,0.99
61.374402,25,309.472784,True,0.99
63.338822,38,311.137744,True,0.99
67.326574,64,313.905076,True,0.99
55.914837,205,322.809472,True,0.99
62.690369,46,324.812835,True,0.99
58.955786,56,327.253047,True,0.99
60.02663,27,328.43189,True,0.99
52.875767,7,328.747601,True,0.99
68.692621,152,335.35094,True,0.99
49.941524,1,335.411935,True,0.99
61.668518,31,336.765075,True,0.99
58.027797,21,337.681964,True,0.99
68.47595,83,341.270907,True,0.99
63.335018,52,343.537749,True,0.99
57.735872,27,344.720669,True,0.99
59.54242,25,345.816721,True,0.99
59.328603,148,352.223994,True,0.99
3.025434,64,354.983014,False,0.99
65.350064,42,356.810778,True,0.99
55.766068,98,361.063682,True,0.99
55.036198,12,361.600802,True,0.99
62.928129,242,372.030784,True,0.99
67.309912,156,378.774157,True,0.99
59.809056,114,383.713667,True,0.99
69.634083,245,405.648245,True,0.99
4.423721,66,408.495236,False,0.99
63.7377,35,410.008001,True,0.99
61.128403,29,411.278739,True,0.99
63.640261,132,417.011741,True,0.99
65.892659,55,419.405263,True,0.99
-0.261455,62,422.097404,False,0.99
60.707302,75,425.350458,True,0.99
59.80151,33,426.787975,True,0.99
65.616239,50,428.960292,True,0.99
62.7188,141,435.044178,True,0.99
58.669723,113,439.946282,True,0.99
62.276799,89,443.830099,True,0.99
62.534782,44,445.762399,True,0.99
63.810279,40,447.507238,True,0.99
65.510899,51,449.725829,True,0.99
-11.399875,201,458.471661,False,0.99
-21.44457,49,460.630933,False,0.99
55.438263,12,461.169009,True,0.99
63.907385,35,462.688456,True,0.99
54.361792,13,463.265615,True,0.99
66.225375,119,468.433833,True,0.99
54.378001,129,474.044183,True,0.99
-0.490314,69,477.031667,False,0.99
64.221004,33,478.470681,True,0.99
-5.069176,56,480.876086,False,0.99
65.554917,308,503.958966,True,0.99
61.369347,27,505.146776,True,0.99
63.50853,35,506.809121,True,0.99
63.361618,187,514.894722,True,0.99
59.801418,38,516.561838,True,0.99
58.579867,67,519.48767,True,0.99
56.955747,23,520.509591,True,0.99
58.470806,20,521.394285,True,0.99
57.274571,20,522.278569,True,0.99
-16.215198,143,528.481521,False,0.99
57.480296,24,529.538411,True,0.99
64.592832,41,531.366711,True,0.99
55.117373,12,531.916952,True,0.99
63.528368,43,533.793864,True,0.99
61.266862,35,535.32685,True,0.99
57.880654,134,541.146142,True,0.99
57.589849,103,545.645526,True,0.99
64.806001,42,547.498431,True,0.99
62.862367,112,552.373049,True,0.99
63.462356,34,553.862958,True,0.99
61.888112,29,555.129152,True,0.99
63.229461,202,563.922235,True,0.99
61.926466,121,569.172721,True,0.99
62.326159,51,571.39277,True,0.99
-10.861156,247,582.12577,False,0.99
67.526082,170,589.571166,True,0.99
60.606007,29,590.844983,True,0.99
62.518973,27,592.023168,True,0.99
62.202411,40,604.727713,True,0.99
62.154786,186,612.819177,True,0.99
56.232584,150,619.387321,True,0.99
59.087429,22,620.35167,True,0.99
55.268485,11,620.852573,True,0.99
53.418811,9,621.259055,True,0.99
58.851801,20,622.139157,True,0.99
61.320983,32,623.544548,True,0.99
58.342352,74,626.810805,True,0.99
56.604928,15,627.469248,True,0.99
51.913527,75,630.7628,True,0.99
63.807481,99,635.068689,True,0.99
60.228239,27,636.253302,True,0.99
55.932281,19,637.093038,True,0.99
60.439079,99,641.378438,True,0.99
57.157691,91,645.336218,True,0.99
55.435449,17,646.085258,True,0.99
73.173826,205,655.041086,True,0.99
59.59766,37,656.647132,True,0.99
58.469943,24,657.709942,True,0.99
54.721998,15,658.387525,True,0.99
64.022112,286,670.767289,True,0.99
57.532116,35,672.287117,True,0.99
60.860816,26,673.43981,True,0.99
64.436184,115,678.454667,True,0.99
53.158222,7,678.776082,True,0.99
59.499012,41,680.565638,True,0.99
56.06169,19,681.409369,True,0.99
55.302732,15,682.071748,True,0.99
60.596588,114,687.071987,True,0.99
60.872671,26,688.219916,True,0.99
62.497108,100,692.550678,True,0.99
61.881038,42,704.866218,True,0.99
-8.873251,81,708.385486,False,0.99
59.454462,34,709.877668,True,0.99
61.407899,26,711.019736,True,0.99
55.778424,90,714.94205,True,0.99
61.829908,80,718.469584,True,0.99
58.989004,55,720.870283,True,0.99
66.044305,52,723.166693,True,0.99
61.451117,29,724.438899,True,0.99
65.185248,229,734.493238,True,0.99
62.883742,37,736.119405,True,0.99
54.476298,12,736.660704,True,0.99
61.863628,133,742.451044,True,0.99
52.039877,4,742.644344,True,0.99
61.463428,28,743.878164,True,0.99
63.573649,107,748.537776,True,0.99
66.789061,53,750.849295,True,0.99
58.169856,97,755.08396,True,0.99
56.83778,21,756.01503,True,0.99
59.023429,26,757.165226,True,0.99
58.432998,22,758.133681,True,0.99
61.359959,210,767.254904,True,0.99
62.718283,50,769.433579,True,0.99
57.014387,97,773.629593,True,0.99
63.09271,52,775.92058,True,0.99
59.790751,35,777.460073,True,0.99
58.24248,76,780.789593,True,0.99
57.560463,28,782.029376,True,0.99
62.814009,55,784.53026,True,0.99
59.461872,102,789.154694,True,0.99
57.085823,192,806.81267,True,0.991
66.085075,54,809.236698,True,0.991
-23.166947,303,822.628379,False,0.991
61.763723,26,823.802241,True,0.991
61.923654,108,828.579435,True,0.991
64.720146,242,839.312067,True,0.991
65.527436,130,845.023297,True,0.991
56.132931,113,850.008915,True,0.991
-1.82404,109,854.832874,False,0.991
55.927279,18,855.636199,True,0.991
56.932634,32,857.05496,True,0.991
57.774042,272,869.049834,True,0.991
53.400246,9,869.465185,True,0.991
62.960563,133,875.317385,True,0.991
55.272234,150,881.91861,True,0.991
63.803771,35,883.486348,True,0.991
57.283355,21,884.436479,True,0.991
64.013705,37,886.217395,True,0.991
62.880537,49,888.393518,True,0.991
54.59195,11,888.899044,True,0.991
1.241516,58,891.508517,False,0.991
59.776454,23,892.545353,True,0.991
57.795924,36,904.792549,True,0.991
51.004152,68,907.818635,True,0.991
-27.304554,159,914.803878,False,0.991
53.647923,9,915.233601,True,0.991
62.778498,148,921.835243,True,0.991
61.879284,141,928.082616,True,0.991
64.608998,50,930.32682,True,0.991
61.679027,32,931.820546,True,0.991
68.861511,116,936.975342,True,0.991
58.670793,24,938.068327,True,0.991
58.107024,23,939.120755,True,0.991
65.199312,50,941.351572,True,0.991
56.797908,66,944.27922,True,0.991
55.775408,14,944.93063,True,0.991
58.311237,19,945.796486,True,0.991
58.147004,23,946.847698,True,0.991
62.585056,35,948.417214,True,0.991
-7.640809,60,951.090082,False,0.991
59.806439,26,952.281621,True,0.991
61.614234,25,953.415745,True,0.991
-5.069189,115,958.510719,False,0.991
53.535959,93,962.641228,True,0.991
53.855095,9,963.066154,True,0.991
57.685885,32,964.523412,True,0.991
68.173099,145,970.925204,True,0.991
64.235997,45,972.940356,True,0.991
57.397111,21,973.911846,True,0.991
59.39128,135,979.989265,True,0.991
-2.402301,215,989.481264,False,0.991
-11.884656,61,992.187597,False,0.991
59.894155,25,993.325971,True,0.991
-2.151486,191,1011.488298,False,0.991
64.520208,39,1013.246668,True,0.991
58.166794,49,1015.429773,True,0.991
60.260742,27,1016.674261,True,0.991
49.547151,1,1016.738926,True,0.991
50.1412,1,1016.801573,True,0.991
60.131772,84,1020.538141,True,0.991
61.700712,120,1025.908277,True,0.991
65.526942,49,1028.117869,True,0.991
61.830914,114,1033.192103,True,0.991
66.325301,166,1040.565788,True,0.991
61.099259,61,1043.312603,True,0.991
64.839633,42,1045.342784,True,0.991
61.355225,28,1046.621629,True,0.991
53.401264,10,1047.085422,True,0.991
64.386255,187,1055.319771,True,0.991
57.384392,141,1061.595194,True,0.991
10.024148,72,1064.86996,False,0.991
59.465389,27,1066.12477,True,0.991
55.599581,88,1070.080421,True,0.991
65.934316,46,1072.163703,True,0.991
66.518328,130,1077.934966,True,0.991
60.838135,36,1079.616023,True,0.991
54.547493,11,1080.12441,True,0.991
64.318555,130,1086.026029,True,0.991
57.007081,20,1086.928829,True,0.991
62.808034,34,1088.504223,True,0.991
-12.986631,183,1096.688013,False,0.991
60.008713,28,1107.951951,True,0.991
57.017657,155,1114.915606,True,0.991
56.890663,23,1115.965707,True,0.991
-1.039,51,1118.270939,False,0.991
60.943528,33,1119.770396,True,0.991
53.412582,9,1120.183687,True,0.991
57.810693,104,1124.803075,True,0.991
62.548201,31,1126.202534,True,0.991
3.552986,97,1130.531097,False,0.991
69.203076,60,1133.232155,True,0.991
53.951463,10,1133.697558,True,0.991
64.307874,54,1136.160931,True,0.991
54.521747,122,1141.608128,True,0.991
64.758177,43,1143.560778,True,0.991
63.066155,75,1146.91872,True,0.991
-16.154442,183,1155.065403,False,0.991
53.02594,8,1155.445288,True,0.991
7.125903,68,1158.499019,False,0.991
58.908731,72,1161.738002,True,0.991
-14.097059,51,1164.047427,False,0.991
-25.530129,208,1173.281013,False,0.991
60.652079,27,1174.513459,True,0.991
-34.916036,140,1180.810394,False,0.991
-31.876478,71,1183.955894,False,0.991
62.721297,215,1193.549405,True,0.991
65.538802,171,1211.53546,True,0.991
63.302953,44,1213.62237,True,0.991
56.663898,172,1221.38619,True,0.991
58.66047,25,1222.539938,True,0.991
59.210592,23,1223.584896,True,0.991
57.061415,23,1224.642693,True,0.991
56.290078,16,1225.672913,True,0.991
58.609841,110,1230.637598,True,0.991
-6.411649,239,1241.319009,False,0.991
63.328055,31,1242.729727,True,0.991
58.291746,23,1243.790708,True,0.991
61.299099,29,1245.126204,True,0.991
-3.625152,60,1247.865437,False,0.991
57.48332,22,1248.880747,True,0.991
64.651813,276,1261.224908,True,0.991
56.065702,15,1261.908614,True,0.991
60.097953,24,1263.021991,True,0.991
-24.266154,365,1279.411539,False,0.991
-33.530556,72,1282.62462,False,0.991
61.771041,28,1283.922977,True,0.991
58.593892,117,1289.249339,True,0.991
62.57794,170,1296.956142,True,0.991
57.91775,132,1313.739008,True,0.991
59.046808,133,1319.73461,True,0.991
64.164904,54,1322.187502,True,0.991
61.535864,37,1323.878418,True,0.991
-21.661802,73,1327.20079,False,0.991
53.385514,9,1327.632167,True,0.991
-8.816536,49,1329.898703,False,0.991
0.477253,51,1332.266325,False,0.991
65.470796,38,1334.02483,True,0.991
54.626886,11,1334.532969,True,0.991
56.591994,17,1335.327601,True,0.991
-26.215516,90,1339.405857,False,0.991
61.962342,32,1340.944053,True,0.991
66.047232,113,1346.074985,True,0.991
59.810039,24,1347.193038,True,0.991
-34.438285,132,1353.195332,False,0.991
64.729722,146,1360.299878,True,0.991
-12.013285,47,1362.432176,False,0.991
59.496472,23,1363.507083,True,0.991
59.443278,22,1364.539709,True,0.991
67.808469,64,1367.500798,True,0.991
59.368921,24,1368.624898,True,0.991
61.755428,45,1370.690626,True,0.991
-1.932147,116,1375.912236,False,0.991
61.403318,26,1377.133008,True,0.991
55.582824,14,1377.781041,True,0.991
49.779006,1,1377.846173,True,0.991
-25.829802,264,1389.80857,False,0.991
-23.16727,66,1392.82551,False,0.991
-21.736812,69,1395.968791,False,0.991
64.330753,208,1405.421011,True,0.991
62.768879,116,1420.263796,True,0.991
59.332972,176,1428.224857,True,0.991
57.783265,177,1436.203326,True,0.991
54.942409,15,1436.912032,True,0.991
51.181767,116,1442.447273,True,0.991
63.388984,253,1453.877701,True,0.991
60.092819,27,1455.144945,True,0.991
-20.616841,85,1459.160386,False,0.991
56.881256,17,1459.947783,True,0.991
62.059983,32,1461.394189,True,0.991
-9.074646,72,1464.664712,False,0.991
-7.771872,155,1471.71262,False,0.991
62.41466,131,1477.571615,True,0.991
57.221744,18,1478.423467,True,0.991
-9.220835,58,1481.074298,False,0.991
62.65064,34,1482.699404,True,0.991
57.165634,19,1483.614296,True,0.991
60.467807,25,1484.820084,True,0.991
59.706825,86,1488.919105,True,0.991
-23.296807,90,1492.992385,False,0.991
64.512498,44,1495.173881,True,0.991
60.964502,31,1496.649119,True,0.991
61.401146,28,1498.111236,True,0.991
56.609378,44,1500.215631,True,0.991
55.839409,20,1501.126624,True,0.991
3.513643,67,1504.243944,False,0.991
-14.372724,46,1506.314722,False,0.991
60.593176,28,1507.691775,True,0.991
5.69029,62,1510.570558,False,0.991
-17.841341,197,1529.825109,False,0.991
57.896429,26,1531.013411,True,0.991
-9.787737,47,1533.253279,False,0.991
-20.731738,103,1537.833913,False,0.991
54.941727,10,1538.29722,True,0.991
61.450576,41,1540.290829,True,0.991
54.619531,14,1541.026722,True,0.991
-34.068746,89,1545.199372,False,0.991
-5.027285,45,1547.390233,False,0.991
60.038836,172,1555.561365,True,0.991
63.688903,32,1557.079375,True,0.991
56.471779,16,1557.855052,True,0.991
63.563329,29,1559.245797,True,0.991
57.054732,165,1567.089331,True,0.991
63.21201,34,1568.765677,True,0.991
56.977725,15,1569.537624,True,0.991
54.760022,18,1570.47854,True,0.991
60.580059,31,1572.073645,True,0.991
67.83805,53,1574.801251,True,0.991
1.190379,50,1577.570778,False,0.991
-10.518157,64,1581.060687,False,0.991
-8.921393,54,1583.845578,False,0.991
-24.727429,73,1587.342145,False,0.991
-10.656238,78,1591.220876,False,0.991
62.547922,31,1592.694371,True,0.991
-8.123146,168,1600.782528,False,0.991
-26.227906,83,1604.676326,False,0.991
64.188601,40,1606.572037,True,0.991
56.286655,13,1607.205621,True,0.991
63.208669,123,1612.790114,True,0.991
-0.057337,55,1615.179667,False,0.991
60.685988,23,1616.200428,True,0.991
58.388676,124,1631.760564,True,0.991
59.922172,78,1635.142574,True,0.991
-29.242107,194,1643.618431,False,0.991
61.682751,48,1645.774655,True,0.991
58.640586,102,1650.304067,True,0.991
59.25425,36,1651.920521,True,0.991
58.362622,120,1657.160791,True,0.991
57.585339,19,1658.018322,True,0.991
61.899078,73,1661.214203,True,0.991
64.262424,36,1662.826764,True,0.991
55.374864,13,1663.422503,True,0.991
62.174483,127,1668.968958,True,0.991
56.307351,124,1674.8083,True,0.991
53.401682,11,1675.340906,True,0.991
-2.414424,50,1677.730891,False,0.991
61.348141,111,1682.896841,True,0.991
59.49159,20,1683.780335,True,0.991
64.3124,40,1685.586026,True,0.991
-26.712,51,1688.112533,False,0.991
57.530897,126,1694.256365,True,0.991
58.134793,18,1695.122468,True,0.991
55.797074,14,1695.792392,True,0.991
57.763455,20,1696.782907,True,0.991
-5.319434,152,1703.905203,False,0.991
56.919646,21,1704.909139,True,0.991
-20.225134,186,1713.234702,False,0.991
-4.684866,45,1715.224592,False,0.991
-5.194842,161,1732.191252,False,0.991
-4.249078,132,1737.972443,False,0.991
61.316247,32,1739.392382,True,0.991
58.929551,25,1740.518576,True,0.991
63.675152,118,1745.706271,True,0.991
66.393039,50,1747.946352,True,0.991
54.186243,11,1748.443774,True,0.991
63.244036,48,1750.637226,True,0.991
61.85831,167,1758.192387,True,0.991
61.21319,77,1761.532449,True,0.991
60.096714,70,1764.613957,True,0.991
58.208787,19,1765.480267,True,0.991
60.943013,37,1767.122086,True,0.991
58.628265,31,1768.472923,True,0.991
55.481635,14,1769.101196,True,0.991
58.650634,35,1770.636939,True,0.991
58.806435,111,1775.531336,True,0.991
-5.870131,145,1781.958619,False,0.991
59.271718,24,1783.044168,True,0.991
63.314608,38,1784.735943,True,0.991
64.076245,72,1787.881496,True,0.991
58.831057,27,1789.089056,True,0.991
58.443146,26,1790.273375,True,0.991
55.131614,16,1790.999054,True,0.991
49.496263,1,1791.058155,True,0.991
58.259977,77,1794.387587,True,0.991
58.051437,36,1795.964846,True,0.991
59.87104,121,1801.318041,True,0.991
61.271391,31,1802.716121,True,0.991
59.526773,32,1804.146673,True,0.991
65.858786,199,1812.898444,True,0.991
64.029903,35,1814.489665,True,0.991
64.186801,109,1819.309823,True,0.991
63.713685,45,1821.394007,True,0.991
61.729996,37,1832.310857,True,0.991
-4.920314,159,1839.521599,False,0.991
58.696488,145,1845.89617,True,0.991
54.012445,13,1846.485831,True,0.991
63.50769,35,1848.065782,True,0.991
61.044881,154,1854.832285,True,0.991
62.775992,139,1861.113453,True,0.991
57.056618,40,1862.888548,True,0.991
61.658139,30,1864.254264,True,0.991
58.344887,18,1865.087211,True,0.991
58.546862,25,1866.225187,True,0.991
54.795667,54,1868.620653,True,0.991
59.378515,26,1869.802287,True,0.991
58.67988,101,1874.272548,True,0.991
-13.043114,161,1881.431576,False,0.991
49.909733,1,1881.48682,True,0.991
-23.056768,175,1889.188524,False,0.991
69.761296,267,1900.917185,True,0.991
0.461825,55,1903.3907,False,0.991
65.274766,39,1905.140181,True,0.991
64.712506,255,1916.358211,True,0.991
60.117555,187,1936.28852,True,0.991
-22.326208,56,1938.820546,False,0.991
57.830517,22,1939.839245,True,0.991
56.344937,200,1948.541444,True,0.991
56.987298,17,1949.293828,True,0.991
55.817198,17,1950.069146,True,0.991
63.564523,37,1951.733664,True,0.991
57.363602,22,1952.721185,True,0.991
57.586621,121,1958.120393,True,0.991
65.387824,47,1960.22775,True,0.991
60.934724,37,1961.914215,True,0.991
63.726923,38,1963.660598,True,0.991
-4.692799,45,1965.68048,False,0.991
-0.666513,49,1967.921936,False,0.991
-9.63792,51,1970.245908,False,0.991
62.547857,155,1977.161256,True,0.991
63.776113,35,1978.776469,True,0.991
57.490105,24,1979.879245,True,0.991
62.324057,32,1981.322015,True,0.991
63.371956,37,1982.989228,True,0.991
-3.429118,93,1987.066298,False,0.991
57.449845,18,1987.878786,True,0.991
59.296136,211,1997.303481,True,0.991
58.106372,26,1998.480419,True,0.991
57.347548,143,2004.821909,True,0.991
55.644883,78,2008.29745,True,0.991
60.338761,75,2011.692998,True,0.991
66.732639,129,2017.454359,True,0.991
63.769851,45,2019.49484,True,0.991
59.627665,108,2024.538624,True,0.991
61.922317,45,2036.581251,True,0.991
60.834545,108,2041.522678,True,0.991
60.547789,24,2042.684965,True,0.991
62.578937,30,2044.097328,True,0.991
65.737587,128,2050.055111,True,0.991
54.641504,10,2050.534335,True,0.991
67.494717,178,2059.09217,True,0.991
59.885661,31,2060.501093,True,0.991
57.096235,17,2061.287617,True,0.991
62.262189,321,2075.842237,True,0.991
0.926872,114,2081.054576,False,0.991
59.556042,27,2082.294676,True,0.991
62.236749,116,2087.788227,True,0.991
-34.991554,120,2093.376269,False,0.991
56.816705,61,2096.111328,True,0.991
49.62832,1,2096.185182,True,0.991
63.043711,114,2101.368386,True,0.991
56.576906,93,2105.658306,True,0.991
60.813748,38,2107.402865,True,0.991
59.944539,199,2116.523245,True,0.991
-15.887176,290,2129.504016,False,0.991
53.448431,7,2129.838655,True,0.991
60.677088,82,2145.096113,True,0.991
66.660348,124,2151.214251,True,0.991
65.805322,84,2155.341899,True,0.991
63.790335,215,2165.151643,True,0.991
-3.936578,117,2170.336191,False,0.991
63.366368,110,2175.250354,True,0.991
57.176441,94,2179.399767,True,0.991
65.672226,52,2181.73708,True,0.991
56.235184,13,2182.322305,True,0.991
54.167547,10,2182.791068,True,0.991
57.647177,17,2183.572102,True,0.991
59.908724,93,2187.67756,True,0.991
6.076784,178,2195.586555,False,0.991
56.683035,24,2196.677477,True,0.991
63.242167,37,2198.38092,True,0.991
61.913646,114,2203.484253,True,0.991
62.703565,29,2204.80866,True,0.991
61.775025,41,2206.667761,True,0.991
59.774498,30,2208.004355,True,0.991
63.241269,38,2209.740162,True,0.991
62.854306,135,2215.704473,True,0.991
65.884824,247,2226.672899,True,0.991
-3.562408,184,2245.199014,False,0.991
62.265162,40,2247.081859,True,0.991
61.389541,109,2251.949975,True,0.991
61.439038,41,2253.827702,True,0.991
58.807384,26,2254.998736,True,0.991
62.762193,120,2260.407882,True,0.991
58.789773,22,2261.424794,True,0.991
-21.13484,138,2267.937739,False,0.991
63.322929,58,2270.597658,True,0.991
67.552097,219,2280.295029,True,0.991
55.969689,22,2281.299606,True,0.991
63.472639,34,2282.863571,True,0.991
1.167317,504,2305.168342,False,0.991
58.54973,26,2306.355057,True,0.991
0.508018,51,2308.670697,False,0.991
63.176777,31,2310.105367,True,0.991
60.719766,89,2314.144176,True,0.991
56.576451,17,2314.933162,True,0.991
-6.681392,160,2322.054557,False,0.991
59.927995,151,2328.827781,True,0.991
62.648518,37,2330.498366,True,0.991
63.560101,120,2335.870249,True,0.991
63.004011,149,2352.871894,True,0.991
58.33352,83,2356.560798,True,0.991
56.45401,31,2357.962935,True,0.991
55.383848,17,2358.734908,True,0.991
63.005133,31,2360.146835,True,0.991
60.669583,29,2361.490122,True,0.991
62.028033,167,2368.937738,True,0.991
-2.642057,122,2374.428293,False,0.991
53.879054,9,2374.880542,True,0.991
58.868698,23,2375.935429,True,0.991
60.88705,102,2380.492593,True,0.991
63.707055,35,2382.066175,True,0.991
64.459588,117,2387.317207,True,0.991
60.089297,27,2388.564217,True,0.991
63.165735,199,2397.491154,True,0.991
58.711927,202,2406.591914,True,0.991
61.601607,28,2407.872958,True,0.991
55.523905,22,2408.880973,True,0.991
66.793914,93,2413.041625,True,0.991
-6.485268,108,2417.890472,False,0.991
53.202154,9,2418.31879,True,0.991
56.792202,94,2422.502839,True,0.991
60.933467,104,2427.191365,True,0.991
65.634135,114,2432.452948,True,0.991
58.537263,27,2433.680693,True,0.991
52.445647,68,2436.708105,True,0.991
57.521985,89,2450.533151,True,0.991
1.433064,133,2456.535674,False,0.991
60.509218,33,2458.049109,True,0.991
64.196434,150,2464.905773,True,0.991
63.517697,42,2466.85849,True,0.991
50.216001,1,2466.921149,True,0.991
56.146847,17,2467.673912,True,0.991
63.036503,33,2469.149877,True,0.991
64.81789,174,2476.930107,True,0.991
3.177041,319,2491.098884,False,0.991
59.039053,36,2492.745739,True,0.991
-5.896394,227,2502.843474,False,0.991
63.514628,39,2504.621638,True,0.991
62.94436,112,2509.710112,True,0.991
-2.61121,227,2519.901402,False,0.991
58.12939,25,2521.051332,True,0.991
60.880983,31,2522.441911,True,0.991
66.894328,277,2534.758533,True,0.991
56.572234,32,2536.224405,True,0.991
59.652783,33,2537.715563,True,0.991
-4.03944,55,2540.171085,False,0.991
61.989351,39,2554.229869,True,0.991
64.389934,107,2559.306424,True,0.991
63.177734,45,2561.483076,True,0.991
66.811821,114,2566.99001,True,0.991
59.136401,107,2572.023002,True,0.991
64.177894,49,2574.258026,True,0.991
57.673246,113,2579.384404,True,0.991
60.39526,163,2586.557474,True,0.991
56.574858,19,2587.42789,True,0.991
64.489461,120,2592.843345,True,0.991
61.59856,97,2597.193378,True,0.991
60.220119,38,2598.912565,True,0.991
58.508134,28,2600.174514,True,0.991
64.410645,157,2607.189247,True,0.991
5.08088,311,2620.899787,False,0.991
64.394862,40,2622.718486,True,0.991
60.964,45,2624.752634,True,0.991
54.418753,11,2625.255252,True,0.991
62.721672,167,2632.611234,True,0.991
3.650164,158,2639.717595,False,0.991
67.671304,196,2658.948319,True,0.991
55.260284,30,2660.31644,True,0.991
58.147805,110,2665.26886,True,0.991
60.309859,186,2673.494528,True,0.991
68.034498,160,2680.832291,True,0.991
64.052606,38,2682.568308,True,0.991
61.247744,44,2684.593747,True,0.991
66.422021,115,2689.743605,True,0.991
54.815973,170,2697.311812,True,0.991
62.642381,34,2698.921349,True,0.991
-2.893051,110,2703.949843,False,0.991
62.858149,34,2705.56778,True,0.991
59.122325,22,2706.577577,True,0.991
59.362451,28,2707.86935,True,0.991
60.687864,29,2709.222817,True,0.991
60.083275,71,2712.446186,True,0.991
61.806494,26,2713.634751,True,0.991
53.673841,8,2714.002547,True,0.991
-17.958021,257,2725.519904,False,0.991
64.584442,183,2733.592932,True,0.991
57.90626,20,2734.494249,True,0.991
59.577198,156,2741.449352,True,0.991
60.319401,27,2742.701454,True,0.991
60.904928,202,2762.958138,True,0.991
61.938975,33,2764.458518,True,0.991
62.983729,33,2765.959174,True,0.991
58.557139,92,2770.045139,True,0.991
64.967682,98,2774.406232,True,0.991
67.075376,191,2782.827954,True,0.991
58.056425,121,2788.233421,True,0.991
-8.837177,129,2793.995192,False,0.991
-4.473064,53,2796.395969,False,0.991
65.306857,171,2804.002047,True,0.991
60.315265,165,2811.210472,True,0.991
55.245713,13,2811.801811,True,0.991
63.946524,227,2821.794062,True,0.991
60.594739,37,2823.521419,True,0.991
-5.420496,162,2830.695421,False,0.991
56.344552,46,2832.74739,True,0.991
63.089879,151,2839.45874,True,0.991
62.39242,372,2867.114903,True,0.991
-15.615838,164,2874.366364,False,0.991
61.702201,30,2875.720712,True,0.991
5.995583,117,2880.89268,False,0.991
53.392415,8,2881.264953,True,0.991
60.65722,135,2887.274152,True,0.991
67.165803,234,2897.653885,True,0.991
64.559827,191,2906.153415,True,0.991
66.306008,62,2908.935567,True,0.991
65.241427,53,2911.337425,True,0.991
58.300176,21,2912.288516,True,0.991
62.597526,183,2920.302264,True,0.991
50.66967,68,2923.302678,True,0.991
59.461242,51,2925.58548,True,0.991
64.57606,51,2927.924589,True,0.991
59.764559,30,2929.304976,True,0.991
60.091709,68,2932.321557,True,0.991
63.832374,46,2934.36676,True,0.991
49.794243,1,2934.425586,True,0.991
60.575291,104,2939.159472,True,0.991
62.203261,51,2941.467065,True,0.991
58.990486,21,2942.411423,True,0.991
-1.57624,160,2949.78374,False,0.991
54.409624,16,2950.554245,True,0.991
62.982369,38,2952.318245,True,0.991
51.528945,3,2952.459136,True,0.991
66.875138,62,2966.016074,True,0.991
63.64765,137,2972.246881,True,0.991
64.276886,57,2974.848315,True,0.991
56.764677,16,2975.580919,True,0.991
54.274396,73,2978.851604,True,0.991
64.560342,54,2981.346281,True,0.991
60.255467,29,2982.761711,True,0.991
60.038405,32,2984.382286,True,0.991
58.668139,192,2993.077781,True,0.991
57.906853,32,2994.523809,True,0.991
59.052626,99,2998.929007,True,0.991
54.332488,12,2999.494667,True,0.991
-7.20228,70,3002.634607,False,0.991
54.584113,9,3003.049991,True,0.991
57.196936,19,3003.904483,True,0.991
-6.21551,301,3017.657171,False,0.991
58.499736,135,3023.896049,True,0.991
50.17459,1,3023.955538,True,0.991
64.24236,44,3025.931973,True,0.991
58.843455,26,3027.123569,True,0.991
65.214326,47,3029.262389,True,0.991
67.6324,48,3031.472533,True,0.991
57.960216,19,3032.348625,True,0.991
57.961123,23,3033.40835,True,0.991
65.567284,45,3035.455858,True,0.991
57.289494,18,3036.264191,True,0.991
50.503044,1,3036.322965,True,0.991
-27.003565,178,3044.331262,False,0.991
62.480058,32,3045.785926,True,0.991
65.730355,96,3050.257285,True,0.991
65.437969,161,3057.605667,True,0.991
58.296044,21,3068.541541,True,0.991
4.239465,112,3073.599005,False,0.991
56.3331,16,3074.347505,True,0.991
58.336263,151,3081.139072,True,0.991
-3.382317,47,3083.238977,False,0.991
-22.395296,171,3090.926012,False,0.991
-8.694098,192,3099.636489,False,0.991
-7.710095,50,3101.911715,False,0.991
58.772841,24,3103.003065,True,0.991
62.464189,40,3104.845906,True,0.991
65.545232,45,3106.939131,True,0.991
-21.577084,66,3109.945525,False,0.991
60.979181,89,3113.965391,True,0.991
-21.652174,367,3130.25069,False,0.991
60.861849,28,3131.531638,True,0.991
63.379326,60,3134.216021,True,0.991
61.349949,28,3135.530681,True,0.991
67.246054,56,3138.093328,True,0.991
-7.530292,68,3141.200282,False,0.991
59.214554,26,3142.410755,True,0.991
54.0678,10,3142.883035,True,0.991
63.316588,43,3144.864721,True,0.991
4.52623,50,3147.152614,False,0.991
61.4257,44,3149.16471,True,0.991
61.401127,48,3151.37848,True,0.991
54.411302,11,3151.893796,True,0.991
-6.780021,65,3154.89525,False,0.991
59.507872,27,3156.143741,True,0.991
65.355254,101,3160.702198,True,0.991
60.541039,31,3171.987068,True,0.991
-22.775693,167,3179.984235,False,0.991
58.978267,27,3181.3201,True,0.991
62.310368,39,3183.26181,True,0.991
63.189757,113,3188.722762,True,0.991
73.02831,218,3198.435718,True,0.991
58.835475,67,3201.443068,True,0.991
-24.020785,310,3215.511883,False,0.991
56.208024,17,3216.311415,True,0.991
57.444223,23,3217.384348,True,0.991
67.452968,71,3220.641168,True,0.991
59.105746,66,3223.596155,True,0.991
61.105853,102,3228.219708,True,0.991
62.967608,114,3233.34715,True,0.991
60.826728,28,3234.638213,True,0.991
64.58641,304,3248.177321,True,0.991
56.276795,130,3253.991868,True,0.991
64.135174,41,3255.932063,True,0.991
59.401459,175,3264.100296,True,0.991
66.63484,49,3276.642438,True,0.991
58.108071,98,3281.07929,True,0.991
63.357518,54,3283.578671,True,0.991
64.020648,53,3285.982365,True,0.991
57.46234,89,3289.98854,True,0.991
65.726847,45,3292.101118,True,0.991
68.439349,140,3298.341918,True,0.991
59.244697,28,3299.622171,True,0.991
60.52387,101,3304.126495,True,0.991
62.831587,205,3313.280086,True,0.991
64.947119,540,3337.384864,True,0.991
54.45449,12,3337.963645,True,0.991
59.632931,29,3339.293895,True,0.991
60.311038,29,3340.616446,True,0.991
58.31875,30,3341.981819,True,0.991
63.021406,143,3348.367975,True,0.991
64.153841,56,3350.937639,True,0.991
53.878908,11,3351.443915,True,0.991
58.501927,40,3353.282681,True,0.991
65.630836,48,3355.513904,True,0.991
68.908327,82,3359.220487,True,0.991
62.55672,33,3360.726098,True,0.991
66.349634,49,3362.973591,True,0.991
59.346312,51,3365.248908,True,0.991
1.304835,58,3376.567434,False,0.991
56.930106,23,3377.624857,True,0.991
55.559937,17,3378.406776,True,0.991
3.352161,68,3381.522605,False,0.991
-25.338293,88,3385.44604,False,0.991
56.58606,19,3386.324358,True,0.991
61.601477,29,3387.658025,True,0.991
57.469243,21,3388.627723,True,0.991
65.457664,165,3396.039318,True,0.991
60.702538,25,3397.190823,True,0.991
-1.125372,127,3402.943278,False,0.991
60.252827,42,3404.881135,True,0.991
-21.574696,84,3408.735204,False,0.991
55.404331,14,3409.383881,True,0.991
58.977182,140,3415.831938,True,0.991
62.124977,171,3423.651423,True,0.991
-0.238506,68,3426.735785,False,0.991
60.844799,127,3432.400209,True,0.991
58.164862,130,3438.211055,True,0.991
56.516438,23,3439.262021,True,0.991
64.522764,58,3441.929257,True,0.991
55.404471,15,3442.644881,True,0.991
61.08687,46,3444.745587,True,0.991
61.524789,32,3446.234979,True,0.991
62.216654,28,3447.580729,True,0.991
59.681149,148,3454.367957,True,0.991
62.260684,144,3460.907377,True,0.991
50.450594,1,3460.970789,True,0.991
68.164264,61,3463.718827,True,0.991
68.323557,50,3465.996246,True,0.991
64.361636,43,3467.974445,True,0.991
58.698862,22,3468.994946,True,0.991
-14.569721,189,3487.121416,False,0.991
-1.508559,138,3493.251535,False,0.991
61.804588,61,3495.973394,True,0.991
61.331754,34,3497.515806,True,0.991
-21.756203,97,3501.894726,False,0.991
58.272165,23,3502.950026,True,0.991
68.753886,139,3509.300046,True,0.991
54.687365,10,3509.757766,True,0.991
56.047173,14,3510.400171,True,0.991
61.955509,38,3512.138524,True,0.991
62.377882,125,3517.718062,True,0.991
59.451783,22,3518.713555,True,0.991
64.967575,156,3525.765731,True,0.991
57.240217,99,3530.293154,True,0.991
66.626273,56,3532.914472,True,0.991
57.868945,133,3539.059712,True,0.991
59.338795,116,3544.244902,True,0.991
64.244087,221,3554.069456,True,0.991
65.255107,124,3559.654325,True,0.991
61.003211,30,3561.040098,True,0.991
58.570474,104,3565.701566,True,0.991
62.453336,120,3571.163103,True,0.991
7.36969,469,3603.166731,False,0.991
61.622303,34,3604.717883,True,0.991
59.930084,29,3606.045467,True,0.991
59.843181,22,3607.065845,True,0.991
-0.045361,59,3609.704454,False,0.991
60.661907,268,3621.6744,True,0.991
54.400446,13,3622.283992,True,0.991
67.013101,328,3637.038096,True,0.991
66.187058,43,3638.993448,True,0.991
65.275325,41,3640.823853,True,0.991
62.49351,48,3642.96786,True,0.991
63.402951,40,3644.769171,True,0.991
63.837599,52,3647.13069,True,0.991
67.576628,66,3650.135375,True,0.991
59.371247,30,3651.520701,True,0.991
60.103914,148,3658.19417,True,0.991
53.827654,11,3658.706113,True,0.991
-1.716682,95,3662.972386,False,0.991
62.311922,44,3664.987568,True,0.991
-4.639156,130,3670.817524,False,0.991
57.497976,19,3671.691886,True,0.991
57.254416,95,3684.505844,True,0.991
61.718042,100,3688.972968,True,0.991
61.242823,43,3690.899271,True,0.991
59.392997,41,3692.760289,True,0.991
60.226078,30,3694.146898,True,0.991
56.017544,17,3694.948051,True,0.991
61.117632,178,3703.272296,True,0.991
59.965699,82,3707.225585,True,0.991
63.290348,345,3723.091193,True,0.991
56.179446,15,3723.785644,True,0.991
63.417437,134,3729.767259,True,0.991
57.123568,71,3732.89463,True,0.991
50.192605,1,3732.953872,True,0.991
57.882127,24,3734.039108,True,0.991
55.788054,16,3734.775686,True,0.991
53.860932,14,3735.406617,True,0.991
54.298814,15,3736.093621,True,0.991
62.463447,49,3738.297433,True,0.991
61.294555,108,3743.169693,True,0.991
61.501358,27,3744.41632,True,0.991
70.563382,188,3752.879385,True,0.991
67.723416,65,3755.822004,True,0.991
62.78918,108,3760.727354,True,0.991
55.117399,19,3761.582707,True,0.991
2.164338,318,3775.872917,False,0.991
69.439786,152,3793.772293,True,0.991
56.896135,19,3794.629815,True,0.991
63.790305,40,3796.443939,True,0.991
57.708971,87,3800.323112,True,0.991
63.732307,36,3801.97646,True,0.991
65.925163,114,3807.108621,True,0.991
-3.606402,281,3820.19783,False,0.991
67.754092,121,3826.0596,True,0.991
60.888164,26,3827.368856,True,0.991
59.369651,23,3828.526379,True,0.991
59.914008,30,3829.995567,True,0.991
65.461071,163,3837.784506,True,0.991
63.185609,34,3839.332943,True,0.991
54.121885,10,3839.800487,True,0.991
65.614696,121,3845.340024,True,0.991
61.283073,104,3850.035501,True,0.991
60.662445,28,3851.328312,True,0.991
66.572742,187,3859.7841,True,0.991
60.121769,53,3862.199123,True,0.991
65.961021,133,3868.295831,True,0.991
62.461909,112,3873.343907,True,0.991
57.565165,19,3874.206349,True,0.991
-10.402845,200,3894.017549,False,0.991
67.186425,222,3904.117877,True,0.991
58.782209,38,3905.824444,True,0.991
-26.17729,317,3920.015903,False,0.991
63.537277,85,3923.842608,True,0.991
60.421292,53,3926.223834,True,0.991
61.050153,116,3931.362426,True,0.991
64.34571,47,3933.429681,True,0.991
64.318887,121,3938.822038,True,0.991
70.125305,267,3950.701622,True,0.991
67.693266,150,3957.470396,True,0.991
49.903192,1,3957.531444,True,0.991
62.630968,178,3965.500374,True,0.991
59.21098,25,3966.633187,True,0.991
58.936111,28,3967.924852,True,0.991
58.828989,294,3981.05792,True,0.991
62.01684,117,3998.526934,True,0.991
61.632662,53,4000.888012,True,0.991
66.455268,158,4008.070338,True,0.991
66.493093,52,4010.42977,True,0.991
65.470097,50,4012.712522,True,0.991
59.794729,32,4014.200949,True,0.991
57.975971,23,4015.253568,True,0.991
60.306705,45,4017.294228,True,0.991
61.329772,38,4019.043354,True,0.991
66.867403,56,4021.578988,True,0.991
64.564374,40,4023.399358,True,0.991
66.139146,146,4030.091593,True,0.991
57.620212,25,4031.236244,True,0.991
62.499593,46,4033.319504,True,0.991
61.328509,101,4037.855967,True,0.991
59.988981,54,4040.250778,True,0.991
50.32894,1,4040.308507,True,0.991
60.198952,88,4044.264327,True,0.991
58.465713,228,4054.32053,True,0.991
61.957403,36,4055.950431,True,0.991
49.694122,1,4056.013204,True,0.991
60.277647,149,4062.687758,True,0.991
-20.383585,501,4085.053643,False,0.991
62.546093,27,4086.25931,True,0.991
58.927696,27,4087.506496,True,0.991
57.779494,21,4088.475675,True,0.991
62.772869,38,4098.39207,True,0.991
59.870565,37,4100.069507,True,0.991
58.2613,30,4101.43906,True,0.991
57.851968,25,4102.616023,True,0.991
49.972743,1,4102.672448,True,0.991
67.212746,154,4109.50358,True,0.991
0.317923,234,4120.106879,False,0.991
55.617088,16,4120.842902,True,0.991
56.730936,96,4125.16163,True,0.991
61.252994,41,4127.008109,True,0.991
66.849622,50,4129.293059,True,0.991
71.147979,147,4135.925651,True,0.991
55.837388,17,4136.706879,True,0.991
60.964688,30,4138.058523,True,0.991
54.399594,14,4138.712668,True,0.991
62.460001,205,4147.764884,True,0.991
55.338142,21,4148.734667,True,0.991
63.294203,111,4153.713015,True,0.991
60.25619,29,4155.042153,True,0.991
59.31128,53,4157.410186,True,0.991
64.565682,48,4159.58169,True,0.991
61.827343,36,4161.205529,True,0.991
56.216812,17,4161.990373,True,0.991
63.925035,121,4167.393655,True,0.991
69.853792,144,4173.841661,True,0.991
62.691221,40,4175.669307,True,0.991
59.196176,116,4180.82901,True,0.991
62.332229,35,4182.418121,True,0.991
55.934024,36,4184.036359,True,0.991
58.247262,59,4186.688605,True,0.991
62.885479,91,4200.810723,True,0.991
57.726153,25,4201.95375,True,0.991
59.881534,26,4203.150503,True,0.991
65.029656,108,4208.02295,True,0.991
60.32129,27,4209.249688,True,0.991
73.371421,168,4216.719788,True,0.991
-27.745346,305,4230.173309,False,0.991
60.654502,37,4231.862929,True,0.991
61.444479,43,4233.867558,True,0.991
62.982729,109,4238.73396,True,0.991
1.6363,518,4261.883879,False,0.991
69.634952,144,4268.630707,True,0.991
57.656049,100,4273.1324,True,0.991
65.79292,72,4276.337837,True,0.991
63.200759,159,4283.448075,True,0.991
55.854304,18,4284.279616,True,0.991
62.356431,114,4289.318158,True,0.991
63.669791,40,4300.875447,True,0.991
71.857339,118,4306.15378,True,0.991
57.808306,22,4307.177371,True,0.991
54.455382,104,4311.773656,True,0.991
58.719237,88,4315.749712,True,0.991
57.299518,65,4318.656039,True,0.991
61.271909,113,4323.719324,True,0.991
56.7167,21,4324.66393,True,0.991
60.232134,51,4326.963239,True,0.991
59.47621,25,4328.110548,True,0.991
64.635947,212,4337.670575,True,0.991
59.256391,33,4339.159331,True,0.991
57.456168,24,4340.221946,True,0.991
63.626367,96,4344.535884,True,0.991
-13.982713,382,4361.645956,False,0.991
62.782656,216,4371.152303,True,0.991
59.810546,67,4374.133672,True,0.991
65.889685,91,4378.216401,True,0.991
57.8237,170,4385.769156,True,0.991
64.064925,45,4387.82198,True,0.991
61.050309,93,4392.063915,True,0.991
65.044018,48,4404.953097,True,0.991
62.417628,35,4406.603075,True,0.991
69.125387,160,4414.362123,True,0.991
53.759618,80,4417.939631,True,0.991
64.501197,90,4421.951761,True,0.991
67.708102,152,4428.879004,True,0.991
57.976355,21,4429.888781,True,0.991
56.649209,93,4434.030508,True,0.991
-1.580637,196,4442.983831,False,0.991
62.457502,43,4445.028886,True,0.991
60.250257,102,4449.709176,True,0.991
60.666969,55,4452.239304,True,0.991
61.260081,130,4458.061961,True,0.991
61.14352,42,4460.022457,True,0.991
59.916001,84,4463.780031,True,0.991
59.699393,32,4465.25731,True,0.991
54.056192,11,4465.805728,True,0.991
61.418406,36,4467.607558,True,0.991
58.173511,23,4468.795558,True,0.991
60.460308,28,4470.06087,True,0.991
61.887796,33,4471.554198,True,0.991
56.287452,29,4472.912292,True,0.991
68.132698,155,4480.156444,True,0.991
61.646119,33,4481.755011,True,0.991
68.93268,82,4485.484647,True,0.991
57.262972,29,4486.781172,True,0.991
60.383535,46,4488.852892,True,0.991
55.925204,21,4489.794753,True,0.991
61.755645,235,4509.858637,True,0.991
63.244598,158,4516.99002,True,0.991
1.444275,83,4520.73382,False,0.991
63.522551,123,4526.263397,True,0.991
61.237138,138,4532.428134,True,0.991
62.486332,29,4533.766099,True,0.991
57.180352,60,4536.636448,True,0.991
51.975141,74,4540.163827,True,0.991
66.673087,53,4542.800874,True,0.991
69.982013,162,4550.631994,True,0.991
69.402814,262,4563.068536,True,0.991
55.606773,17,4563.845148,True,0.991
66.263313,108,4568.665783,True,0.991
0.986608,81,4572.308556,False,0.991
61.163942,37,4573.976793,True,0.991
57.023893,20,4574.87601,True,0.991
57.429825,95,4579.145654,True,0.991
55.053676,12,4579.719576,True,0.991
63.422393,36,4581.361544,True,0.991
69.776971,60,4584.065148,True,0.991
64.658975,38,4585.775521,True,0.991
57.320663,25,4586.924517,True,0.991
67.865632,65,4589.833176,True,0.991
-11.713292,62,4592.627528,False,0.991
59.92744,98,4596.996279,True,0.991
68.512469,212,4615.826455,True,0.991
58.229519,25,4616.990662,True,0.991
70.255859,110,4621.855113,True,0.991
4.387051,90,4625.852284,False,0.991
58.631725,25,4626.987695,True,0.991
3.014849,250,4638.216396,False,0.991
61.901704,37,4639.951507,True,0.991
64.555168,51,4642.312231,True,0.991
53.736189,121,4647.763497,True,0.991
61.102427,130,4653.769583,True,0.991
57.672637,93,4658.143807,True,0.991
66.667931,53,4660.626837,True,0.991
65.701995,76,4664.240731,True,0.991
1.283266,79,4667.920411,False,0.991
64.784864,55,4670.475192,True,0.991
-13.034952,151,4677.607249,False,0.991
59.885238,58,4680.288798,True,0.991
61.041706,38,4682.074568,True,0.991
64.20927,313,4696.948683,True,0.991
59.634676,46,4699.217527,True,0.991
55.830361,21,4700.268785,True,0.991
59.499331,27,4701.610808,True,0.991
62.025762,55,4704.288776,True,0.991
58.707694,33,4716.360416,True,0.991
65.98611,51,4718.72909,True,0.991
64.117312,43,4720.711289,True,0.991
-5.514824,136,4726.888066,False,0.991
59.442937,160,4734.194172,True,0.991
62.213835,51,4736.487571,True,0.991
69.624429,168,4743.990359,True,0.991
-9.04076,216,4753.554696,False,0.991
59.594572,115,4758.650624,True,0.991
62.083553,31,4760.044063,True,0.991
55.32298,88,4763.980497,True,0.991
58.316564,96,4768.334642,True,0.991
64.660119,44,4770.315271,True,0.991
-2.025256,577,4796.759194,False,0.991
49.561152,1,4796.814209,True,0.991
66.732644,55,4799.359434,True,0.991
60.165317,60,4802.103567,True,0.991
54.993596,14,4802.764811,True,0.991
59.084207,28,4804.022683,True,0.991
67.765669,272,4825.147329,True,0.991
68.282608,190,4833.80984,True,0.991
56.808915,26,4834.996197,True,0.991
61.330369,107,4839.975423,True,0.991
60.843685,85,4843.93726,True,0.991
58.237945,42,4845.889111,True,0.991
62.37816,47,4848.038174,True,0.991
57.404538,26,4849.259231,True,0.991
65.664199,126,4854.996749,True,0.991
60.418621,29,4856.314981,True,0.991
67.50214,460,4877.456948,True,0.991
73.632164,361,4893.776882,True,0.991
58.335907,84,4897.62238,True,0.991
53.823809,11,4898.133077,True,0.991
61.113884,36,4899.843103,True,0.991
62.994519,40,4901.71642,True,0.991
62.208617,41,4903.645876,True,0.991
61.842672,34,4905.253842,True,0.991
64.610192,123,4911.385279,True,0.991
56.118159,76,4925.879282,True,0.991
57.380225,161,4933.919748,True,0.991
59.401668,162,4941.343756,True,0.991
61.179861,111,4946.339274,True,0.991
58.443736,36,4947.953099,True,0.991
57.684783,80,4951.517347,True,0.991
73.331748,215,4961.227922,True,0.991
55.490056,69,4964.349355,True,0.991
67.547079,193,4973.161652,True,0.991
74.392677,311,4987.029866,True,0.991
62.551221,107,4991.832438,True,0.991
54.380235,12,4992.395459,True,0.991
59.799379,33,4993.900311,True,0.991
68.023788,112,4998.915313,True,0.991
54.837949,14,4999.556779,True,0.991
65.414135,111,5004.556925,True,0.991
56.181367,60,5007.265933,True,0.991
65.493059,110,5012.246349,True,0.991
64.900891,110,5027.574197,True,0.991
66.143113,265,5039.341378,True,0.991
65.607146,44,5041.295747,True,0.991
62.917113,43,5043.298713,True,0.991
11.20273,77,5046.761024,False,0.991
67.288265,160,5053.840671,True,0.991
66.201926,51,5056.167787,True,0.991
68.575315,225,5066.178568,True,0.991
63.079239,43,5068.12563,True,0.991
68.449668,141,5075.347112,True,0.991
62.196691,36,5077.017056,True,0.991
62.231722,156,5084.028675,True,0.991
66.326508,226,5094.822519,True,0.991
68.322905,276,5108.219692,True,0.991
-12.5086,306,5134.728423,False,0.991
62.474612,61,5137.562613,True,0.991
65.591835,42,5139.525752,True,0.991
61.662538,46,5141.74043,True,0.991
64.54745,42,5143.885345,True,0.991
65.190843,47,5146.135308,True,0.991
54.989642,14,5146.772604,True,0.991
65.546809,59,5149.512025,True,0.991
65.963385,118,5154.880109,True,0.991
57.149614,96,5159.201365,True,0.991
57.641065,26,5160.390957,True,0.991
56.64127,23,5161.471234,True,0.991
58.261194,110,5166.377091,True,0.991
60.460207,168,5174.330322,True,0.991
54.523677,57,5177.175428,True,0.991
56.644415,77,5180.897259,True,0.991
66.281224,61,5183.93721,True,0.991
59.113044,32,5185.551747,True,0.991
69.17995,124,5191.658367,True,0.991
63.770545,41,5193.647034,True,0.991
62.465992,291,5207.197624,True,0.991
59.927443,43,5209.234648,True,0.991
59.919696,32,5210.705761,True,0.991
64.391375,41,5212.57584,True,0.991
55.740666,22,5213.587695,True,0.992
-5.988171,102,5218.260729,False,0.992
67.292408,64,5221.170898,True,0.992
54.61919,104,5225.84083,True,0.992
60.523986,44,5227.82484,True,0.992
64.294746,50,5238.841592,True,0.992
60.184678,40,5240.744695,True,0.992
-17.37966,551,5265.814389,False,0.992
57.351057,28,5267.170448,True,0.992
66.602167,48,5269.469001,True,0.992
62.37625,114,5274.976883,True,0.992
66.009805,146,5282.211507,True,0.992
61.84229,33,5283.800961,True,0.992
64.458195,132,5290.086447,True,0.992
61.290952,221,5299.73398,True,0.992
59.89903,46,5301.774104,True,0.992
58.38347,178,5309.918111,True,0.992
66.317402,99,5314.302046,True,0.992
62.040449,33,5315.785536,True,0.992
70.373054,143,5322.145118,True,0.992
61.182367,86,5325.956426,True,0.992
63.775351,39,5327.73012,True,0.992
68.238005,251,5348.656831,True,0.992
56.767177,19,5349.531218,True,0.992
1.974258,55,5352.036243,False,0.992
-9.393667,72,5355.258797,False,0.992
64.447159,44,5357.273173,True,0.992
64.005719,38,5358.996195,True,0.992
59.139618,26,5360.159431,True,0.992
59.662574,31,5361.55649,True,0.992
-6.617205,118,5366.903857,False,0.992
64.509136,48,5369.05574,True,0.992
66.686989,130,5374.870801,True,0.992
62.004651,122,5380.293358,True,0.992
-22.203802,94,5384.459343,False,0.992
-9.783834,67,5387.454227,False,0.992
52.569491,5,5387.685606,True,0.992
60.304126,43,5389.596626,True,0.992
57.521269,28,5390.857368,True,0.992
63.291813,35,5392.43676,True,0.992
55.454933,36,5394.03322,True,0.992
55.916194,18,5394.852518,True,0.992
62.018261,32,5396.29889,True,0.992
-1.644186,93,5400.454265,False,0.992
62.850115,47,5402.560046,True,0.992
-22.329645,71,5405.683627,False,0.992
61.940696,48,5407.837636,True,0.992
56.804265,38,5409.54231,True,0.992
66.41909,57,5412.114599,True,0.992
65.702746,44,5414.129977,True,0.992
59.037431,29,5415.432737,True,0.992
59.265459,27,5416.668758,True,0.992
68.609399,170,5424.424768,True,0.992
-6.620151,53,5426.808154,False,0.992
64.701396,47,5428.937035,True,0.992
-11.575198,74,5432.270292,False,0.992
60.801546,37,5442.368871,True,0.992
55.282979,17,5443.198531,True,0.992
63.746371,39,5444.970213,True,0.992
72.768284,265,5458.196089,True,0.992
52.886121,7,5458.580699,True,0.992
66.936331,161,5466.320528,True,0.992
59.242413,100,5470.775053,True,0.992
55.912198,18,5471.606517,True,0.992
64.845792,72,5474.888253,True,0.992
62.768912,134,5480.841945,True,0.992
-18.030685,472,5501.805722,False,0.992
61.683533,31,5503.334141,True,0.992
72.517567,248,5515.724296,True,0.992
71.780278,310,5529.624805,True,0.992
62.552413,32,5531.065403,True,0.992
54.863658,68,5534.113761,True,0.992
65.335263,48,5536.32158,True,0.992
-10.657645,248,5558.371899,False,0.992
64.689852,389,5575.565721,True,0.992
49.5138,1,5575.625354,True,0.992
61.338646,29,5576.947919,True,0.992
64.247238,119,5582.247711,True,0.992
67.66028,105,5586.975937,True,0.992
7.209318,150,5593.750044,False,0.992
62.192664,40,5595.584213,True,0.992
64.529556,44,5597.599837,True,0.992
53.685865,8,5597.976239,True,0.992
61.570966,49,5600.200331,True,0.992
-7.957984,174,5608.53701,False,0.992
68.746838,113,5613.979596,True,0.992
60.582418,216,5623.58573,True,0.992
55.499399,22,5624.57761,True,0.992
-6.355255,173,5632.391094,False,0.992
59.475891,50,5634.623333,True,0.992
63.52529,46,5636.723456,True,0.992
64.136993,202,5655.999839,True,0.992
61.589684,42,5657.902312,True,0.992
63.818367,128,5663.552687,True,0.992
62.605837,209,5672.879407,True,0.992
62.363478,49,5675.078593,True,0.992
64.913434,142,5681.489866,True,0.992
52.678952,48,5683.824521,True,0.992
66.386092,238,5694.502496,True,0.992
67.597188,52,5696.849496,True,0.992
62.253099,83,5700.541239,True,0.992
56.387068,21,5701.513738,True,0.992
59.937661,29,5702.829275,True,0.992
63.416398,47,5704.943316,True,0.992
51.083834,64,5707.793068,True,0.992
61.393992,50,5710.07002,True,0.992
60.638332,51,5712.35322,True,0.992
58.776014,27,5713.582673,True,0.992
61.429191,48,5715.748015,True,0.992
67.522599,516,5740.065159,True,0.992
-3.400223,168,5757.028005,False,0.992
58.146909,28,5758.330178,True,0.992
59.024915,30,5759.725838,True,0.992
63.715734,41,5761.570814,True,0.992
65.480389,49,5763.792958,True,0.992
61.476398,40,5765.592837,True,0.992
57.00468,25,5766.738348,True,0.992
58.371428,32,5768.185326,True,0.992
61.117359,34,5769.727404,True,0.992
7.992732,231,5780.306523,False,0.992
59.699413,36,5781.938595,True,0.992
61.504566,32,5783.387868,True,0.992
-23.8581,335,5798.198362,False,0.992
57.801746,36,5799.804964,True,0.992
63.12735,64,5802.681839,True,0.992
66.269738,50,5804.937649,True,0.992
5.404513,265,5817.078812,False,0.992
4.495471,384,5834.010976,False,0.992
-22.858705,414,5863.151839,False,0.992
-16.196703,280,5875.604243,False,0.992
62.308737,41,5877.466352,True,0.992
63.972086,104,5882.093973,True,0.992
-8.610062,158,5889.140507,False,0.992
59.261965,173,5896.73167,True,0.992
63.758148,121,5902.173145,True,0.992
64.70809,38,5903.913665,True,0.992
53.885184,13,5904.506598,True,0.992
65.739862,63,5907.249207,True,0.992
60.36336,39,5909.016425,True,0.992
62.969406,72,5912.294961,True,0.992
65.718235,176,5920.752539,True,0.992
61.236802,117,5926.112863,True,0.992
58.724969,28,5927.398607,True,0.992
-7.088359,102,5932.025757,False,0.992
65.327862,151,5939.050599,True,0.992
61.634459,33,5940.587199,True,0.992
62.804517,33,5942.188251,True,0.992
-11.463758,118,5947.545502,False,0.992
63.422653,209,5968.85188,True,0.992
58.698466,104,5973.816855,True,0.992
61.905122,29,5975.211071,True,0.992
60.621144,45,5977.32165,True,0.992
63.028623,31,5978.804486,True,0.992
63.622378,57,5981.532727,True,0.992
57.48875,16,5982.310336,True,0.992
62.496359,179,5990.649005,True,0.992
58.484069,25,5991.835369,True,0.992
58.13965,23,5992.932699,True,0.992
56.641067,19,5993.847685,True,0.992
61.523609,183,6002.437835,True,0.992
65.573752,56,6005.127673,True,0.992
69.782684,139,6011.629559,True,0.992
63.552741,51,6014.027266,True,0.992
-24.626021,250,6025.539808,False,0.992
62.514651,80,6029.215893,True,0.992
70.369401,227,6039.794582,True,0.992
65.237191,47,6042.209903,True,0.992
66.311774,117,6047.530166,True,0.992
64.275899,38,6049.244637,True,0.992
7.726445,215,6070.31536,False,0.992
56.938831,58,6072.948749,True,0.992
59.577072,33,6074.489061,True,0.992
57.210066,30,6075.884705,True,0.992
58.418679,39,6077.74303,True,0.992
-31.134821,116,6083.163698,False,0.992
60.703814,38,6084.909814,True,0.992
65.830517,271,6097.266572,True,0.992
59.93184,245,6108.913884,True,0.992
55.465495,15,6109.637403,True,0.992
63.415028,49,6112.071801,True,0.992
-17.441999,55,6114.693505,False,0.992
0.897982,164,6122.187205,False,0.992
-15.8688,200,6131.51164,False,0.992
55.772482,109,6136.478499,True,0.992
64.155504,131,6142.52875,True,0.992
61.098573,30,6143.903354,True,0.992
57.860915,52,6146.271919,True,0.992
56.415709,21,6147.220188,True,0.992
55.22462,14,6147.851652,True,0.992
0.411599,66,6150.897577,False,0.992
58.901842,25,6152.061065,True,0.992
56.893514,167,6159.558263,True,0.992
58.835877,24,6160.730033,True,0.992
61.650998,40,6173.098626,True,0.992
62.765028,146,6179.580739,True,0.992
55.979961,16,6180.309676,True,0.992
-28.463484,57,6182.821933,False,0.992
69.673939,378,6199.826504,True,0.992
62.958522,43,6201.860138,True,0.992
-5.009429,169,6209.631234,False,0.992
1.64471,54,6212.265578,False,0.992
-3.546954,155,6219.587467,False,0.992
57.994037,23,6220.717561,True,0.992
-17.267373,77,6224.365939,False,0.992
65.998103,60,6227.230575,True,0.992
63.190101,36,6228.947198,True,0.992
63.888037,121,6234.610713,True,0.992
61.378101,117,6240.061294,True,0.992
62.622504,37,6241.852258,True,0.992
65.07818,159,6249.417938,True,0.992
-18.913304,185,6257.885232,False,0.992
58.440239,31,6259.368094,True,0.992
65.212347,49,6261.686892,True,0.992
53.858056,11,6262.197405,True,0.992
61.80023,39,6264.017152,True,0.992
57.507667,120,6280.832337,True,0.992
50.284705,1,6280.89394,True,0.992
61.734549,27,6282.126085,True,0.992
1.841535,64,6285.131577,False,0.992
61.779143,89,6289.146779,True,0.992
55.780254,14,6289.793878,True,0.992
4.842089,79,6293.558633,False,0.992
58.327193,19,6294.442751,True,0.992
56.607774,16,6295.182572,True,0.992
59.842886,24,6296.300009,True,0.992
62.468761,31,6297.726618,True,0.992
64.663314,47,6299.94643,True,0.992
-16.987263,330,6315.561443,False,0.992
-24.894977,64,6318.748307,False,0.992
56.705434,75,6322.532254,True,0.992
-10.196172,66,6325.941165,False,0.992
60.173429,30,6327.448896,True,0.992
-2.117391,133,6334.092173,False,0.992
61.131035,28,6335.510025,True,0.992
59.052116,22,6336.616013,True,0.992
-3.466914,274,6350.117617,False,0.992
55.865419,15,6350.88563,True,0.992
59.384931,25,6352.129598,True,0.992
60.159102,218,6362.913739,True,0.992
65.777531,155,6370.604406,True,0.992
57.800491,64,6373.755734,True,0.992
-10.143549,49,6376.17048,False,0.992
62.500841,52,6390.449811,True,0.992
56.983818,226,6401.544209,True,0.992
58.123587,20,6402.557899,True,0.992
-16.525629,199,6412.346461,False,0.992
55.97833,26,6413.62731,True,0.992
62.823474,161,6421.567625,True,0.992
58.580878,118,6427.373657,True,0.992
64.813856,42,6429.471972,True,0.992
-33.696141,91,6433.94923,False,0.992
56.117558,14,6434.665687,True,0.992
-29.706045,191,6444.034375,False,0.992
-27.339972,62,6447.13549,False,0.992
54.412424,12,6447.761935,True,0.992
58.960475,25,6449.01759,True,0.992
55.551231,15,6449.772562,True,0.992
59.237535,38,6451.645945,True,0.992
56.130615,28,6453.034016,True,0.992
56.568302,17,6453.918803,True,0.992
64.92203,51,6456.472623,True,0.992
-18.028859,86,6460.736365,False,0.992
55.662606,16,6461.554956,True,0.992
-22.351362,66,6464.864961,False,0.992
2.67821,51,6467.401837,False,0.992
55.581854,16,6468.24115,True,0.992
1.828385,74,6471.885333,False,0.992
61.736031,31,6473.460072,True,0.992
65.822589,152,6481.007331,True,0.992
63.734509,93,6485.635317,True,0.992
58.248384,23,6486.790345,True,0.992
58.131977,119,6503.436602,True,0.992
56.258176,21,6504.469949,True,0.992
57.756642,18,6505.41377,True,0.992
58.895713,122,6511.495717,True,0.992
65.235856,98,6516.344177,True,0.992
62.460534,39,6518.326096,True,0.992
63.498968,134,6524.933013,True,0.992
-14.793519,143,6531.958066,False,0.992
63.089143,35,6533.718842,True,0.992
62.947048,120,6539.868783,True,0.992
64.855905,44,6542.188503,True,0.992
-23.78062,215,6552.827255,False,0.992
61.740308,34,6554.527069,True,0.992
-2.673262,158,6562.355056,False,0.992
57.905878,38,6564.25004,True,0.992
59.552769,211,6574.724028,True,0.992
55.655353,16,6575.552349,True,0.992
56.471468,17,6576.408402,True,0.992
4.769275,356,6593.949519,False,0.992
55.992299,15,6594.700187,True,0.992
63.31255,406,6626.423303,True,0.992
59.604202,23,6627.571118,True,0.992
-30.151953,72,6631.115069,False,0.992
63.560045,84,6635.2639,True,0.992
62.492006,35,6637.076858,True,0.992
58.191971,27,6638.421278,True,0.992
68.182573,159,6646.280947,True,0.992
63.580438,37,6648.157142,True,0.992
63.217237,36,6649.968614,True,0.992
63.244835,35,6651.840568,True,0.992
63.058729,41,6653.88184,True,0.992
60.646832,31,6655.430951,True,0.992
-26.045591,279,6669.118042,False,0.992
-27.108984,57,6671.904282,False,0.992
57.67874,45,6674.114093,True,0.992
-16.455661,88,6678.466971,False,0.992
60.817447,130,6684.899261,True,0.992
54.717926,15,6685.652787,True,0.992
-4.848222,51,6688.202135,False,0.992
55.744541,37,6690.030654,True,0.992
-24.243937,200,6699.889684,False,0.992
1.12429,63,6703.129848,False,0.992
-31.195308,85,6707.285484,False,0.992
59.999556,27,6708.613457,True,0.992
56.163821,25,6709.85433,True,0.992
-13.631507,109,6715.200444,False,0.992
57.277895,20,6716.208942,True,0.992
49.686913,1,6716.28071,True,0.992
55.853719,16,6717.089297,True,0.992
-13.004808,87,6732.621286,False,0.992
58.568311,24,6733.821703,True,0.992
61.573583,48,6736.247676,True,0.992
66.295174,196,6745.871714,True,0.992
61.795109,120,6751.809176,True,0.992
-10.945922,156,6759.46568,False,0.992
65.567161,151,6766.864683,True,0.992
59.218109,25,6768.131707,True,0.992
59.414682,189,6777.605875,True,0.992
63.649068,35,6779.372658,True,0.992
58.576769,32,6780.971064,True,0.992
-8.555165,55,6783.765871,False,0.992
63.532594,162,6791.503593,True,0.992
-2.964457,79,6795.24498,False,0.992
57.886041,94,6799.855608,True,0.992
66.488365,137,6806.797859,True,0.992
61.891951,40,6808.759638,True,0.992
49.498771,1,6808.832059,True,0.992
61.224994,37,6810.574076,True,0.992
-7.481165,188,6819.225361,False,0.992
69.596629,133,6825.38645,True,0.992
58.411977,31,6826.90171,True,0.992
53.100671,91,6842.805094,True,0.992
49.735815,1,6842.867447,True,0.992
65.913262,137,6850.037895,True,0.992
59.902136,28,6851.385331,True,0.992
56.379958,14,6852.110042,True,0.992
59.337993,23,6853.298144,True,0.992
55.766229,12,6853.907162,True,0.992
2.012108,61,6856.840282,False,0.992
63.50306,84,6860.836683,True,0.992
53.90037,9,6861.26109,True,0.992
-6.665557,53,6863.892417,False,0.992
61.322148,29,6865.32182,True,0.992
59.272004,123,6871.140183,True,0.992
-9.678801,74,6874.648062,False,0.992
-20.795619,162,6882.262286,False,0.992
-5.977009,55,6885.055109,False,0.992
54.867796,14,6885.852794,True,0.992
52.379798,15,6886.647624,True,0.992
-8.219451,149,6893.438114,False,0.992
53.408659,8,6893.824934,True,0.992
60.317589,32,6895.340727,True,0.992
-18.38514,81,6899.279725,False,0.992
64.452152,37,6901.004036,True,0.992
59.14793,104,6905.77999,True,0.992
-12.058809,54,6908.203822,False,0.992
56.988809,22,6909.211175,True,0.992
-1.391263,57,6911.772101,False,0.992
53.732267,11,6912.283392,True,0.992
60.970605,126,6918.309338,True,0.992
-10.496351,152,6925.500158,False,0.992
68.095686,181,6934.069714,True,0.992
60.732796,49,6936.312308,True,0.992
66.364398,45,6948.851588,True,0.992
-4.210604,50,6951.341971,False,0.992
-7.421553,52,6953.881313,False,0.992
1.158076,62,6956.774248,False,0.992
55.805637,15,6957.502104,True,0.992
-13.614819,60,6960.285393,False,0.992
2.322441,100,6965.151545,False,0.992
59.572517,161,6972.9549,True,0.992
59.903192,26,6974.220702,True,0.992
-19.647632,113,6979.576061,False,0.992
56.225181,14,6980.259459,True,0.992
59.686218,24,6981.403467,True,0.992
55.328585,12,6982.086683,True,0.992
57.381316,19,6982.976252,True,0.992
62.497426,32,6984.427729,True,0.992
62.084925,34,6985.998276,True,0.992
57.874465,165,6993.507041,True,0.992
61.164821,128,6999.718465,True,0.992
-6.620957,171,7007.988544,False,0.992
64.23253,36,7009.771915,True,0.992
62.480136,29,7011.185332,True,0.992
58.028334,20,7012.135493,True,0.992
-32.151568,71,7015.462351,False,0.992
56.096623,140,7022.048798,True,0.992
65.843814,53,7024.566337,True,0.992
-17.392916,100,7029.284245,False,0.992
59.851431,162,7036.93569,True,0.992
-3.520698,45,7039.051563,False,0.992
58.869637,29,7040.461427,True,0.992
54.931748,16,7041.247299,True,0.992
57.18312,18,7042.120429,True,0.992
59.309445,26,7043.364925,True,0.992
60.148329,31,7044.859983,True,0.992
-1.49548,98,7059.296036,False,0.992
60.517038,35,7060.939949,True,0.992
-14.713886,163,7068.665123,False,0.992
62.658954,33,7070.214489,True,0.992
54.689499,72,7073.569616,True,0.992
-13.919979,82,7077.456533,False,0.992
56.626677,169,7085.405319,True,0.992
68.38617,65,7088.406998,True,0.992
58.583653,28,7089.708923,True,0.992
62.442801,78,7093.325769,True,0.992
-13.866806,71,7096.624985,False,0.992
58.918679,144,7103.509825,True,0.992
56.153082,17,7104.366251,True,0.992
64.467415,56,7107.136789,True,0.992
61.809176,29,7108.530528,True,0.992
56.779496,19,7109.438681,True,0.992
-10.582207,45,7111.563222,False,0.992
59.364238,222,7121.939584,True,0.992
-25.461153,86,7125.962738,False,0.992
-8.827333,186,7134.724003,False,0.992
-3.445508,60,7137.574909,False,0.992
62.597408,119,7143.346862,True,0.992
0.067147,61,7146.342481,False,0.992
58.605422,372,7175.059264,True,0.992
-3.472609,297,7189.4676,False,0.992
62.940382,118,7195.070148,True,0.992
55.147013,15,7195.819263,True,0.992
63.831932,41,7197.814958,True,0.992
51.692371,7,7198.173,True,0.992
61.784621,40,7200.080235,True,0.992
-11.781522,66,7203.275179,False,0.992
-4.649734,56,7205.975116,False,0.992
57.91121,23,7207.105132,True,0.992
50.509894,1,7207.16671,True,0.992
54.866912,19,7208.113389,True,0.992
53.820315,9,7208.544106,True,0.992
-28.638237,57,7211.260112,False,0.992
56.749528,16,7212.048103,True,0.992
61.412591,227,7222.734638,True,0.992
61.048278,35,7224.409783,True,0.992
-0.575552,157,7232.299227,False,0.992
57.70236,23,7233.398884,True,0.992
63.784305,36,7235.138935,True,0.992
66.007133,133,7241.709137,True,0.992
61.943134,37,7243.746587,True,0.992
58.706622,43,7245.900017,True,0.992
60.784504,34,7247.57603,True,0.992
-25.447505,74,7251.099826,False,0.992
-0.047088,146,7258.744493,False,0.992
64.312465,182,7278.604578,True,0.992
65.922057,304,7292.893783,True,0.992
54.549066,13,7293.525241,True,0.992
55.892751,19,7294.421546,True,0.992
63.09705,35,7296.074059,True,0.992
59.175991,99,7300.733003,True,0.992
59.623399,32,7302.316047,True,0.992
57.09366,18,7303.176676,True,0.992
57.169763,30,7304.601778,True,0.992
57.830767,22,7305.683496,True,0.992
-18.878988,193,7314.870831,False,0.992
58.54092,32,7316.397176,True,0.992
57.213127,18,7317.269834,True,0.992
63.07156,46,7319.477235,True,0.992
-5.505812,74,7322.996889,False,0.992
60.908683,86,7327.147159,True,0.992
69.11697,154,7334.511482,True,0.992
59.1715,46,7336.672471,True,0.992
59.290622,26,7337.909232,True,0.992
57.337567,118,7343.450684,True,0.992
64.365191,130,7349.525159,True,0.992
61.811913,111,7354.721308,True,0.992
65.567996,136,7361.047883,True,0.992
69.101115,76,7364.606487,True,0.992
63.631921,43,7366.653955,True,0.992
-10.135477,175,7384.89728,False,0.992
64.265658,187,7393.585443,True,0.992
61.037604,32,7395.092113,True,0.992
-33.505644,88,7399.165584,False,0.992
54.444574,13,7399.788293,True,0.992
56.630659,163,7407.653591,True,0.992
62.687355,192,7417.23291,True,0.992
62.626195,35,7418.935195,True,0.992
-0.209599,328,7434.407973,False,0.992
-15.581147,275,7447.392663,False,0.992
56.884508,19,7448.302179,True,0.992
-7.741239,311,7463.108062,False,0.992
57.678942,27,7464.399456,True,0.992
57.492629,29,7465.776905,True,0.992
61.686928,45,7467.933179,True,0.992
-18.021468,75,7471.45917,False,0.992
57.128836,22,7472.511817,True,0.992
65.09865,101,7477.254323,True,0.992
59.842492,26,7478.500204,True,0.992
61.701649,42,7492.108333,True,0.992
65.083124,41,7494.055913,True,0.992
53.56308,9,7494.495659,True,0.992
60.133626,31,7495.969463,True,0.992
63.626024,36,7497.703013,True,0.992
61.035655,31,7499.181585,True,0.992
63.248736,36,7500.919657,True,0.992
62.037018,176,7509.157636,True,0.992
-10.275171,176,7517.375883,False,0.992
59.819716,23,7518.491014,True,0.992
64.175758,42,7520.589068,True,0.992
60.525229,34,7522.21539,True,0.992
60.65255,29,7523.590755,True,0.992
62.167446,37,7525.334346,True,0.992
-15.094881,193,7534.361986,False,0.992
-8.237406,87,7538.435594,False,0.992
-25.455342,66,7541.54174,False,0.992
58.306293,106,7546.492897,True,0.992
59.800487,24,7547.654885,True,0.992
-9.188089,161,7555.228641,False,0.992
61.85573,28,7556.562469,True,0.992
62.130356,133,7562.789052,True,0.992
-27.873129,170,7570.773722,False,0.992
58.155799,110,7575.925241,True,0.992
0.485799,180,7584.444342,False,0.992
63.877728,36,7586.155913,True,0.992
65.711534,107,7602.507991,True,0.992
61.915621,113,7607.805569,True,0.992
71.21672,402,7626.724108,True,0.992
55.036072,34,7628.336249,True,0.992
64.099346,115,7633.758044,True,0.992
61.594977,36,7635.460762,True,0.992
66.058705,244,7647.097375,True,0.992
69.891769,287,7661.592747,True,0.992
-14.040802,128,7667.760787,False,0.992
60.609131,102,7672.78021,True,0.992
-1.160525,233,7684.054973,False,0.992
61.542224,92,7689.001202,True,0.992
56.553554,247,7713.233572,True,0.992
65.248332,291,7727.117432,True,0.992
60.586097,97,7731.771913,True,0.992
60.9599,359,7749.542874,True,0.992
56.029392,16,7750.398215,True,0.992
54.55375,16,7751.252378,True,0.992
68.923676,138,7758.619369,True,0.992
3.180737,120,7764.563045,False,0.992
66.94043,249,7776.557112,True,0.992
63.169139,34,7778.243548,True,0.992
73.187351,291,7792.1486,True,0.992
-1.568219,223,7803.037654,False,0.992
5.317695,79,7806.869065,False,0.992
-3.696592,215,7829.07802,False,0.992
57.012491,105,7834.66495,True,0.992
50.002927,1,7834.738553,True,0.992
55.871863,27,7836.185666,True,0.992
68.11775,176,7845.460671,True,0.992
61.290819,73,7849.423585,True,0.992
54.492142,13,7850.127298,True,0.992
63.545777,42,7852.332726,True,0.992
61.378179,31,7853.931992,True,0.992
60.227053,87,7858.413671,True,0.992
64.795195,40,7860.674168,True,0.992
62.001283,46,7863.067713,True,0.992
57.019519,163,7871.445331,True,0.992
65.003461,47,7873.856519,True,0.992
2.024335,142,7881.122115,False,0.992
-4.256339,94,7885.517518,False,0.992
63.561315,110,7890.454478,True,0.992
69.043619,107,7895.279998,True,0.992
65.30841,68,7898.343702,True,0.992
59.133453,96,7902.709739,True,0.992
67.312617,145,7909.424865,True,0.992
64.186177,118,7914.837878,True,0.992
54.459434,12,7915.40717,True,0.992
58.713313,27,7916.662931,True,0.992
64.25248,132,7922.594219,True,0.992
-27.646593,309,7946.081006,False,0.992
58.722531,30,7947.438874,True,0.992
62.439101,42,7949.339924,True,0.992
66.172889,152,7956.621796,True,0.992
61.061305,175,7965.339742,True,0.992
57.285438,101,7970.35948,True,0.992
60.271833,35,7972.061577,True,0.992
50.363822,1,7972.122125,True,0.992
-7.538131,169,7980.333299,False,0.992
64.402764,122,7986.043477,True,0.992
-5.00527,267,7998.977217,False,0.992
6.328578,88,8002.925507,False,0.992
61.719049,51,8005.282239,True,0.992
55.627318,17,8006.066527,True,0.992
67.581966,104,8010.849562,True,0.992
61.256875,48,8013.132332,True,0.992
56.273421,99,8017.572992,True,0.992
53.374423,8,8017.943123,True,0.992
62.428254,39,8019.73214,True,0.992
66.261227,57,8022.314874,True,0.992
65.592317,49,8024.541845,True,0.992
70.691811,467,8056.290756,True,0.992
65.344294,51,8058.821011,True,0.992
64.457423,259,8070.330119,True,0.992
63.950447,39,8072.09247,True,0.992
-5.392198,144,8078.644701,False,0.992
56.591767,102,8083.20218,True,0.992
66.947688,53,8085.615378,True,0.992
61.990155,116,8090.8093,True,0.992
57.273573,21,8091.769555,True,0.992
66.55361,250,8102.954878,True,0.992
69.000018,74,8106.335958,True,0.992
58.653441,30,8107.698226,True,0.992
7.923956,164,8115.016448,False,0.992
64.902301,55,8117.49166,True,0.992
53.199204,171,8125.085983,True,0.992
64.191614,45,8127.141469,True,0.992
60.283788,109,8143.562876,True,0.992
69.804667,152,8150.394276,True,0.992
61.319242,31,8151.817588,True,0.992
59.345825,47,8153.919069,True,0.992
68.424975,98,8158.353742,True,0.992
70.558216,278,8171.221795,True,0.992
70.772421,120,8176.758181,True,0.992
63.054764,42,8178.769425,True,0.992
69.426659,92,8183.410232,True,0.992
55.873176,18,8184.234606,True,0.992
61.041746,126,8189.980029,True,0.992
60.397035,141,8196.465788,True,0.992
-10.553402,151,8203.257002,False,0.992
58.620177,25,8204.383075,True,0.992
54.72158,13,8204.984265,True,0.992
55.535137,14,8205.627647,True,0.992
-34.779527,135,8211.66581,False,0.992
59.206448,195,8220.392648,True,0.992
-3.823163,97,8224.722341,False,0.992
64.206062,42,8226.627031,True,0.992
63.770848,111,8231.610193,True,0.992
-11.696804,71,8234.850442,False,0.992
63.940409,40,8247.977339,True,0.992
68.298991,72,8251.447558,True,0.992
67.549744,57,8254.108379,True,0.992
-27.808227,124,8259.817057,False,0.992
61.016965,30,8261.188759,True,0.992
-12.626544,68,8264.285323,False,0.992
-11.038393,52,8266.724616,False,0.992
60.83414,34,8268.307617,True,0.992
62.544904,34,8269.979091,True,0.992
58.237559,27,8271.234489,True,0.992
61.614892,38,8272.995255,True,0.992
63.16503,188,8281.624156,True,0.992
-17.716355,189,8290.36459,False,0.992
-5.751483,68,8293.564297,False,0.992
52.887807,7,8293.911137,True,0.992
61.413793,95,8298.305271,True,0.992
-31.661387,118,8303.580777,False,0.992
59.794954,29,8304.894285,True,0.992
-16.414778,209,8314.187532,False,0.992
55.008429,111,8319.243079,True,0.992
0.550461,90,8323.431797,False,0.992
66.023173,155,8330.530971,True,0.992
65.542455,80,8334.235827,True,0.992
60.853893,39,8335.985725,True,0.992
58.362447,82,8339.688859,True,0.992
61.268016,30,8341.092942,True,0.992
63.118884,53,8353.561182,True,0.992
-2.295621,66,8356.61898,False,0.992
2.915699,153,8363.633275,False,0.992
65.369677,74,8367.220515,True,0.992
66.455189,52,8369.655231,True,0.992
56.943751,99,8374.220536,True,0.992
-1.116591,201,8383.474398,False,0.992
62.923448,34,8385.039015,True,0.992
61.564112,30,8386.440774,True,0.992
62.402599,37,8388.152239,True,0.992
-1.134371,288,8401.27728,False,0.992
56.71583,18,8402.10786,True,0.992
65.372242,42,8404.048615,True,0.992
59.694873,28,8405.35782,True,0.992
61.788431,110,8410.414804,True,0.992
8.887177,159,8417.731117,False,0.992
50.204984,1,8417.792822,True,0.992
62.237609,131,8423.753342,True,0.992
66.477739,121,8429.330639,True,0.992
54.064618,10,8429.800808,True,0.992
-19.498424,576,8470.402673,False,0.992
63.09548,184,8479.817305,True,0.992
65.088184,111,8485.286098,True,0.992
59.982302,38,8487.136681,True,0.992
63.50597,32,8488.747387,True,0.992
59.525413,27,8490.235368,True,0.992
58.828882,99,8495.400677,True,0.992
63.926625,41,8497.590275,True,0.992
63.208902,115,8503.409139,True,0.992
60.207753,100,8508.173871,True,0.992
-15.21949,421,8529.483375,False,0.992
61.576857,39,8531.557433,True,0.992
64.720512,42,8533.687092,True,0.992
61.850714,146,8541.164284,True,0.992
-9.2438,217,8552.377815,False,0.992
55.674128,18,8553.322499,True,0.992
61.175348,219,8575.287673,True,0.992
65.744653,49,8577.830501,True,0.992
56.113064,20,8578.85652,True,0.992
65.715957,43,8581.118892,True,0.992
62.783678,36,8582.978355,True,0.992
-16.233938,165,8591.522573,False,0.992
56.510031,34,8593.284725,True,0.992
-3.36361,55,8596.110809,False,0.992
0.11593,232,8608.105435,False,0.992
63.014773,62,8611.282366,True,0.992
-0.945485,76,8615.314724,False,0.992
66.152194,52,8618.024107,True,0.992
58.93052,25,8619.316291,True,0.992
64.15342,136,8626.422711,True,0.992
64.068222,36,8628.265154,True,0.992
-21.090641,136,8635.317964,False,0.992
59.943753,26,8636.68909,True,0.992
61.713725,29,8638.213031,True,0.992
62.447762,34,8639.997996,True,0.992
66.3413,50,8642.668418,True,0.992
62.286168,115,8648.447447,True,0.992
61.852932,52,8651.074821,True,0.992
61.59138,119,8657.011044,True,0.992
66.789922,53,8659.690549,True,0.992
-12.367456,64,8662.894072,False,0.992
68.744485,359,8690.732218,True,0.992
66.276683,43,8692.896102,True,0.992
-5.141318,54,8695.660231,False,0.992
60.22881,24,8696.883343,True,0.992
53.83299,11,8697.45967,True,0.992
-1.741749,50,8699.999648,False,0.992
65.871195,64,8703.448611,True,0.992
57.298085,17,8704.317105,True,0.992
66.485917,48,8706.765435,True,0.992
-12.903822,181,8715.855723,False,0.992
62.837012,116,8721.646606,True,0.992
61.332179,32,8723.262628,True,0.992
61.618128,33,8724.921093,True,0.992
64.562709,149,8732.326631,True,0.992
-4.295885,68,8735.756643,False,0.992
59.295949,25,8737.027742,True,0.992
55.360222,46,8739.363932,True,0.992
58.310955,227,8750.735434,True,0.992
-28.533192,243,8762.911602,False,0.992
65.058971,38,8764.825484,True,0.992
50.201155,1,8764.893108,True,0.992
-12.757846,52,8767.51594,False,0.992
-26.144081,65,8770.771136,False,0.992
61.076415,123,8776.911009,True,0.992
59.092447,24,8778.137842,True,0.992
-11.278053,177,8787.0351,False,0.992
63.024898,40,8789.063526,True,0.992
62.71467,92,8803.908938,True,0.992
-0.011463,237,8815.764144,False,0.992
59.743726,30,8817.270155,True,0.992
63.241834,42,8819.419339,True,0.992
66.78641,117,8825.605674,True,0.992
-8.714206,284,8839.938823,False,0.992
63.964548,39,8841.916191,True,0.992
60.928695,161,8850.025241,True,0.992
57.496726,133,8856.683095,True,0.992
65.145113,193,8866.316773,True,0.992
66.272008,197,8876.218608,True,0.992
63.879535,41,8878.485493,True,0.992
61.070969,37,8880.353448,True,0.992
-2.888807,186,8889.748055,False,0.992
57.484773,29,8891.217796,True,0.992
58.457171,25,8892.489819,True,0.992
60.879062,34,8894.227977,True,0.992
65.468419,48,8896.660679,True,0.992
67.204781,213,8919.312598,True,0.992
67.501207,130,8926.00269,True,0.992
67.434705,133,8932.787326,True,0.992
66.039087,68,8936.640803,True,0.992
66.398421,176,8945.885903,True,0.992
61.203242,48,8948.375686,True,0.992
65.431555,148,8956.171273,True,0.992
62.667218,88,8960.801133,True,0.992
58.155291,45,8963.109192,True,0.992
68.238964,181,8972.491473,True,0.992
57.025567,94,8977.409774,True,0.992
3.740691,212,8988.863926,False,0.992
59.762248,32,8990.564831,True,0.992
66.213418,49,8993.133984,True,0.992
3.26159,404,9014.99896,False,0.992
63.611439,151,9024.030954,True,0.992
67.302895,134,9043.013625,True,0.992
60.437481,34,9044.860146,True,0.992
63.217279,140,9052.104488,True,0.992
62.883928,39,9054.151336,True,0.992
56.375395,209,9064.80057,True,0.992
-10.822104,298,9080.183564,False,0.992
61.957458,116,9085.977725,True,0.992
64.98527,42,9088.107017,True,0.992
61.412317,124,9094.254653,True,0.992
61.334422,122,9100.351434,True,0.992
60.061205,47,9102.702217,True,0.992
64.503914,47,9105.274032,True,0.992
64.602128,41,9107.491871,True,0.992
62.997543,265,9120.73139,True,0.992
61.365363,29,9122.210036,True,0.992
66.935636,58,9125.1331,True,0.992
64.310161,104,9130.312941,True,0.992
-3.462517,285,9155.697029,False,0.992
58.351811,85,9159.940966,True,0.992
74.749105,590,9189.479301,True,0.992
59.847457,49,9191.933633,True,0.992
67.763111,428,9213.286197,True,0.992
70.111846,185,9222.57336,True,0.992
58.123446,84,9226.751364,True,0.992
65.756007,253,9239.36522,True,0.992
61.712459,378,9267.650717,True,0.992
65.991529,187,9276.931985,True,0.992
61.486575,88,9281.349737,True,0.992
64.916056,45,9283.627215,True,0.992
58.17647,31,9285.179584,True,0.992
68.260537,178,9294.179858,True,0.992
55.478286,213,9304.846417,True,0.992
71.01174,226,9316.115376,True,0.992
64.782675,51,9318.763243,True,0.992
62.507383,124,9324.906319,True,0.992
69.523705,179,9334.020526,True,0.992
61.362892,32,9335.640851,True,0.992
70.129266,249,9348.465302,True,0.992
64.889296,118,9354.391846,True,0.992
62.960373,101,9359.57861,True,0.992
67.162236,110,9365.33625,True,0.992
57.31588,91,9381.978221,True,0.992
54.698428,16,9382.813623,True,0.992
66.70024,166,9391.186847,True,0.992
64.279229,216,9402.103857,True,0.992
62.938231,193,9411.900408,True,0.992
58.568954,27,9413.26884,True,0.992
9.976142,284,9427.757432,False,0.992
10.782957,359,9446.362654,False,0.992
60.514383,44,9448.72146,True,0.992
71.064576,342,9466.320975,True,0.992
62.039882,230,9478.169744,True,0.992
68.008384,174,9499.819261,True,0.992
-4.878124,374,9519.756549,False,0.992
49.734417,1,9519.84118,True,0.992
63.047678,299,9535.689555,True,0.992
67.814358,384,9555.789782,True,0.992
68.38259,176,9565.05557,True,0.992
7.720423,342,9582.823301,False,0.992
67.277429,226,9594.794472,True,0.992
66.544069,175,9604.974258,True,0.992
57.989763,21,9606.064538,True,0.992
62.153252,44,9608.430329,True,0.992
68.569069,419,9642.404613,True,0.992
69.132453,309,9659.088505,True,0.992
67.665112,356,9678.143342,True,0.992
56.854099,21,9679.211703,True,0.992
71.3185,248,9691.8663,True,0.992
64.888094,111,9697.605517,True,0.992
67.686385,184,9707.344453,True,0.992
59.774518,31,9709.145489,True,0.992
78.362106,272,9723.393325,True,0.992
62.196444,100,9740.767523,True,0.992
70.939551,198,9751.384026,True,0.992
63.590964,135,9758.773287,True,0.992
74.101304,317,9776.489501,True,0.992
-8.373267,287,9792.938136,False,0.992
3.153849,146,9801.751902,False,0.992
59.75117,45,9804.242407,True,0.992
59.647717,98,9809.528871,True,0.992
66.049241,99,9815.103038,True,0.992
58.116597,29,9816.694726,True,0.992
69.249428,315,9833.809765,True,0.992
62.11644,51,9836.608014,True,0.992
53.996524,58,9839.866476,True,0.992
61.731996,27,9841.361647,True,0.992
-0.890428,557,9884.818818,False,0.992
68.867311,125,9891.357634,True,0.992
5.620751,343,9908.738706,False,0.992
66.331242,107,9914.160837,True,0.992
62.485986,132,9920.781017,True,0.992
69.824368,138,9927.630501,True,0.992
63.739034,127,9934.087892,True,0.992
63.17893,161,9942.283653,True,0.992
64.546352,191,9951.98619,True,0.992
57.026601,153,9959.838585,True,0.992
62.111239,43,9961.998014,True,0.992
62.728113,144,9969.214981,True,0.992
59.010777,166,9988.528548,True,0.992
67.249832,142,9995.756358,True,0.992
68.463279,231,10007.820657,True,0.992
62.188422,36,10009.7452,True,0.992
54.102625,11,10010.317431,True,0.992
55.762109,91,10014.965964,True,0.992
56.310566,21,10016.028775,True,0.992
54.723077,89,10020.463837,True,0.992
61.012779,31,10022.034444,True,0.992
65.467037,46,10024.430442,True,0.992
62.30769,32,10026.053556,True,0.992
-0.425987,286,10040.378839,False,0.992
71.092914,218,10051.262277,True,0.992
59.515777,29,10052.731841,True,0.992
61.617087,104,10058.137922,True,0.992
60.150278,105,10063.555132,True,0.992
71.773257,195,10073.783818,True,0.992
63.740795,37,10075.665957,True,0.992
-8.181705,319,10105.213423,False,0.992
66.521789,133,10112.802461,True,0.992
68.641822,59,10115.764343,True,0.992
0.15108,158,10124.185916,False,0.992
60.185292,35,10126.00811,True,0.992
60.710458,28,10127.492773,True,0.992
66.360734,61,10130.813552,True,0.992
50.192352,1,10130.891548,True,0.992
61.046445,33,10132.763763,True,0.992
58.78481,38,10134.772471,True,0.992
65.810949,81,10139.208685,True,0.992
69.177872,222,10150.987362,True,0.992
8.7706,86,10155.279029,False,0.992
-6.015838,291,10171.584523,False,0.992
61.035042,58,10174.912009,True,0.992
63.784426,40,10177.154068,True,0.992
-8.86163,241,10189.42818,False,0.992
55.582427,22,10190.551228,True,0.992
64.510801,150,10198.041567,True,0.992
57.385089,44,10200.295354,True,0.992
63.76505,110,10206.211073,True,0.992
49.571293,1,10206.281219,True,0.992
59.762368,46,10208.793098,True,0.992
57.30219,65,10224.16571,True,0.992
65.470389,49,10227.085606,True,0.992
65.753591,120,10234.405871,True,0.992
60.093111,25,10235.89872,True,0.992
61.920612,53,10239.105006,True,0.992
57.363236,20,10240.339911,True,0.992
55.190598,27,10241.961946,True,0.992
54.559561,56,10245.343085,True,0.992
60.02018,27,10246.96706,True,0.992
-25.984552,168,10255.585553,False,0.992
64.621466,124,10261.909582,True,0.992
50.692506,2,10262.038958,True,0.992
65.91211,148,10270.035106,True,0.992
62.358162,138,10276.964589,True,0.992
-3.993542,58,10279.891465,False,0.992
56.809767,17,10280.756541,True,0.992
-7.715249,66,10284.098522,False,0.992
55.471361,14,10284.839832,True,0.992
64.467836,48,10287.243634,True,0.992
-28.580099,93,10291.866611,False,0.992
67.074835,186,10301.698587,True,0.992
59.69275,33,10303.524921,True,0.992
61.778376,35,10305.296683,True,0.992
67.298956,57,10308.153392,True,0.992
60.645091,97,10312.988613,True,0.992
-27.053501,159,10320.941134,False,0.992
61.647893,120,10326.941477,True,0.992
60.749811,50,10329.521978,True,0.992
60.202826,55,10341.989325,True,0.992
62.062963,33,10343.663566,True,0.992
7.627956,64,10346.893242,False,0.992
67.635354,54,10349.616895,True,0.992
57.432506,24,10350.830738,True,0.992
-0.747753,183,10359.990139,False,0.992
70.771901,77,10364.14341,True,0.992
67.081626,146,10371.86501,True,0.992
64.094828,56,10374.702195,True,0.992
59.379699,23,10375.899849,True,0.992
59.06127,32,10377.517902,True,0.992
53.876769,13,10378.207053,True,0.992
59.673305,123,10384.462811,True,0.992
58.848081,24,10385.704261,True,0.992
55.268646,13,10386.374911,True,0.992
63.004856,38,10388.356241,True,0.992
59.842918,132,10395.123645,True,0.992
59.201434,21,10396.198879,True,0.992
0.763806,63,10399.457786,False,0.992
62.788167,100,10404.61246,True,0.992
0.664203,322,10422.102083,False,0.992
59.189843,38,10424.161646,True,0.992
57.750775,21,10425.368374,True,0.992
3.674152,136,10433.375588,False,0.992
60.906843,32,10435.172387,True,0.992
65.211488,91,10440.26961,True,0.992
68.208334,139,10447.657458,True,0.992
63.612974,44,10460.963533,True,0.992
-6.4457,135,10469.130471,False,0.992
58.921414,183,10479.300925,True,0.992
70.479533,75,10483.512752,True,0.992
53.737154,10,10484.102867,True,0.992
65.614999,45,10486.637547,True,0.992
59.688427,32,10488.441007,True,0.992
53.237235,10,10489.035526,True,0.992
62.57699,31,10490.785705,True,0.992
53.947911,15,10491.654172,True,0.992
6.540083,83,10496.066914,False,0.992
63.085057,40,10498.1754,True,0.992
59.372355,78,10502.279829,True,0.992
-4.76559,64,10505.576485,False,0.992
54.668238,12,10506.18802,True,0.992
65.628942,129,10512.686717,True,0.992
-25.991748,185,10521.943012,False,0.992
61.163408,57,10524.806813,True,0.992
58.159657,72,10528.488638,True,0.992
66.657099,49,10531.174197,True,0.992
58.970148,133,10538.419917,True,0.992
50.347749,1,10538.503517,True,0.992
59.932905,34,10540.364733,True,0.992
54.228848,14,10541.170041,True,0.992
-16.886074,171,10550.822448,False,0.992
-22.728484,323,10569.957683,False,0.992
57.535856,23,10571.307739,True,0.992
70.671758,286,10596.866054,True,0.992
59.110663,41,10598.944666,True,0.992
69.705946,149,10606.422884,True,0.992
59.512039,436,10628.793926,True,0.992
58.640295,25,10630.060809,True,0.992
55.056592,12,10630.690341,True,0.992
56.848227,48,10633.086894,True,0.992
54.898574,16,10633.911967,True,0.992
2.243987,186,10643.145603,False,0.992
59.864135,33,10644.816717,True,0.992
65.169119,129,10651.714664,True,0.992
61.856476,153,10660.556656,True,0.992
58.337073,71,10664.819295,True,0.992
-25.550805,185,10675.848016,False,0.992
64.143683,44,10678.420625,True,0.992
61.565285,32,10680.29673,True,0.992
60.501022,193,10691.026166,True,0.992
58.693817,23,10692.279842,True,0.992
61.812705,181,10715.649192,True,0.992
62.206348,34,10717.706329,True,0.992
67.114554,282,10734.09532,True,0.992
67.026851,288,10749.193294,True,0.992
67.413347,124,10755.47609,True,0.992
65.877666,74,10759.258941,True,0.992
59.977534,25,10760.532185,True,0.992
62.976643,41,10762.621789,True,0.992
61.88055,112,10768.201329,True,0.992
62.069086,165,10776.862304,True,0.992
67.178804,79,10780.973634,True,0.992
66.373315,62,10784.464098,True,0.992
59.092743,31,10786.09155,True,0.992
59.355095,30,10787.669763,True,0.992
70.425626,204,10798.709068,True,0.992
62.266949,50,10801.298259,True,0.992
73.50187,257,10815.052941,True,0.992
63.769307,129,10834.914186,True,0.992
57.466192,25,10836.175357,True,0.992
60.137421,26,10837.613867,True,0.992
65.558545,55,10840.606707,True,0.992
60.639366,27,10842.05179,True,0.992
60.47755,125,10848.525849,True,0.992
62.02499,48,10851.103722,True,0.992
53.292877,120,10857.14355,True,0.992
65.336832,47,10859.550287,True,0.992
61.750466,53,10862.247863,True,0.992
58.274899,34,10863.98088,True,0.992
54.916368,12,10864.627761,True,0.992
63.267382,44,10866.868901,True,0.992
55.950092,21,10867.970071,True,0.992
64.786766,85,10872.553796,True,0.992
56.620833,15,10873.372033,True,0.992
67.372742,67,10876.860613,True,0.992
69.665034,76,10880.665135,True,0.992
62.729273,44,10882.871207,True,0.992
58.815547,205,10893.203722,True,0.992
55.103352,34,10894.936297,True,0.992
60.683268,39,10896.939085,True,0.992
66.290471,120,10903.043882,True,0.992
67.621323,99,10908.31913,True,0.992
-18.244513,268,10922.806699,False,0.992
-4.028897,125,10929.972604,False,0.992
62.88401,98,10935.619045,True,0.992
53.718985,12,10936.323269,True,0.992
64.737503,45,10948.847144,True,0.992
58.065234,178,10958.992142,True,0.992
55.769369,14,10959.8075,True,0.992
63.910292,38,10961.967264,True,0.992
58.226192,25,10963.400297,True,0.992
3.168435,600,10997.576023,False,0.992
59.48566,22,10998.9224,True,0.992
62.313437,36,11001.090774,True,0.992
63.22026,83,11005.941202,True,0.992
61.634891,201,11017.555129,True,0.992
60.118789,250,11030.728358,True,0.992
-0.805139,91,11035.721343,False,0.992
63.855547,51,11038.321658,True,0.992
56.381969,61,11041.463638,True,0.992
58.807526,24,11042.778675,True,0.992
64.502801,296,11059.61964,True,0.992
63.642154,38,11061.69349,True,0.992
50.407873,1,11061.764839,True,0.992
60.729146,28,11074.861536,True,0.992
59.620295,29,11076.43285,True,0.992
63.214615,46,11078.942182,True,0.992
66.574603,69,11082.669831,True,0.992
59.664978,113,11088.752724,True,0.992
62.965097,37,11090.774433,True,0.992
63.823159,51,11093.555998,True,0.992
60.495056,39,11095.696656,True,0.992
62.926894,122,11102.307175,True,0.992
-15.740168,268,11116.873307,False,0.992
55.545884,102,11122.414847,True,0.992
59.233509,112,11128.390518,True,0.992
63.186881,122,11134.971952,True,0.992
58.928497,42,11137.29007,True,0.992
-23.950926,59,11140.572397,False,0.992
59.839018,40,11142.79478,True,0.992
51.594977,5,11143.087479,True,0.992
63.238554,34,11144.98637,True,0.992
61.59455,38,11147.031271,True,0.992
67.090442,78,11151.223996,True,0.992
62.027065,55,11154.184582,True,0.992
60.056183,38,11156.217339,True,0.992
62.342555,45,11158.504319,True,0.992
69.94035,158,11167.109684,True,0.992
55.528411,21,11168.314918,True,0.992
61.893363,104,11173.59375,True,0.992
61.279442,29,11175.060305,True,0.992
57.328394,17,11175.927277,True,0.992
67.671772,118,11182.342011,True,0.992
62.572666,156,11200.197857,True,0.992
-2.875262,78,11204.448772,False,0.992
57.654694,19,11205.611025,True,0.992
63.933682,38,11207.816178,True,0.992
62.603999,34,11209.776733,True,0.992
68.912216,98,11215.644215,True,0.992
69.419711,64,11219.589676,True,0.992
60.63019,117,11226.297434,True,0.992
65.036681,268,11240.384549,True,0.992
54.700638,69,11244.083062,True,0.992
57.876763,28,11245.71396,True,0.992
61.284542,52,11248.568468,True,0.992
6.657848,95,11253.640588,False,0.992
63.948602,275,11267.4566,True,0.992
66.08471,117,11274.263123,True,0.992
59.078121,24,11275.612634,True,0.992
58.624538,26,11277.103059,True,0.992
66.013277,51,11279.930075,True,0.992
65.508811,65,11283.582866,True,0.992
-24.513319,169,11292.578444,False,0.992
66.982833,62,11296.23564,True,0.992
58.549523,110,11302.228992,True,0.992
56.687478,29,11303.935066,True,0.992
64.814476,105,11320.942005,True,0.992
52.236857,9,11321.505084,True,0.992
65.626908,61,11325.453167,True,0.992
60.254163,29,11327.037224,True,0.992
5.226048,119,11333.204094,False,0.992
65.172107,121,11339.579741,True,0.992
56.392577,18,11340.50775,True,0.992
56.798223,28,11341.919571,True,0.992
67.0967,52,11344.565547,True,0.992
58.469613,31,11346.144503,True,0.992
61.27459,43,11348.32479,True,0.992
65.806083,159,11356.676143,True,0.992
69.206066,158,11365.989912,True,0.992
60.800208,26,11367.527111,True,0.992
64.042756,57,11370.929728,True,0.992
61.675678,92,11376.486799,True,0.992
59.662668,29,11378.299161,True,0.992
57.303426,20,11379.520991,True,0.992
62.15238,210,11390.600191,True,0.992
71.76809,273,11405.667141,True,0.992
70.948108,202,11418.468993,True,0.992
54.386018,12,11419.231655,True,0.992
64.943797,166,11428.870057,True,0.992
60.566238,236,11455.351043,True,0.992
56.234668,16,11456.188031,True,0.992
-8.693175,228,11467.966904,False,0.992
57.470634,22,11469.118707,True,0.992
52.214139,94,11473.939713,True,0.992
16.735416,471,11498.047954,False,0.992
64.971439,205,11508.588156,True,0.992
59.034854,42,11510.752612,True,0.992
55.881285,22,11511.911891,True,0.992
59.256441,177,11521.33284,True,0.992
70.982601,241,11535.373422,True,0.992
62.109554,257,11550.991246,True,0.992
49.879856,1,11551.073977,True,0.992
59.962541,30,11552.915063,True,0.992
66.472038,128,11572.822183,True,0.992
59.812821,165,11581.668738,True,0.992
60.997006,260,11595.249068,True,0.992
66.68524,159,11603.552941,True,0.992
64.676516,123,11610.107199,True,0.992
57.151428,26,11611.591261,True,0.992
66.230026,205,11622.20199,True,0.992
67.863956,254,11635.4032,True,0.992
63.86854,111,11641.212414,True,0.992
69.267603,261,11656.109819,True,0.992
56.888615,41,11658.284518,True,0.992
61.250695,42,11660.489225,True,0.992
68.583622,361,11691.686738,True,0.992
64.328109,42,11693.930905,True,0.992
63.381962,127,11700.493881,True,0.992
59.000007,28,11701.972437,True,0.992
56.403115,33,11703.776647,True,0.992
64.805591,107,11709.993858,True,0.992
52.701869,8,11710.482038,True,0.992
61.118656,35,11712.495255,True,0.992
57.014924,20,11713.591783,True,0.992
62.538418,43,11716.034351,True,0.992
61.832483,113,11722.66707,True,0.992
63.657715,42,11725.232148,True,0.992
72.287373,211,11737.153853,True,0.992
64.231389,182,11746.846876,True,0.992
66.903599,74,11751.031363,True,0.992
59.014619,26,11752.530014,True,0.992
-21.496362,174,11761.834392,False,0.992
66.058943,46,11764.251159,True,0.992
-1.679819,63,11767.528167,False,0.992
53.905447,11,11768.115347,True,0.992
59.228655,126,11774.605312,True,0.992
50.939639,3,11774.781563,True,0.992
62.394782,50,11777.383713,True,0.992
0.623287,242,11790.60496,False,0.992
58.907619,19,11791.583316,True,0.992
65.935893,64,11795.062487,True,0.992
66.917429,154,11815.583788,True,0.992
66.424622,138,11823.266844,True,0.992
56.522619,18,11824.329686,True,0.992
64.576766,42,11827.070896,True,0.992
67.555808,216,11839.03565,True,0.992
62.467224,37,11841.15054,True,0.992
59.965023,55,11844.190794,True,0.992
62.053172,34,11845.966694,True,0.992
61.89439,38,11847.988165,True,0.992
59.133672,32,11849.670481,True,0.992
72.868111,184,11859.608172,True,0.992
64.640721,159,11868.223937,True,0.992
66.192701,179,11877.887432,True,0.992
56.821509,24,11879.152951,True,0.992
-3.140281,78,11883.170956,False,0.992
69.270328,168,11891.900591,True,0.992
67.793059,61,11895.118555,True,0.992
60.657367,65,11898.528576,True,0.992
63.578606,35,11900.360878,True,0.992
68.591761,96,11905.665081,True,0.992
54.244594,9,11906.177304,True,0.992
68.406055,57,11909.168357,True,0.992
69.242921,112,11914.913665,True,0.992
62.455545,41,11917.049048,True,0.992
63.973134,123,11923.336875,True,0.992
59.862877,29,11924.839456,True,0.992
55.953563,20,11936.796235,True,0.992
58.739834,34,11938.543519,True,0.992
70.806901,97,11943.463187,True,0.992
64.926839,45,11945.855259,True,0.992
-4.110282,58,11948.805924,False,0.992
-11.923049,78,11952.794251,False,0.992
59.1804,30,11954.384091,True,0.992
56.751693,45,11956.793219,True,0.992
68.616223,64,11960.153476,True,0.992
-27.464085,65,11963.434717,False,0.992
61.980207,59,11966.487567,True,0.992
60.256253,37,11968.393795,True,0.992
65.480732,64,11971.747013,True,0.992
59.431932,81,11975.904215,True,0.992
63.97542,38,11977.914468,True,0.992
-17.206272,205,11988.25141,False,0.992
67.066185,58,11991.199037,True,0.992
58.550516,48,11993.774703,True,0.992
59.5536,26,11995.143492,True,0.992
67.421854,82,11999.426423,True,0.992
56.886208,21,12000.511924,True,0.992
62.897606,60,12003.874505,True,0.992
58.858832,32,12005.543209,True,0.992
65.179433,79,12009.690156,True,0.992
60.632263,30,12011.231454,True,0.992
55.753507,17,12012.108443,True,0.992
-2.263897,60,12015.495714,False,0.992
58.909168,43,12018.000824,True,0.992
-23.661688,67,12022.121842,False,0.992
-24.931622,62,12025.886333,False,0.992
-3.238653,88,12031.128833,False,0.992
61.699871,165,12040.713594,True,0.992
66.565003,115,12055.841575,True,0.992
55.127528,13,12056.553583,True,0.992
62.64407,66,12060.074197,True,0.992
64.589159,42,12062.309348,True,0.992
58.174502,90,12066.985481,True,0.992
63.407632,113,12072.961567,True,0.992
-7.588983,280,12087.671784,False,0.992
66.790675,95,12092.617273,True,0.992
64.969089,40,12094.769388,True,0.992
64.319777,40,12096.909182,True,0.992
56.8723,206,12107.389543,True,0.992
64.445369,63,12110.617579,True,0.992
57.250324,24,12111.837932,True,0.992
70.887862,171,12120.387229,True,0.992
60.89319,28,12121.79449,True,0.992
-19.701749,66,12125.09212,False,0.992
54.58637,229,12136.707703,True,0.992
66.076731,61,12139.94091,True,0.992
-7.81722,73,12144.071848,False,0.992
61.574597,32,12145.725307,True,0.992
60.765304,36,12147.591484,True,0.992
-4.377062,158,12155.822751,False,0.992
61.812874,36,12157.695359,True,0.992
62.722428,35,12159.771039,True,0.992
58.774427,26,12161.291989,True,0.992
61.114467,32,12174.714653,True,0.992
64.947458,41,12176.883013,True,0.992
65.471629,146,12184.536029,True,0.992
53.955721,13,12185.209279,True,0.992
61.910934,61,12188.384964,True,0.992
63.976003,36,12190.295822,True,0.992
2.102408,57,12193.284283,False,0.992
56.407902,19,12194.370048,True,0.992
54.724457,12,12194.997371,True,0.992
58.334602,64,12198.336138,True,0.992
56.341533,31,12199.987425,True,0.992
65.45811,70,12203.754646,True,0.992
-7.858715,210,12215.026665,False,0.992
-6.898957,58,12218.321159,False,0.992
66.34776,91,12223.534305,True,0.992
65.141133,102,12229.444934,True,0.992
-0.105695,144,12237.185063,False,0.992
-9.197616,65,12240.590871,False,0.992
59.203899,150,12248.489581,True,0.992
60.313685,23,12249.641951,True,0.992
-27.083812,236,12263.133156,False,0.992
62.843837,42,12265.487597,True,0.992
-4.448389,62,12269.274341,False,0.992
-9.94257,92,12274.92125,False,0.992
54.8791,17,12275.98628,True,0.992
58.811181,52,12278.67507,True,0.992
-2.615423,68,12282.29205,False,0.992
62.236889,34,12284.007065,True,0.992
60.704847,90,12298.37724,True,0.992
-0.897562,68,12301.788994,False,0.992
60.349572,26,12303.120317,True,0.992
63.329483,35,12304.891222,True,0.992
57.610707,23,12306.059811,True,0.992
-7.588574,65,12309.324126,False,0.992
60.820569,49,12311.798916,True,0.992
56.407617,21,12312.87932,True,0.992
62.287329,49,12315.378564,True,0.992
64.041168,67,12318.724242,True,0.992
54.957958,15,12319.485499,True,0.992
63.671019,130,12326.023954,True,0.992
55.489139,17,12326.875687,True,0.992
-19.401449,200,12336.84435,False,0.992
57.139121,96,12341.734808,True,0.992
62.137053,58,12344.691338,True,0.992
55.251425,15,12345.471743,True,0.992
68.444136,81,12349.570584,True,0.992
50.435879,1,12349.636526,True,0.992
-0.078717,65,12352.926433,False,0.992
-13.607908,98,12357.857921,False,0.992
65.575931,62,12361.101087,True,0.992
-11.818626,217,12371.919086,False,0.992
61.582572,110,12377.414417,True,0.992
-18.567321,154,12385.168634,False,0.992
69.10131,145,12392.429297,True,0.992
2.543344,63,12395.618014,False,0.992
-9.416123,56,12398.46571,False,0.992
61.55168,144,12415.129663,True,0.992
58.028935,202,12425.222282,True,0.992
62.107888,43,12427.364917,True,0.992
64.345745,83,12431.63245,True,0.992
59.657883,31,12433.214031,True,0.992
63.609061,151,12441.071843,True,0.992
54.729446,77,12445.407026,True,0.992
68.294481,323,12462.387592,True,0.992
71.527506,83,12466.781142,True,0.992
68.350449,158,12475.210849,True,0.992
63.849447,44,12477.521543,True,0.992
61.85646,40,12479.742704,True,0.992
64.417338,241,12492.493841,True,0.992
59.229699,47,12494.913106,True,0.992
63.317006,128,12501.52615,True,0.992
64.89562,54,12504.306205,True,0.992
55.055326,14,12505.033142,True,0.992
57.208512,101,12510.795972,True,0.992
62.057846,104,12528.624103,True,0.992
64.47274,128,12535.911609,True,0.992
-10.67201,160,12545.101972,False,0.992
59.486116,111,12551.015376,True,0.992
67.642333,69,12555.10141,True,0.992
-6.513543,92,12560.419772,False,0.992
2.43694,78,12564.899348,False,0.992
59.25508,105,12570.892913,True,0.992
64.774781,63,12574.486299,True,0.992
59.272372,114,12581.024808,True,0.992
-0.902153,57,12584.287204,False,0.992
59.280483,30,12586.042233,True,0.992
53.873991,215,12597.520186,True,0.992
57.517618,22,12598.701636,True,0.992
64.397635,43,12600.960329,True,0.992
56.186707,18,12601.983912,True,0.992
-0.78792,72,12605.877189,False,0.992
-12.70077,68,12609.663885,False,0.992
66.375434,46,12612.084671,True,0.992
52.418273,89,12616.671989,True,0.992
62.147692,45,12618.986466,True,0.992
62.30555,36,12620.824234,True,0.992
66.3016,67,12624.383606,True,0.992
67.794795,148,12632.180802,True,0.992
7.561664,306,12657.581455,False,0.992
-13.387051,165,12666.047533,False,0.992
55.529584,85,12670.55525,True,0.992
61.37002,139,12677.8054,True,0.992
69.609186,84,12682.247748,True,0.992
63.965811,247,12694.977118,True,0.992
1.595758,362,12713.758755,False,0.992
57.748694,24,12715.017614,True,0.992
65.408475,49,12717.778248,True,0.992
64.195588,38,12719.923582,True,0.992
68.414989,77,12723.982066,True,0.992
69.063913,70,12727.671952,True,0.992
57.93458,27,12729.128748,True,0.992
60.465657,50,12731.72437,True,0.992
62.986076,53,12734.463186,True,0.992
64.102229,59,12737.511247,True,0.992
67.505139,55,12740.481247,True,0.992
68.757249,73,12744.343762,True,0.992
-24.700237,377,12773.933651,False,0.992
58.551604,38,12775.824062,True,0.992
67.728252,137,12782.837394,True,0.992
68.015445,78,12787.190966,True,0.992
65.08405,89,12791.870167,True,0.992
63.237236,53,12794.672833,True,0.992
-12.369786,175,12803.798557,False,0.992
61.66511,87,12808.30367,True,0.992
56.194096,96,12813.325693,True,0.992
66.997986,53,12816.149324,True,0.992
61.116877,75,12820.30274,True,0.992
67.420753,65,12823.671858,True,0.992
-24.803942,103,12829.039654,False,0.992
66.780023,57,12832.280763,True,0.992
70.825906,75,12836.463598,True,0.992
67.556897,60,12839.616904,True,0.992
61.878063,39,12841.6282,True,0.992
53.392728,10,12842.161061,True,0.992
61.17626,38,12844.154049,True,0.992
61.186936,42,12846.478184,True,0.992
-9.287411,67,12850.098938,False,0.992
62.549631,76,12854.078473,True,0.992
57.177785,35,12855.906809,True,0.992
-19.444276,79,12860.261202,False,0.992
73.453796,245,12874.821059,True,0.992
57.027609,21,12875.920856,True,0.992
0.112591,153,12893.639136,False,0.992
67.142771,283,12908.876567,True,0.992
-2.076132,321,12927.146489,False,0.992
58.057107,23,12928.347279,True,0.992
-8.267358,214,12940.370164,False,0.992
66.388941,115,12946.742663,True,0.992
61.27249,34,12948.558443,True,0.992
65.165203,43,12950.795871,True,0.992
68.930815,140,12958.140771,True,0.992
75.337964,323,12975.044139,True,0.992
64.250858,141,12982.465921,True,0.992
59.548722,25,12983.904346,True,0.992
70.535253,193,12994.440908,True,0.992
56.011167,19,12995.43022,True,0.992
69.025514,178,13018.624598,True,0.992
57.940916,35,13020.582907,True,0.992
67.45462,60,13023.903176,True,0.992
-6.149741,289,13040.176503,False,0.992
73.45968,486,13065.753866,True,0.992
59.062843,222,13077.116755,True,0.992
78.128427,252,13090.907679,True,0.992
1.659751,135,13097.927093,False,0.992
62.966498,113,13104.067102,True,0.992
63.806802,57,13107.122395,True,0.992
59.031814,27,13108.504772,True,0.992
70.344167,67,13111.912266,True,0.992
63.651615,97,13116.830553,True,0.992
65.413843,134,13134.619195,True,0.992
59.273445,22,13135.763551,True,0.992
61.252405,36,13137.584211,True,0.992
62.326427,52,13140.184226,True,0.992
59.066223,137,13147.394404,True,0.992
62.966924,65,13150.729298,True,0.992
67.010858,127,13157.700005,True,0.992
-23.346231,222,13170.655156,False,0.992
67.740176,226,13183.379813,True,0.992
56.04864,30,13185.02957,True,0.992
63.281954,274,13198.89929,True,0.992
68.351177,131,13205.467067,True,0.992
14.68131,298,13220.876954,False,0.992
69.547136,296,13235.860926,True,0.992
56.62233,24,13237.153108,True,0.992
55.183329,163,13257.66898,True,0.992
66.895401,106,13263.305759,True,0.992
67.550969,66,13267.156115,True,0.992
68.717876,71,13270.910447,True,0.992
-4.58992,96,13275.768065,False,0.992
57.500294,94,13280.506049,True,0.992
65.977396,120,13286.583199,True,0.992
-22.385343,435,13308.488937,False,0.992
56.802969,18,13309.582474,True,0.992
60.984208,65,13313.083286,True,0.992
-16.324872,171,13321.561285,False,0.992
-10.505656,71,13325.102314,False,0.992
63.770792,213,13336.517114,True,0.992
67.109252,138,13343.468545,True,0.992
67.90156,79,13347.57311,True,0.992
-2.593276,84,13351.999683,False,0.992
61.241019,32,13353.656402,True,0.992
65.907623,46,13356.005119,True,0.992
56.279601,20,13357.148315,True,0.992
63.976803,44,13368.959054,True,0.992
62.420001,45,13371.351486,True,0.992
-3.110897,232,13383.212763,False,0.992
62.893686,34,13384.963707,True,0.992
65.093292,63,13388.182456,True,0.992
-12.084903,87,13392.70058,False,0.992
65.939912,138,13399.997692,True,0.992
57.679547,306,13419.48228,True,0.992
64.515533,39,13421.678758,True,0.992
59.335717,30,13423.333485,True,0.992
60.853722,31,13424.943314,True,0.992
59.517843,28,13426.386431,True,0.992
66.83089,210,13437.357223,True,0.992
65.848592,57,13440.397991,True,0.992
57.966607,25,13441.709664,True,0.992
67.169237,56,13444.900694,True,0.992
65.062673,40,13447.167074,True,0.992
59.584152,30,13448.719236,True,0.992
-10.736351,73,13452.460304,False,0.992
7.556332,149,13460.86536,False,0.992
55.34574,142,13468.35076,True,0.992
67.036532,126,13475.878255,True,0.992
53.879234,10,13476.51901,True,0.992
54.990519,18,13477.665506,True,0.992
-7.16585,265,13503.41111,False,0.992
54.495357,13,13504.102477,True,0.992
58.026289,116,13510.025155,True,0.992
-6.631223,137,13516.908346,False,0.992
65.746067,43,13519.086432,True,0.992
-28.289133,80,13523.081173,False,0.992
62.18578,35,13524.846881,True,0.992
63.389498,37,13526.740078,True,0.992
-11.5715,57,13529.787784,False,0.992
58.808228,20,13530.804692,True,0.992
56.508009,28,13532.30635,True,0.992
54.180116,23,13533.485185,True,0.992
62.783698,47,13535.896137,True,0.992
64.142099,38,13537.935515,True,0.992
67.068441,260,13551.319235,True,0.992
-6.062027,74,13555.335697,False,0.992
56.575904,84,13559.945141,True,0.992
53.517929,9,13560.461233,True,0.992
63.772955,36,13562.325897,True,0.992
-17.013526,76,13566.196368,False,0.992
-3.466956,62,13569.348587,False,0.992
55.404291,14,13570.07319,True,0.992
63.736618,36,13571.895156,True,0.992
-5.581697,238,13583.883497,False,0.992
-11.848321,60,13587.206699,False,0.992
60.132509,35,13589.110769,True,0.992
63.810533,474,13627.425493,True,0.992
60.783616,100,13632.953382,True,0.992
61.266012,34,13634.724456,True,0.992
55.173294,13,13635.448123,True,0.992
58.677676,72,13639.191078,True,0.992
-18.710942,321,13656.248165,False,0.992
58.302777,149,13663.835262,True,0.992
55.238914,13,13664.503341,True,0.992
9.241865,237,13677.46069,False,0.992
62.495546,119,13684.721806,True,0.992
58.965213,87,13689.939182,True,0.992
59.874341,36,13691.804668,True,0.992
63.139675,36,13693.633841,True,0.992
66.901602,60,13696.708745,True,0.992
56.670211,20,13697.772237,True,0.992
-2.765992,238,13710.456666,False,0.992
-11.550991,218,13733.535239,False,0.992
59.692307,55,13736.750731,True,0.992
63.05709,154,13745.800331,True,0.992
53.74646,10,13746.445925,True,0.992
58.356131,27,13748.105434,True,0.992
62.403248,95,13753.606867,True,0.992
61.649835,46,13756.09339,True,0.992
58.571897,82,13760.689095,True,0.992
65.294353,136,13767.648145,True,0.992
55.306718,103,13772.8631,True,0.992
70.469724,134,13779.979219,True,0.992
59.864423,54,13782.906215,True,0.992
64.619713,43,13785.15771,True,0.992
56.121972,29,13786.64874,True,0.992
69.071279,114,13792.881071,True,0.992
65.625683,68,13796.912817,True,0.992
61.332054,171,13807.307714,True,0.992
68.692337,51,13810.332652,True,0.992
67.874031,92,13815.15671,True,0.992
53.696642,10,13815.731732,True,0.992
54.540229,11,13816.295672,True,0.992
56.965313,24,13817.590807,True,0.992
61.631989,38,13819.531588,True,0.992
7.572166,150,13827.52608,False,0.992
59.389043,96,13832.477424,True,0.992
65.055437,108,13837.920058,True,0.992
61.324528,94,13842.773621,True,0.992
58.176866,18,13843.71886,True,0.992
70.559508,155,13862.925439,True,0.992
53.781476,9,13863.395273,True,0.992
59.212803,52,13866.160964,True,0.992
-12.932933,460,13891.13125,False,0.992
55.837718,15,13891.946721,True,0.992
-4.066678,54,13894.924381,False,0.992
55.130347,153,13903.469638,True,0.992
64.463242,39,13905.618196,True,0.992
60.752755,36,13907.611019,True,0.992
61.789061,115,13914.513919,True,0.992
66.324181,100,13920.616574,True,0.992
60.204119,64,13923.893324,True,0.992
-2.831841,214,13935.644701,False,0.992
-7.026997,120,13942.113394,False,0.992
56.663068,33,13943.818415,True,0.992
50.351235,1,13943.888454,True,0.992
60.402517,31,13945.510492,True,0.992
1.50767,144,13952.933536,False,0.992
63.000776,37,13954.865625,True,0.992
58.233298,41,13956.960128,True,0.992
10.653967,409,13989.247103,False,0.992
69.151051,226,14001.382614,True,0.992
62.579756,37,14003.314507,True,0.992
64.383361,107,14009.38448,True,0.992
66.54261,72,14013.251519,True,0.992
65.397027,203,14023.763194,True,0.992
-0.691638,126,14030.139472,False,0.992
60.76706,28,14031.58562,True,0.992
62.614308,41,14033.755379,True,0.992
55.271808,14,14034.517816,True,0.992
-12.29664,130,14041.675761,False,0.992
68.463436,75,14045.762471,True,0.992
-4.62528,213,14057.404443,False,0.992
57.534632,25,14058.705972,True,0.992
57.960646,42,14060.854226,True,0.992
54.252033,10,14061.385698,True,0.992
58.949203,103,14066.704386,True,0.992
57.51189,79,14070.800342,True,0.992
64.920741,119,14076.870448,True,0.992
63.542992,56,14079.750645,True,0.992
61.360799,60,14082.896406,True,0.992
57.556477,25,14084.177629,True,0.992
-9.182854,152,14103.67524,False,0.992
63.699594,46,14106.254594,True,0.992
53.67701,94,14111.4484,True,0.992
66.525927,116,14117.815324,True,0.992
58.631808,66,14121.398604,True,0.992
61.178964,304,14137.859639,True,0.992
63.087844,120,14144.179857,True,0.992
56.982221,22,14145.423827,True,0.992
64.041959,35,14147.439565,True,0.992
58.727127,44,14149.812819,True,0.992
59.248338,38,14151.919418,True,0.992
-4.162249,311,14169.037428,False,0.992
58.653203,24,14170.48748,True,0.992
-2.167034,134,14178.415687,False,0.992
1.900969,312,14196.211448,False,0.992
66.850487,143,14203.622756,True,0.992
55.387048,18,14204.651019,True,0.992
-16.442142,368,14233.182259,False,0.992
67.660425,116,14239.081847,True,0.992
56.436685,16,14239.90519,True,0.992
57.747259,26,14241.236348,True,0.992
58.700428,24,14242.459673,True,0.992
67.070043,174,14251.245988,True,0.992
55.258347,13,14251.909811,True,0.992
57.692926,23,14253.092682,True,0.992
62.600626,31,14254.717598,True,0.992
66.197639,142,14261.942065,True,0.992
60.300078,41,14264.016345,True,0.992
59.838595,41,14266.091773,True,0.992
66.361473,66,14269.413337,True,0.992
65.138564,46,14271.760802,True,0.992
57.660413,22,14272.885171,True,0.992
-5.0521,64,14276.116106,False,0.992
65.199412,254,14288.896776,True,0.992
65.36642,79,14292.845649,True,0.992
55.100378,30,14294.369003,True,0.992
-9.174883,220,14305.382468,False,0.992
-9.022058,600,14345.786461,False,0.992
59.962162,27,14347.155964,True,0.992
72.014428,366,14365.637699,True,0.992
1.379945,237,14377.911088,False,0.992
65.219281,105,14383.187859,True,0.992
58.011309,19,14384.160398,True,0.992
53.035163,8,14384.578617,True,0.992
64.618925,206,14394.931681,True,0.992
-5.130326,293,14409.687964,False,0.992
57.646754,86,14414.01954,True,0.992
57.268519,101,14419.14022,True,0.992
63.919622,43,14421.32421,True,0.992
58.219123,100,14426.369582,True,0.992
6.72698,143,14433.585174,False,0.992
66.893078,295,14459.640853,True,0.992
55.593738,18,14460.570205,True,0.992
61.937914,33,14462.232279,True,0.992
65.646744,49,14464.950847,True,0.992
61.794758,38,14466.915592,True,0.992
57.00909,23,14468.093056,True,0.992
58.805087,39,14470.066132,True,0.992
56.473524,17,14470.931284,True,0.992
67.865457,286,14485.336173,True,0.992
55.001791,12,14485.951287,True,0.992
66.996402,105,14491.238093,True,0.992
53.983712,17,14492.099782,True,0.992
50.116726,1,14492.169566,True,0.992
67.999013,249,14504.752383,True,0.992
-0.957284,175,14513.595732,False,0.992
63.830831,175,14522.636369,True,0.992
59.50507,27,14524.150296,True,0.992
62.353985,37,14526.195642,True,0.992
68.077249,122,14532.946464,True,0.992
53.648433,63,14536.378506,True,0.992
56.324725,18,14537.469583,True,0.992
67.022706,167,14546.77225,True,0.992
61.725491,41,14549.072734,True,0.992
61.806204,42,14551.408929,True,0.992
58.195788,26,14552.903593,True,0.992
63.833308,176,14576.061895,True,0.992
66.587199,274,14591.153286,True,0.992
62.804424,159,14599.987154,True,0.992
55.052072,12,14600.687106,True,0.992
58.738995,160,14609.618964,True,0.992
58.726549,25,14611.065171,True,0.992
67.026711,134,14618.560836,True,0.992
70.240464,292,14634.892713,True,0.992
59.907982,206,14646.56064,True,0.992
62.920383,113,14652.853496,True,0.992
64.442502,101,14658.596332,True,0.992
-2.035062,118,14665.202238,False,0.992
65.246819,207,14676.890325,True,0.992
58.74591,219,14703.618983,True,0.992
5.568852,600,14736.394159,False,0.992
56.290919,13,14737.158252,True,0.992
58.314078,26,14738.634848,True,0.992
68.147701,274,14753.003445,True,0.992
65.40291,159,14761.013805,True,0.992
63.287761,88,14765.466851,True,0.992
65.588979,46,14767.801583,True,0.992
65.123464,98,14772.943236,True,0.992
68.561693,273,14786.976335,True,0.992
-0.6127,262,14800.426641,False,0.992
15.708387,600,14842.388408,False,0.992
56.228555,123,14848.71642,True,0.992
17.721908,600,14880.208737,False,0.992
15.376623,600,14911.289577,False,0.992
15.856562,600,14949.086287,False,0.992
19.962467,600,14979.951903,False,0.992
58.886895,133,14986.76213,True,0.992
16.912543,600,15016.962967,False,0.992
19.458414,600,15054.070009,False,0.992
15.178249,600,15084.285745,False,0.992
15.686024,600,15114.60516,False,0.992
18.686721,600,15144.902205,False,0.992
12.692702,600,15181.357799,False,0.992
17.516637,600,15212.284706,False,0.992
15.041595,600,15242.915748,False,0.992
49.751928,1,15242.989692,True,0.992
15.165153,600,15281.606075,False,0.992
16.481058,600,15315.269567,False,0.992
10.488857,600,15349.601171,False,0.992
16.129146,600,15390.59558,False,0.992
14.612283,600,15425.281579,False,0.992
14.144564,600,15457.329036,False,0.992
16.772911,600,15489.528944,False,0.992
14.940248,600,15529.32226,False,0.992
11.81005,600,15561.700304,False,0.992
13.365521,600,15594.200359,False,0.992
15.394144,600,15634.428264,False,0.992
16.188707,600,15665.480733,False,0.992
14.937476,600,15695.737448,False,0.992
58.263689,171,15704.353443,True,0.992
10.169601,600,15741.1955,False,0.992
11.411557,600,15771.588625,False,0.992
14.500363,600,15802.236142,False,0.992
14.797594,600,15832.589798,False,0.992
12.859395,600,15870.245349,False,0.992
50.268649,1,15870.31814,True,0.992
14.050524,600,15901.299314,False,0.992
16.622131,600,15934.446773,False,0.992
20.777873,600,15973.517924,False,0.992
16.468139,600,16007.166003,False,0.992
17.448413,600,16042.010711,False,0.992
17.21662,600,16078.247832,False,0.992
10.903936,600,16123.054115,False,0.992
21.549106,600,16157.967444,False,0.992
15.921671,600,16192.31047,False,0.992
68.829905,427,16223.017049,True,0.992
22.005938,600,16258.507968,False,0.992
17.641789,600,16293.357975,False,0.992
65.596026,318,16311.625865,True,0.992
20.952279,600,16352.923585,False,0.992
18.043103,600,16385.839157,False,0.992
18.633631,600,16418.507818,False,0.992
76.375131,547,16448.345376,True,0.992
58.04385,127,16463.244468,True,0.992
16.009224,600,16495.835746,False,0.992
9.752627,600,16528.496716,False,0.992
50.087566,1,16528.572033,True,0.992
55.79931,73,16532.584571,True,0.992
18.590961,600,16565.221116,False,0.992
25.593815,600,16605.115247,False,0.992
79.045721,585,16638.686294,True,0.992
19.210868,600,16672.187572,False,0.992
28.21082,600,16711.917033,False,0.992
58.03876,90,16716.996664,True,0.992
15.072011,600,16749.5521,False,0.992
64.371204,263,16763.256345,True,0.992
24.78981,594,16794.353884,False,0.992
71.016143,416,16824.687244,True,0.992
25.117882,600,16855.337592,False,0.992
49.849859,1,16855.408397,True,0.992
62.946343,209,16866.346706,True,0.992
70.964926,245,16878.553699,True,0.992
68.342717,282,16892.717489,True,0.992
81.887256,526,16920.122983,True,0.992
58.349671,89,16935.780637,True,0.992
19.173954,600,16966.266817,False,0.992
68.347609,310,16981.601832,True,0.992
19.824898,600,17011.282208,False,0.992
75.072847,425,17032.610875,True,0.992
21.219238,600,17071.507154,False,0.992
77.084736,373,17089.914613,True,0.992
30.494555,600,17119.547184,False,0.992
32.855061,600,17155.016817,False,0.992
22.587862,600,17185.063772,False,0.992
25.845373,600,17216.380926,False,0.992
72.16687,252,17228.9491,True,0.992
75.746541,595,17266.823489,True,0.992
18.053188,600,17296.772416,False,0.992
101.338257,598,17326.139418,True,0.992
26.942106,600,17355.723359,False,0.992
82.548661,511,17388.419925,True,0.992
73.277332,302,17403.383629,True,0.992
27.139497,600,17434.771077,False,0.992
15.716275,600,17463.961628,False,0.992
65.062289,128,17470.41446,True,0.992
81.04044,416,17501.984218,True,0.992
36.985495,600,17532.807077,False,0.992
26.601869,600,17564.012711,False,0.992
64.370088,113,17570.088679,True,0.992
27.0177,600,17609.250432,False,0.992
23.558268,600,17641.720823,False,0.992
29.269037,600,17673.867212,False,0.992
50.374857,1,17673.946398,True,0.992
56.856625,25,17675.296588,True,0.992
19.120796,600,17707.549284,False,0.992
79.780398,555,17743.840425,True,0.992
69.057713,347,17760.721941,True,0.992
19.013933,600,17791.789723,False,0.992
27.009909,600,17828.135206,False,0.992
15.927885,600,17859.493382,False,0.992
16.887306,600,17890.136629,False,0.992
17.86658,600,17919.517239,False,0.992
16.848687,600,17956.471082,False,0.992
15.431847,600,17986.783867,False,0.992
12.440779,600,18017.132144,False,0.992
69.072905,508,18049.318077,True,0.992
9.4708,600,18080.858104,False,0.992
18.518567,600,18113.500691,False,0.992
19.895295,600,18144.444359,False,0.992
20.871373,600,18186.916026,False,0.992
13.468746,600,18220.588559,False,0.992
11.457839,600,18253.514006,False,0.992
15.557289,600,18293.358489,False,0.992
16.183484,600,18325.552621,False,0.992
18.285567,600,18356.427106,False,0.992
19.792583,600,18387.005216,False,0.992
16.086939,600,18425.016087,False,0.992
24.755994,600,18455.760847,False,0.992
18.642877,600,18486.31441,False,0.992
22.809882,600,18524.18353,False,0.992
53.543332,11,18524.752825,True,0.992
67.562051,365,18543.728125,True,0.992
66.905825,406,18565.603746,True,0.992
19.19877,600,18596.718523,False,0.992
27.674463,600,18634.754165,False,0.992
21.874042,600,18666.575988,False,0.992
21.328972,600,18697.184434,False,0.992
20.78803,600,18728.08784,False,0.992
15.940658,600,18770.483728,False,0.992
22.666689,600,18802.364398,False,0.992
79.336537,537,18830.951452,True,0.992
25.634178,600,18867.900914,False,0.992
62.988289,152,18875.595639,True,0.992
70.323182,271,18889.267192,True,0.992
70.942293,265,18902.585004,True,0.992
67.111016,227,18914.063257,True,0.992
64.591232,151,18921.68801,True,0.992
65.511585,101,18926.780413,True,0.992
74.440514,527,18953.393932,True,0.992
14.60297,600,18995.31003,False,0.992
63.124434,204,19005.378914,True,0.992
64.504067,151,19012.738073,True,0.992
21.934356,600,19041.944036,False,0.992
63.190911,362,19059.446435,True,0.992
18.24723,377,19086.136561,False,0.992
73.618812,452,19108.623036,True,0.992
63.236624,185,19117.676909,True,0.992
63.98644,423,19139.69269,True,0.992
58.593918,80,19143.59528,True,0.992
67.280955,257,19156.348529,True,0.992
76.311778,570,19193.695293,True,0.992
63.641388,206,19203.832524,True,0.992
64.712022,253,19216.288597,True,0.992
70.506501,340,19232.873281,True,0.992
8.385899,275,19246.323632,False,0.992
76.266785,287,19260.2314,True,0.992
67.020048,210,19270.529851,True,0.992
73.638856,228,19281.68944,True,0.992
64.666548,210,19291.941335,True,0.992
64.615235,248,19317.599025,True,0.992
10.243385,600,19347.307954,False,0.992
60.852801,255,19360.489318,True,0.992
67.74574,247,19373.423081,True,0.992
65.789345,304,19390.12123,True,0.992
11.789951,470,19436.252608,False,0.992
57.812956,25,19438.151672,True,0.992
67.292927,208,19450.294156,True,0.992
64.945321,156,19458.70972,True,0.992
64.804019,103,19464.695049,True,0.992
66.746665,53,19468.207364,True,0.992
67.024397,162,19480.416489,True,0.992
70.812679,138,19490.237499,True,0.992
65.601304,174,19502.609958,True,0.992
65.988239,99,19509.743279,True,0.992
1.915266,600,19550.461419,False,0.992
-17.628493,578,19603.913552,False,0.992
69.354066,176,19615.889523,True,0.992
54.948393,13,19616.799932,True,0.992
61.89103,83,19622.568899,True,0.992
62.825447,89,19629.033207,True,0.992
65.316129,203,19643.488703,True,0.992
14.187308,600,19683.761311,False,0.992
65.668854,172,19695.113914,True,0.992
59.373788,81,19700.428407,True,0.992
64.99733,157,19710.736931,True,0.992
64.8501,106,19717.689175,True,0.992
64.043932,166,19740.264879,True,0.992
73.764349,149,19749.938556,True,0.992
56.137312,24,19751.646669,True,0.992
64.125695,179,19763.371901,True,0.992
61.233847,89,19769.204305,True,0.992
56.896123,15,19770.198528,True,0.992
-0.214618,181,19782.118015,False,0.992
65.879485,117,19789.954326,True,0.992
60.999797,45,19792.976308,True,0.992
62.063479,150,19803.901654,True,0.992
-13.370191,503,19837.267645,False,0.992
68.606502,166,19848.109432,True,0.992
64.464731,46,19851.131885,True,0.992
68.497905,135,19859.942899,True,0.992
63.172883,219,19887.348602,True,0.992
-3.865117,243,19903.255004,False,0.992
57.811109,26,19904.965333,True,0.992
67.103086,55,19908.575526,True,0.992
66.242418,48,19911.716196,True,0.992
55.270458,16,19912.833909,True,0.992
60.495505,32,19914.943429,True,0.992
60.620081,42,19917.701864,True,0.992
64.916109,313,19938.260459,True,0.992
53.674169,10,19938.949487,True,0.992
-5.013459,87,19944.676179,False,0.992
66.865083,61,19948.671694,True,0.992
62.352788,101,19955.277305,True,0.992
55.214155,13,19956.140889,True,0.992
59.693685,36,19958.516002,True,0.992
60.145564,92,19964.521213,True,0.992
60.347484,40,19967.180848,True,0.992
61.822641,179,19979.247934,True,0.992
62.316952,175,19990.711532,True,0.992
56.358378,19,19991.977468,True,0.992
63.524216,37,19994.415694,True,0.992
65.821632,104,20001.242742,True,0.992
59.834301,96,20007.581299,True,0.992
67.088571,195,20032.733247,True,0.992
60.664217,29,20034.643178,True,0.992
55.544392,15,20035.642015,True,0.992
66.763655,48,20038.814632,True,0.992
69.956798,137,20047.717076,True,0.992
59.280749,25,20049.344593,True,0.992
66.380255,175,20060.920426,True,0.992
50.468141,2,20061.073572,True,0.992
60.138108,57,20064.837783,True,0.992
68.602948,116,20072.487837,True,0.992
70.427367,128,20080.863351,True,0.992
63.746846,114,20088.275753,True,0.992
-2.534112,59,20092.142151,False,0.992
58.461107,32,20094.242099,True,0.992
69.79749,136,20103.082855,True,0.992
63.162541,36,20105.44272,True,0.992
59.949449,104,20112.334589,True,0.992
-8.49208,141,20121.596232,False,0.992
50.074841,1,20121.677445,True,0.992
69.11916,130,20131.14978,True,0.992
58.588861,48,20134.083557,True,0.992
65.488774,58,20137.423656,True,0.992
-22.906523,252,20151.708437,False,0.992
56.75281,31,20153.299676,True,0.992
62.885509,58,20156.303942,True,0.992
65.506324,75,20170.470404,True,0.992
59.003607,100,20175.543623,True,0.992
61.728081,32,20177.19344,True,0.992
56.129613,16,20178.032007,True,0.992
62.445994,33,20179.723144,True,0.992
62.86094,38,20181.656198,True,0.992
61.016263,46,20184.006017,True,0.992
59.277907,116,20189.892659,True,0.992
66.181156,46,20192.227928,True,0.992
-11.555657,182,20201.674073,False,0.992
63.741761,38,20203.630557,True,0.992
64.415184,60,20206.685242,True,0.992
7.516812,82,20210.82943,False,0.992
51.365349,5,20211.099427,True,0.992
59.979772,25,20212.392448,True,0.992
58.390346,36,20214.23426,True,0.992
65.463435,58,20217.219748,True,0.992
73.743832,128,20223.741694,True,0.992
53.794098,10,20224.271548,True,0.992
64.020976,37,20226.156125,True,0.992
59.638453,26,20227.483315,True,0.992
62.007168,49,20229.97602,True,0.992
54.575693,106,20235.467967,True,0.992
55.669733,122,20242.429752,True,0.992
55.46845,45,20245.049912,True,0.992
0.775573,74,20249.134251,False,0.992
59.138099,24,20250.468422,True,0.992
-1.673866,56,20253.556311,False,0.992
60.558809,114,20259.591231,True,0.992
56.83245,23,20260.98959,True,0.992
-33.110341,90,20266.201729,False,0.992
2.125662,141,20274.153797,False,0.992
59.348429,29,20275.798694,True,0.992
66.27494,61,20288.717013,True,0.992
56.233138,52,20291.770593,True,0.992
66.254412,58,20295.013855,True,0.992
59.415119,91,20299.698005,True,0.992
53.71198,85,20304.40976,True,0.992
65.867864,119,20310.873819,True,0.992
59.986056,42,20313.304691,True,0.992
59.871762,24,20314.655522,True,0.992
66.591566,120,20321.218978,True,0.992
-4.180765,221,20334.35807,False,0.992
-10.535529,108,20340.256724,False,0.992
58.914429,77,20344.520656,True,0.992
60.843977,40,20346.679818,True,0.992
-9.941441,142,20354.832469,False,0.992
63.599575,38,20357.069273,True,0.992
63.090498,108,20363.657679,True,0.992
64.036851,60,20366.796934,True,0.992
-8.299831,77,20370.833593,False,0.992
68.020356,89,20375.549062,True,0.992
1.684821,187,20385.331814,False,0.992
61.947525,52,20388.09857,True,0.992
56.486476,16,20388.929827,True,0.992
62.646151,182,20398.661533,True,0.992
59.963422,95,20413.733347,True,0.992
69.113225,53,20416.532067,True,0.992
68.731205,70,20420.181833,True,0.992
62.19388,101,20425.459431,True,0.992
60.467148,36,20427.313284,True,0.992
57.424808,30,20428.950824,True,0.992
60.680695,114,20434.873173,True,0.992
56.216611,16,20435.758503,True,0.992
65.399142,51,20438.42686,True,0.992
56.975877,21,20439.548816,True,0.992
64.97974,152,20447.556425,True,0.992
-0.00073,211,20458.610136,False,0.992
59.709899,44,20460.967391,True,0.992
59.942765,44,20463.269071,True,0.992
61.396984,50,20465.945707,True,0.992
54.363917,10,20466.474875,True,0.992
62.409042,35,20468.363913,True,0.992
59.086222,30,20469.916057,True,0.992
2.993949,190,20479.845452,False,0.992
60.319367,64,20483.165917,True,0.992
61.210255,196,20493.51969,True,0.992
54.251274,9,20493.991621,True,0.992
62.390343,41,20496.170686,True,0.992
0.679948,149,20503.909654,False,0.992
59.411432,45,20506.28157,True,0.992
71.38966,141,20513.645612,True,0.992
-10.453685,130,20531.403202,False,0.992
61.498287,50,20533.973256,True,0.992
67.609454,166,20542.413376,True,0.992
62.198608,50,20544.995167,True,0.992
61.121519,38,20546.930042,True,0.992
-30.549329,68,20550.38993,False,0.992
63.102961,52,20553.030979,True,0.992
53.812745,15,20553.811656,True,0.992
50.171768,1,20553.883788,True,0.992
60.347946,46,20556.239204,True,0.992
55.27827,69,20559.761783,True,0.992
66.354399,50,20562.305705,True,0.992
53.185864,7,20562.680242,True,0.992
60.530754,79,20567.087107,True,0.992
52.534215,5,20567.360427,True,0.992
53.053431,8,20567.841871,True,0.992
62.471867,49,20570.668807,True,0.992
68.418245,79,20575.008234,True,0.992
63.151764,41,20577.117923,True,0.992
59.18424,45,20579.951677,True,0.992
57.473132,104,20586.130437,True,0.992
60.893457,38,20588.374334,True,0.992
57.485365,151,20597.04613,True,0.992
57.683201,41,20599.265726,True,0.992
63.096042,110,20605.387856,True,0.992
55.132013,12,20606.045337,True,0.992
53.554749,10,20606.605554,True,0.992
64.407529,41,20608.886177,True,0.992
60.353474,37,20610.968112,True,0.992
65.236904,81,20615.245039,True,0.992
64.858463,114,20621.156514,True,0.992
-1.113905,78,20625.290334,False,0.992
53.694635,31,20626.927594,True,0.992
66.907039,113,20633.154404,True,0.992
62.779133,80,20637.266189,True,0.992
64.665867,38,20639.228284,True,0.992
57.278449,21,20640.333528,True,0.992
53.853855,9,20649.681486,True,0.992
54.25815,13,20650.405999,True,0.992
68.245995,147,20658.654166,True,0.992
1.520479,95,20663.912758,False,0.992
62.177096,35,20665.961107,True,0.992
56.593043,16,20666.880821,True,0.992
-8.663849,212,20678.459316,False,0.992
61.222207,31,20680.112551,True,0.992
58.984599,76,20684.280275,True,0.992
55.522908,13,20685.008132,True,0.992
61.733163,55,20688.081153,True,0.992
54.894582,87,20692.680221,True,0.992
67.420187,129,20699.525686,True,0.992
57.460447,82,20703.905522,True,0.992
60.192695,48,20706.380767,True,0.992
57.565648,34,20708.14167,True,0.992
54.103229,10,20708.678097,True,0.992
63.381677,197,20718.928015,True,0.992
62.250656,36,20720.800029,True,0.992
63.036856,35,20722.607123,True,0.992
56.936718,30,20724.165287,True,0.992
59.419852,73,20727.916429,True,0.992
3.843973,128,20734.53156,False,0.992
62.102509,38,20736.493355,True,0.992
63.059216,114,20742.632097,True,0.992
55.662254,15,20743.421791,True,0.992
65.087152,135,20750.390099,True,0.992
61.545806,26,20751.741059,True,0.992
-6.270414,245,20774.929669,False,0.992
61.138984,32,20776.590986,True,0.992
62.024656,30,20778.151242,True,0.992
56.341877,128,20784.795374,True,0.992
57.888399,78,20788.821866,True,0.992
56.274725,83,20793.112658,True,0.992
59.157218,102,20798.371017,True,0.992
60.059744,34,20800.168788,True,0.992
53.035141,6,20800.498037,True,0.992
62.89541,47,20802.925319,True,0.992
65.80995,79,20807.373293,True,0.992
62.239898,104,20813.879662,True,0.992
53.135569,10,20814.465013,True,0.992
55.199013,15,20815.261145,True,0.992
57.357439,32,20817.050876,True,0.992
62.754558,36,20819.036206,True,0.992
50.853326,64,20822.51448,True,0.992
62.175031,41,20824.845519,True,0.992
-5.846631,159,20833.474607,False,0.992
61.539224,49,20836.080632,True,0.992
69.854152,61,20839.320626,True,0.992
59.881717,24,20840.609972,True,0.992
57.400385,20,20841.692745,True,0.992
63.094668,40,20843.849304,True,0.992
4.201723,123,20850.368287,False,0.992
61.211793,52,20853.136908,True,0.992
66.638288,61,20856.39331,True,0.992
64.012216,76,20860.659439,True,0.992
66.085007,42,20863.018336,True,0.992
55.874733,79,20867.406873,True,0.992
53.963302,75,20871.670678,True,0.992
-0.521687,139,20879.339622,False,0.992
59.523324,58,20891.970637,True,0.992
60.115324,35,20893.954588,True,0.992
60.661936,51,20896.72296,True,0.992
59.365605,32,20898.441983,True,0.992
65.329568,41,20900.647531,True,0.992
57.181433,20,20901.718525,True,0.992
62.19588,35,20903.639915,True,0.992
65.415909,44,20906.146135,True,0.992
59.650354,190,20916.664829,True,0.992
58.58488,22,20917.891775,True,0.992
68.34134,65,20921.484396,True,0.992
60.813064,93,20926.601827,True,0.992
-7.248574,69,20930.306539,False,0.992
66.113206,139,20937.778364,True,0.992
60.317523,101,20943.1466,True,0.992
70.077393,381,20963.757034,True,0.992
59.372132,61,20967.000242,True,0.992
58.37637,109,20973.681822,True,0.992
59.496514,21,20974.921221,True,0.992
59.463187,30,20976.687155,True,0.992
54.324274,17,20977.632666,True,0.992
61.383059,47,20980.296595,True,0.992
58.055482,32,20982.144388,True,0.992
60.931236,47,20985.162492,True,0.992
60.788823,98,20990.9982,True,0.992
-7.786049,179,21001.29837,False,0.992
55.554303,13,21002.072804,True,0.992
58.001913,186,21022.412092,True,0.992
62.508735,34,21024.524083,True,0.992
64.608592,39,21026.936295,True,0.992
56.222419,17,21027.972617,True,0.992
53.998083,13,21028.714636,True,0.992
61.470896,32,21030.527172,True,0.992
62.208566,44,21032.978247,True,0.992
60.344993,26,21034.446826,True,0.992
1.077572,140,21042.265351,False,0.992
55.98709,14,21043.030856,True,0.992
55.8925,14,21043.796348,True,0.992
53.702885,9,21044.30916,True,0.992
61.811171,44,21046.881329,True,0.992
64.363146,44,21049.500085,True,0.992
58.483354,143,21057.577335,True,0.992
57.952688,24,21058.927801,True,0.992
63.282151,36,21060.881024,True,0.992
51.58246,4,21061.118461,True,0.992
66.50339,52,21063.923294,True,0.992
54.073541,10,21064.486664,True,0.992
52.761876,7,21064.876261,True,0.992
56.290639,15,21065.762732,True,0.992
0.838088,43,21068.17311,False,0.992
-27.28569,170,21078.187194,False,0.992
61.903748,32,21080.155987,True,0.992
52.062409,77,21084.651731,True,0.992
58.955112,26,21086.263816,True,0.992
55.681709,118,21092.940697,True,0.992
-19.602325,76,21097.089414,False,0.992
-22.136997,55,21100.068125,False,0.992
61.005001,114,21106.222812,True,0.992
64.112205,147,21114.849479,True,0.992
63.04497,31,21116.635884,True,0.992
60.174142,28,21118.270005,True,0.992
60.562071,34,21120.206,True,0.992
-7.888686,56,21123.415625,False,0.992
59.52663,25,21124.877337,True,0.992
64.516938,34,21126.809586,True,0.992
62.776596,41,21129.130367,True,0.992
58.970914,27,21130.579834,True,0.992
58.817938,23,21141.823876,True,0.992
-6.213679,185,21152.177922,False,0.992
59.34349,39,21154.374177,True,0.992
56.753607,104,21160.087915,True,0.992
61.489594,27,21161.600544,True,0.992
59.872258,108,21167.638442,True,0.992
60.463989,35,21169.582735,True,0.992
53.185736,156,21178.479412,True,0.992
58.374533,30,21180.253134,True,0.992
60.857693,30,21182.100403,True,0.992
66.624989,193,21194.611252,True,0.992
64.410674,46,21197.469906,True,0.992
62.973569,161,21207.168031,True,0.992
-8.342807,137,21215.387476,False,0.992
-1.417181,63,21219.141977,False,0.992
63.901793,129,21226.415198,True,0.992
-10.742882,104,21232.219001,False,0.992
-9.929605,68,21236.057147,False,0.992
58.122832,20,21237.215317,True,0.992
60.375119,32,21239.047418,True,0.992
65.186504,115,21245.520151,True,0.992
64.799368,45,21248.280101,True,0.992
56.34611,18,21249.355855,True,0.992
53.312389,9,21249.9117,True,0.992
6.627675,63,21254.568866,False,0.992
61.59047,97,21261.934831,True,0.992
64.762955,40,21280.966633,True,0.992
5.568491,48,21285.026477,False,0.992
62.862381,40,21288.352819,True,0.992
62.191446,101,21296.378693,True,0.992
58.709817,27,21298.573186,True,0.992
53.974616,14,21299.705278,True,0.992
60.278616,25,21301.724716,True,0.992
61.115679,39,21304.898526,True,0.992
61.79381,70,21310.635822,True,0.992
64.217168,39,21313.775383,True,0.992
6.170192,62,21318.644694,False,0.992
61.436549,50,21322.437958,True,0.992
53.496748,7,21322.986298,True,0.992
62.926612,46,21326.558159,True,0.992
64.256302,120,21335.776306,True,0.992
65.126919,116,21345.213292,True,0.992
4.150303,78,21351.250216,False,0.992
52.947739,7,21351.801033,True,0.992
65.468699,102,21360.177112,True,0.992
57.748337,89,21367.585588,True,0.992
4.391311,150,21379.905957,False,0.992
62.947203,42,21383.474269,True,0.992
63.341717,272,21405.594468,True,0.992
57.357858,46,21409.695563,True,0.992
61.052415,26,21411.987573,True,0.992
67.301667,47,21415.995121,True,0.992
67.788532,55,21420.688177,True,0.992
57.64893,54,21425.125459,True,0.992
57.430533,61,21430.357445,True,0.992
64.93527,39,21433.550375,True,0.992
62.7479,112,21442.448684,True,0.992
60.732004,28,21444.740129,True,0.992
63.764762,113,21467.588818,True,0.992
63.281358,96,21475.516454,True,0.992
-4.943961,163,21489.017648,False,0.992
56.576429,19,21490.67125,True,0.992
-5.06811,157,21503.633693,False,0.992
-7.031433,56,21508.045272,False,0.992
61.529553,269,21529.165971,True,0.992
63.343298,39,21532.668488,True,0.992
63.328053,43,21536.269293,True,0.992
59.107211,33,21539.241815,True,0.992
53.378447,8,21539.923199,True,0.992
58.415152,28,21542.400501,True,0.992
55.816695,33,21544.98856,True,0.992
66.913703,307,21569.224162,True,0.992
53.365784,10,21570.094295,True,0.992
53.175278,7,21570.750116,True,0.992
59.363711,121,21580.995566,True,0.992
61.076085,29,21583.287089,True,0.992
66.224872,92,21590.604454,True,0.992
57.979997,26,21592.626629,True,0.992
62.081535,46,21596.18119,True,0.992
59.703871,174,21610.145629,True,0.992
66.144682,99,21617.965115,True,0.992
66.859837,56,21622.379875,True,0.992
57.441468,100,21647.682008,True,0.992
61.249338,64,21652.731369,True,0.992
6.643796,57,21657.19177,False,0.992
56.091474,45,21660.597915,True,0.992
66.439173,63,21665.709821,True,0.992
64.715662,49,21669.524837,True,0.992
56.042277,19,21671.022202,True,0.992
61.160244,37,21673.896391,True,0.992
63.007616,40,21676.976326,True,0.992
62.39978,38,21679.880166,True,0.992
-1.466781,196,21695.103004,False,0.992
59.090072,45,21698.592258,True,0.992
58.935586,106,21706.74633,True,0.992
64.548172,49,21710.500191,True,0.992
66.193322,82,21716.842554,True,0.992
58.527021,93,21723.982335,True,0.992
54.842016,14,21725.088638,True,0.992
63.048013,69,21730.692448,True,0.992
52.048565,5,21731.095095,True,0.992
-7.841427,132,21741.342862,False,0.992
67.231316,133,21751.402443,True,0.992
55.41786,24,21753.285377,True,0.992
61.06826,30,21755.594883,True,0.992
63.505273,121,21764.919159,True,0.992
63.222029,173,21778.192907,True,0.992
53.632473,70,21783.68864,True,0.992
4.80512,124,21794.068039,False,0.992
57.676824,78,21800.246976,True,0.992
61.608691,127,21823.146039,True,0.992
60.677521,88,21830.216973,True,0.992
-0.803991,68,21835.550257,False,0.992
61.524948,29,21837.757445,True,0.992
59.367472,197,21853.414049,True,0.992
61.633217,38,21856.370786,True,0.992
64.211431,103,21864.568913,True,0.992
65.786225,52,21868.742291,True,0.992
61.342675,54,21872.883718,True,0.992
58.314541,76,21878.725721,True,0.992
56.438825,26,21880.717385,True,0.992
63.174851,49,21884.744305,True,0.992
63.50799,48,21888.97576,True,0.992
53.181878,7,21889.596757,True,0.992
59.870002,79,21896.240258,True,0.992
62.19874,98,21904.456444,True,0.992
63.431645,30,21907.009049,True,0.992
63.47726,39,21910.281061,True,0.992
59.218238,40,21913.617235,True,0.992
55.345255,12,21914.670717,True,0.992
62.772991,37,21917.725979,True,0.992
63.957646,63,21923.05752,True,0.992
62.029912,38,21926.936367,True,0.992
59.525556,44,21930.796677,True,0.992
64.370095,108,21939.934046,True,0.992
62.290048,103,21949.414671,True,0.992
59.558459,34,21952.620961,True,0.992
59.945863,130,21963.623076,True,0.992
59.009007,59,21968.67831,True,0.992
55.817794,88,21975.789163,True,0.992
62.024236,85,21983.292858,True,0.992
65.192998,38,21998.707823,True,0.992
67.789272,102,22006.41427,True,0.992
62.412624,33,22008.948573,True,0.992
-7.093562,238,22027.286045,False,0.992
-5.04483,114,22036.242423,False,0.992
3.110213,94,22043.60709,False,0.992
71.937939,76,22049.738302,True,0.992
-5.594734,149,22061.676555,False,0.992
57.727907,72,22067.437105,True,0.992
55.918734,14,22068.576453,True,0.992
67.057182,197,22084.094238,True,0.992
56.301434,17,22085.405703,True,0.992
60.469616,36,22088.291213,True,0.992
55.434523,46,22091.977073,True,0.992
76.636425,314,22117.417649,True,0.992
62.618161,56,22122.162694,True,0.992
-9.467616,144,22134.401036,False,0.992
66.891739,204,22151.509243,True,0.992
59.383928,24,22153.443158,True,0.992
-15.245702,100,22161.262734,False,0.992
58.932421,91,22185.280825,True,0.992
4.164593,68,22190.842749,False,0.992
1.090963,83,22197.538155,False,0.992
61.732135,35,22200.313197,True,0.992
61.634518,113,22209.253504,True,0.992
61.568038,81,22215.600178,True,0.992
63.544815,55,22220.064084,True,0.992
61.172512,61,22224.869694,True,0.992
58.817294,88,22231.979948,True,0.992
60.368726,27,22234.210754,True,0.992
60.78912,110,22243.044463,True,0.992
-23.932088,233,22262.061637,False,0.992
53.283462,89,22269.342978,True,0.992
59.600079,35,22272.179106,True,0.992
65.333251,73,22277.944909,True,0.992
62.65883,34,22280.641547,True,0.992
63.060551,108,22289.024415,True,0.992
55.781168,15,22290.172865,True,0.992
64.098528,41,22293.410101,True,0.992
59.275319,49,22297.183707,True,0.992
58.109569,21,22298.814451,True,0.992
51.707059,73,22304.595368,True,0.992
63.551541,33,22307.130975,True,0.992
64.043776,45,22310.624195,True,0.992
61.937628,130,22320.767513,True,0.992
65.661578,50,22324.662833,True,0.992
58.016165,19,22326.203075,True,0.992
52.990649,6,22326.696664,True,0.992
64.920551,113,22335.735663,True,0.992
62.343905,43,22339.312803,True,0.992
53.029978,6,22339.825505,True,0.992
65.254752,48,22356.639069,True,0.992
60.79441,75,22362.426343,True,0.992
64.138488,46,22365.973292,True,0.992
60.90397,40,22369.101097,True,0.992
64.716934,104,22377.223586,True,0.992
56.90438,20,22378.821697,True,0.992
-22.780642,336,22404.780725,False,0.992
61.508466,40,22407.892953,True,0.992
65.997491,217,22424.624954,True,0.992
53.39946,9,22425.340744,True,0.992
59.192288,41,22428.529589,True,0.992
59.578155,88,22435.726582,True,0.992
56.039912,22,22437.5529,True,0.992
-20.775849,129,22448.242685,False,0.992
-3.501218,87,22455.659066,False,0.992
59.102906,41,22459.116557,True,0.992
57.535118,21,22460.877801,True,0.992
64.293455,134,22471.360538,True,0.992
66.021237,69,22476.981921,True,0.992
59.582538,29,22479.355472,True,0.992
63.596057,94,22486.904315,True,0.992
64.340839,105,22494.977022,True,0.992
49.888112,1,22495.09189,True,0.992
57.680694,79,22501.242314,True,0.992
60.937831,34,22503.86558,True,0.992
59.79023,85,22510.322351,True,0.992
-23.359264,79,22516.494036,False,0.992
56.00262,170,22544.109977,True,0.992
66.310355,61,22548.957625,True,0.992
-26.635645,292,22570.889505,False,0.992
2.838176,93,22577.563293,False,0.992
60.782949,40,22580.51519,True,0.992
50.660222,2,22580.685641,True,0.992
64.102757,110,22588.554873,True,0.992
65.933411,55,22592.557029,True,0.992
61.858888,115,22600.844927,True,0.992
64.693921,53,22604.746156,True,0.992
52.885712,7,22605.284894,True,0.992
57.370942,26,22607.249446,True,0.992
62.769293,66,22612.065403,True,0.992
-7.214461,128,22621.304213,False,0.992
63.620732,103,22628.770118,True,0.992
64.837547,124,22637.817424,True,0.992
58.945964,146,22648.364015,True,0.992
63.191097,98,22655.521235,True,0.992
56.861527,18,22656.857901,True,0.992
66.001247,121,22665.689378,True,0.992
62.751116,38,22668.46849,True,0.992
-18.037426,72,22673.721135,False,0.992
62.641665,109,22681.653604,True,0.992
