#{"t_start": 1776233367.7105207, "env_id": "None"}
r,l,t,is_success,fusion_alpha
-6.008534,600,108.797676,False,0.95
6.33614,600,213.336595,False,0.95
7.357664,600,320.560678,False,0.95
1.707755,600,452.797199,False,0.95
-5.551574,600,570.994497,False,0.95
9.872922,600,690.60394,False,0.95
-2.642183,600,826.166298,False,0.95
2.835519,600,944.950416,False,0.95
3.203157,600,1066.14974,False,0.95
0.355479,600,1183.979936,False,0.95
8.328579,600,1317.037224,False,0.95
-2.031319,600,1435.30413,False,0.95
0.686058,600,1553.60148,False,0.95
-0.33429,600,1683.02701,False,0.95
2.266593,600,1804.501649,False,0.95
2.39538,600,1925.383444,False,0.95
7.041885,600,2050.29025,False,0.95
9.324179,600,2192.350045,False,0.95
-1.800135,600,2318.957725,False,0.95
3.055611,600,2443.440189,False,0.95
2.514218,600,2582.492131,False,0.95
5.67832,600,2707.355387,False,0.95
-3.120688,600,2833.196761,False,0.95
4.067756,600,2970.011377,False,0.95
5.352383,600,3095.119428,False,0.95
3.566321,600,3219.29145,False,0.95
8.177823,600,3344.408078,False,0.95
6.037567,600,3484.065038,False,0.95
5.021287,600,3610.345455,False,0.95
-2.472752,600,3736.646135,False,0.95
4.947715,600,3872.358491,False,0.95
-4.033784,600,3995.314195,False,0.95
10.331287,600,4115.582466,False,0.95
-0.593413,600,4238.922341,False,0.95
7.594101,600,4375.948684,False,0.95
9.790345,600,4499.834974,False,0.95
2.733015,600,4624.231652,False,0.95
7.023742,600,4758.971874,False,0.95
-5.005244,600,4882.231073,False,0.95
2.037073,600,5003.353599,False,0.95
10.64798,600,5134.165737,False,0.95
-2.113098,600,5253.310518,False,0.95
9.774677,600,5376.238358,False,0.95
1.938637,600,5495.718175,False,0.95
3.341916,600,5627.691463,False,0.95
7.097575,600,5747.249284,False,0.95
4.530094,600,5867.20046,False,0.95
-3.037534,600,5995.447127,False,0.95
7.218963,600,6116.12605,False,0.95
-4.794089,600,6236.042785,False,0.95
8.633968,600,6356.725971,False,0.95
3.13732,600,6488.826243,False,0.95
1.652158,600,6610.187501,False,0.95
4.655903,600,6730.898483,False,0.95
10.228678,600,6862.015042,False,0.95
1.593001,600,6985.366365,False,0.95
-2.478974,600,7108.298208,False,0.95
4.16164,600,7228.742782,False,0.95
-3.011448,600,7362.9027,False,0.95
0.57488,600,7486.326935,False,0.95
9.731804,600,7606.569755,False,0.95
6.321885,600,7740.470304,False,0.95
2.287727,600,7864.079414,False,0.95
0.19183,600,7988.828104,False,0.95
-2.402738,600,8124.302653,False,0.95
2.2145,600,8249.26774,False,0.95
8.097509,600,8374.510348,False,0.95
4.830794,600,8500.768838,False,0.95
4.99327,600,8638.358491,False,0.95
6.572506,600,8765.42128,False,0.95
-2.166233,600,8892.049304,False,0.95
0.91848,600,9029.293397,False,0.95
6.085532,600,9157.083444,False,0.95
1.270888,600,9285.987331,False,0.95
9.394059,600,9414.238983,False,0.95
1.73083,600,9556.077106,False,0.95
0.175626,600,9684.039933,False,0.95
-1.107452,600,9810.366419,False,0.95
3.006387,600,9949.542873,False,0.95
9.233398,600,10079.813605,False,0.95
3.44747,600,10210.506348,False,0.95
1.425946,600,10351.727123,False,0.95
5.886495,600,10483.383671,False,0.95
-1.329979,600,10615.760964,False,0.95
2.980837,600,10749.156063,False,0.95
6.387699,600,10894.399907,False,0.95
5.24315,600,11030.149755,False,0.95
-0.638071,600,11164.979642,False,0.95
8.365984,600,11311.691198,False,0.95
7.040927,600,11449.458994,False,0.95
4.898287,600,11590.15939,False,0.95
50.395544,1,11590.470069,True,0.95
2.327027,600,11732.814567,False,0.95
-2.416809,600,11888.63726,False,0.95
9.470176,600,12033.814245,False,0.95
-3.437272,600,12176.658573,False,0.95
8.40275,600,12329.973358,False,0.95
2.856408,600,12470.932677,False,0.95
4.442317,600,12612.98384,False,0.95
10.102861,600,12765.008892,False,0.95
5.858074,600,12908.823803,False,0.95
9.389439,600,13051.040025,False,0.95
6.147008,600,13195.824962,False,0.95
-4.532788,600,13354.109127,False,0.95
1.79595,600,13500.738102,False,0.95
-2.225392,600,13647.475322,False,0.95
8.846883,600,13806.222208,False,0.95
62.851026,133,13838.552771,True,0.95
61.141308,133,13870.928733,True,0.95
57.581876,72,13888.441291,True,0.95
61.402489,136,13921.474056,True,0.95
59.93389,79,13940.642855,True,0.95
58.870181,178,13984.807163,True,0.95
57.737981,25,13991.057797,True,0.95
57.981641,125,14022.613179,True,0.95
63.409364,146,14059.019901,True,0.95
65.280243,138,14093.505579,True,0.95
53.697531,60,14108.552608,True,0.95
60.960489,129,14140.690674,True,0.95
67.346644,241,14200.793464,True,0.95
59.266052,237,14259.658738,True,0.95
56.830531,70,14277.10357,True,0.95
63.172021,134,14330.872499,True,0.95
53.734696,59,14345.656731,True,0.95
54.663542,114,14374.107691,True,0.95
55.171703,103,14399.920328,True,0.95
58.86733,128,14431.928971,True,0.95
60.849389,247,14493.71909,True,0.95
56.400204,66,14510.274861,True,0.95
58.808856,77,14529.585572,True,0.95
49.578943,1,14529.902017,True,0.95
63.118837,160,14570.145635,True,0.95
57.644429,130,14602.917913,True,0.95
58.364927,176,14647.912173,True,0.95
60.280261,174,14691.945191,True,0.95
60.330492,130,14724.732865,True,0.95
66.087318,249,14787.730968,True,0.95
58.314428,37,14797.163609,True,0.95
59.506879,118,14846.773588,True,0.95
57.99477,121,14877.37763,True,0.95
60.554402,90,14900.212415,True,0.95
60.575201,128,14933.714753,True,0.95
61.482606,33,14942.110873,True,0.95
65.251373,93,14966.219663,True,0.95
53.092652,62,14982.549826,True,0.95
57.966641,77,15002.644178,True,0.95
61.766688,79,15023.727629,True,0.95
56.549503,122,15055.358518,True,0.95
60.548946,140,15091.354085,True,0.95
54.977528,66,15108.301152,True,0.95
64.12631,194,15160.305341,True,0.95
63.206914,137,15197.078863,True,0.95
57.881107,122,15229.915852,True,0.95
50.266149,94,15256.042965,True,0.95
57.421752,71,15275.209283,True,0.95
63.879176,196,15328.081019,True,0.95
64.573792,144,15366.60778,True,0.95
63.498274,141,15424.103262,True,0.95
57.965782,25,15430.91085,True,0.95
56.870359,70,15449.804001,True,0.95
57.513728,131,15485.327075,True,0.95
63.98962,191,15537.237968,True,0.95
62.051921,195,15590.388494,True,0.95
62.978997,126,15624.749307,True,0.95
61.675421,129,15659.452209,True,0.95
56.226266,69,15678.089305,True,0.95
61.973283,133,15714.078262,True,0.95
56.936876,21,15719.864662,True,0.95
58.248517,79,15741.190431,True,0.95
58.523109,20,15746.619153,True,0.95
65.41903,157,15788.983122,True,0.95
58.166291,127,15823.276277,True,0.95
54.793452,73,15843.233806,True,0.95
64.613736,138,15880.846231,True,0.95
60.125248,85,15904.616926,True,0.95
58.254563,67,15922.965922,True,0.95
62.412385,122,15956.526181,True,0.95
57.839275,121,16010.159018,True,0.95
62.243778,85,16032.997093,True,0.95
57.279919,130,16068.224037,True,0.95
60.78092,141,16106.153048,True,0.95
58.649171,72,16125.711067,True,0.95
59.602648,75,16145.929803,True,0.95
56.922107,53,16160.373409,True,0.95
56.910974,131,16195.653559,True,0.95
62.31434,81,16217.493301,True,0.952
55.731211,66,16235.961823,True,0.952
53.339374,60,16252.365716,True,0.952
60.466379,104,16280.170725,True,0.952
59.990857,100,16306.293465,True,0.952
59.366708,74,16325.755199,True,0.952
52.912094,91,16350.710115,True,0.952
60.552763,124,16383.705551,True,0.952
56.771071,32,16392.430691,True,0.952
55.678301,77,16413.171794,True,0.952
55.172434,70,16433.751732,True,0.952
61.543226,137,16473.601365,True,0.952
58.719307,82,16496.984364,True,0.952
53.962932,69,16515.468435,True,0.952
58.594028,40,16526.253895,True,0.952
55.939508,19,16531.310169,True,0.952
59.058492,134,16584.686596,True,0.952
55.452409,35,16594.148903,True,0.952
58.556503,83,16616.315279,True,0.952
55.515953,70,16634.967859,True,0.952
60.729095,81,16656.867396,True,0.952
66.111078,155,16698.187334,True,0.952
59.095889,24,16704.645632,True,0.952
61.237695,139,16741.902946,True,0.952
59.41116,81,16763.636514,True,0.952
57.399426,74,16783.403459,True,0.952
62.86372,92,16808.13312,True,0.952
64.43492,138,16845.236763,True,0.952
56.295927,78,16866.380743,True,0.952
57.803213,19,16871.700175,True,0.952
57.130706,20,16877.183253,True,0.952
61.206538,85,16900.994803,True,0.952
55.284186,68,16919.703137,True,0.952
62.894071,83,16942.367734,True,0.952
62.901864,87,16966.119174,True,0.952
62.06685,126,17000.424277,True,0.952
57.293608,18,17005.379567,True,0.952
63.277654,92,17030.337044,True,0.952
62.6697,103,17058.541188,True,0.952
60.352809,84,17081.243623,True,0.952
62.115939,83,17103.729025,True,0.952
54.959821,61,17136.950237,True,0.952
56.58163,74,17157.132804,True,0.952
58.595837,147,17197.007161,True,0.952
63.937475,163,17242.28632,True,0.952
62.803362,79,17264.120818,True,0.952
61.086327,84,17287.346794,True,0.952
55.872981,17,17292.01806,True,0.952
54.613166,24,17298.701453,True,0.952
53.344025,28,17306.435418,True,0.952
62.911309,137,17344.192625,True,0.952
53.893841,12,17347.619415,True,0.952
60.411523,85,17371.668465,True,0.952
59.953692,79,17393.563973,True,0.952
63.181327,85,17417.790103,True,0.952
56.945959,21,17423.802729,True,0.952
55.950227,89,17448.877165,True,0.952
58.147043,77,17469.917195,True,0.952
55.172437,71,17489.956015,True,0.952
61.509371,52,17504.506623,True,0.952
62.6849,93,17530.269477,True,0.952
59.045295,133,17566.849318,True,0.952
57.984335,24,17573.430903,True,0.952
53.782905,76,17593.778742,True,0.952
64.701467,50,17607.114749,True,0.952
55.270984,66,17625.045561,True,0.952
55.356831,16,17629.452336,True,0.952
60.583369,88,17653.269007,True,0.952
56.628638,20,17658.631382,True,0.952
64.025589,154,17715.230808,True,0.952
53.485217,8,17717.405449,True,0.952
54.60002,63,17734.400201,True,0.952
59.203151,85,17757.094633,True,0.952
60.029509,19,17762.301241,True,0.952
58.266399,87,17785.968134,True,0.952
60.165968,80,17807.699138,True,0.952
61.968567,94,17833.178936,True,0.952
57.009996,61,17849.816373,True,0.952
57.415847,24,17856.412565,True,0.952
54.05981,10,17859.3269,True,0.952
54.418797,80,17882.556091,True,0.954
63.27327,90,17907.533877,True,0.954
57.197764,76,17928.069789,True,0.954
59.167863,44,17939.938032,True,0.954
60.694633,87,17963.606297,True,0.954
53.35608,50,17977.111413,True,0.954
56.38898,77,17997.871953,True,0.954
58.436872,81,18019.551898,True,0.954
62.661325,212,18077.028555,True,0.954
55.333284,69,18095.747689,True,0.954
62.142509,41,18106.925648,True,0.954
59.17647,78,18128.464857,True,0.954
57.331599,18,18133.46288,True,0.954
62.63577,27,18140.887613,True,0.954
63.435457,98,18167.897458,True,0.954
53.606902,15,18172.229026,True,0.954
60.493828,83,18195.868055,True,0.954
60.565066,26,18203.322884,True,0.954
58.64652,88,18227.761835,True,0.954
55.867362,17,18232.443266,True,0.954
60.983299,78,18253.722196,True,0.954
63.506317,120,18301.737099,True,0.954
59.062808,81,18324.507762,True,0.954
63.743188,176,18372.174681,True,0.954
53.639912,82,18394.338902,True,0.954
53.295649,36,18404.119181,True,0.954
61.160167,81,18426.104614,True,0.954
54.815677,12,18429.371858,True,0.954
64.412724,160,18473.144819,True,0.954
60.166669,88,18497.385912,True,0.954
58.623785,25,18504.290865,True,0.954
63.38189,88,18528.553355,True,0.954
52.56905,71,18548.638165,True,0.954
62.031157,25,18555.555786,True,0.954
59.727394,100,18583.127699,True,0.954
59.775079,20,18588.703249,True,0.954
61.392966,91,18613.821626,True,0.954
56.974616,72,18633.772565,True,0.954
56.092899,17,18638.584336,True,0.954
62.018087,36,18648.536264,True,0.954
61.901814,86,18672.406256,True,0.954
61.782944,110,18703.086556,True,0.954
56.51378,81,18725.616947,True,0.954
60.148506,84,18748.876579,True,0.954
64.777961,34,18758.411188,True,0.954
60.084104,22,18764.5377,True,0.954
60.067007,87,18788.651875,True,0.954
58.493255,77,18810.153112,True,0.954
57.836569,77,18831.581286,True,0.954
65.18654,58,18863.451948,True,0.954
60.18436,83,18887.148471,True,0.954
55.979781,20,18892.772702,True,0.954
64.692403,103,18921.022472,True,0.954
55.051847,67,18939.399625,True,0.954
58.708882,25,18946.273102,True,0.954
63.756685,41,18957.542283,True,0.954
60.438377,26,18964.683106,True,0.954
57.727647,81,18986.925367,True,0.954
56.533035,61,19003.815181,True,0.954
55.20254,27,19011.298583,True,0.954
57.200792,82,19034.022188,True,0.954
55.113768,16,19038.450745,True,0.954
57.598111,56,19053.88291,True,0.954
63.646127,151,19095.306772,True,0.954
63.595111,99,19124.200161,True,0.954
61.792802,29,19132.716777,True,0.954
56.798921,18,19137.845795,True,0.954
61.522897,91,19163.530488,True,0.954
65.861395,120,19198.915377,True,0.954
57.703994,58,19215.151519,True,0.954
55.519696,86,19239.544568,True,0.954
60.035758,84,19262.62937,True,0.954
61.835838,44,19274.845517,True,0.954
56.97688,69,19294.128833,True,0.954
64.469939,135,19331.985895,True,0.954
59.212643,24,19338.790009,True,0.954
62.567718,91,19364.442954,True,0.954
61.97195,30,19372.930496,True,0.954
55.232562,14,19376.936094,True,0.954
56.064537,16,19381.525379,True,0.954
64.943393,36,19391.660091,True,0.956
56.369737,78,19413.700332,True,0.956
55.403877,15,19417.989503,True,0.956
58.956469,84,19457.080261,True,0.956
60.43133,23,19463.595739,True,0.956
62.069851,119,19497.163981,True,0.956
49.569397,1,19497.51771,True,0.956
55.233105,14,19501.515367,True,0.956
58.549089,17,19506.367577,True,0.956
53.716128,71,19526.370031,True,0.956
63.596545,104,19555.688583,True,0.956
59.478282,18,19560.831887,True,0.956
57.630478,87,19585.920237,True,0.956
62.481742,27,19593.622787,True,0.956
63.643962,110,19624.903191,True,0.956
56.661244,84,19648.531832,True,0.956
66.19177,84,19671.877894,True,0.956
61.232305,88,19696.370488,True,0.956
62.330913,28,19704.163722,True,0.956
58.795233,20,19709.716044,True,0.956
56.062213,81,19732.287993,True,0.956
63.089279,58,19748.44722,True,0.956
63.417869,44,19760.940838,True,0.956
57.759451,41,19772.634902,True,0.956
60.604679,28,19780.639074,True,0.956
57.320294,78,19802.934627,True,0.956
55.442631,16,19807.535981,True,0.956
51.088288,24,19814.525468,True,0.956
55.055475,23,19821.509104,True,0.956
61.352705,31,19830.699487,True,0.956
57.606996,54,19846.413182,True,0.956
60.286588,92,19872.769441,True,0.956
61.341935,156,19917.315784,True,0.956
52.438736,48,19931.5764,True,0.956
53.356313,9,19934.189489,True,0.956
57.911657,80,19956.972815,True,0.956
61.384905,26,19964.456093,True,0.956
54.968884,76,19986.238376,True,0.956
55.197654,16,19990.865924,True,0.956
55.580729,80,20014.023259,True,0.956
62.077291,104,20062.081117,True,0.956
65.176737,106,20090.361348,True,0.956
55.110149,72,20109.957899,True,0.956
55.109725,12,20113.273742,True,0.956
62.66522,77,20133.492524,True,0.956
60.548328,25,20140.062108,True,0.956
62.083406,67,20157.755817,True,0.956
58.867338,21,20163.217421,True,0.956
61.63963,91,20187.223318,True,0.956
55.960547,68,20204.97997,True,0.956
55.765729,14,20208.656709,True,0.956
55.378333,15,20212.572659,True,0.956
53.725228,60,20228.351673,True,0.956
61.531629,93,20253.03585,True,0.956
65.248924,35,20262.387222,True,0.956
59.704674,97,20287.890066,True,0.956
58.668341,89,20311.163177,True,0.956
58.738108,18,20315.952994,True,0.956
58.667057,18,20320.723547,True,0.956
56.927018,84,20342.769635,True,0.956
60.222483,51,20356.224871,True,0.956
49.572589,1,20356.582109,True,0.956
56.413642,89,20379.785673,True,0.956
59.327502,22,20385.626984,True,0.956
50.208499,2,20386.216741,True,0.956
61.481675,29,20393.850076,True,0.956
56.299757,19,20398.788131,True,0.956
58.759489,24,20405.048545,True,0.956
61.617868,22,20410.818434,True,0.956
59.474499,100,20437.322243,True,0.956
62.570664,101,20464.458771,True,0.956
61.067768,114,20495.363406,True,0.956
61.200832,22,20501.294387,True,0.956
52.615319,49,20514.639194,True,0.956
61.203274,94,20540.836951,True,0.956
58.574196,17,20545.681597,True,0.956
57.463919,82,20569.431901,True,0.956
57.962993,159,20630.907336,True,0.956
52.525901,5,20632.378364,True,0.956
61.961458,83,20655.483922,True,0.956
61.931698,95,20681.638334,True,0.958
56.838344,17,20686.23006,True,0.958
58.614639,102,20713.214861,True,0.958
57.807776,87,20736.006787,True,0.958
62.619254,85,20758.705482,True,0.958
62.857468,31,20767.09272,True,0.958
59.389706,162,20810.19937,True,0.958
67.60316,101,20837.350046,True,0.958
60.339443,22,20843.24603,True,0.958
64.676848,96,20869.695642,True,0.958
55.66863,17,20874.603424,True,0.958
58.175048,26,20881.551433,True,0.958
53.104092,24,20887.992924,True,0.958
63.236932,88,20911.504203,True,0.958
62.709954,89,20935.650428,True,0.958
55.931202,73,20955.131808,True,0.958
60.783621,72,20974.264925,True,0.958
56.141578,18,20979.135788,True,0.958
55.473988,80,21000.308346,True,0.958
53.071634,81,21021.630517,True,0.958
55.41069,79,21042.437845,True,0.958
61.074688,29,21050.154745,True,0.958
62.980943,108,21078.363826,True,0.958
61.320812,81,21099.629663,True,0.958
62.621955,45,21111.533634,True,0.958
56.278248,19,21116.569875,True,0.958
61.957242,25,21123.122074,True,0.958
65.377836,112,21152.835189,True,0.958
62.716016,93,21191.312427,True,0.958
59.50922,91,21215.196467,True,0.958
63.09433,92,21239.821936,True,0.958
57.826285,24,21246.337641,True,0.958
61.714421,102,21273.3479,True,0.958
59.200733,75,21293.446132,True,0.958
56.968532,80,21314.74714,True,0.958
57.680583,93,21339.990627,True,0.958
54.538448,63,21357.194927,True,0.958
53.464819,8,21359.450324,True,0.958
61.742913,102,21387.04121,True,0.958
51.894693,39,21397.509064,True,0.958
59.516712,84,21420.007883,True,0.958
56.569063,85,21442.686713,True,0.958
51.115253,47,21455.259189,True,0.958
59.89537,77,21475.803189,True,0.958
63.590176,85,21498.497738,True,0.958
58.974053,87,21521.841834,True,0.958
58.285077,18,21526.873848,True,0.958
60.426313,24,21533.921998,True,0.958
61.844206,81,21556.328432,True,0.958
57.696311,17,21561.054535,True,0.958
57.795397,21,21566.768596,True,0.958
60.818642,83,21590.612527,True,0.958
65.806004,149,21633.422893,True,0.958
60.970856,87,21659.097409,True,0.958
58.59712,24,21666.300069,True,0.958
60.499128,26,21673.834605,True,0.958
62.040732,113,21704.865882,True,0.958
62.906873,86,21729.041261,True,0.958
62.86952,93,21768.995809,True,0.958
58.827522,20,21774.530987,True,0.958
62.11204,91,21799.822803,True,0.958
61.991982,27,21807.267444,True,0.958
61.200797,22,21813.436553,True,0.958
63.771326,30,21821.715181,True,0.958
61.483371,85,21844.703857,True,0.958
61.52733,92,21869.664608,True,0.958
61.893513,86,21893.078367,True,0.958
60.55297,32,21901.734071,True,0.958
58.373418,70,21921.20303,True,0.958
56.009433,13,21924.753163,True,0.958
63.006093,37,21934.959019,True,0.958
55.631286,13,21938.624085,True,0.958
58.571835,84,21961.490605,True,0.958
58.901409,70,21980.746038,True,0.958
56.404751,79,22002.467081,True,0.958
55.191648,13,22006.121948,True,0.958
56.026172,66,22024.284383,True,0.958
59.01688,23,22030.919786,True,0.958
55.01617,84,22059.867565,True,0.958
58.207454,98,22090.549376,True,0.958
59.485193,25,22097.82144,True,0.96
53.402763,61,22115.458698,True,0.96
54.242186,64,22133.825623,True,0.96
61.304456,138,22179.469987,True,0.96
60.065497,84,22206.006031,True,0.96
55.290744,95,22235.920594,True,0.96
63.181704,28,22244.408635,True,0.96
55.288676,15,22248.860638,True,0.96
58.46239,19,22254.423938,True,0.96
61.712403,48,22268.580042,True,0.96
61.61909,88,22294.914886,True,0.96
55.487601,60,22312.553105,True,0.96
61.068558,86,22339.291151,True,0.96
62.417505,88,22393.909495,True,0.96
61.199543,106,22430.878244,True,0.96
66.38751,94,22460.014291,True,0.96
66.473669,67,22479.553299,True,0.96
50.157674,1,22479.920984,True,0.96
55.637602,74,22501.693007,True,0.96
55.737364,32,22511.286749,True,0.96
54.25612,11,22514.640268,True,0.96
59.834899,75,22536.982882,True,0.96
56.506911,76,22559.995635,True,0.96
60.89115,96,22588.401716,True,0.96
60.301892,23,22595.366594,True,0.96
62.553389,91,22622.066313,True,0.96
61.645765,28,22630.399074,True,0.96
61.574779,22,22637.085229,True,0.96
59.919024,23,22644.057779,True,0.96
61.409196,92,22672.343976,True,0.96
57.137848,22,22678.756056,True,0.96
63.402149,35,22688.774005,True,0.96
55.712783,65,22707.316411,True,0.96
61.766778,93,22733.860757,True,0.96
58.721706,93,22760.364889,True,0.96
61.318674,89,22785.978507,True,0.96
64.916383,171,22835.753763,True,0.96
56.714189,17,22840.997058,True,0.96
56.325919,18,22846.42729,True,0.96
58.805465,78,22869.618304,True,0.96
62.20618,61,22887.508576,True,0.96
59.352188,65,22906.967371,True,0.96
58.106578,24,22914.049541,True,0.96
59.233481,92,22941.129948,True,0.96
60.860031,85,22966.623451,True,0.96
51.6711,14,22970.805804,True,0.96
56.302237,16,22975.594131,True,0.96
61.283889,43,22988.282979,True,0.96
54.482608,79,23031.031713,True,0.96
54.093001,10,23034.271131,True,0.96
62.040259,117,23126.80571,True,0.96
59.835845,76,23175.986647,True,0.96
57.876497,24,23184.261944,True,0.96
67.043289,95,23216.307991,True,0.96
50.501088,3,23217.401027,True,0.96
62.42779,91,23247.573166,True,0.96
60.007995,36,23259.578626,True,0.96
62.979077,85,23287.655849,True,0.96
57.999295,85,23314.8288,True,0.96
61.785434,92,23344.340556,True,0.96
62.20233,91,23373.290942,True,0.96
61.274443,79,23398.318244,True,0.96
57.503633,15,23403.20586,True,0.96
57.627891,85,23429.930072,True,0.96
56.559915,65,23450.138615,True,0.96
51.950767,35,23461.024315,True,0.96
56.408246,19,23466.997865,True,0.96
59.950819,78,23491.22619,True,0.96
64.065105,113,23527.180384,True,0.96
56.882298,80,23551.427688,True,0.96
56.659139,78,23575.622694,True,0.96
56.700871,76,23598.655603,True,0.96
57.1551,21,23604.985797,True,0.96
57.272117,79,23628.93735,True,0.96
60.588724,65,23648.785804,True,0.96
62.245131,86,23674.591382,True,0.96
61.17513,22,23681.216806,True,0.96
53.578831,63,23700.291865,True,0.96
62.312327,93,23728.443274,True,0.96
63.991465,99,23774.344376,True,0.96
57.157867,15,23778.939875,True,0.962
54.595567,25,23786.80042,True,0.962
57.740001,59,23804.997677,True,0.962
53.995055,23,23812.257073,True,0.962
58.763885,65,23832.225759,True,0.962
59.990763,25,23840.008168,True,0.962
63.195613,85,23866.376048,True,0.962
58.546502,94,23895.711128,True,0.962
62.249939,80,23920.579887,True,0.962
59.51934,83,23946.61324,True,0.962
61.788359,78,23970.82758,True,0.962
58.87513,51,23986.357899,True,0.962
60.766532,74,24009.052222,True,0.962
58.065011,47,24023.52432,True,0.962
60.094828,77,24047.082139,True,0.962
56.796292,13,24051.057467,True,0.962
57.707404,87,24077.546248,True,0.962
68.233374,63,24096.890728,True,0.962
57.221295,16,24101.917155,True,0.962
63.340674,98,24132.190876,True,0.962
61.291728,82,24157.28054,True,0.962
51.725766,66,24177.589609,True,0.962
58.747944,19,24183.488129,True,0.962
67.108356,60,24202.044847,True,0.962
57.336033,18,24207.59228,True,0.962
62.225978,29,24216.681068,True,0.962
49.73918,1,24217.091401,True,0.962
64.680684,149,24263.85833,True,0.962
58.892417,85,24290.361978,True,0.962
56.043852,71,24312.106521,True,0.962
63.30807,29,24321.279935,True,0.962
64.697058,82,24346.965645,True,0.962
63.815189,95,24375.966061,True,0.962
64.647347,69,24412.300987,True,0.962
56.147344,62,24431.322134,True,0.962
57.517861,68,24451.832509,True,0.962
54.387542,10,24454.957136,True,0.962
60.054371,24,24462.245235,True,0.962
55.08645,16,24467.088243,True,0.962
59.446983,23,24474.121046,True,0.962
64.094074,88,24501.476747,True,0.962
55.979012,71,24523.046249,True,0.962
60.80798,24,24530.372321,True,0.962
57.590054,70,24552.053977,True,0.962
56.381831,72,24576.404429,True,0.962
58.934013,74,24601.746197,True,0.962
56.739151,16,24607.307277,True,0.962
55.33118,14,24612.313714,True,0.962
56.221567,16,24617.807276,True,0.962
63.056651,96,24651.546195,True,0.962
55.459544,72,24676.260571,True,0.962
58.145367,45,24691.355602,True,0.962
56.625263,18,24697.742134,True,0.962
61.135895,80,24725.51903,True,0.962
59.516055,83,24754.413998,True,0.962
64.147534,70,24778.959996,True,0.962
54.016418,53,24796.418254,True,0.962
62.252562,108,24833.322789,True,0.962
57.759371,67,24856.223742,True,0.962
59.208952,26,24864.843812,True,0.962
63.592061,88,24894.301437,True,0.962
56.784132,16,24899.676083,True,0.962
60.955763,77,24925.319361,True,0.962
59.699204,20,24932.545514,True,0.962
60.79944,116,24972.266705,True,0.962
57.30713,14,24977.08053,True,0.962
64.33875,50,24994.440516,True,0.962
57.529638,20,25001.314081,True,0.962
56.135293,67,25024.353498,True,0.962
67.410254,65,25047.355098,True,0.962
57.025963,22,25055.228766,True,0.962
58.899813,161,25134.840455,True,0.962
57.301818,18,25141.222243,True,0.962
62.014265,25,25150.056058,True,0.962
55.101909,12,25154.327081,True,0.962
63.534468,96,25188.463859,True,0.962
61.410636,26,25198.031507,True,0.962
57.333844,81,25227.378014,True,0.962
57.58573,74,25253.293346,True,0.962
56.430877,46,25269.352303,True,0.962
57.314068,80,25297.009305,True,0.964
60.541472,20,25303.953682,True,0.964
56.543183,51,25322.10516,True,0.964
60.49418,26,25331.011297,True,0.964
59.006405,24,25339.16055,True,0.964
62.788852,25,25347.805609,True,0.964
65.294684,94,25381.010678,True,0.964
53.119806,6,25383.161047,True,0.964
59.345268,22,25390.885678,True,0.964
56.255626,19,25397.525829,True,0.964
62.588835,97,25431.749743,True,0.964
54.949233,15,25437.065058,True,0.964
56.240744,63,25459.275447,True,0.964
59.337924,24,25467.464093,True,0.964
61.635819,142,25516.705335,True,0.964
57.314035,59,25535.698585,True,0.964
61.038759,28,25544.940119,True,0.964
62.179997,122,25584.951864,True,0.964
61.259191,87,25612.780764,True,0.964
59.677616,74,25636.157997,True,0.964
53.834572,11,25639.7368,True,0.964
62.273776,82,25665.66796,True,0.964
57.630167,107,25699.489336,True,0.964
62.495431,27,25708.100814,True,0.964
54.633558,71,25730.741051,True,0.964
58.975515,64,25750.986361,True,0.964
65.20431,129,25791.82767,True,0.964
60.842007,78,25835.973668,True,0.964
65.431362,144,25882.034287,True,0.964
61.955618,25,25890.07443,True,0.964
60.889694,100,25922.777307,True,0.964
59.669567,73,25946.268532,True,0.964
57.980795,20,25952.736281,True,0.964
56.124163,78,25978.03394,True,0.964
66.498991,133,26020.999639,True,0.964
60.073521,20,26027.488636,True,0.964
55.370633,64,26048.5776,True,0.964
59.098043,78,26073.867909,True,0.964
61.40869,26,26082.309407,True,0.964
55.660044,14,26086.878102,True,0.964
63.884539,83,26113.621562,True,0.964
55.146295,10,26117.007649,True,0.964
56.118107,65,26138.053934,True,0.964
54.7539,12,26142.025497,True,0.964
62.285153,199,26206.987628,True,0.964
62.659487,31,26217.170412,True,0.964
60.098814,22,26224.381529,True,0.964
58.828671,23,26231.927902,True,0.964
60.084726,102,26265.296935,True,0.964
65.603626,86,26293.385932,True,0.964
58.008883,23,26300.9898,True,0.964
54.250488,12,26305.003352,True,0.964
56.287477,72,26329.190155,True,0.964
64.1226,87,26357.813192,True,0.964
62.674459,84,26385.171604,True,0.964
56.291603,67,26406.988934,True,0.964
56.672948,69,26429.545798,True,0.964
58.215666,18,26435.538012,True,0.964
65.273932,123,26476.514843,True,0.964
62.216948,88,26533.780295,True,0.964
60.159156,65,26555.380154,True,0.964
53.109902,49,26571.971273,True,0.964
62.280266,29,26582.048063,True,0.964
56.405321,25,26590.285407,True,0.964
55.282801,15,26595.976006,True,0.964
58.79228,20,26603.24003,True,0.964
58.974338,22,26611.162941,True,0.964
64.018069,91,26644.131798,True,0.964
58.966494,46,26660.428253,True,0.964
59.180744,22,26668.109613,True,0.964
60.0817,75,26693.668266,True,0.964
57.310006,59,26713.416757,True,0.964
54.966727,68,26736.636873,True,0.964
65.142332,69,26759.552078,True,0.964
63.742259,134,26804.114494,True,0.964
61.316368,23,26811.787053,True,0.964
50.841969,49,26829.647154,True,0.964
55.346175,68,26855.033101,True,0.964
61.486801,146,26908.676179,True,0.964
59.653272,20,26915.967589,True,0.964
58.328324,85,26946.729129,True,0.966
67.443095,84,26976.637681,True,0.966
60.270317,79,27004.76428,True,0.966
59.209457,164,27062.16989,True,0.966
58.096044,88,27092.677633,True,0.966
57.301908,18,27099.020186,True,0.966
62.212771,83,27127.070617,True,0.966
64.242189,106,27163.136019,True,0.966
53.747959,8,27165.930666,True,0.966
61.449102,26,27174.611006,True,0.966
59.470598,79,27201.060698,True,0.966
56.320168,58,27220.418528,True,0.966
59.607737,19,27226.797451,True,0.966
57.867944,23,27256.354547,True,0.966
55.701145,13,27260.748899,True,0.966
58.678496,91,27291.0616,True,0.966
59.585976,84,27319.071385,True,0.966
63.42233,95,27350.742286,True,0.966
51.984461,4,27352.154458,True,0.966
56.264253,17,27357.8843,True,0.966
55.230043,14,27362.630076,True,0.966
61.394282,81,27389.663157,True,0.966
63.541796,92,27420.303449,True,0.966
60.821242,65,27442.090531,True,0.966
63.309381,87,27471.213266,True,0.966
56.256246,62,27491.986914,True,0.966
57.686124,19,27498.40199,True,0.966
62.608535,29,27508.126058,True,0.966
53.290098,60,27528.224399,True,0.966
54.830262,13,27532.590151,True,0.966
62.783143,137,27578.760728,True,0.966
55.16497,65,27600.301188,True,0.966
59.276573,20,27606.972182,True,0.966
49.516646,1,27607.402719,True,0.966
59.284126,71,27631.058629,True,0.966
66.75769,148,27680.151646,True,0.966
64.001614,136,27725.385999,True,0.966
57.51013,20,27732.068217,True,0.966
61.08539,78,27758.487492,True,0.966
56.816036,28,27767.960429,True,0.966
60.767946,22,27775.409172,True,0.966
58.611945,81,27802.655079,True,0.966
62.976564,142,27850.677881,True,0.966
61.629494,28,27860.203844,True,0.966
64.603625,109,27897.028736,True,0.966
56.288925,85,27925.617732,True,0.966
64.276548,33,27936.75665,True,0.966
56.885942,20,27965.956844,True,0.966
54.269208,40,27979.913231,True,0.966
54.503124,66,28001.843525,True,0.966
55.663199,76,28027.12511,True,0.966
61.914759,89,28056.757666,True,0.966
50.290531,48,28072.991975,True,0.966
62.05857,27,28082.155646,True,0.966
58.238651,44,28097.158601,True,0.966
57.76726,22,28104.6143,True,0.966
54.171318,78,28130.990692,True,0.966
62.66768,74,28156.024261,True,0.966
57.187176,62,28177.04207,True,0.966
60.235934,25,28185.605943,True,0.966
56.65465,88,28216.628354,True,0.966
63.515864,29,28226.465607,True,0.966
59.57266,24,28234.811777,True,0.966
63.497503,28,28244.312406,True,0.966
52.738121,58,28264.00364,True,0.966
62.983246,32,28274.925576,True,0.966
57.316378,18,28281.01902,True,0.966
60.638176,21,28288.11627,True,0.966
61.06886,21,28295.331502,True,0.966
58.609839,21,28302.432624,True,0.966
56.784716,74,28327.379441,True,0.966
63.296887,83,28355.517517,True,0.966
56.610269,87,28384.862797,True,0.966
56.650626,17,28390.769782,True,0.966
55.428618,12,28395.539395,True,0.966
58.025194,76,28421.250716,True,0.966
60.185948,61,28441.75662,True,0.966
53.636793,8,28444.570965,True,0.966
63.254905,29,28454.462333,True,0.966
63.617282,190,28520.131279,True,0.966
64.396406,55,28538.546971,True,0.968
56.711179,19,28544.89657,True,0.968
51.290309,53,28562.649404,True,0.968
60.166368,119,28602.614998,True,0.968
63.742094,37,28615.000568,True,0.968
60.413896,30,28625.051668,True,0.968
57.833324,91,28656.011075,True,0.968
62.922675,92,28706.994083,True,0.968
57.288481,19,28713.464368,True,0.968
58.770098,26,28722.268623,True,0.968
55.909186,12,28726.427943,True,0.968
59.4525,22,28734.028501,True,0.968
53.822065,62,28755.138474,True,0.968
61.726858,90,28785.592229,True,0.968
52.275238,14,28790.345659,True,0.968
60.34375,49,28807.6575,True,0.968
60.091221,162,28862.466304,True,0.968
61.275031,96,28894.897843,True,0.968
56.782635,35,28906.787516,True,0.968
62.680923,29,28916.644315,True,0.968
66.449347,222,28991.944547,True,0.968
53.760686,59,29011.93768,True,0.968
59.902171,79,29038.589701,True,0.968
56.76114,78,29065.17276,True,0.968
60.915193,77,29092.533268,True,0.968
56.003494,73,29117.340266,True,0.968
59.327071,21,29124.442995,True,0.968
58.866206,25,29132.892518,True,0.968
60.767814,83,29160.766365,True,0.968
58.376864,83,29188.680228,True,0.968
61.539359,83,29216.608868,True,0.968
55.614799,69,29240.34144,True,0.968
63.000466,29,29250.229599,True,0.968
68.458362,60,29270.405901,True,0.968
64.689554,34,29281.826284,True,0.968
66.677229,39,29294.9651,True,0.968
64.962399,116,29333.872294,True,0.968
60.887108,81,29360.972883,True,0.968
57.959294,67,29406.769213,True,0.968
55.764195,18,29412.958295,True,0.968
64.428837,94,29445.02921,True,0.968
62.485549,62,29466.396022,True,0.968
66.214716,207,29537.339553,True,0.968
59.212284,75,29563.451331,True,0.968
58.669208,72,29588.402141,True,0.968
53.633424,7,29590.886451,True,0.968
61.765644,35,29603.045333,True,0.968
62.1994,78,29630.951464,True,0.968
52.785431,6,29633.239123,True,0.968
57.802031,23,29641.095102,True,0.968
56.174037,20,29648.243166,True,0.968
63.947219,163,29704.330212,True,0.968
57.814401,81,29731.866903,True,0.968
53.955557,74,29757.129894,True,0.968
62.329819,30,29767.598166,True,0.968
56.463709,13,29772.165234,True,0.968
63.642913,166,29829.391263,True,0.968
60.681656,113,29869.312444,True,0.968
59.620661,79,29896.466341,True,0.968
60.913486,26,29905.524068,True,0.968
58.142378,78,29932.934396,True,0.968
60.944612,24,29941.118368,True,0.968
55.759269,68,29964.189383,True,0.968
62.359276,84,29992.828779,True,0.968
62.105871,210,30064.424618,True,0.968
55.544042,18,30070.632235,True,0.968
53.629991,7,30073.077385,True,0.968
62.515133,28,30083.314206,True,0.968
63.134387,92,30141.119662,True,0.968
65.016952,145,30190.950927,True,0.968
61.595355,22,30198.585383,True,0.968
58.909358,66,30221.223209,True,0.968
61.0734,111,30259.579675,True,0.968
56.225714,81,30287.489698,True,0.968
56.875834,19,30294.061844,True,0.968
63.551303,34,30305.816392,True,0.968
54.770475,12,30309.997471,True,0.968
59.689901,72,30334.778165,True,0.968
63.570946,31,30345.550906,True,0.968
57.201439,16,30351.096422,True,0.968
59.292984,41,30365.260242,True,0.97
61.000629,210,30437.356279,True,0.97
62.333627,28,30446.96542,True,0.97
56.505486,141,30496.122112,True,0.97
59.639438,78,30523.090749,True,0.97
61.749318,32,30534.137776,True,0.97
63.298796,183,30597.284724,True,0.97
50.193503,1,30597.718414,True,0.97
57.334408,14,30602.604319,True,0.97
57.283706,50,30619.980392,True,0.97
56.006093,77,30646.533764,True,0.97
58.803761,25,30655.198858,True,0.97
57.886694,74,30680.893803,True,0.97
57.554833,20,30687.860328,True,0.97
60.200372,77,30714.485554,True,0.97
56.257016,26,30723.550747,True,0.97
54.523651,83,30752.2566,True,0.97
58.593387,18,30758.587746,True,0.97
55.955274,69,30782.592483,True,0.97
56.120214,15,30787.934811,True,0.97
60.308398,73,30813.213013,True,0.97
62.100324,41,30827.500097,True,0.97
59.783353,82,30881.410646,True,0.97
57.822359,18,30887.764596,True,0.97
59.360984,21,30895.089818,True,0.97
53.991557,66,30918.546291,True,0.97
61.872868,83,30947.319977,True,0.97
60.113334,20,30954.303637,True,0.97
60.867745,52,30972.394522,True,0.97
52.448048,25,30981.179321,True,0.97
59.964933,75,31007.188339,True,0.97
60.54742,105,31043.632994,True,0.97
61.048478,93,31076.013464,True,0.97
59.782498,21,31083.375858,True,0.97
54.809752,11,31087.276601,True,0.97
58.410869,20,31094.320406,True,0.97
58.678116,113,31133.519064,True,0.97
55.776405,68,31157.180772,True,0.97
63.057377,28,31166.912731,True,0.97
59.9085,81,31195.07525,True,0.97
51.524582,3,31196.228992,True,0.97
56.016876,18,31202.532086,True,0.97
55.87692,17,31208.474974,True,0.97
63.495413,107,31245.748826,True,0.97
56.502108,37,31258.6561,True,0.97
60.683685,40,31272.614131,True,0.97
64.8221,89,31303.726278,True,0.97
63.286187,29,31313.835642,True,0.97
58.868762,56,31333.909281,True,0.97
61.03021,67,31357.292401,True,0.97
59.582896,149,31409.291954,True,0.97
57.625423,81,31437.697374,True,0.97
62.734086,73,31463.390999,True,0.97
57.495671,82,31492.125571,True,0.97
60.343433,20,31499.167477,True,0.97
68.154574,152,31552.438563,True,0.97
54.785863,54,31571.364175,True,0.97
56.145376,65,31616.384466,True,0.97
62.832636,96,31650.017142,True,0.97
54.538285,86,31680.178788,True,0.97
56.128989,19,31686.875497,True,0.97
63.980423,91,31719.005057,True,0.97
54.636276,14,31723.952501,True,0.97
60.88627,24,31732.413839,True,0.97
55.37745,69,31757.255286,True,0.97
55.866913,85,31787.061478,True,0.97
55.473275,77,31814.181931,True,0.97
61.962522,106,31851.564682,True,0.97
55.69731,53,31870.339569,True,0.97
54.074685,8,31873.207501,True,0.97
49.803352,1,31873.658487,True,0.97
65.625003,56,31893.402133,True,0.97
62.232291,24,31901.82893,True,0.97
57.80734,69,31926.08338,True,0.97
58.349181,75,31952.417011,True,0.97
59.198188,26,31961.576471,True,0.97
61.751435,83,31990.81216,True,0.97
56.01398,44,32006.347949,True,0.97
60.119717,20,32013.49004,True,0.97
60.93813,22,32021.250956,True,0.97
62.027198,86,32051.615176,True,0.972
67.267233,45,32067.47026,True,0.972
56.64065,15,32072.799211,True,0.972
60.437168,96,32106.587708,True,0.972
61.123688,90,32138.313954,True,0.972
58.018409,16,32144.002926,True,0.972
59.322355,84,32173.59334,True,0.972
57.428436,21,32181.623872,True,0.972
61.301251,85,32211.679839,True,0.972
63.296237,31,32222.60649,True,0.972
64.138058,31,32233.627035,True,0.972
50.139439,1,32234.067477,True,0.972
62.005532,26,32243.292556,True,0.972
60.974939,103,32279.640765,True,0.972
60.49962,30,32290.335824,True,0.972
62.500615,24,32298.780193,True,0.972
57.77199,19,32305.630248,True,0.972
56.805583,13,32310.267251,True,0.972
57.60237,80,32358.46523,True,0.972
56.453578,16,32364.206449,True,0.972
63.640427,69,32388.643779,True,0.972
58.04875,24,32397.188679,True,0.972
57.460554,15,32402.578141,True,0.972
53.096002,6,32404.776052,True,0.972
60.269414,103,32441.172686,True,0.972
58.368697,94,32474.525568,True,0.972
56.874583,65,32497.598407,True,0.972
58.116898,17,32503.687762,True,0.972
65.133167,81,32532.534861,True,0.972
60.883018,78,32560.228116,True,0.972
61.996317,102,32596.404807,True,0.972
65.056276,40,32611.238074,True,0.972
65.179873,104,32648.33657,True,0.972
61.985984,25,32657.183368,True,0.972
58.834811,81,32686.044276,True,0.972
54.820095,89,32717.701037,True,0.972
54.746163,82,32746.952708,True,0.972
56.415273,70,32772.556476,True,0.972
59.382113,22,32780.443096,True,0.972
64.118005,57,32801.620838,True,0.972
55.219905,11,32805.979698,True,0.972
63.198717,171,32868.452792,True,0.972
60.326649,23,32877.233272,True,0.972
55.990129,88,32909.697085,True,0.972
59.772297,74,32936.019842,True,0.972
54.700165,34,32948.135069,True,0.972
62.608719,29,32958.504948,True,0.972
49.568913,1,32958.958576,True,0.972
54.501065,10,32962.589349,True,0.972
63.294365,92,32995.735825,True,0.972
60.794759,90,33027.798796,True,0.972
55.756702,12,33032.173869,True,0.972
66.029384,213,33131.357347,True,0.972
56.200967,19,33138.257275,True,0.972
59.013814,53,33157.653089,True,0.972
56.429692,14,33162.865287,True,0.972
51.782248,49,33180.703985,True,0.972
59.665976,160,33239.464019,True,0.972
54.601627,72,33266.145319,True,0.972
54.553989,9,33269.446142,True,0.972
61.428992,87,33300.488821,True,0.972
59.393247,76,33327.573433,True,0.972
64.264306,92,33360.511076,True,0.972
56.390713,48,33378.145184,True,0.972
63.34944,277,33478.382086,True,0.972
59.584201,40,33492.920171,True,0.972
59.870105,23,33501.28154,True,0.972
62.671738,89,33533.47896,True,0.972
65.198687,143,33586.062863,True,0.972
59.101936,75,33614.013648,True,0.972
57.08951,15,33619.657965,True,0.972
62.357365,25,33628.864509,True,0.972
62.083459,29,33639.507966,True,0.972
58.863332,30,33650.424739,True,0.972
53.324688,32,33662.817092,True,0.972
49.564026,1,33663.284859,True,0.972
66.773846,58,33684.775596,True,0.972
60.510622,80,33713.448785,True,0.972
53.060617,6,33715.705155,True,0.972
64.351672,32,33727.169986,True,0.972
52.872321,60,33748.697551,True,0.974
54.582714,69,33773.441315,True,0.974
61.398722,31,33784.54563,True,0.974
57.508151,75,33811.355911,True,0.974
59.332399,23,33819.725617,True,0.974
58.544849,17,33825.830488,True,0.974
58.533954,30,33836.584714,True,0.974
59.944158,22,33844.599979,True,0.974
61.487618,75,33896.671624,True,0.974
56.553165,17,33902.974162,True,0.974
59.478108,85,33933.949361,True,0.974
61.38061,25,33943.163648,True,0.974
54.806674,65,33967.079088,True,0.974
57.067366,84,33997.873342,True,0.974
58.373414,79,34026.490757,True,0.974
57.702059,78,34055.184242,True,0.974
55.43553,68,34080.90318,True,0.974
66.276581,115,34123.445745,True,0.974
58.770852,23,34131.928658,True,0.974
57.454532,27,34141.798041,True,0.974
54.860825,18,34148.395308,True,0.974
55.997492,13,34153.270684,True,0.974
59.402612,29,34163.842224,True,0.974
60.85509,90,34196.629154,True,0.974
61.336338,84,34227.10519,True,0.974
57.405668,71,34252.740926,True,0.974
55.228421,11,34256.796051,True,0.974
56.723967,64,34280.194553,True,0.974
56.663244,20,34287.745121,True,0.974
58.110387,31,34299.38734,True,0.974
58.36194,84,34330.672472,True,0.974
62.896777,27,34341.40264,True,0.974
58.825349,17,34347.725314,True,0.974
61.912532,28,34357.999638,True,0.974
69.000933,285,34466.240508,True,0.974
61.230802,23,34475.135502,True,0.974
57.189349,23,34483.932906,True,0.974
54.966391,69,34510.178946,True,0.974
56.976198,24,34519.277006,True,0.974
62.56504,27,34529.543543,True,0.974
61.309285,89,34563.085107,True,0.974
57.76955,21,34571.08112,True,0.974
52.839226,7,34573.787214,True,0.974
57.835023,56,34595.04691,True,0.974
55.50112,93,34630.144413,True,0.974
59.982715,79,34684.270356,True,0.974
57.874745,145,34739.022105,True,0.974
62.450148,26,34749.1157,True,0.974
54.234491,10,34753.049907,True,0.974
54.689974,71,34780.73597,True,0.974
62.416802,26,34790.663316,True,0.974
64.067342,227,34876.29267,True,0.974
55.72483,78,34905.466703,True,0.974
63.150903,101,34943.271003,True,0.974
60.521838,81,34973.717653,True,0.974
61.548508,23,34982.267455,True,0.974
69.233636,43,34998.232214,True,0.974
56.014608,15,35003.909217,True,0.974
58.158647,81,35033.908408,True,0.974
59.023064,77,35062.554428,True,0.974
61.988296,29,35073.331946,True,0.974
62.626329,95,35109.55175,True,0.974
58.442255,21,35117.28413,True,0.974
64.146205,31,35128.766414,True,0.974
58.444859,47,35146.117861,True,0.974
59.377399,85,35178.250196,True,0.974
54.40642,10,35182.033665,True,0.974
54.023119,9,35185.497754,True,0.974
61.313517,84,35216.881486,True,0.974
57.228245,76,35246.676247,True,0.974
60.737866,100,35284.551892,True,0.974
62.16733,28,35295.168051,True,0.974
57.632743,32,35307.355548,True,0.974
65.470034,79,35337.954987,True,0.974
57.370561,21,35345.985956,True,0.974
59.264972,82,35377.100996,True,0.974
60.25628,67,35402.576812,True,0.974
62.486916,84,35460.325276,True,0.974
57.681324,79,35490.340056,True,0.974
60.880117,87,35523.155848,True,0.974
61.704475,24,35532.37635,True,0.976
66.163188,63,35556.443927,True,0.976
52.682947,64,35580.765997,True,0.976
63.281371,98,35618.161244,True,0.976
57.215567,16,35624.370313,True,0.976
55.564049,71,35651.735346,True,0.976
57.142608,17,35658.27027,True,0.976
58.889129,74,35688.184017,True,0.976
59.83566,21,35696.787598,True,0.976
63.300141,91,35732.555296,True,0.976
55.921781,16,35738.692834,True,0.976
55.606909,18,35745.43787,True,0.976
64.100145,33,35757.701091,True,0.976
55.102633,66,35782.076725,True,0.976
65.50108,109,35822.375331,True,0.976
59.972631,64,35845.708015,True,0.976
62.5085,92,35879.364748,True,0.976
58.286234,80,35909.439135,True,0.976
63.051375,28,35919.882765,True,0.976
62.397277,27,35929.931515,True,0.976
57.289522,165,35989.867991,True,0.976
61.821092,27,35999.580151,True,0.976
60.962632,26,36009.001887,True,0.976
50.363826,1,36009.455424,True,0.976
56.900908,22,36017.402525,True,0.976
64.296533,37,36030.726561,True,0.976
59.013802,18,36037.225773,True,0.976
60.892286,79,36065.699615,True,0.976
59.752543,98,36101.268957,True,0.976
60.026612,24,36110.022887,True,0.976
55.399923,20,36117.337131,True,0.976
55.28719,17,36123.569776,True,0.976
54.685887,9,36126.910627,True,0.976
60.714347,135,36176.519827,True,0.976
58.888967,24,36185.336711,True,0.976
63.0833,157,36263.368466,True,0.976
60.852268,41,36278.264809,True,0.976
57.721362,92,36311.64055,True,0.976
56.025669,72,36337.884139,True,0.976
59.361334,76,36365.489384,True,0.976
58.859429,22,36373.555384,True,0.976
61.304326,82,36403.286801,True,0.976
63.798131,155,36459.69229,True,0.976
61.259467,24,36468.498573,True,0.976
63.410542,97,36503.690405,True,0.976
58.768552,81,36533.114314,True,0.976
59.747396,19,36540.039991,True,0.976
57.746127,72,36566.226487,True,0.976
60.916201,79,36595.489099,True,0.976
56.763669,17,36601.760494,True,0.976
61.922652,91,36634.924031,True,0.976
60.705291,32,36646.616545,True,0.976
59.334134,85,36677.748615,True,0.976
55.203557,63,36700.786122,True,0.976
49.983589,1,36701.23769,True,0.976
62.109286,23,36709.711329,True,0.976
60.640533,21,36717.436829,True,0.976
58.488706,23,36725.902965,True,0.976
61.87607,25,36735.132425,True,0.976
62.920013,28,36745.414002,True,0.976
60.807031,84,36776.082794,True,0.976
57.642665,173,36839.20044,True,0.976
58.618604,24,36848.140509,True,0.976
59.029797,84,36878.791061,True,0.976
65.635002,204,36953.209868,True,0.976
55.59594,68,36978.128832,True,0.976
61.428736,93,37035.848453,True,0.976
60.740883,39,37050.169768,True,0.976
59.440483,85,37081.281977,True,0.976
63.802801,30,37092.287032,True,0.976
53.663126,36,37105.535115,True,0.976
58.354302,24,37114.374604,True,0.976
62.619736,77,37142.623007,True,0.976
54.686226,9,37146.001378,True,0.976
62.62721,126,37192.416111,True,0.976
56.802521,84,37223.458989,True,0.976
65.564839,60,37245.544708,True,0.976
61.698795,107,37284.784464,True,0.976
60.017623,82,37314.865147,True,0.976
61.593174,25,37324.072455,True,0.976
57.514445,93,37358.288813,True,0.978
61.736504,84,37389.178055,True,0.978
60.734564,74,37416.484244,True,0.978
62.428203,89,37449.293493,True,0.978
60.179819,162,37509.340304,True,0.978
62.360599,28,37519.654906,True,0.978
58.453455,89,37552.542594,True,0.978
59.569686,26,37562.131109,True,0.978
66.171498,96,37597.640869,True,0.978
68.071004,228,37681.72364,True,0.978
54.155823,67,37706.567012,True,0.978
54.387811,10,37710.318471,True,0.978
60.841568,93,37744.754285,True,0.978
58.615507,27,37754.776844,True,0.978
58.813908,22,37762.979015,True,0.978
58.632561,93,37820.726349,True,0.978
54.622066,63,37844.063831,True,0.978
60.982936,38,37858.103077,True,0.978
59.839835,177,37923.994832,True,0.978
63.845179,107,37963.630715,True,0.978
63.042509,30,37974.887281,True,0.978
64.104158,82,38005.366776,True,0.978
57.251706,23,38013.974069,True,0.978
59.086417,92,38048.33792,True,0.978
61.027455,27,38058.386598,True,0.978
59.563234,24,38067.346044,True,0.978
61.659294,128,38114.945039,True,0.978
54.830698,69,38140.600588,True,0.978
65.493586,34,38153.303438,True,0.978
49.52221,1,38153.762364,True,0.978
55.388243,13,38158.661337,True,0.978
59.172836,22,38166.847296,True,0.978
60.01604,72,38193.540561,True,0.978
56.145527,15,38199.169312,True,0.978
58.878398,20,38206.608669,True,0.978
62.530955,58,38228.194505,True,0.978
58.800755,77,38256.934363,True,0.978
61.058705,22,38265.140757,True,0.978
61.496818,99,38301.998365,True,0.978
61.565972,97,38338.030704,True,0.978
57.222832,26,38347.762821,True,0.978
56.000657,81,38378.568085,True,0.978
61.052757,70,38404.677008,True,0.978
65.927134,43,38420.740791,True,0.978
58.969093,23,38429.39848,True,0.978
61.626972,87,38461.795559,True,0.978
62.854297,26,38471.552106,True,0.978
59.841475,41,38486.875612,True,0.978
62.417814,97,38523.062834,True,0.978
55.750781,44,38539.535432,True,0.978
62.099373,23,38548.1989,True,0.978
59.994888,22,38577.624759,True,0.978
60.511049,161,38637.863629,True,0.978
54.782194,14,38643.256998,True,0.978
58.545983,23,38651.927937,True,0.978
64.292297,160,38711.620986,True,0.978
54.205023,10,38715.407042,True,0.978
58.127977,75,38743.473939,True,0.978
57.190232,31,38755.088102,True,0.978
54.008341,10,38758.929993,True,0.978
60.363859,22,38767.204148,True,0.978
60.202793,24,38776.274391,True,0.978
55.15361,209,38855.050759,True,0.978
58.495047,27,38865.232879,True,0.978
62.669847,30,38876.484872,True,0.978
60.872593,35,38889.697792,True,0.978
63.178645,94,38925.048966,True,0.978
60.063716,61,38947.912886,True,0.978
55.117486,12,38952.478969,True,0.978
61.026254,103,38991.170193,True,0.978
55.548873,57,39012.672066,True,0.978
55.509213,64,39036.761579,True,0.978
63.586056,143,39090.483541,True,0.978
64.709856,38,39104.787222,True,0.978
52.241615,61,39127.741159,True,0.978
55.242874,71,39154.422648,True,0.978
62.826169,28,39164.986519,True,0.978
57.157831,74,39192.781578,True,0.978
58.006234,16,39198.836607,True,0.978
62.750414,44,39215.448247,True,0.978
58.202052,68,39240.964278,True,0.98
60.987419,88,39274.78366,True,0.98
60.313648,22,39283.141633,True,0.98
60.55269,175,39375.155973,True,0.98
57.540755,145,39429.752136,True,0.98
53.096392,6,39432.084972,True,0.98
63.389545,97,39468.722028,True,0.98
55.493725,12,39473.314615,True,0.98
58.457541,83,39504.71015,True,0.98
52.548002,5,39506.680842,True,0.98
55.51454,86,39539.192262,True,0.98
60.924719,71,39566.174233,True,0.98
58.684855,152,39623.557839,True,0.98
55.232158,13,39628.544478,True,0.98
58.944487,91,39663.018345,True,0.98
60.241659,89,39697.290303,True,0.98
57.610433,101,39735.604774,True,0.98
63.476082,30,39747.041227,True,0.98
63.003204,31,39758.843614,True,0.98
58.223712,84,39790.744356,True,0.98
57.883848,127,39838.905439,True,0.98
61.940677,103,39878.187845,True,0.98
58.927405,21,39886.220549,True,0.98
58.932143,23,39895.030607,True,0.98
52.931468,6,39897.386619,True,0.98
61.684318,23,39906.138729,True,0.98
53.38568,116,39950.218126,True,0.98
54.470781,13,39955.238867,True,0.98
60.597418,25,39964.739772,True,0.98
66.305768,67,39990.211766,True,0.98
57.239679,17,39996.725926,True,0.98
63.143747,187,40067.940769,True,0.98
55.27678,15,40073.829599,True,0.98
60.199981,21,40081.824015,True,0.98
61.024644,96,40118.343897,True,0.98
56.427196,17,40124.861942,True,0.98
61.238245,26,40134.784195,True,0.98
58.078099,81,40191.881764,True,0.98
57.412976,192,40264.763907,True,0.98
65.978237,157,40324.433149,True,0.98
60.071575,23,40333.230485,True,0.98
59.761973,42,40349.25949,True,0.98
60.816019,67,40374.892379,True,0.98
62.507283,27,40385.189374,True,0.98
60.801843,101,40423.630624,True,0.98
62.266648,25,40433.220219,True,0.98
61.897958,27,40443.611774,True,0.98
57.904986,27,40454.04593,True,0.98
63.99496,33,40466.651474,True,0.98
57.668614,95,40502.91033,True,0.98
60.776086,23,40511.710191,True,0.98
59.715391,27,40522.03766,True,0.98
55.195737,15,40527.800341,True,0.98
63.058828,113,40570.899292,True,0.98
57.726208,85,40603.968053,True,0.98
55.648685,81,40634.931861,True,0.98
53.532829,13,40640.012423,True,0.98
56.911769,72,40667.497918,True,0.98
59.305331,118,40712.769299,True,0.98
62.844414,105,40753.005906,True,0.98
64.154897,31,40764.956725,True,0.98
58.61735,94,40801.295926,True,0.98
50.557045,83,40833.102055,True,0.98
63.976733,303,40949.244051,True,0.98
50.124715,1,40949.720601,True,0.98
59.864999,96,41013.624681,True,0.98
55.497155,62,41037.366861,True,0.98
61.717385,32,41049.705888,True,0.98
62.29192,101,41088.975019,True,0.98
51.487549,3,41090.205708,True,0.98
60.578779,60,41113.241702,True,0.98
60.0663,84,41145.489458,True,0.98
57.094619,22,41153.981785,True,0.98
60.984791,48,41172.421878,True,0.98
65.371012,74,41200.781326,True,0.98
63.144309,241,41293.303833,True,0.98
50.454619,1,41293.79369,True,0.98
58.746556,78,41323.812895,True,0.98
59.207603,19,41331.180419,True,0.98
63.081439,29,41342.3809,True,0.98
61.346704,60,41365.470691,True,0.982
63.34686,36,41379.35733,True,0.982
53.510947,7,41382.155416,True,0.982
60.095344,81,41413.354302,True,0.982
61.584614,27,41423.764443,True,0.982
55.688803,17,41430.349636,True,0.982
59.211127,25,41440.064344,True,0.982
64.41629,32,41452.427173,True,0.982
61.049369,22,41460.961307,True,0.982
59.405276,42,41477.134507,True,0.982
59.261073,38,41491.828182,True,0.982
57.476057,115,41536.678924,True,0.982
60.647618,60,41559.911359,True,0.982
60.072902,24,41569.269716,True,0.982
62.278259,279,41677.233665,True,0.982
63.570106,30,41688.952641,True,0.982
62.794266,89,41723.40008,True,0.982
60.168763,21,41731.565429,True,0.982
58.127249,18,41738.643214,True,0.982
58.48782,21,41746.821666,True,0.982
52.465026,141,41826.399127,True,0.982
56.078732,81,41857.832685,True,0.982
56.796438,98,41895.877823,True,0.982
56.912667,14,41901.384763,True,0.982
59.690269,25,41911.169727,True,0.982
59.597809,29,41922.449303,True,0.982
59.247497,20,41930.281158,True,0.982
61.721997,221,42016.238245,True,0.982
58.617719,95,42053.021568,True,0.982
58.795791,82,42084.78732,True,0.982
57.526795,21,42092.988682,True,0.982
56.917321,107,42134.43845,True,0.982
59.70968,21,42142.597013,True,0.982
55.706959,74,42171.35849,True,0.982
61.911411,100,42210.127045,True,0.982
55.109955,13,42215.257568,True,0.982
60.69281,88,42249.531058,True,0.982
63.407109,255,42348.440507,True,0.982
54.605634,149,42406.214041,True,0.982
54.648527,9,42409.773421,True,0.982
58.983448,85,42443.361203,True,0.982
58.174599,46,42461.296795,True,0.982
62.453454,32,42473.74077,True,0.982
60.598856,21,42481.9577,True,0.982
57.168631,92,42517.817155,True,0.982
59.283048,120,42564.611744,True,0.982
61.453864,25,42574.401742,True,0.982
62.021364,105,42643.195892,True,0.982
60.59722,26,42653.453701,True,0.982
56.005145,108,42695.703897,True,0.982
66.547474,104,42736.331756,True,0.982
66.719131,40,42751.914019,True,0.982
56.735387,96,42789.465991,True,0.982
60.118766,34,42802.811425,True,0.982
57.31962,51,42822.866256,True,0.982
63.104441,109,42865.580941,True,0.982
57.567342,25,42875.424277,True,0.982
56.069078,13,42880.591044,True,0.982
56.164355,89,42915.950533,True,0.982
64.325263,60,42939.445255,True,0.982
62.500773,101,42978.944819,True,0.982
61.219271,73,43007.576425,True,0.982
58.487006,26,43017.796756,True,0.982
59.577272,201,43096.569162,True,0.982
53.048865,6,43099.000904,True,0.982
59.132699,139,43153.501083,True,0.982
65.91772,40,43169.174278,True,0.982
59.647415,77,43199.376806,True,0.982
59.492273,24,43208.886891,True,0.982
55.689353,15,43214.81092,True,0.982
61.791631,107,43256.67394,True,0.982
60.590808,70,43284.096927,True,0.982
54.913777,11,43288.470955,True,0.982
57.096671,14,43294.005988,True,0.982
57.679519,23,43303.098094,True,0.982
63.110938,93,43339.553823,True,0.982
57.321752,99,43378.985775,True,0.982
63.047504,127,43428.780023,True,0.982
60.794856,57,43476.913681,True,0.982
59.104298,18,43484.08062,True,0.982
-24.740678,65,43509.70286,False,0.984
58.859852,17,43516.450495,True,0.984
61.830345,24,43525.942764,True,0.984
58.75126,63,43550.730571,True,0.984
64.661634,33,43563.792732,True,0.984
61.869682,54,43585.043007,True,0.984
-14.01453,149,43643.578958,False,0.984
-5.912824,48,43662.509184,False,0.984
57.070641,184,43735.012827,True,0.984
63.750997,88,43769.793748,True,0.984
-13.056409,40,43785.59278,False,0.984
56.293253,15,43791.609332,True,0.984
56.366418,51,43811.79781,True,0.984
62.328565,115,43857.752132,True,0.984
58.516188,24,43867.337057,True,0.984
-18.596843,63,43892.180863,False,0.984
61.245987,28,43903.299156,True,0.984
55.684417,11,43907.708764,True,0.984
61.477429,23,43916.852619,True,0.984
55.616676,11,43921.259925,True,0.984
57.896104,16,43927.663797,True,0.984
60.756166,23,43936.780793,True,0.984
57.30448,53,43957.753577,True,0.984
56.76536,14,43963.358541,True,0.984
63.548219,174,44032.057574,True,0.984
61.73197,27,44042.828398,True,0.984
-21.427071,70,44070.644646,False,0.984
54.55637,12,44075.473513,True,0.984
58.597777,17,44082.352683,True,0.984
-21.723565,59,44105.695865,False,0.984
57.217371,148,44164.316205,True,0.984
58.971528,147,44222.373749,True,0.984
55.317308,11,44226.805526,True,0.984
57.434319,121,44302.087614,True,0.984
57.591394,113,44347.435194,True,0.984
57.773301,18,44354.605629,True,0.984
-25.326384,69,44382.098442,False,0.984
55.003198,13,44387.32113,True,0.984
63.523359,30,44399.283655,True,0.984
54.303735,11,44403.711903,True,0.984
57.012559,111,44447.885184,True,0.984
62.338743,25,44457.894473,True,0.984
62.626096,34,44471.380407,True,0.984
61.429265,170,44538.699234,True,0.984
58.859611,169,44605.858952,True,0.984
62.622752,147,44664.296518,True,0.984
53.528727,258,44766.749596,True,0.984
-21.418999,73,44796.407605,False,0.984
-18.161822,213,44881.297061,False,0.984
57.954375,56,44903.673175,True,0.984
62.969863,123,44952.802643,True,0.984
59.302765,140,45008.760803,True,0.984
68.71276,210,45092.568576,True,0.984
61.233141,23,45101.860946,True,0.984
64.916016,134,45189.903167,True,0.984
67.085108,73,45219.870343,True,0.984
60.904734,22,45228.756447,True,0.984
59.31319,108,45272.603919,True,0.984
61.015759,120,45320.564392,True,0.984
62.93669,27,45331.374106,True,0.984
65.341047,147,45390.2012,True,0.984
60.856925,32,45403.076378,True,0.984
63.309028,37,45417.891301,True,0.984
59.627376,30,45429.95927,True,0.984
59.765336,104,45471.704327,True,0.984
57.043628,250,45572.112011,True,0.984
60.810605,217,45659.133332,True,0.984
64.013539,48,45678.459333,True,0.984
63.104877,130,45731.241631,True,0.984
55.733896,105,45773.424965,True,0.984
61.223505,29,45785.086506,True,0.984
57.793778,262,45890.596919,True,0.984
60.977805,213,46008.578,True,0.984
59.487863,88,46044.115362,True,0.984
-28.212948,181,46117.011644,False,0.984
61.726105,33,46130.518215,True,0.984
58.083848,170,46199.783633,True,0.984
56.921125,105,46242.359937,True,0.984
50.493402,1,46242.857782,True,0.984
63.217138,34,46256.791114,True,0.984
64.017977,33,46270.248323,True,0.984
55.91458,150,46331.670937,True,0.984
60.843646,25,46341.8461,True,0.984
62.24139,26,46352.425434,True,0.984
61.071687,133,46406.120743,True,0.984
65.481025,36,46420.719368,True,0.984
61.300852,110,46465.324453,True,0.984
55.4138,15,46471.478078,True,0.984
55.689918,200,46552.400186,True,0.984
57.330673,15,46558.53771,True,0.984
60.760523,30,46570.813359,True,0.984
59.409584,138,46626.639896,True,0.984
61.404998,30,46638.834455,True,0.984
61.339729,212,46725.333293,True,0.984
54.952058,13,46730.679042,True,0.984
55.129263,165,46797.587715,True,0.984
60.609817,25,46807.814874,True,0.984
57.988765,28,46819.231414,True,0.984
59.203133,20,46827.379471,True,0.984
56.199852,20,46835.564859,True,0.984
57.26862,15,46873.575768,True,0.984
57.939006,80,46906.166575,True,0.984
60.704649,26,46916.756425,True,0.984
53.597474,160,46981.840848,True,0.984
61.90884,93,47019.663509,True,0.984
64.585867,36,47034.309989,True,0.984
61.405413,36,47049.080068,True,0.984
54.089532,13,47054.488185,True,0.984
54.760659,10,47058.676878,True,0.984
58.50844,235,47154.998986,True,0.984
58.303634,19,47162.801526,True,0.984
60.669304,144,47221.541689,True,0.984
54.809478,10,47225.643569,True,0.984
59.280948,122,47275.423385,True,0.984
60.853885,26,47286.103714,True,0.984
62.866218,142,47343.989439,True,0.984
58.443251,145,47403.096807,True,0.984
58.229334,126,47454.48263,True,0.984
60.749385,141,47511.95766,True,0.984
64.698286,160,47577.265319,True,0.984
-24.303534,97,47616.969977,False,0.984
57.718875,103,47660.244389,True,0.984
57.086388,18,47667.676054,True,0.984
59.149275,139,47755.749248,True,0.984
63.833142,136,47811.440206,True,0.984
64.931888,161,47877.484772,True,0.984
62.892364,115,47924.605136,True,0.984
60.959681,21,47933.260893,True,0.984
52.722592,6,47935.824061,True,0.984
57.234846,87,47971.490448,True,0.986
64.215796,33,47985.120038,True,0.986
60.84743,89,48021.636858,True,0.986
53.668321,96,48061.112034,True,0.986
57.263239,27,48072.267722,True,0.986
58.544457,21,48080.981374,True,0.986
63.358283,80,48113.870813,True,0.986
57.66907,36,48129.212514,True,0.986
63.893109,236,48226.133724,True,0.986
61.754861,24,48236.032125,True,0.986
61.856987,33,48249.728137,True,0.986
61.519618,22,48258.84637,True,0.986
54.739354,86,48294.28968,True,0.986
49.914915,1,48294.787501,True,0.986
65.117754,313,48423.412991,True,0.986
61.569607,272,48535.499932,True,0.986
58.762494,91,48572.972202,True,0.986
60.399768,22,48614.236102,True,0.986
53.494005,86,48649.871352,True,0.986
63.383084,164,48717.560519,True,0.986
62.317189,27,48728.749304,True,0.986
58.356477,100,48770.235338,True,0.986
60.390488,250,48873.719088,True,0.986
59.09053,124,48924.994561,True,0.986
59.050814,21,48933.830903,True,0.986
58.770819,100,48975.268042,True,0.986
57.118326,18,48982.770169,True,0.986
60.091805,23,48992.370685,True,0.986
58.307185,91,49030.088692,True,0.986
65.125836,377,49186.847329,True,0.986
58.679034,20,49195.201851,True,0.986
65.853932,196,49276.629785,True,0.986
63.525659,186,49353.860658,True,0.986
65.091761,62,49379.834498,True,0.986
-15.314318,226,49508.59869,False,0.986
-10.207496,31,49521.570009,False,0.986
-6.739546,31,49534.452544,False,0.986
-18.611263,31,49547.4067,False,0.986
51.52652,3,49548.761638,True,0.986
-5.278421,31,49562.253299,False,0.986
-8.421813,31,49575.144808,False,0.986
59.353624,18,49582.721204,True,0.986
-1.713617,31,49595.650534,False,0.986
56.179386,12,49600.741491,True,0.986
-13.103641,31,49613.651537,False,0.986
-23.626381,31,49626.576932,False,0.986
-9.047627,31,49639.524965,False,0.986
52.535619,5,49641.682578,True,0.986
0.217746,31,49654.639546,False,0.986
-6.751774,31,49667.646624,False,0.986
53.406711,8,49671.070294,True,0.986
58.726906,17,49678.240954,True,0.986
53.066937,7,49681.230045,True,0.986
55.159543,11,49685.878873,True,0.986
-17.527908,31,49698.88499,False,0.986
-16.047627,31,49712.139678,False,0.986
-8.624002,31,49725.158635,False,0.986
-5.769748,31,49738.279417,False,0.986
-22.349541,31,49751.573673,False,0.986
56.659604,13,49757.248141,True,0.986
-21.800353,31,49770.430778,False,0.986
-0.244147,31,49783.454549,False,0.986
-5.584232,31,49796.531556,False,0.986
-21.832207,31,49809.566263,False,0.986
60.898228,24,49819.670179,True,0.986
-1.081285,31,49832.710024,False,0.986
-4.856593,31,49845.831912,False,0.986
61.10227,22,49855.139923,True,0.986
-0.482362,31,49868.252719,False,0.986
-8.093151,31,49881.280575,False,0.986
59.840387,19,49889.356496,True,0.986
56.673458,13,49894.887512,True,0.986
-23.488297,31,49907.963393,False,0.986
-12.609288,31,49920.946879,False,0.986
-2.798047,31,49934.017215,False,0.986
56.320675,16,49940.765475,True,0.986
55.482239,14,49946.770975,True,0.986
58.306662,16,49953.556664,True,0.986
50.469752,1,49954.076802,True,0.986
-13.057778,31,49967.131732,False,0.986
-8.171559,31,49980.115108,False,0.986
-2.509466,31,49993.179937,False,0.986
-24.814748,31,50006.208019,False,0.986
-10.70678,31,50019.240858,False,0.986
-24.455012,31,50032.285373,False,0.986
-5.026293,31,50045.439346,False,0.986
-5.663916,31,50058.55873,False,0.986
-3.92156,31,50072.114873,False,0.986
-7.376106,31,50085.223898,False,0.986
-9.816389,31,50098.277028,False,0.986
-9.402701,31,50111.360793,False,0.986
-13.347957,31,50124.399507,False,0.986
-12.577128,31,50137.466384,False,0.986
-6.647546,31,50150.524568,False,0.986
-6.022361,31,50163.521122,False,0.986
-2.734936,31,50176.614417,False,0.986
-7.653959,31,50189.646872,False,0.986
57.43216,17,50196.895918,True,0.986
56.270383,14,50202.869993,True,0.986
-6.961306,31,50215.889663,False,0.986
55.686226,12,50221.020282,True,0.986
-7.304341,31,50234.118232,False,0.986
-3.548046,31,50247.203839,False,0.986
-8.856932,31,50260.302363,False,0.986
-10.824141,31,50273.412696,False,0.986
-13.53057,31,50286.475471,False,0.986
-1.678042,31,50299.5938,False,0.986
-1.240993,31,50312.665641,False,0.986
-2.449267,31,50325.772354,False,0.986
61.528168,23,50335.585227,True,0.986
-8.017984,31,50348.686331,False,0.986
-4.780256,31,50369.424454,False,0.986
-4.766143,31,50382.525509,False,0.986
-0.914252,31,50395.626307,False,0.986
-4.543538,31,50408.707438,False,0.986
58.495219,17,50415.96492,True,0.986
55.10353,10,50420.254627,True,0.986
-13.424633,31,50433.302823,False,0.986
-8.696003,31,50446.363663,False,0.986
49.611724,1,50446.895441,True,0.986
-7.286858,31,50459.957056,False,0.986
-7.458231,31,50473.032001,False,0.986
-6.124073,31,50486.048989,False,0.986
-1.002622,31,50499.135299,False,0.986
54.01394,8,50502.728125,True,0.986
-17.050173,31,50516.202864,False,0.986
-10.331618,31,50529.828656,False,0.986
58.739935,17,50537.033361,True,0.986
59.705242,20,50545.51411,True,0.986
59.781995,22,50554.814055,True,0.986
-24.708139,31,50567.85796,False,0.986
-3.111366,31,50580.869637,False,0.986
-24.897524,31,50594.56865,False,0.986
-7.877912,31,50607.607069,False,0.986
-1.855043,31,50620.655234,False,0.986
57.19238,14,50626.65291,True,0.986
-9.846191,31,50639.617315,False,0.986
58.305614,16,50646.573841,True,0.986
-23.514324,31,50659.594229,False,0.986
-25.446035,31,50672.722164,False,0.986
-4.804584,31,50685.789437,False,0.986
57.11441,15,50692.191172,True,0.986
57.525846,17,50699.378823,True,0.986
56.714808,14,50705.371372,True,0.986
-23.048923,31,50718.419114,False,0.986
51.881179,4,50720.215647,True,0.986
-22.292642,31,50733.295135,False,0.986
-4.348193,31,50746.565981,False,0.986
53.486907,8,50750.015822,True,0.986
-12.598591,31,50763.051824,False,0.986
55.803606,12,50768.217587,True,0.986
-16.067791,31,50781.325048,False,0.986
59.522743,19,50789.380942,True,0.986
-2.29897,31,50802.43341,False,0.986
57.683661,17,50809.703156,True,0.986
-9.643553,31,50822.777222,False,0.986
58.367876,17,50830.00428,True,0.986
-0.830083,31,50843.060194,False,0.986
-7.646442,31,50856.157517,False,0.986
53.74667,8,50859.648224,True,0.986
-24.305508,31,50872.66992,False,0.986
56.522748,13,50878.236975,True,0.986
61.453534,22,50887.560752,True,0.986
-13.727945,31,50900.630609,False,0.986
-4.419636,31,50913.698372,False,0.986
52.971961,7,50916.740984,True,0.986
-15.271851,31,50929.870767,False,0.986
62.396132,25,50940.516607,True,0.986
-6.662504,31,50953.648846,False,0.986
-8.73859,31,50966.703769,False,0.986
-23.888114,31,50979.844313,False,0.986
58.512975,18,50987.464905,True,0.986
61.703913,24,50997.662622,True,0.986
59.874407,22,51006.967636,True,0.986
-2.531573,31,51020.129909,False,0.986
54.077474,8,51023.594387,True,0.986
-22.72754,31,51036.748915,False,0.986
61.403795,22,51046.088852,True,0.986
-13.236126,31,51059.219009,False,0.986
56.333092,14,51065.164876,True,0.986
-25.349246,31,51078.297372,False,0.986
55.441418,11,51082.98047,True,0.986
-24.050649,31,51096.712578,False,0.986
-22.207941,31,51109.816615,False,0.986
-20.116796,31,51122.858362,False,0.986
56.689823,13,51128.418897,True,0.986
59.368048,18,51136.070125,True,0.986
-3.013863,31,51149.171577,False,0.986
-6.094846,31,51162.271929,False,0.986
-7.228188,31,51175.385956,False,0.986
-8.11134,31,51188.520537,False,0.986
-11.338284,31,51201.605828,False,0.986
-6.30422,31,51214.759656,False,0.986
-2.215226,31,51227.89062,False,0.986
-4.324159,31,51248.824118,False,0.986
53.914749,10,51253.142412,True,0.986
-2.953556,31,51266.285288,False,0.986
-25.255822,31,51279.40637,False,0.986
61.994123,23,51289.215552,True,0.986
-8.30891,31,51302.31785,False,0.986
49.604184,1,51302.838649,True,0.986
-11.045575,31,51315.986491,False,0.986
59.722562,22,51325.368378,True,0.986
-0.785452,31,51338.517878,False,0.986
57.468513,15,51344.985328,True,0.986
62.345615,25,51355.587032,True,0.986
54.022712,9,51359.478189,True,0.986
-19.797019,31,51372.651192,False,0.986
52.425337,5,51374.845055,True,0.986
61.636282,25,51385.490048,True,0.986
59.170693,19,51393.565278,True,0.986
-8.784708,31,51406.720031,False,0.986
-4.896701,31,51419.908768,False,0.986
58.309233,16,51426.734524,True,0.986
-24.572921,31,51439.92717,False,0.986
61.165518,23,51449.721812,True,0.986
-0.888006,31,51462.874937,False,0.986
-1.872389,31,51476.049191,False,0.986
57.000273,14,51482.030088,True,0.986
-21.014667,31,51495.207503,False,0.986
-5.821308,31,51508.379947,False,0.986
-23.917334,31,51521.583634,False,0.986
-25.243227,31,51534.724985,False,0.986
-6.069248,31,51548.142192,False,0.986
61.271524,23,51557.956729,True,0.986
55.499533,12,51563.109132,True,0.986
-12.877902,31,51576.308305,False,0.986
-24.848313,31,51589.455032,False,0.986
-1.070152,31,51602.922061,False,0.986
53.502927,7,51605.985282,True,0.986
51.370775,4,51608.353131,True,0.986
-6.067238,31,51621.560426,False,0.986
-5.870796,31,51634.795079,False,0.986
-1.930933,31,51647.932249,False,0.986
59.068769,19,51656.058446,True,0.986
56.165657,13,51661.625393,True,0.986
59.334054,18,51669.356525,True,0.986
-9.71173,31,51682.546358,False,0.986
-10.857647,31,51695.710884,False,0.986
-5.482866,31,51708.846366,False,0.986
61.194268,22,51718.244774,True,0.986
-8.835362,31,51731.494572,False,0.986
-22.728962,31,51744.641792,False,0.986
60.715897,25,51755.358388,True,0.986
53.235186,8,51758.874738,True,0.986
-3.487244,31,51772.080469,False,0.986
55.178733,11,51776.840433,True,0.986
-4.853994,31,51790.053345,False,0.986
-11.803482,31,51803.226462,False,0.986
-14.041342,31,51816.492766,False,0.986
53.007563,7,51819.576949,True,0.986
52.969212,7,51822.630906,True,0.986
-6.554369,31,51835.891993,False,0.986
-6.451919,31,51849.259554,False,0.986
-3.427029,31,51862.41644,False,0.986
0.474409,31,51875.613897,False,0.986
-21.40422,31,51888.916088,False,0.986
53.320082,7,51891.958103,True,0.986
-2.477559,31,51905.156902,False,0.986
-8.528455,31,51918.389214,False,0.986
-19.853371,31,51931.615888,False,0.986
-6.282673,31,51944.823235,False,0.986
50.080082,1,51945.342887,True,0.986
-11.654153,31,51958.542873,False,0.986
-11.106085,31,51971.760053,False,0.986
59.133036,18,51979.445803,True,0.986
52.828524,6,51982.116943,True,0.986
-11.135187,31,51995.318508,False,0.986
-11.840932,31,52008.620019,False,0.986
62.23842,25,52019.275345,True,0.986
-12.584093,31,52032.49262,False,0.986
-8.559937,31,52045.727472,False,0.986
49.818913,1,52046.257023,True,0.986
53.804434,8,52049.734861,True,0.986
1.970254,31,52062.978987,False,0.986
-25.328293,31,52076.155205,False,0.986
58.210532,16,52083.09586,True,0.986
57.746673,15,52089.578154,True,0.986
-12.619007,31,52102.777606,False,0.986
-21.591246,31,52116.578748,False,0.986
-24.078521,31,52137.474756,False,0.986
-0.768268,31,52150.685045,False,0.986
61.94088,24,52160.982527,True,0.986
-24.646563,31,52174.236042,False,0.986
-24.812222,31,52187.532087,False,0.986
56.1778,12,52192.694865,True,0.986
0.852008,31,52205.972126,False,0.986
-5.846926,31,52219.226277,False,0.986
-10.67287,31,52232.466687,False,0.986
-25.33573,31,52245.739769,False,0.986
-5.693685,31,52258.992939,False,0.986
-21.784278,31,52272.240336,False,0.986
54.175514,9,52276.170036,True,0.986
58.432798,18,52283.91346,True,0.986
-14.206483,31,52297.153226,False,0.986
62.002333,23,52307.018325,True,0.986
-7.894427,31,52320.283856,False,0.986
-2.193723,31,52333.561241,False,0.986
-22.185727,31,52346.786569,False,0.986
-12.26071,31,52360.081935,False,0.986
-24.73234,31,52373.439073,False,0.986
-5.407559,31,52386.621506,False,0.986
60.762917,21,52395.710532,True,0.986
-24.694711,31,52408.953051,False,0.986
60.846888,24,52419.289453,True,0.986
-1.771981,31,52432.575894,False,0.986
54.044387,8,52436.085664,True,0.986
60.052788,23,52446.016773,True,0.986
60.144233,20,52454.653008,True,0.986
-13.542647,31,52467.895211,False,0.986
56.689767,15,52474.357319,True,0.986
-24.617304,31,52487.640432,False,0.986
54.048255,9,52491.571609,True,0.986
59.056717,20,52500.161615,True,0.986
-13.365447,31,52513.448616,False,0.986
-0.427746,31,52526.77358,False,0.986
-5.510818,31,52540.07105,False,0.986
-11.190845,31,52553.414685,False,0.986
-12.752471,31,52566.713736,False,0.986
-11.122524,31,52579.966501,False,0.986
61.667815,23,52589.920409,True,0.986
55.347146,15,52596.403372,True,0.986
-8.439051,31,52609.689041,False,0.986
-21.360811,31,52622.954603,False,0.986
53.38515,7,52626.027232,True,0.986
-6.266579,31,52639.896933,False,0.986
-6.449344,31,52653.225945,False,0.986
54.555268,10,52657.581111,True,0.986
-6.252437,31,52670.864377,False,0.986
-4.991424,31,52684.150703,False,0.986
54.779078,10,52688.581872,True,0.986
55.629052,11,52693.39777,True,0.986
-1.450386,31,52706.756969,False,0.986
-17.524782,31,52720.135185,False,0.986
-2.325815,31,52733.45927,False,0.986
0.673033,31,52746.749729,False,0.986
-11.193107,31,52760.125056,False,0.986
-0.180799,31,52773.404589,False,0.986
-22.266719,31,52786.746422,False,0.986
57.231753,14,52792.78654,True,0.986
-24.12208,31,52806.136076,False,0.986
-20.201033,31,52819.507675,False,0.986
-25.442166,31,52832.850699,False,0.986
56.956684,14,52838.995789,True,0.986
-0.669107,31,52852.346317,False,0.986
0.568836,31,52865.7121,False,0.986
60.427782,20,52874.353113,True,0.986
-4.381187,31,52887.686956,False,0.986
-1.217251,31,52901.087502,False,0.986
57.149597,14,52907.15163,True,0.986
-24.478863,31,52920.479361,False,0.986
-0.762863,31,52933.829361,False,0.986
62.045868,23,52943.75287,True,0.986
-24.503807,31,52957.098125,False,0.986
-9.245032,31,52970.478084,False,0.986
55.93423,12,52975.736985,True,0.986
-23.290759,31,52989.032195,False,0.986
62.093231,24,52999.389319,True,0.986
53.501414,11,53004.214874,True,0.986
-9.371256,31,53025.279968,False,0.986
-9.635478,31,53038.677327,False,0.986
59.49802,19,53046.986801,True,0.986
59.580367,21,53056.175127,True,0.986
-11.709043,31,53069.548241,False,0.986
56.680347,14,53075.619618,True,0.986
-24.746129,31,53089.002323,False,0.986
-11.410691,31,53102.376931,False,0.986
52.813469,6,53105.039414,True,0.986
-21.33993,31,53118.447662,False,0.986
-5.707607,31,53131.784183,False,0.986
-5.5176,31,53145.084085,False,0.986
56.906922,16,53152.007583,True,0.986
-7.991718,31,53165.909849,False,0.986
-6.643077,31,53179.259855,False,0.986
-10.781035,31,53192.65928,False,0.986
49.525979,1,53193.192703,True,0.986
-1.898415,31,53206.587963,False,0.986
60.413141,20,53215.228939,True,0.986
-3.230108,31,53228.59456,False,0.986
54.410132,9,53232.554368,True,0.986
-6.384194,31,53245.962227,False,0.986
-5.652671,31,53259.325082,False,0.986
-2.391499,31,53272.714794,False,0.986
-9.360631,31,53286.085238,False,0.986
-22.056682,31,53299.489463,False,0.986
-18.198582,31,53312.927142,False,0.986
-5.250107,31,53326.353164,False,0.986
-5.18281,31,53339.745598,False,0.986
52.831844,6,53342.483869,True,0.986
-21.884438,31,53355.827201,False,0.986
-1.099625,31,53369.235039,False,0.986
61.471018,23,53379.219053,True,0.986
0.568894,31,53392.585645,False,0.986
-22.864429,31,53405.992537,False,0.986
-2.567517,31,53419.395982,False,0.986
58.290465,16,53426.366474,True,0.986
53.49829,8,53429.897742,True,0.986
-2.089604,31,53443.357035,False,0.986
-10.275357,31,53456.841862,False,0.986
-5.311838,31,53470.234016,False,0.986
-0.042331,31,53483.647743,False,0.986
-14.645907,31,53497.081204,False,0.986
-10.699797,31,53510.484285,False,0.986
-6.379249,31,53523.92294,False,0.986
-6.220893,31,53537.376192,False,0.986
-8.542481,31,53550.732319,False,0.986
-4.679388,31,53564.224583,False,0.986
60.110546,20,53572.913162,True,0.986
-9.371957,31,53586.318328,False,0.986
-22.698552,31,53599.724657,False,0.986
-10.273256,31,53613.181127,False,0.986
-25.197167,31,53626.541019,False,0.986
-10.850079,31,53639.977676,False,0.986
58.541084,17,53647.408426,True,0.986
53.028284,6,53650.131374,True,0.986
-24.432369,31,53663.49679,False,0.986
-4.457643,31,53677.505017,False,0.986
-4.023189,31,53690.94406,False,0.986
-3.515625,31,53704.345829,False,0.986
53.302943,7,53707.47121,True,0.986
-14.107716,31,53720.929474,False,0.986
-8.842534,31,53734.334836,False,0.986
59.957897,20,53743.077134,True,0.986
60.714287,21,53752.248006,True,0.986
-9.003871,31,53765.639169,False,0.986
54.890272,10,53770.084303,True,0.986
54.408131,9,53774.044516,True,0.986
52.485972,5,53776.290851,True,0.986
53.646228,8,53779.822982,True,0.986
-8.793372,31,53793.312514,False,0.986
-4.461047,31,53806.790148,False,0.986
0.833614,31,53820.217955,False,0.986
-7.853806,31,53833.701095,False,0.986
-1.901672,31,53847.151086,False,0.986
-23.240032,31,53860.587596,False,0.986
-8.000525,31,53874.13182,False,0.986
-12.343955,31,53887.563718,False,0.986
-11.857942,31,53900.997552,False,0.986
53.105415,7,53904.151773,True,0.986
-24.985607,31,53924.209175,False,0.986
-3.644712,31,53936.666019,False,0.986
-22.789757,31,53949.180955,False,0.986
59.328602,18,53956.451104,True,0.986
-5.500135,31,53968.916523,False,0.986
56.142587,12,53973.79267,True,0.986
-11.192567,31,53986.33067,False,0.986
56.87737,17,53993.232134,True,0.986
-10.460182,31,54005.742523,False,0.986
-1.213588,31,54018.242123,False,0.986
-1.481392,31,54030.630698,False,0.986
-14.9651,31,54043.038048,False,0.986
-2.595214,31,54055.334977,False,0.986
54.986203,10,54059.418632,True,0.986
57.131057,15,54065.430317,True,0.986
56.105205,14,54071.145022,True,0.986
-7.284821,31,54083.456462,False,0.986
0.325772,31,54095.799519,False,0.986
58.489361,17,54102.645398,True,0.986
-19.809791,31,54114.979271,False,0.986
-7.884288,31,54127.305399,False,0.986
54.039072,8,54130.571595,True,0.986
-22.655373,31,54142.970521,False,0.986
-9.862832,31,54155.314219,False,0.986
58.455766,18,54162.568205,True,0.986
-0.345724,31,54174.958943,False,0.986
-7.080782,31,54187.278689,False,0.986
-8.276798,31,54199.723796,False,0.986
53.568325,7,54203.052482,True,0.986
-12.288675,31,54215.45078,False,0.986
55.139099,10,54219.541836,True,0.986
61.951197,23,54228.740706,True,0.986
-10.551549,31,54241.132876,False,0.986
-9.506884,31,54253.593262,False,0.986
-3.943526,31,79064.143219,False,0.986
-5.285379,31,79079.2982,False,0.986
-0.057309,31,79093.241407,False,0.986
-8.471926,31,79106.684338,False,0.986
-15.341182,31,79120.391411,False,0.986
-9.372835,31,79133.608096,False,0.986
59.120399,22,79142.824377,True,0.986
61.099672,23,79152.388587,True,0.986
-21.848934,31,79165.178932,False,0.986
-2.223016,31,79179.036374,False,0.986
-24.789959,31,79192.541132,False,0.986
61.545194,23,79202.519814,True,0.986
61.933365,25,79213.140238,True,0.986
52.897785,6,79215.633462,True,0.986
58.812867,17,79222.562549,True,0.986
-25.239854,31,79235.419456,False,0.986
51.527196,3,79236.73552,True,0.986
54.393731,9,79240.589124,True,0.986
-6.504939,31,79253.431822,False,0.986
-5.220774,31,79266.284096,False,0.986
-12.056765,31,79279.374982,False,0.986
-18.195797,31,79292.125745,False,0.986
0.626063,31,79304.716596,False,0.986
57.911583,17,79311.696402,True,0.986
55.139501,10,79315.727003,True,0.986
-9.134197,31,79328.138056,False,0.986
54.640567,10,79332.173549,True,0.986
0.257403,31,79344.595382,False,0.986
52.908102,6,79347.072446,True,0.986
-12.314337,31,79359.441935,False,0.986
-14.328323,31,79371.796228,False,0.986
59.38185,20,79379.881806,True,0.986
-8.934087,31,79392.214006,False,0.986
56.13706,13,79397.515852,True,0.986
56.930724,14,79403.155415,True,0.986
-6.914095,31,79415.549234,False,0.986
-0.794161,31,79427.958516,False,0.986
0.592222,31,79440.529058,False,0.986
-11.201238,31,79453.260222,False,0.986
-11.666732,31,79465.809739,False,0.986
53.113518,7,79468.68879,True,0.986
57.324275,15,79474.882004,True,0.986
56.289972,14,79480.609497,True,0.986
57.140091,15,79486.7434,True,0.986
-18.062034,31,79499.358663,False,0.986
-12.870473,31,79512.431801,False,0.986
-9.848403,31,79524.968449,False,0.986
-11.644132,31,79537.569389,False,0.986
-6.409974,31,79550.148837,False,0.986
-1.089593,31,79569.699156,False,0.986
-23.032195,31,79582.333061,False,0.986
1.178101,31,79594.943751,False,0.986
-3.357296,31,79607.478271,False,0.986
0.003656,31,79620.113755,False,0.986
-25.16006,31,79632.701326,False,0.986
-24.777633,31,79645.227312,False,0.986
-5.950687,31,79657.837178,False,0.986
53.215017,7,79660.746185,True,0.986
58.828219,17,79667.688752,True,0.986
-0.311379,31,79680.261015,False,0.986
-7.097886,31,79692.848944,False,0.986
-0.434418,31,79705.397117,False,0.986
56.672398,13,79710.793988,True,0.986
61.49429,23,79720.170838,True,0.986
57.551395,16,79726.755349,True,0.986
-7.264613,31,79739.358049,False,0.986
-13.343789,31,79752.044699,False,0.986
-0.038763,31,79764.623648,False,0.986
54.050818,8,79767.962134,True,0.986
-7.493047,31,79780.507012,False,0.986
61.519047,24,79790.327333,True,0.986
-0.500541,31,79802.93661,False,0.986
54.176439,9,79806.695894,True,0.986
-7.960073,31,79819.225487,False,0.986
-13.970428,31,79831.835916,False,0.986
55.667817,11,79836.378278,True,0.986
-10.217366,31,79848.99281,False,0.986
-24.038323,31,79861.533107,False,0.986
59.886487,19,79869.322361,True,0.986
-5.39359,31,79881.979542,False,0.986
-6.328939,31,79894.614192,False,0.986
-6.575669,31,79907.199319,False,0.986
-5.008533,31,79919.578438,False,0.986
-8.391717,31,79931.997264,False,0.986
-4.745343,31,79944.384509,False,0.986
-3.136461,31,79956.806289,False,0.986
-1.224053,31,79969.285378,False,0.986
-10.795467,31,79981.734924,False,0.986
57.648144,15,79987.79594,True,0.986
-10.149883,31,80000.745883,False,0.986
-13.564577,31,80013.184098,False,0.986
54.048084,8,80016.522466,True,0.986
-9.468553,31,80029.216413,False,0.986
-13.49202,31,80041.855925,False,0.986
56.147684,15,80048.148128,True,0.986
-23.059455,31,80060.80006,False,0.986
54.391183,9,80064.520253,True,0.986
57.08722,17,80071.461752,True,0.986
-7.007336,31,80084.104208,False,0.986
-11.843976,31,80096.757926,False,0.986
0.994466,31,80109.316547,False,0.986
-2.710191,31,80121.998096,False,0.986
-22.450886,31,80134.661638,False,0.986
-12.046446,31,80147.37888,False,0.986
-4.346583,31,80160.0538,False,0.986
59.349383,20,80168.218889,True,0.986
-11.269248,31,80180.890244,False,0.986
60.582096,22,80189.878633,True,0.986
-10.468834,31,80202.511379,False,0.986
-6.910019,31,80215.195379,False,0.986
-24.131273,31,80227.838094,False,0.986
57.259901,14,80233.622374,True,0.986
0.290392,31,80246.224149,False,0.986
-3.387152,31,80258.946523,False,0.986
54.01155,8,80262.278425,True,0.986
0.502581,31,80274.977131,False,0.986
-3.223165,31,80287.642209,False,0.986
-13.353584,31,80300.280331,False,0.986
-1.3043,31,80312.94714,False,0.986
-1.774352,31,80325.810319,False,0.986
58.768594,17,80332.799753,True,0.986
-0.358202,31,80345.458484,False,0.986
-14.896773,31,80358.141073,False,0.986
53.496541,7,80361.059972,True,0.986
-13.126334,31,80373.761976,False,0.986
56.77314,15,80379.908423,True,0.986
57.344304,16,80386.514945,True,0.986
-12.98651,31,80406.561405,False,0.986
-13.500962,31,80419.20876,False,0.986
-9.537342,31,80431.843331,False,0.986
-24.750132,31,80444.502384,False,0.986
-19.681277,31,80457.153355,False,0.986
-11.512752,31,80469.813261,False,0.986
-5.170215,31,80482.45791,False,0.986
56.109449,14,80488.232324,True,0.986
-13.365025,31,80501.416067,False,0.986
59.739603,19,80509.234677,True,0.986
-8.544884,31,80521.923199,False,0.986
-11.593367,31,80534.548657,False,0.986
-7.671156,31,80547.241932,False,0.986
60.931956,25,80557.489197,True,0.986
-3.523285,31,80570.221621,False,0.986
-6.374504,31,80582.883362,False,0.986
-3.728431,31,80595.509038,False,0.986
-12.324205,31,80608.222461,False,0.986
-4.172261,31,80620.969185,False,0.986
62.516595,24,80630.809381,True,0.986
53.426797,8,80634.144397,True,0.986
-18.542168,31,80646.955692,False,0.986
-2.50885,31,80659.664092,False,0.986
53.028507,6,80662.212148,True,0.986
-0.380354,31,80674.87187,False,0.986
-25.478164,31,80687.588628,False,0.986
-23.216808,31,80700.287751,False,0.986
-7.216651,31,80712.975791,False,0.986
-13.685288,31,80725.66738,False,0.986
-12.165639,31,80738.330251,False,0.986
-22.573488,31,80750.995824,False,0.986
-19.904952,31,80763.727642,False,0.986
-11.257585,31,80776.422951,False,0.986
-12.66956,31,80789.050624,False,0.986
-7.805993,31,80801.766865,False,0.986
58.725392,17,80808.749442,True,0.986
-5.731327,31,80821.451077,False,0.986
-5.248519,31,80834.111013,False,0.986
-3.808061,31,80846.732618,False,0.986
-8.305023,31,80859.519113,False,0.986
-11.639168,31,80872.262088,False,0.986
-4.882681,31,80884.910315,False,0.986
56.267663,15,80891.145257,True,0.986
-10.318806,31,80903.823355,False,0.986
-23.356625,31,80916.558525,False,0.986
-8.001899,31,80929.279185,False,0.986
-13.160791,31,80941.979715,False,0.986
-7.582604,31,80954.715192,False,0.986
60.40724,20,80962.918705,True,0.986
-6.371347,31,80975.641212,False,0.986
-24.604785,31,80988.884305,False,0.986
-1.956877,31,81001.543127,False,0.986
-25.508381,31,81014.247549,False,0.986
53.047442,6,81016.783511,True,0.986
53.326939,7,81019.718271,True,0.986
-5.781744,31,81032.494279,False,0.986
-23.958881,31,81045.223815,False,0.986
-11.23206,31,81057.88785,False,0.986
-18.970979,31,81070.615932,False,0.986
-13.278185,31,81083.320437,False,0.986
58.897674,21,81091.963961,True,0.986
-4.574543,31,81104.725801,False,0.986
61.040236,22,81113.788095,True,0.986
0.851794,31,81126.553889,False,0.986
-24.368248,31,81139.269276,False,0.986
-20.080963,31,81152.009343,False,0.986
0.032751,31,81164.800574,False,0.986
60.014976,20,81173.103756,True,0.986
-14.884267,31,81185.861999,False,0.986
-13.027503,31,81198.689602,False,0.986
58.206005,18,81206.127223,True,0.986
-2.537311,31,81218.936585,False,0.986
58.818629,19,81226.820678,True,0.986
56.133932,12,81231.842254,True,0.986
-16.218603,31,81251.937311,False,0.986
57.277843,16,81258.599107,True,0.986
-7.083835,31,81271.307127,False,0.986
60.669251,23,81280.80257,True,0.986
60.50273,24,81290.670166,True,0.986
-4.02255,31,81303.430302,False,0.986
61.638249,26,81314.111381,True,0.986
-1.114545,31,81326.909518,False,0.986
-3.276505,31,81339.670727,False,0.986
54.482947,9,81343.432072,True,0.986
-4.370768,31,81356.158976,False,0.986
59.774956,19,81364.059703,True,0.986
57.404265,15,81370.232502,True,0.986
-18.414232,31,81383.003273,False,0.986
-13.777644,31,81395.785699,False,0.986
-14.696316,31,81408.465289,False,0.986
-12.899458,31,81421.214341,False,0.986
-13.4363,31,81434.013595,False,0.986
50.396786,1,81434.510892,True,0.986
-5.200497,31,81447.220474,False,0.986
-9.740064,31,81459.989518,False,0.986
-5.813521,31,81473.180364,False,0.986
-0.587977,31,81486.268518,False,0.986
-9.935644,31,81500.076787,False,0.986
-9.446765,31,81515.38525,False,0.986
-9.023658,31,81529.765542,False,0.986
-2.867713,31,81543.345019,False,0.986
-17.545538,31,81556.475975,False,0.986
-12.324479,31,81569.557239,False,0.986
-21.09838,31,81582.768868,False,0.986
-10.931813,31,81596.369418,False,0.986
-3.47033,31,81609.765802,False,0.986
50.36084,1,81610.302965,True,0.986
-4.265401,31,81623.657512,False,0.986
-3.783664,31,81636.916998,False,0.986
-13.363481,31,81649.913428,False,0.986
-13.767534,31,81662.872897,False,0.986
49.58792,1,81663.398451,True,0.986
54.300118,9,81667.308626,True,0.986
-5.70888,31,81680.272996,False,0.986
-6.027322,31,81693.231789,False,0.986
-8.258562,31,81706.220767,False,0.986
62.315778,27,81717.551597,True,0.986
-0.939867,31,81730.682694,False,0.986
-24.746807,31,81743.79769,False,0.986
-7.158273,31,81756.944044,False,0.986
-9.141337,31,81770.154666,False,0.986
-6.207626,31,81783.078218,False,0.986
-10.846334,31,81795.907097,False,0.986
-7.8041,31,81808.919502,False,0.986
53.567703,7,81811.975268,True,0.986
56.581158,13,81817.582906,True,0.986
-3.319158,31,81830.79203,False,0.986
-10.931485,31,81843.844288,False,0.986
-7.245752,31,81856.699073,False,0.986
-8.771531,31,81869.556853,False,0.986
-3.402108,31,81882.307631,False,0.986
-24.951285,31,81894.997776,False,0.986
-23.580369,31,81907.759568,False,0.986
-11.498388,31,81920.491221,False,0.986
56.176967,14,81926.314113,True,0.986
-0.817782,31,81939.085341,False,0.986
-3.996194,31,81951.813025,False,0.986
54.585807,10,81956.040933,True,0.986
-9.852742,31,81968.838981,False,0.986
-3.511547,31,81981.690114,False,0.986
58.011475,16,81988.314816,True,0.986
55.403647,13,81993.761461,True,0.986
-22.737131,31,82006.999209,False,0.986
-4.993907,31,82019.750498,False,0.986
61.519931,22,82028.823538,True,0.986
-3.735361,31,82041.59702,False,0.986
-8.483555,31,82054.346404,False,0.986
54.516057,10,82058.519508,True,0.986
53.643017,9,82062.293743,True,0.986
-13.544507,31,82075.08649,False,0.986
-15.407327,31,82087.979395,False,0.986
-14.36236,31,82100.806733,False,0.986
58.488315,19,82115.79294,True,0.986
-11.253881,31,82128.475924,False,0.986
0.003797,31,82141.250245,False,0.986
-9.187705,31,82154.02544,False,0.986
-2.75679,31,82166.738283,False,0.986
60.787694,21,82175.46906,True,0.986
-23.270546,31,82188.233356,False,0.986
-7.179051,31,82201.024719,False,0.986
-9.508679,31,82213.999537,False,0.986
-11.114216,31,82226.948133,False,0.986
50.436834,1,82227.472707,True,0.986
59.868967,21,82236.299118,True,0.986
56.645976,15,82242.581324,True,0.986
-23.819317,31,82255.569364,False,0.986
-22.670181,31,82268.489724,False,0.986
-9.497103,31,82281.275688,False,0.986
54.585607,9,82285.123107,True,0.986
-8.586575,31,82298.010454,False,0.986
-10.187145,31,82310.894664,False,0.986
-1.865274,31,82323.807415,False,0.986
59.224416,18,82331.388621,True,0.986
-0.714911,31,82344.305264,False,0.986
-24.576156,31,82357.160113,False,0.986
56.974485,14,82363.041738,True,0.986
54.580032,10,82367.292553,True,0.986
-20.33314,31,82380.171261,False,0.986
60.680934,21,82388.94726,True,0.986
-11.012847,31,82401.853015,False,0.986
-7.077934,31,82414.713696,False,0.986
-1.694651,31,82427.791789,False,0.986
-0.022635,31,82440.734913,False,0.986
-24.161048,31,82453.766967,False,0.986
-2.720806,31,82466.686217,False,0.986
55.106086,10,82470.945253,True,0.986
-0.470164,31,82483.955713,False,0.986
-1.515198,31,82496.912596,False,0.986
55.083294,10,82501.184153,True,0.986
-8.011016,31,82514.575189,False,0.986
-19.53149,31,82527.552628,False,0.986
-25.776001,31,82540.535187,False,0.986
-0.941819,31,82553.46901,False,0.986
49.571625,1,82553.982729,True,0.986
58.944269,20,82562.440574,True,0.986
61.707165,23,82572.077606,True,0.986
-11.625415,31,82585.099653,False,0.986
56.674942,13,82590.579572,True,0.986
54.593384,10,82594.877613,True,0.986
-9.41907,31,82607.885913,False,0.986
-10.717646,31,82620.870944,False,0.986
-1.517104,31,82633.843784,False,0.986
54.067257,8,82637.313018,True,0.986
55.121951,12,82642.398352,True,0.986
-23.716101,31,82655.355247,False,0.986
-15.594086,31,82668.325913,False,0.986
-9.193087,31,82681.367728,False,0.986
59.060634,19,82689.387489,True,0.986
55.044701,10,82693.735715,True,0.986
55.316887,13,82699.218042,True,0.986
55.74381,12,82704.299509,True,0.986
-16.186026,31,82717.311446,False,0.986
-4.977527,31,82730.295421,False,0.986
52.800043,6,82732.898683,True,0.986
-3.963762,31,82745.859424,False,0.986
-6.981532,31,82758.86784,False,0.986
-13.647991,31,82771.8713,False,0.986
-0.392145,31,82784.809427,False,0.986
60.303509,20,82793.307709,True,0.986
-3.464048,31,82806.274112,False,0.986
-25.013493,31,82819.329638,False,0.986
-22.433372,31,82832.304122,False,0.986
-12.708812,31,82845.309404,False,0.986
-5.048858,31,82858.322014,False,0.986
-15.333725,31,82871.335729,False,0.986
-9.596708,31,82884.369922,False,0.986
61.715328,23,82894.062615,True,0.986
-4.019363,31,82907.10014,False,0.986
-8.935598,31,82920.04055,False,0.986
58.697932,17,82927.252275,True,0.986
-10.528782,31,82940.261692,False,0.986
57.468992,16,82947.075371,True,0.986
57.350396,17,82954.245497,True,0.986
-16.634372,31,82967.283719,False,0.986
62.029457,23,82984.058479,True,0.986
-14.091635,31,82997.040958,False,0.986
-2.339174,31,83010.100515,False,0.986
-2.351667,31,83023.70233,False,0.986
-10.151078,31,83036.734129,False,0.986
-4.768187,31,83049.883262,False,0.986
-11.403,31,83062.865763,False,0.986
-25.328719,31,83075.787457,False,0.986
-22.71557,31,83088.727752,False,0.986
-3.661861,31,83101.670826,False,0.986
61.621774,23,83111.301955,True,0.986
-2.464211,31,83124.227279,False,0.986
-8.40161,31,83137.150236,False,0.986
50.175342,1,83137.665075,True,0.986
-13.545687,31,83150.619279,False,0.986
59.973784,20,83159.035203,True,0.986
-22.441876,31,83172.027708,False,0.986
-0.226925,31,83185.015198,False,0.986
-25.008909,31,83197.966955,False,0.986
-11.419915,31,83210.902885,False,0.986
-5.69522,31,83223.901085,False,0.986
60.217731,23,83233.528226,True,0.986
-17.628164,31,83246.524745,False,0.986
-12.949704,31,83259.602188,False,0.986
60.943051,21,83268.477893,True,0.986
-3.5133,31,83281.438298,False,0.986
-10.801954,31,83294.413504,False,0.986
61.743302,25,83304.885023,True,0.986
-19.561579,31,83317.882934,False,0.986
-4.860534,31,83330.876179,False,0.986
-20.212653,31,83343.959291,False,0.986
-9.648102,31,83357.077447,False,0.986
53.057058,6,83359.707963,True,0.986
-5.141665,31,83372.765296,False,0.986
-18.681951,31,83385.838477,False,0.986
-12.588194,31,83398.891188,False,0.986
-0.347904,31,83411.96193,False,0.986
59.116519,19,83420.006582,True,0.986
-25.758734,31,83433.075971,False,0.986
-17.925316,31,83446.137215,False,0.986
-3.672482,31,83459.240429,False,0.986
61.729975,23,83468.968445,True,0.986
-7.055147,31,83482.020003,False,0.986
-6.719398,31,83495.149117,False,0.986
58.826073,18,83502.795891,True,0.986
-2.037997,31,83515.894052,False,0.986
-6.497607,31,83529.413038,False,0.986
-3.274743,31,83542.449382,False,0.986
-21.275911,31,83555.526858,False,0.986
-21.128047,31,83568.650091,False,0.986
57.809702,15,83575.030771,True,0.986
-11.640699,31,83588.133515,False,0.986
-10.621296,31,83601.224725,False,0.986
53.807283,9,83605.139791,True,0.986
-23.91602,31,83618.215712,False,0.986
54.561317,9,83622.118499,True,0.986
-25.753687,31,83635.208872,False,0.986
49.680329,1,83635.725923,True,0.986
-12.654085,31,83649.219893,False,0.986
58.813267,17,83656.532933,True,0.986
-25.081902,31,83669.637602,False,0.986
57.768687,15,83676.014695,True,0.986
-9.458448,31,83689.15467,False,0.986
-9.190568,31,83702.296538,False,0.986
-12.4799,31,83715.384872,False,0.986
-12.533544,31,83728.497792,False,0.986
-24.707599,31,83741.586687,False,0.986
-7.208779,31,83754.676374,False,0.986
-7.593979,31,83767.802313,False,0.986
62.289325,24,83778.021016,True,0.986
-21.529925,31,83791.126998,False,0.986
-0.788831,31,83804.275093,False,0.986
61.413475,24,83814.460673,True,0.986
0.302314,31,83827.572056,False,0.986
-25.100789,31,83840.713756,False,0.986
55.93453,12,83853.140546,True,0.986
54.109114,9,83857.048173,True,0.986
-1.71598,31,83870.12792,False,0.986
-6.834236,31,83883.301958,False,0.986
-4.139708,31,83896.425875,False,0.986
-0.339958,31,83909.493667,False,0.986
-4.675653,31,83922.626087,False,0.986
-20.291806,31,83935.736871,False,0.986
-24.342729,31,83949.165905,False,0.986
58.727372,17,83956.446963,True,0.986
-22.280615,31,83969.509465,False,0.986
-11.928753,31,83982.568464,False,0.986
61.518586,22,83991.886999,True,0.986
-13.872349,31,84004.854746,False,0.986
-3.604559,31,84017.918189,False,0.986
-8.134078,31,84030.915296,False,0.986
62.041543,23,84040.633851,True,0.986
-3.930612,31,84054.11259,False,0.986
-25.481884,31,84067.116489,False,0.986
55.210035,12,84072.255508,True,0.986
-0.162744,31,84085.356963,False,0.986
56.171979,13,84090.938991,True,0.986
-3.184128,31,84104.052164,False,0.986
-7.117225,31,84117.178756,False,0.986
-9.715282,31,84130.321171,False,0.986
-7.061707,31,84143.419414,False,0.986
-19.991075,31,84156.518891,False,0.986
-10.438999,31,84169.683436,False,0.986
-6.736383,31,84182.803247,False,0.986
-25.476515,31,84196.076674,False,0.986
-5.342971,31,84209.626998,False,0.986
-25.234255,31,84223.321425,False,0.986
-25.302286,31,84236.863617,False,0.986
-5.442836,31,84250.177592,False,0.986
-25.276308,31,84263.434546,False,0.986
-11.574733,31,84276.519891,False,0.986
-3.883385,31,84289.660493,False,0.986
-7.093684,31,84302.820817,False,0.986
55.028425,10,84307.141308,True,0.986
53.857967,11,84311.84269,True,0.986
-5.02176,31,84324.951503,False,0.986
57.069231,14,84330.920148,True,0.986
-13.162548,31,84344.06433,False,0.986
58.298942,16,84350.898424,True,0.986
-12.40463,31,84364.078844,False,0.986
-24.321339,31,84377.207548,False,0.986
-16.698951,31,84390.299899,False,0.986
53.30765,7,84393.362,True,0.986
-3.963377,31,84406.484061,False,0.986
-4.76085,31,84419.605336,False,0.986
-9.720751,31,84432.734532,False,0.986
-6.063555,31,84445.922453,False,0.986
-0.348195,31,84459.134713,False,0.986
-24.522402,31,84472.325006,False,0.986
-9.507453,31,84485.49649,False,0.986
58.182837,16,84492.358057,True,0.986
-2.016339,31,84505.504188,False,0.986
55.072447,11,84510.230064,True,0.986
-9.348718,31,84523.434776,False,0.986
57.745764,15,84530.041389,True,0.986
56.633796,13,84535.654899,True,0.986
1.427337,31,84548.882623,False,0.986
58.66064,19,84557.580695,True,0.986
60.478159,23,84567.426052,True,0.986
-22.709858,31,84580.671258,False,0.986
-6.008374,31,84593.951506,False,0.986
-22.979364,31,84607.248142,False,0.986
-10.587856,31,84620.511515,False,0.986
-8.33843,31,84633.78869,False,0.986
-20.577359,31,84647.053335,False,0.986
-6.4336,31,84660.293269,False,0.986
-12.780494,31,84673.566721,False,0.986
0.28605,31,84686.859041,False,0.986
-25.071884,31,84700.075969,False,0.986
54.725189,11,84704.864963,True,0.986
-5.431167,31,84718.098287,False,0.986
-14.799147,31,84738.569932,False,0.986
60.968003,21,84747.629511,True,0.986
-6.863541,31,84760.911327,False,0.986
61.140317,25,84771.723592,True,0.986
-13.259441,31,84785.071344,False,0.986
-12.65256,31,84798.325073,False,0.986
-3.920719,31,84811.673033,False,0.986
-3.902945,31,84824.959589,False,0.986
52.481523,5,84827.169708,True,0.986
-5.546321,31,84840.486533,False,0.986
51.516475,3,84841.881383,True,0.986
58.61122,17,84849.300591,True,0.986
57.867046,20,84857.857526,True,0.986
-10.87053,31,84871.127937,False,0.986
-6.874997,31,84884.42637,False,0.986
-5.556628,31,84897.706098,False,0.986
53.569128,7,84900.810946,True,0.986
60.308333,21,84909.781533,True,0.986
-5.535237,31,84923.055574,False,0.986
-7.040687,31,84936.379142,False,0.986
55.808672,13,84942.016252,True,0.986
53.099209,7,84945.089617,True,0.986
62.163287,24,84955.350993,True,0.986
-24.451035,31,84968.670238,False,0.986
-22.295671,31,84981.942188,False,0.986
61.438936,23,84991.800251,True,0.986
58.085631,16,84998.755482,True,0.986
-5.313484,31,85011.929024,False,0.986
-8.274527,31,85025.21035,False,0.986
-12.752017,31,85038.467923,False,0.986
-2.159576,31,85051.70935,False,0.986
57.035849,14,85057.827205,True,0.986
-3.335215,31,85071.09061,False,0.986
55.600546,11,85076.377963,True,0.986
57.789123,15,85082.86528,True,0.986
-12.016804,31,85096.200168,False,0.986
-22.917811,31,85109.504084,False,0.986
-8.12207,31,85122.892605,False,0.986
59.723575,19,85131.18138,True,0.986
60.423526,20,85139.926774,True,0.986
-14.315613,31,85153.23029,False,0.986
56.187387,12,85158.426624,True,0.986
-25.229503,31,85172.477381,False,0.986
53.461914,8,85176.10196,True,0.986
53.98801,8,85179.65435,True,0.986
-8.629572,31,85192.944664,False,0.986
62.346219,24,85203.256563,True,0.986
56.648617,14,85209.309014,True,0.986
-4.321407,31,85222.515774,False,0.986
-23.432623,31,85235.784694,False,0.986
-7.593799,31,85249.035361,False,0.986
61.014968,24,85259.291197,True,0.986
-18.733712,31,85272.539489,False,0.986
60.60048,21,85281.52924,True,0.986
53.227524,7,85284.636204,True,0.986
-21.799633,31,85297.928617,False,0.986
59.330603,18,85305.68472,True,0.986
-11.51147,31,85318.938829,False,0.986
-2.93018,31,85332.225321,False,0.986
-3.888409,31,85345.50122,False,0.986
-6.185627,31,85358.785209,False,0.986
-9.067971,31,85372.111074,False,0.986
58.825809,19,85380.311294,True,0.986
-5.687521,31,85393.601101,False,0.986
56.053008,12,85398.781626,True,0.986
59.895511,19,85407.012256,True,0.986
53.047892,9,85410.925611,True,0.986
-24.663895,31,85424.245095,False,0.986
-9.104089,31,85437.509628,False,0.986
-1.307672,31,85451.011321,False,0.986
59.929399,19,85459.188901,True,0.986
55.472173,11,85464.009688,True,0.986
1.948908,31,85477.260946,False,0.986
-20.441092,31,85490.584848,False,0.986
-5.784497,31,85503.864792,False,0.986
57.707166,16,85510.764783,True,0.986
-11.144279,31,85524.054697,False,0.986
60.471119,21,85533.075469,True,0.986
53.813358,10,85537.43851,True,0.986
-7.101445,31,85550.647159,False,0.986
-24.72899,31,85563.982527,False,0.986
-1.253943,31,85577.29546,False,0.986
57.226275,14,85583.348229,True,0.986
58.154026,17,85590.689757,True,0.986
-23.959949,31,85604.532526,False,0.986
61.843672,26,85622.883609,True,0.986
-4.255438,31,85636.212074,False,0.986
49.867108,1,85636.751476,True,0.986
-20.594948,31,85649.996289,False,0.986
58.821079,17,85657.37428,True,0.986
-21.209013,31,85670.615933,False,0.986
-4.983712,31,85683.900155,False,0.986
-0.746747,31,85697.311785,False,0.986
55.107703,14,85703.557384,True,0.986
-17.371124,31,85716.892256,False,0.986
56.689037,14,85723.000608,True,0.986
59.042116,19,85731.171999,True,0.986
-7.677641,31,85744.550329,False,0.986
56.404602,14,85750.621284,True,0.986
-10.783329,31,85763.945546,False,0.986
-5.920624,31,85777.257336,False,0.986
-7.024353,31,85790.596176,False,0.986
56.721221,13,85796.247115,True,0.986
-7.533993,31,85809.624315,False,0.986
-0.230896,31,85822.99825,False,0.986
-12.455634,31,85836.328698,False,0.986
-1.616714,31,85849.686273,False,0.986
-9.331728,31,85862.999132,False,0.986
-19.418151,31,85876.350064,False,0.986
59.514423,19,85884.539222,True,0.986
-8.038646,31,85897.879159,False,0.986
62.048818,23,85907.82391,True,0.986
-6.133419,31,85921.138524,False,0.986
-24.410186,31,85934.512221,False,0.986
-24.760343,31,85947.864434,False,0.986
57.010899,17,85955.229034,True,0.986
-2.823726,31,85968.629487,False,0.986
-5.821598,31,85981.966815,False,0.986
-3.308291,31,85995.308277,False,0.986
-8.039821,31,86008.74275,False,0.986
-20.084299,31,86022.079249,False,0.986
57.35472,16,86029.052292,True,0.986
57.878703,18,86036.83358,True,0.986
-23.86901,31,86050.354267,False,0.986
-13.01269,31,86063.767122,False,0.986
-0.808632,31,86077.120418,False,0.986
60.394628,20,86085.844449,True,0.986
54.358074,12,86091.0641,True,0.986
-10.067532,31,86104.420494,False,0.986
-4.522456,31,86118.238191,False,0.986
-1.364861,31,86131.56128,False,0.986
62.313527,24,86141.979669,True,0.986
-5.433586,31,86155.293383,False,0.986
-1.005333,31,86168.632107,False,0.986
-8.881825,31,86182.017708,False,0.986
57.563744,16,86188.984329,True,0.986
-5.035437,31,86202.312714,False,0.986
-0.80932,31,86215.628284,False,0.986
-11.290213,31,86228.967601,False,0.986
-7.532772,31,86242.267974,False,0.986
-5.171526,31,86255.673573,False,0.986
-1.617181,31,86269.023127,False,0.986
-6.185269,31,86282.403872,False,0.986
52.872682,6,86285.087956,True,0.986
-24.626957,31,86298.441142,False,0.986
-13.545937,31,86311.813708,False,0.986
57.487886,18,86319.609556,True,0.986
-13.804073,31,86333.00117,False,0.986
-2.796177,31,86346.311477,False,0.986
0.178853,32,86360.16117,False,0.986
57.360064,17,86367.505789,True,0.986
-12.519166,31,86380.905047,False,0.986
58.643065,18,86388.72129,True,0.986
0.280758,31,86402.077353,False,0.986
52.995728,6,86404.737548,True,0.986
-10.179676,31,86418.132078,False,0.986
-24.382306,31,86431.445175,False,0.986
-1.657789,31,86444.782272,False,0.986
57.168791,14,86450.908284,True,0.986
56.147803,12,86456.125482,True,0.986
-24.67676,31,86469.494425,False,0.986
0.25031,31,86482.835694,False,0.986
-10.59538,31,86496.237639,False,0.986
55.113365,10,86500.603879,True,0.986
56.197551,14,86513.918046,True,0.986
-10.80148,31,86527.313775,False,0.986
53.544032,7,86530.428266,True,0.986
-9.47927,31,86543.823867,False,0.986
-22.421394,31,86557.19035,False,0.986
-8.091182,31,86570.612865,False,0.986
58.344173,18,86578.401057,True,0.986
-2.402115,31,86591.798558,False,0.986
-16.653845,31,86605.184386,False,0.986
58.050098,16,86612.193135,True,0.986
55.113626,10,86616.599443,True,0.986
-7.056456,31,86630.032409,False,0.986
56.301704,13,86635.69224,True,0.986
56.175846,12,86640.960184,True,0.986
-11.284545,31,86654.962109,False,0.986
55.821488,13,86660.648435,True,0.986
53.980773,12,86665.896547,True,0.986
53.949422,8,86669.415803,True,0.986
-21.798055,31,86682.872437,False,0.986
57.114487,16,86689.815482,True,0.986
-6.433499,31,86703.240044,False,0.986
-0.846312,31,86716.659206,False,0.986
-20.294228,31,86730.13226,False,0.986
56.1086,12,86735.381114,True,0.986
-20.507668,31,86748.836659,False,0.986
56.793979,18,86756.651998,True,0.986
-19.794076,31,86770.078451,False,0.986
-14.359914,31,86783.535824,False,0.986
60.205508,20,86792.229259,True,0.986
52.902257,6,86794.942771,True,0.986
-25.502435,32,86808.802844,False,0.986
-4.830397,31,86822.168151,False,0.986
53.815417,8,86825.710344,True,0.986
-23.487556,31,86839.14715,False,0.986
-5.565628,31,86852.567442,False,0.986
-9.110903,31,86866.043153,False,0.986
61.975895,23,86876.129564,True,0.986
-10.885361,31,86889.526778,False,0.986
-4.59579,31,86902.961673,False,0.986
-2.817732,31,86916.469393,False,0.986
-1.662733,31,86929.867155,False,0.986
-10.880295,31,86943.372782,False,0.986
-4.140537,31,86956.887125,False,0.986
-23.347346,31,86970.303112,False,0.986
-25.289218,31,86983.740426,False,0.986
-3.224538,31,86997.178664,False,0.986
-15.916742,31,87010.594446,False,0.986
-3.975919,31,87024.003368,False,0.986
49.597815,1,87024.525758,True,0.986
-3.516717,31,87038.017001,False,0.986
52.986316,8,87041.54956,True,0.986
-13.231268,31,87055.052494,False,0.986
-1.696802,31,87068.503368,False,0.986
-13.772873,31,87081.932345,False,0.986
56.688417,14,87088.131507,True,0.986
-3.855976,31,87101.523886,False,0.986
55.710557,14,87107.685448,True,0.986
-20.403224,31,87121.075541,False,0.986
-5.660009,31,87134.541242,False,0.986
-22.725187,31,87148.010211,False,0.986
-0.008939,31,87161.472802,False,0.986
-12.526095,31,87175.426518,False,0.986
-15.547617,31,87188.924135,False,0.986
-23.661912,31,87202.392707,False,0.986
60.164999,20,87211.133043,True,0.986
-8.330197,31,87224.751757,False,0.986
0.578826,31,87238.196711,False,0.986
-20.729599,31,87251.828439,False,0.986
62.00218,23,87261.894406,True,0.986
-10.782819,31,87275.31712,False,0.986
-13.267423,31,87288.83572,False,0.986
53.982404,8,87292.374052,True,0.986
56.452624,13,87298.085955,True,0.986
-18.888433,31,87311.667533,False,0.986
-0.824808,31,87325.152353,False,0.986
0.675425,31,87339.056299,False,0.986
-20.351933,31,87352.526165,False,0.986
60.868611,21,87361.679949,True,0.986
-18.902353,31,87375.143615,False,0.986
-2.327713,31,87388.617792,False,0.986
-7.237504,31,87402.095912,False,0.986
-9.221368,31,87422.890638,False,0.986
60.592529,21,87432.049942,True,0.986
-6.675289,31,87445.563104,False,0.986
1.18292,31,87459.08351,False,0.986
-9.840166,31,87472.528425,False,0.986
-7.481439,31,87486.024526,False,0.986
-11.070165,31,87499.511848,False,0.986
59.863845,19,87507.792099,True,0.986
-8.76694,31,87521.374086,False,0.986
-21.610055,31,87534.89521,False,0.986
62.14247,24,87545.345057,True,0.986
0.00136,31,87558.88449,False,0.986
-4.035716,31,87572.379157,False,0.986
56.123845,12,87577.670096,True,0.986
-21.410679,31,87591.230513,False,0.986
53.041603,6,87593.928947,True,0.986
52.522252,5,87596.197226,True,0.986
54.567044,9,87600.195908,True,0.986
-13.999286,31,87613.691735,False,0.986
-13.56675,31,87627.176388,False,0.986
54.336213,9,87631.234467,True,0.986
-6.275215,31,87644.686751,False,0.986
57.588747,15,87651.301756,True,0.986
-12.19769,31,87664.752683,False,0.986
-13.109188,31,87678.326747,False,0.986
-9.310211,31,87691.826608,False,0.986
-16.670353,31,87705.330264,False,0.986
55.672951,13,87711.55978,True,0.986
-13.624837,31,87725.103808,False,0.986
-7.133481,31,87738.626815,False,0.986
55.977687,12,87743.919251,True,0.986
57.661027,15,87750.526361,True,0.986
60.143343,20,87759.317789,True,0.986
-4.000301,31,87772.848392,False,0.986
-15.970298,31,87786.333981,False,0.986
60.968265,21,87795.499751,True,0.986
62.111835,25,87806.478232,True,0.986
-21.828819,31,87820.039545,False,0.986
55.373512,13,87825.837195,True,0.986
62.275901,24,87836.292952,True,0.986
-4.614151,31,87849.986497,False,0.986
-7.950087,31,87863.520567,False,0.986
-1.280115,31,87877.007362,False,0.986
-24.527415,31,87890.626318,False,0.986
-5.444045,31,87904.220532,False,0.986
-12.319452,31,87917.805964,False,0.986
-24.489072,31,87931.369434,False,0.986
56.195978,12,87936.68841,True,0.986
-2.036427,31,87950.27415,False,0.986
-20.492994,31,87963.865922,False,0.986
61.814191,23,87973.93561,True,0.986
-16.292318,31,87987.503941,False,0.986
-0.854334,31,88001.06839,False,0.986
-14.568726,31,88014.619281,False,0.986
59.447575,19,88022.97895,True,0.986
56.390873,15,88029.55993,True,0.986
-1.528592,31,88043.145513,False,0.986
-21.113439,31,88056.680225,False,0.986
54.899593,13,88062.422855,True,0.986
-12.124279,31,88075.998389,False,0.986
-6.388008,31,88089.522317,False,0.986
52.532123,5,88091.822262,True,0.986
-5.272066,31,88105.365823,False,0.986
55.700008,12,88110.67707,True,0.986
57.772533,16,88117.751879,True,0.986
59.886115,19,88126.089818,True,0.986
52.528717,5,88128.35843,True,0.986
58.078787,16,88135.427718,True,0.986
0.09274,31,88148.960207,False,0.986
-3.522872,31,88162.539023,False,0.986
-3.667733,31,88176.060172,False,0.986
-20.584476,31,88189.601366,False,0.986
61.1984,22,88199.24675,True,0.986
56.888863,17,88206.726282,True,0.986
59.147945,18,88214.685668,True,0.986
51.964622,4,88216.529371,True,0.986
62.043581,24,88227.055485,True,0.986
-1.803406,31,88241.101803,False,0.986
-8.591888,31,88254.690662,False,0.986
58.281171,16,88261.738769,True,0.986
-25.543172,31,88275.326448,False,0.986
61.477799,22,88285.003505,True,0.986
-21.443044,31,88298.646453,False,0.986
-3.420851,31,88319.579495,False,0.986
-21.345841,31,88333.129561,False,0.986
-4.256997,31,88346.711957,False,0.986
-22.591595,31,88360.325029,False,0.986
-16.097935,31,88374.037544,False,0.986
-2.815981,31,88387.670318,False,0.986
-13.275652,31,88401.323194,False,0.986
-13.002946,31,88415.041,False,0.986
57.662139,17,88422.606232,True,0.986
-8.74962,31,88436.225649,False,0.986
-0.699661,31,88449.994427,False,0.986
60.190047,23,88460.151777,True,0.986
-10.508618,31,88473.74093,False,0.986
60.975714,22,88483.471729,True,0.986
-10.24538,31,88497.062189,False,0.986
-25.049507,31,88510.619078,False,0.986
54.20095,10,88515.055185,True,0.986
59.955883,20,88523.919686,True,0.986
-12.963507,31,88537.514877,False,0.986
-21.700741,31,88551.119239,False,0.986
-9.628615,31,88564.718109,False,0.986
-14.08413,31,88578.354059,False,0.986
58.626037,20,88587.149209,True,0.986
-3.265703,31,88600.722696,False,0.986
-12.375005,31,88614.291086,False,0.986
58.077737,16,88621.379358,True,0.986
-24.103443,31,88634.979655,False,0.986
-1.810084,31,88648.582517,False,0.986
-7.732401,31,88662.194268,False,0.986
56.661698,13,88667.943409,True,0.986
-12.807227,31,88681.546779,False,0.986
-22.901781,31,88695.192868,False,0.986
53.301574,7,88698.362705,True,0.986
-2.351317,31,88711.982009,False,0.986
-17.388342,31,88725.587257,False,0.986
54.614018,12,88730.964781,True,0.986
56.991513,16,88738.068672,True,0.986
62.168771,24,88748.651728,True,0.986
-25.309553,31,88762.301981,False,0.986
55.105984,10,88766.741547,True,0.986
-12.943673,31,88780.927276,False,0.986
-9.984145,31,88794.573065,False,0.986
-3.871248,31,88808.193552,False,0.986
-7.533087,31,88821.807404,False,0.986
0.800523,31,88835.4554,False,0.986
-25.232127,31,88849.116271,False,0.986
60.421411,23,88859.273178,True,0.986
59.675073,22,88869.041671,True,0.986
-13.399482,31,88882.674986,False,0.986
-16.614352,31,88896.397188,False,0.986
-8.26333,31,88910.072717,False,0.986
-6.325243,31,88923.82748,False,0.986
-1.084361,31,88937.569357,False,0.986
-10.662526,31,88951.221648,False,0.986
54.298964,9,88955.28996,True,0.986
-10.251985,31,88968.998617,False,0.986
-6.315985,31,88982.698731,False,0.986
53.056527,6,88985.437094,True,0.986
53.483514,9,88989.497465,True,0.986
-9.328271,31,89003.27588,False,0.986
-13.319859,31,89017.024789,False,0.986
-11.116621,31,89030.77625,False,0.986
-13.367598,31,89044.597461,False,0.986
53.553924,8,89048.228,True,0.986
60.96947,21,89057.52532,True,0.986
-11.145694,31,89071.216091,False,0.986
-4.633857,31,89084.933201,False,0.986
-23.19008,31,89098.5761,False,0.986
-4.832559,31,89112.241985,False,0.986
61.448393,22,89122.02961,True,0.986
-21.242174,31,89135.712308,False,0.986
54.343023,9,89139.81145,True,0.986
57.215623,14,89146.080314,True,0.986
55.094122,10,89150.579252,True,0.986
-8.272841,31,89164.380856,False,0.986
-25.458294,31,89178.163879,False,0.986
-1.958617,31,89191.867928,False,0.986
-25.30996,31,89205.665165,False,0.986
0.122633,31,89219.428513,False,0.986
58.185966,19,89235.221908,True,0.986
61.75489,23,89245.418878,True,0.986
54.14224,10,89249.885044,True,0.986
-7.984073,31,89263.703871,False,0.986
-1.944078,31,89277.487631,False,0.986
-8.347566,31,89291.224767,False,0.986
-2.545244,31,89305.045077,False,0.986
-8.400993,31,89318.856068,False,0.986
-0.561326,31,89333.1421,False,0.986
-8.772481,31,89346.844923,False,0.986
-25.384954,31,89360.550606,False,0.986
57.694412,15,89367.220878,True,0.986
-8.944688,31,89381.011714,False,0.986
-2.614774,31,89394.80382,False,0.986
-18.019987,31,89408.564107,False,0.986
55.987927,12,89413.992326,True,0.986
-3.318047,31,89427.775382,False,0.986
54.439633,10,89432.375608,True,0.986
-21.174503,31,89446.202153,False,0.986
49.720325,1,89446.7569,True,0.986
-6.261784,31,89460.541122,False,0.986
-12.315004,31,89474.237767,False,0.986
-17.200332,31,89487.97953,False,0.986
-0.303472,31,89501.684285,False,0.986
-4.55716,31,89515.443177,False,0.986
-6.720401,31,89529.189508,False,0.986
62.435198,28,89541.585062,True,0.986
-3.797991,31,89555.362572,False,0.986
59.987255,20,89564.275865,True,0.986
55.805652,13,89570.117492,True,0.986
-21.913611,31,89583.834029,False,0.986
57.219752,14,89590.091501,True,0.986
-13.440602,31,89603.848732,False,0.986
-10.115732,31,89617.579626,False,0.986
-3.085143,31,89631.318791,False,0.986
-9.078724,31,89645.148031,False,0.986
-23.923002,31,89658.876943,False,0.986
-0.777678,31,89672.6587,False,0.986
60.65331,23,89682.895533,True,0.986
-25.298584,31,89696.622236,False,0.986
53.009849,7,89699.858735,True,0.986
-6.270914,31,89713.604333,False,0.986
-21.947693,31,89727.415333,False,0.986
60.868429,21,89736.81619,True,0.986
-5.947257,31,89750.589829,False,0.986
-2.79708,31,89764.333036,False,0.986
61.341966,22,89774.138945,True,0.986
53.556386,7,89777.31216,True,0.986
62.037025,24,89788.018869,True,0.986
57.539129,18,89796.076983,True,0.986
-5.59272,31,89809.81948,False,0.986
62.357495,24,89820.553606,True,0.986
-6.522955,31,89834.307706,False,0.986
59.113034,18,89842.337675,True,0.986
53.457685,7,89845.525014,True,0.986
-9.528024,31,89859.795573,False,0.986
-1.633782,31,89873.555524,False,0.986
-7.624679,31,89887.280181,False,0.986
-4.6872,31,89901.005882,False,0.986
-8.225575,31,89914.79114,False,0.986
60.737943,21,89924.158351,True,0.986
-6.617081,31,89937.925069,False,0.986
-6.389665,31,89951.738785,False,0.986
-8.432696,31,89965.521349,False,0.986
-17.601223,31,89979.341303,False,0.986
-0.851795,31,89993.218317,False,0.986
-9.719925,31,90007.036893,False,0.986
-17.130271,31,90020.950442,False,0.986
-11.335681,31,90034.797238,False,0.986
-23.191845,31,90048.720282,False,0.986
-7.861579,31,90062.564806,False,0.986
-23.35763,31,90076.421674,False,0.986
-1.498808,31,90090.269657,False,0.986
-5.346254,31,90104.091037,False,0.986
-4.24982,31,90117.959585,False,0.986
-4.081385,31,90131.778236,False,0.986
-1.735799,31,90153.035228,False,0.986
-0.578164,31,90166.910134,False,0.986
53.678627,8,90170.568958,True,0.986
60.415462,20,90179.565279,True,0.986
57.789686,15,90186.362758,True,0.986
-6.29762,31,90200.198601,False,0.986
53.471381,9,90204.364129,True,0.986
59.714108,19,90212.946247,True,0.986
-1.022939,31,90226.798449,False,0.986
57.971956,17,90234.472149,True,0.986
56.829126,15,90241.187936,True,0.986
-4.992393,31,90255.176684,False,0.986
-6.431757,31,90269.065382,False,0.986
-2.93506,31,90283.01889,False,0.986
-3.324473,31,90297.175088,False,0.986
-7.023023,31,90311.188129,False,0.986
-3.884037,31,90325.435607,False,0.986
-11.187423,31,90339.304188,False,0.986
-8.70031,31,90353.149591,False,0.986
-15.073265,31,90367.620675,False,0.986
-23.208058,31,90381.964249,False,0.986
-2.943543,31,90396.146872,False,0.986
-13.613134,31,90411.129243,False,0.986
-4.126913,31,90425.056369,False,0.986
-12.63437,31,90438.99678,False,0.986
58.815192,17,90446.695059,True,0.986
-11.69112,31,90460.664624,False,0.986
61.682395,26,90472.69573,True,0.986
-19.906917,31,90487.391619,False,0.986
-4.665927,31,90502.258882,False,0.986
-25.400533,31,90516.531747,False,0.986
60.355677,20,90525.549642,True,0.986
-0.641293,31,90539.57635,False,0.986
-7.966395,31,90553.778055,False,0.986
-7.262425,31,90567.771763,False,0.986
56.483799,15,90574.511465,True,0.986
62.140424,24,90585.328789,True,0.986
52.909079,6,90588.098245,True,0.986
-14.416889,31,90602.197631,False,0.986
-13.654797,31,90616.176007,False,0.986
-13.340872,31,90630.364633,False,0.986
-20.233572,31,90644.383826,False,0.986
-8.904783,31,90658.362624,False,0.986
-11.805282,31,90672.491087,False,0.986
-11.397827,31,90686.989334,False,0.986
60.249292,22,90697.302634,True,0.986
-25.287036,31,90711.735215,False,0.986
0.106636,31,90727.139156,False,0.986
-7.68191,31,90742.47623,False,0.986
-14.22385,31,90757.795075,False,0.986
56.353148,14,90764.818276,True,0.986
-18.544862,31,90780.157722,False,0.986
59.735808,20,90790.089822,True,0.986
-7.79989,31,90805.426214,False,0.986
-3.642336,31,90820.9965,False,0.986
-14.278762,31,90836.493006,False,0.986
53.448508,7,90839.961824,True,0.986
-17.845748,31,90855.712784,False,0.986
-2.993631,31,90871.130589,False,0.986
-1.623804,31,90886.639547,False,0.986
-13.07651,31,90901.964811,False,0.986
-23.202729,31,90917.331479,False,0.986
-4.950775,31,90932.695354,False,0.986
-8.846299,31,90948.084201,False,0.986
-8.483146,31,90963.38595,False,0.986
-8.875189,31,90979.298518,False,0.986
-25.331403,31,90994.607386,False,0.986
-21.344131,31,91010.032722,False,0.986
61.399853,22,91021.034991,True,0.986
-2.136175,31,91036.308095,False,0.986
-2.68901,32,91052.065475,False,0.986
-0.356503,31,91067.319299,False,0.986
-0.091886,31,91082.645772,False,0.986
-5.887452,31,91097.969458,False,0.986
55.329552,13,91104.541879,True,0.986
-0.46767,31,91129.853871,False,0.986
-23.046516,31,91145.814498,False,0.986
-7.222077,31,91162.140178,False,0.986
-24.64046,31,91178.52934,False,0.986
-8.195183,31,91194.677825,False,0.986
-9.68396,31,91210.201549,False,0.986
-12.280055,31,91225.899712,False,0.986
-10.709475,31,91241.435116,False,0.986
-21.504861,31,91257.278956,False,0.986
-21.439669,31,91273.345942,False,0.986
56.210304,12,91279.306721,True,0.95
-24.812874,31,91294.701791,False,0.95
-9.467261,31,91309.990878,False,0.95
-25.359857,31,91325.408191,False,0.95
62.088034,23,91336.834765,True,0.95
-22.891266,31,91352.616936,False,0.95
-1.654796,31,91368.466552,False,0.95
-25.044388,31,91383.978045,False,0.95
-0.513743,31,91399.410789,False,0.95
-3.953099,31,91414.931047,False,0.95
-21.776237,31,91430.779469,False,0.95
54.523311,10,91436.067567,True,0.95
56.602699,15,91443.902005,True,0.95
-5.057034,31,91460.333137,False,0.95
-24.712451,31,91476.136691,False,0.95
-21.27536,31,91491.631932,False,0.95
-3.96231,31,91507.03589,False,0.95
-9.183985,31,91522.435485,False,0.95
-3.326145,31,91537.834181,False,0.95
56.511452,15,91545.377828,True,0.95
-21.525617,31,91560.763207,False,0.95
56.846095,14,91567.74017,True,0.95
-16.695013,31,91583.192019,False,0.95
-21.303747,31,91599.247724,False,0.95
-11.44573,31,91614.719971,False,0.95
62.084122,24,91626.91663,True,0.95
-12.007278,31,91642.548271,False,0.95
56.031344,12,91648.656433,True,0.95
59.969593,19,91658.310571,True,0.95
-3.875824,31,91673.95435,False,0.95
-9.906877,31,91690.267936,False,0.95
61.486757,22,91701.670352,True,0.95
62.140024,25,91714.430288,True,0.95
61.787007,23,91726.192785,True,0.95
-1.483276,31,91741.862729,False,0.95
53.517552,7,91745.459949,True,0.95
49.616944,1,91746.079641,True,0.95
-8.738588,31,91761.603857,False,0.95
57.429118,17,91770.175725,True,0.95
56.847508,13,91776.817832,True,0.95
-7.49533,31,91792.360299,False,0.95
-21.019647,31,91807.778898,False,0.95
60.57966,20,91817.835668,True,0.95
62.145645,23,91829.368604,True,0.95
54.487244,12,91835.689488,True,0.95
56.17575,13,91842.482002,True,0.95
-6.438923,31,91858.545285,False,0.95
-23.215992,31,91874.185415,False,0.95
-5.713494,31,91889.750172,False,0.95
-7.691783,31,91905.224622,False,0.95
-11.621847,31,91920.821967,False,0.95
-6.8178,31,91936.653687,False,0.95
56.318096,12,91942.826707,True,0.95
-0.883787,31,91958.498397,False,0.95
-4.300429,31,91974.273346,False,0.95
62.134935,23,91985.959769,True,0.95
60.356962,20,91996.315573,True,0.95
-11.093377,31,92012.493228,False,0.95
-17.857474,31,92028.946646,False,0.95
-2.530108,31,92044.612587,False,0.95
62.147693,23,92056.086409,True,0.95
60.570701,22,92066.889463,True,0.95
55.05071,11,92072.460283,True,0.95
-12.255902,31,92088.310149,False,0.95
-19.598859,31,92106.475898,False,0.95
53.499965,10,92111.55115,True,0.95
61.337301,22,92122.594929,True,0.95
-24.904685,31,92138.044731,False,0.95
-21.971729,31,92153.320869,False,0.95
-11.729462,31,92177.290353,False,0.95
55.313955,13,92183.747479,True,0.95
-3.994764,31,92199.065328,False,0.95
56.778694,13,92206.140462,True,0.95
-0.537156,31,92221.439212,False,0.95
1.153608,31,92236.948584,False,0.95
-0.768824,31,92252.466425,False,0.95
-25.244592,31,92267.996809,False,0.95
54.049522,8,92272.135615,True,0.95
-0.55546,31,92287.844749,False,0.95
53.526806,8,92291.87759,True,0.95
61.083152,21,92302.571739,True,0.95
-3.153526,31,92318.498745,False,0.95
55.221758,12,92324.813193,True,0.95
-6.794682,31,92340.188808,False,0.95
-5.035867,31,92356.328884,False,0.95
56.794378,13,92363.280473,True,0.95
-5.142297,31,92380.391709,False,0.95
-3.098434,31,92396.341884,False,0.95
-23.449856,32,92412.372535,False,0.95
